sample_id,time,gateway,device_address,crc_status,frequency,spreading_factor,bandwidth,rssi,snr,snr_bin,size,airtime_s,p_success,expected_attempts,access_delay_s,max_attempts,retransmission_backoff_s
0,2020-01-01 00:00:00,gw_main,devB,1,868300000.0,9,125.0,-106.9664988527778,0.0073809201448954455,"(0.0, 2.0]",41.0,0.287744,0.8987341772151899,1.1115205896490947,0.4313539701970838,3,1.0
1,2020-01-01 00:00:01,gw_main,devC,1,867300000.0,8,125.0,-105.1325357542067,1.7924732250508193,"(0.0, 2.0]",49.0,0.174592,0.9338842975206612,1.0704869885936752,0.25738545290622217,3,1.0
2,2020-01-01 00:00:02,gw_main,devB,1,867100000.0,7,125.0,-88.2454394554828,-1.6448271321733055,"(-2.0, 0.0]",66.0,0.123136,0.8554216867469879,1.165481201916098,0.3089938951952387,3,1.0
3,2020-01-01 00:00:03,gw_main,devC,0,868300000.0,10,125.0,-120.15256123466152,-5.343551032543646,"(-6.0, -4.0]",68.0,0.739328,0.5,1.75,2.043824,3,1.0
4,2020-01-01 00:00:04,gw_main,devA,1,867100000.0,8,125.0,-95.42063220548582,-2.7280247110303355,"(-4.0, -2.0]",42.0,0.154112,0.7203389830508474,1.3578713013501866,0.5671355633438666,3,1.0
5,2020-01-01 00:00:07,gw_main,devC,1,868300000.0,8,125.0,-105.51811114233574,8.0412914733272,"(8.0, 10.0]",58.0,0.195072,0.9722222222222222,1.0285493827160495,0.22919056790123465,3,1.0
6,2020-01-01 00:00:08,gw_main,devA,1,868300000.0,7,125.0,-100.00909599554923,-2.953239111307978,"(-4.0, -2.0]",42.0,0.087296,0.8152866242038217,1.2188324069941985,0.325231600795164,3,1.0
7,2020-01-01 00:00:09,gw_main,devA,1,868300000.0,7,125.0,-117.87743670368593,-3.7228493989196423,"(-4.0, -2.0]",41.0,0.087296,0.8152866242038217,1.2188324069941985,0.325231600795164,3,1.0
8,2020-01-01 00:00:10,gw_main,devC,1,868300000.0,7,125.0,-103.92113431639153,2.9390523011111895,"(2.0, 4.0]",44.0,0.092416,0.952054794520548,1.0502439482079189,0.14730329292550193,3,1.0
9,2020-01-01 00:00:11,gw_main,devC,1,867100000.0,7,125.0,-100.24389802310996,2.1413220489603644,"(2.0, 4.0]",37.0,0.082176,0.952054794520548,1.0502439482079189,0.1365487948958528,3,1.0
10,2020-01-01 00:00:14,gw_main,devB,1,868300000.0,7,125.0,-92.93199682529531,-0.17551093477964094,"(-2.0, 0.0]",34.0,0.077056,0.8554216867469879,1.165481201916098,0.25528852141094494,3,1.0
11,2020-01-01 00:00:17,gw_main,devA,1,868300000.0,7,125.0,-119.4962007438295,-2.7456945662413093,"(-4.0, -2.0]",48.0,0.097536,0.8152866242038217,1.2188324069941985,0.3377124446427846,3,1.0
12,2020-01-01 00:00:18,gw_main,devA,0,867900000.0,7,125.0,-121.05319104964107,-11.407336438805064,"(-12.0, -10.0]",55.0,0.107776,0.2,2.4400000000000004,1.7029734400000005,3,1.0
13,2020-01-01 00:00:19,gw_main,devC,0,868300000.0,7,125.0,-96.6122241358258,-7.737226438709857,"(-8.0, -6.0]",57.0,0.107776,0.5533980582524272,1.6460552361202754,0.8234604852483742,3,1.0
14,2020-01-01 00:00:20,gw_main,devC,0,867300000.0,7,125.0,-107.11216093175847,-11.050410226750394,"(-12.0, -10.0]",78.0,0.13849599999999998,0.2,2.4400000000000004,1.7779302400000003,3,1.0
15,2020-01-01 00:00:22,gw_main,devB,0,867900000.0,10,125.0,-107.2370597891279,-7.604678888662219,"(-8.0, -6.0]",72.0,0.780288,0.25,2.3125,3.116916,3,1.0
16,2020-01-01 00:00:23,gw_main,devC,1,867300000.0,10,125.0,-111.87794564544376,1.6275861529302091,"(0.0, 2.0]",78.0,0.821248,0.8888888888888888,1.1234567901234567,1.0460934320987652,3,1.0
17,2020-01-01 00:00:24,gw_main,devC,1,867900000.0,8,125.0,-89.76744920350714,0.9405065197453509,"(0.0, 2.0]",70.0,0.225792,0.9338842975206612,1.0704869885936752,0.31219438672221833,3,1.0
18,2020-01-01 00:00:25,gw_main,devB,1,867300000.0,10,125.0,-99.17399700587866,-1.1215856677797262,"(-2.0, 0.0]",71.0,0.780288,0.7575757575757576,1.3011937557392104,1.3164996290174473,3,1.0
19,2020-01-01 00:00:26,gw_main,devA,0,868300000.0,10,125.0,-92.147252739555,-15.100558264923079,"(-16.0, -14.0]",32.0,0.45260799999999995,0.7102803738317757,1.37365708795528,0.9953852752205434,3,1.0
20,2020-01-01 00:00:27,gw_main,devC,0,867300000.0,9,125.0,-116.00477862269659,-3.2321573750798196,"(-4.0, -2.0]",79.0,0.451584,0.7241379310344828,1.351961950059453,0.9624863353151011,3,1.0
21,2020-01-01 00:00:28,gw_main,devB,1,867900000.0,10,125.0,-100.00118247798922,-0.29100567240643194,"(-2.0, 0.0]",73.0,0.780288,0.7575757575757576,1.3011937557392104,1.3164996290174473,3,1.0
22,2020-01-01 00:00:29,gw_main,devB,1,868300000.0,8,125.0,-99.50768675102107,0.6798539160198454,"(0.0, 2.0]",72.0,0.236032,0.9338842975206612,1.0704869885936752,0.32315617348541753,3,1.0
23,2020-01-01 00:00:30,gw_main,devC,1,867100000.0,9,125.0,-115.4071487701769,-9.18081459303236,"(-10.0, -8.0]",37.0,0.267264,0.36666666666666664,2.034444444444444,1.578178204444444,3,1.0
24,2020-01-01 00:00:33,gw_main,devA,0,868300000.0,9,125.0,-96.28901354590393,-4.853023436553595,"(-6.0, -4.0]",45.0,0.308224,0.4411764705882353,1.871107266435986,1.4478274325259513,3,1.0
25,2020-01-01 00:00:34,gw_main,devB,1,868300000.0,7,125.0,-103.34266488230676,6.365391740316472,"(6.0, 8.0]",78.0,0.13849599999999998,0.9651162790697675,1.0361005949161708,0.17959638290968077,3,1.0
26,2020-01-01 00:00:35,gw_main,devC,1,868300000.0,10,125.0,-111.65072401612179,-4.845208051991379,"(-6.0, -4.0]",43.0,0.534528,0.5,1.75,1.685424,3,1.0
27,2020-01-01 00:00:36,gw_main,devC,1,867100000.0,7,125.0,-99.14695804160627,-0.1951302296731236,"(-2.0, 0.0]",43.0,0.087296,0.8554216867469879,1.165481201916098,0.26722304891856574,3,1.0
28,2020-01-01 00:00:37,gw_main,devB,1,867900000.0,8,125.0,-111.18776004248134,5.306339204299044,"(4.0, 6.0]",24.0,0.11315199999999999,0.975609756097561,1.0249851279000597,0.14096424509220723,3,1.0
29,2020-01-01 00:00:38,gw_main,devB,1,868300000.0,8,125.0,-104.21335460908738,-3.501602596459812,"(-4.0, -2.0]",25.0,0.11315199999999999,0.7203389830508474,1.3578713013501866,0.5115171548405629,3,1.0
30,2020-01-01 00:00:39,gw_main,devA,1,867900000.0,10,125.0,-105.9874696926525,-0.6702116975049578,"(-2.0, 0.0]",31.0,0.45260799999999995,0.7575757575757576,1.3011937557392104,0.8901244591368228,3,1.0
31,2020-01-01 00:00:40,gw_main,devC,1,867100000.0,7,125.0,-112.91232175918684,0.6627848594968835,"(0.0, 2.0]",49.0,0.097536,0.9215686274509803,1.0845828527489427,0.1903687258746636,3,1.0
32,2020-01-01 00:00:41,gw_main,devB,0,867100000.0,9,125.0,-96.91180009457833,0.38269064553037174,"(0.0, 2.0]",25.0,0.20582399999999998,0.8987341772151899,1.1115205896490947,0.34029820349302997,3,1.0
33,2020-01-01 00:00:42,gw_main,devA,1,867900000.0,7,125.0,-104.86341819128981,-7.35033495850616,"(-8.0, -6.0]",27.0,0.066816,0.5533980582524272,1.6460552361202754,0.7560380627768877,3,1.0
34,2020-01-01 00:00:44,gw_main,devB,1,868300000.0,7,125.0,-106.99184226607191,8.152940530449225,"(8.0, 10.0]",29.0,0.066816,0.9811320754716981,1.0192239231043076,0.08732438875044507,3,1.0
35,2020-01-01 00:00:46,gw_main,devA,1,867900000.0,7,125.0,-125.18123182670057,5.15629612812959,"(4.0, 6.0]",74.0,0.133376,0.976,1.024576,0.16122984857599992,3,1.0
36,2020-01-01 00:00:48,gw_main,devC,1,867900000.0,7,125.0,-103.2991315652602,-3.848822364643328,"(-4.0, -2.0]",43.0,0.087296,0.8152866242038217,1.2188324069941985,0.325231600795164,3,1.0
37,2020-01-01 00:00:49,gw_main,devA,1,867100000.0,7,125.0,-116.18620814580632,12.002499278054536,"(12.0, 14.0]",46.0,0.092416,0.9565217391304348,1.0453686200378072,0.14197740642722118,3,1.0
38,2020-01-01 00:00:50,gw_main,devB,1,868300000.0,7,125.0,-105.51352722944223,4.57355827250827,"(4.0, 6.0]",24.0,0.061695999999999994,0.976,1.024576,0.08778824089599992,3,1.0
39,2020-01-01 00:00:51,gw_main,devA,0,868300000.0,7,125.0,-115.40302334051621,-7.1957334126313395,"(-8.0, -6.0]",22.0,0.056575999999999994,0.5533980582524272,1.6460552361202754,0.7391824571590161,3,1.0
40,2020-01-01 00:00:53,gw_main,devC,1,867100000.0,11,125.0,-101.91880967162771,3.460137502021112,"(2.0, 4.0]",71.0,1.642496,0.9523809523809523,1.0498866213151927,1.7743211972789115,3,1.0
41,2020-01-01 00:00:54,gw_main,devC,1,868300000.0,11,125.0,-102.8554259017517,-1.1326927521044958,"(-2.0, 0.0]",44.0,1.150976,0.7209302325581395,1.3569497025419146,1.9187662433747974,3,1.0
42,2020-01-01 00:00:56,gw_main,devC,1,868300000.0,10,125.0,-110.10810668788197,-0.3991039208964934,"(-2.0, 0.0]",61.0,0.698368,0.7575757575757576,1.3011937557392104,1.2099058365472912,3,1.0
43,2020-01-01 00:00:57,gw_main,devB,1,867900000.0,7,125.0,-105.09660685317122,4.003485365005967,"(4.0, 6.0]",48.0,0.097536,0.976,1.024576,0.12450904473599993,3,1.0
44,2020-01-01 00:00:58,gw_main,devC,1,867900000.0,7,125.0,-119.31238744390038,8.63113554993691,"(8.0, 10.0]",35.0,0.077056,0.9811320754716981,1.0192239231043076,0.09776124172303317,3,1.0
45,2020-01-01 00:00:59,gw_main,devC,1,868300000.0,9,125.0,-95.77004023995386,-4.053973506033917,"(-6.0, -4.0]",59.0,0.369664,0.4411764705882353,1.871107266435986,1.5627882629757783,3,1.0
46,2020-01-01 00:01:00,gw_main,devA,1,868300000.0,7,125.0,-111.91409378751621,1.2188316623376543,"(0.0, 2.0]",60.0,0.112896,0.9215686274509803,1.0845828527489427,0.20702791849288738,3,1.0
47,2020-01-01 00:01:03,gw_main,devB,0,867900000.0,8,125.0,-113.69628508117341,-7.123167167100839,"(-8.0, -6.0]",59.0,0.205312,0.5087719298245614,1.7325330871037241,1.0882429202831638,3,1.0
48,2020-01-01 00:01:05,gw_main,devA,1,867100000.0,8,125.0,-104.32461346225192,-1.1771758368269802,"(-2.0, 0.0]",78.0,0.246272,0.926605504587156,1.07878124736975,0.34445486272199305,3,1.0
49,2020-01-01 00:01:06,gw_main,devB,1,867100000.0,7,125.0,-101.78712571937766,5.392583232602447,"(4.0, 6.0]",60.0,0.112896,0.976,1.024576,0.1402465320959999,3,1.0
50,2020-01-01 00:01:07,gw_main,devC,1,867900000.0,8,125.0,-109.22224071154064,6.871332044724792,"(6.0, 8.0]",55.0,0.195072,0.9850746268656716,1.0151481398975275,0.21317511784361798,3,1.0
51,2020-01-01 00:01:10,gw_main,devB,1,867300000.0,7,125.0,-91.73670921835128,3.881420535440531,"(2.0, 4.0]",76.0,0.13849599999999998,0.952054794520548,1.0502439482079189,0.1956985340589228,3,1.0
52,2020-01-01 00:01:11,gw_main,devB,0,867100000.0,8,125.0,-95.90412424357736,-11.954518705046967,"(-12.0, -10.0]",77.0,0.246272,0.18181818181818182,2.487603305785124,2.1002303471074377,3,1.0
53,2020-01-01 00:01:12,gw_main,devA,1,867300000.0,7,125.0,-117.35277585398477,-2.7790191897142016,"(-4.0, -2.0]",32.0,0.071936,0.8152866242038217,1.2188324069941985,0.30651033502373315,3,1.0
54,2020-01-01 00:01:13,gw_main,devB,1,868300000.0,7,125.0,-110.36329958558923,-0.5837215540205342,"(-2.0, 0.0]",58.0,0.112896,0.8554216867469879,1.165481201916098,0.29705936768761787,3,1.0
55,2020-01-01 00:01:14,gw_main,devB,1,867900000.0,11,125.0,-101.54470813388704,7.542089863720919,"(6.0, 8.0]",26.0,0.8232959999999999,0.9473684210526315,1.0554016620498614,0.924309628808864,3,1.0
56,2020-01-01 00:01:15,gw_main,devC,1,867300000.0,10,125.0,-96.51167378420267,4.1364234034245335,"(4.0, 6.0]",74.0,0.780288,0.9736842105263158,1.0270083102493075,0.8283705706371192,3,1.0
57,2020-01-01 00:01:16,gw_main,devC,1,867900000.0,9,125.0,-111.53204810567438,-1.963280521333187,"(-2.0, 0.0]",34.0,0.24678399999999998,0.826530612244898,1.203561016243232,0.5005806180758017,3,1.0
58,2020-01-01 00:01:17,gw_main,devB,1,867900000.0,7,125.0,-105.24236926183048,-2.211455364599755,"(-4.0, -2.0]",24.0,0.061695999999999994,0.8152866242038217,1.2188324069941985,0.29402949117611255,3,1.0
59,2020-01-01 00:01:20,gw_main,devC,1,867300000.0,8,125.0,-96.4602290333948,-2.568149655437203,"(-4.0, -2.0]",70.0,0.225792,0.7203389830508474,1.3578713013501866,0.664467778224648,3,1.0
60,2020-01-01 00:01:21,gw_main,devA,1,868300000.0,7,125.0,-114.12216081878968,-1.8220823301883762,"(-2.0, 0.0]",43.0,0.087296,0.8554216867469879,1.165481201916098,0.26722304891856574,3,1.0
61,2020-01-01 00:01:22,gw_main,devA,1,867300000.0,7,125.0,-100.86143952895851,2.115534403711592,"(2.0, 4.0]",76.0,0.13849599999999998,0.952054794520548,1.0502439482079189,0.1956985340589228,3,1.0
62,2020-01-01 00:01:23,gw_main,devC,1,867300000.0,8,125.0,-112.36651496767846,-0.7246226705187307,"(-2.0, 0.0]",32.0,0.133632,0.926605504587156,1.07878124736975,0.22294094301826445,3,1.0
63,2020-01-01 00:01:24,gw_main,devB,1,867100000.0,7,125.0,-101.56813879482162,-1.1837053677943354,"(-2.0, 0.0]",24.0,0.061695999999999994,0.8554216867469879,1.165481201916098,0.23738673014951361,3,1.0
64,2020-01-01 00:01:26,gw_main,devA,1,867300000.0,8,125.0,-107.86200945538236,-0.06912880823128904,"(-2.0, 0.0]",53.0,0.184832,0.926605504587156,1.07878124736975,0.27817454288359567,3,1.0
65,2020-01-01 00:01:27,gw_main,devB,1,868300000.0,9,125.0,-97.1553357631123,-2.6614873378465154,"(-4.0, -2.0]",74.0,0.431104,0.7241379310344828,1.351961950059453,0.9347981545778835,3,1.0
66,2020-01-01 00:01:28,gw_main,devB,1,867900000.0,10,125.0,-113.82419498020366,6.996766657141336,"(6.0, 8.0]",36.0,0.49356799999999995,0.9666666666666667,1.0344444444444445,0.54501312,3,1.0
67,2020-01-01 00:01:29,gw_main,devB,1,868300000.0,9,125.0,-104.70150956078491,3.918531016206983,"(2.0, 4.0]",57.0,0.349184,0.9358974358974359,1.0682117028270874,0.4412141380670611,3,1.0
68,2020-01-01 00:01:30,gw_main,devC,1,867100000.0,7,125.0,-99.69885268652676,-0.1448616780595934,"(-2.0, 0.0]",34.0,0.077056,0.8554216867469879,1.165481201916098,0.25528852141094494,3,1.0
69,2020-01-01 00:01:32,gw_main,devB,1,867100000.0,11,125.0,-107.74851121614333,-2.0392173102788966,"(-4.0, -2.0]",21.0,0.7413759999999999,0.7407407407407407,1.3264746227709192,1.309891072702332,3,1.0
70,2020-01-01 00:01:34,gw_main,devA,1,867300000.0,7,125.0,-113.19615951601426,-0.03239736402975963,"(-2.0, 0.0]",70.0,0.12825599999999998,0.8554216867469879,1.165481201916098,0.3149611589490491,3,1.0
71,2020-01-01 00:01:35,gw_main,devC,1,867900000.0,9,125.0,-98.67836273361523,3.5002941250824833,"(2.0, 4.0]",62.0,0.369664,0.9358974358974359,1.0682117028270874,0.4630911137409599,3,1.0
72,2020-01-01 00:01:36,gw_main,devB,1,868300000.0,10,125.0,-98.96397244699146,-7.7453594719409224,"(-8.0, -6.0]",55.0,0.657408,0.25,2.3125,2.832756,3,1.0
73,2020-01-01 00:01:37,gw_main,devA,1,867900000.0,10,125.0,-90.02663295541643,2.080080293270578,"(2.0, 4.0]",68.0,0.739328,0.9767441860465116,1.0237966468361277,0.7807181741481883,3,1.0
74,2020-01-01 00:01:39,gw_main,devC,0,867300000.0,9,125.0,-95.73008670309386,-12.211973669639594,"(-14.0, -12.0]",67.0,0.410624,0.06666666666666667,2.8044444444444445,2.95601664,3,1.0
75,2020-01-01 00:01:42,gw_main,devB,1,867100000.0,9,125.0,-113.44350126886074,0.9843167742733354,"(0.0, 2.0]",21.0,0.18534399999999998,0.8987341772151899,1.1115205896490947,0.3175342618170165,3,1.0
76,2020-01-01 00:01:43,gw_main,devB,1,867300000.0,7,125.0,-103.2102771867612,13.468539758916297,"(12.0, 14.0]",52.0,0.102656,0.9565217391304348,1.0453686200378072,0.1526819810964083,3,1.0
77,2020-01-01 00:01:44,gw_main,devB,0,867100000.0,10,125.0,-108.14717146705962,-4.99033908847249,"(-6.0, -4.0]",47.0,0.575488,0.5,1.75,1.757104,3,1.0
78,2020-01-01 00:01:45,gw_main,devA,1,868300000.0,7,125.0,-96.9049659436238,-3.743661518663435,"(-4.0, -2.0]",44.0,0.092416,0.8152866242038217,1.2188324069941985,0.33147202271897436,3,1.0
79,2020-01-01 00:01:46,gw_main,devB,1,867300000.0,7,125.0,-123.25810952857995,1.2324236763881933,"(0.0, 2.0]",25.0,0.061695999999999994,0.9215686274509803,1.0845828527489427,0.1514972764321415,3,1.0
80,2020-01-01 00:01:48,gw_main,devB,1,867100000.0,7,125.0,-107.99259475458311,-1.058436395434549,"(-2.0, 0.0]",73.0,0.133376,0.8554216867469879,1.165481201916098,0.32092842270285954,3,1.0
81,2020-01-01 00:01:49,gw_main,devC,1,868300000.0,8,125.0,-99.50203054671911,-1.2355819815192988,"(-2.0, 0.0]",64.0,0.215552,0.926605504587156,1.07878124736975,0.3113147028027944,3,1.0
82,2020-01-01 00:01:50,gw_main,devB,1,867300000.0,7,125.0,-111.64815698740112,4.214777730723266,"(4.0, 6.0]",73.0,0.133376,0.976,1.024576,0.16122984857599992,3,1.0
83,2020-01-01 00:01:51,gw_main,devA,1,867300000.0,12,125.0,-109.08686919345331,3.1194458222033905,"(2.0, 4.0]",34.0,1.8104319999999998,0.782608695652174,1.2646502835538753,2.5542136257088845,3,1.0
84,2020-01-01 00:01:52,gw_main,devA,1,867100000.0,7,125.0,-94.26207101132638,-6.202054992442132,"(-8.0, -6.0]",78.0,0.13849599999999998,0.5533980582524272,1.6460552361202754,0.874027302101989,3,1.0
85,2020-01-01 00:01:55,gw_main,devC,1,867900000.0,7,125.0,-95.32041518894222,-6.3269077322946625,"(-8.0, -6.0]",42.0,0.087296,0.5533980582524272,1.6460552361202754,0.789749274012631,3,1.0
86,2020-01-01 00:01:58,gw_main,devC,1,867100000.0,7,125.0,-102.34282376925078,5.832400247502257,"(4.0, 6.0]",21.0,0.056575999999999994,0.976,1.024576,0.08254241177599991,3,1.0
87,2020-01-01 00:01:59,gw_main,devC,1,867300000.0,9,125.0,-103.06127793354466,1.1564754756304345,"(0.0, 2.0]",44.0,0.287744,0.8987341772151899,1.1115205896490947,0.4313539701970838,3,1.0
88,2020-01-01 00:02:00,gw_main,devB,1,867100000.0,8,125.0,-121.01995247685595,0.5358389146143017,"(0.0, 2.0]",34.0,0.133632,0.9338842975206612,1.0704869885936752,0.2135383058534252,3,1.0
89,2020-01-01 00:02:03,gw_main,devA,1,867900000.0,8,125.0,-112.87901780030631,-11.98647775744233,"(-12.0, -10.0]",32.0,0.133632,0.18181818181818182,2.487603305785124,1.8200267107438015,3,1.0
90,2020-01-01 00:02:04,gw_main,devA,1,867900000.0,7,125.0,-99.47569040641756,-6.788444823138351,"(-8.0, -6.0]",40.0,0.082176,0.5533980582524272,1.6460552361202754,0.7813214712036951,3,1.0
91,2020-01-01 00:02:05,gw_main,devC,1,868300000.0,7,125.0,-109.24130675092226,2.1770387951325256,"(2.0, 4.0]",66.0,0.123136,0.952054794520548,1.0502439482079189,0.17956678701444917,3,1.0
92,2020-01-01 00:02:06,gw_main,devB,0,867900000.0,12,125.0,-92.87809960745024,-12.77140225093287,"(-14.0, -12.0]",41.0,2.138112,0.6788990825688074,1.4242067166063461,3.4693201878629742,3,1.0
93,2020-01-01 00:02:07,gw_main,devA,0,867300000.0,11,125.0,-105.57844074465991,5.07965112888698,"(4.0, 6.0]",47.0,1.232896,0.8571428571428571,1.1632653061224492,1.5974504489795922,3,1.0
94,2020-01-01 00:02:08,gw_main,devB,0,867300000.0,8,125.0,-99.96804482221796,-10.476578852243453,"(-12.0, -10.0]",29.0,0.12339199999999999,0.18181818181818182,2.487603305785124,1.7945536528925619,3,1.0
95,2020-01-01 00:02:09,gw_main,devC,1,867300000.0,10,125.0,-111.18056743308223,4.540431015985606,"(4.0, 6.0]",59.0,0.657408,0.9736842105263158,1.0270083102493075,0.7021717894736842,3,1.0
96,2020-01-01 00:02:10,gw_main,devC,0,868300000.0,9,125.0,-110.58726978330668,-5.072982197275945,"(-6.0, -4.0]",61.0,0.369664,0.4411764705882353,1.871107266435986,1.5627882629757783,3,1.0
97,2020-01-01 00:02:11,gw_main,devB,1,867100000.0,7,125.0,-101.55634561321412,4.673946506054767,"(4.0, 6.0]",48.0,0.097536,0.976,1.024576,0.12450904473599993,3,1.0
98,2020-01-01 00:02:13,gw_main,devA,0,867300000.0,9,125.0,-111.13744370552597,-9.221009641748932,"(-10.0, -8.0]",40.0,0.287744,0.36666666666666664,2.034444444444444,1.619843626666666,3,1.0
99,2020-01-01 00:02:14,gw_main,devA,1,868300000.0,11,125.0,-94.0680634742726,7.494892497350729,"(6.0, 8.0]",49.0,1.232896,0.9473684210526315,1.0554016620498614,1.3566021495844873,3,1.0
100,2020-01-01 00:02:15,gw_main,devA,1,867900000.0,12,125.0,-107.45337151731195,8.650242933135669,"(8.0, 10.0]",56.0,2.629632,0.6788990825688074,1.4242067166063461,4.169346273209325,3,1.0
101,2020-01-01 00:02:16,gw_main,devB,1,867100000.0,8,125.0,-91.61632112696381,-0.39482943600124254,"(-2.0, 0.0]",69.0,0.225792,0.926605504587156,1.07878124736975,0.3223614227758606,3,1.0
102,2020-01-01 00:02:17,gw_main,devA,1,868300000.0,7,125.0,-116.14492164223728,-1.6434976330339222,"(-2.0, 0.0]",74.0,0.133376,0.8554216867469879,1.165481201916098,0.32092842270285954,3,1.0
103,2020-01-01 00:02:18,gw_main,devC,1,868300000.0,7,125.0,-108.39853233144639,-0.9592017958238181,"(-2.0, 0.0]",71.0,0.12825599999999998,0.8554216867469879,1.165481201916098,0.3149611589490491,3,1.0
104,2020-01-01 00:02:21,gw_main,devC,1,867300000.0,7,125.0,-110.39614648947219,-3.2573515903811208,"(-4.0, -2.0]",63.0,0.118016,0.8152866242038217,1.2188324069941985,0.3626741323380258,3,1.0
105,2020-01-01 00:02:22,gw_main,devA,1,867100000.0,10,125.0,-99.66424797765055,-0.30714247615005946,"(-2.0, 0.0]",52.0,0.616448,0.7575757575757576,1.3011937557392104,1.1033120440771351,3,1.0
106,2020-01-01 00:02:23,gw_main,devB,0,868300000.0,7,125.0,-97.03639422650045,-4.759778419218262,"(-6.0, -4.0]",20.0,0.056575999999999994,0.6124031007751938,1.537828255513491,0.6248324268974222,3,1.0
107,2020-01-01 00:02:24,gw_main,devA,1,867900000.0,11,125.0,-108.86339430066118,-3.756438598321183,"(-4.0, -2.0]",49.0,1.232896,0.7407407407407407,1.3264746227709192,1.9618798792866945,3,1.0
108,2020-01-01 00:02:26,gw_main,devB,1,868300000.0,10,125.0,-109.11080739253661,7.542415882286356,"(6.0, 8.0]",57.0,0.657408,0.9666666666666667,1.0344444444444445,0.7144964977777779,3,1.0
109,2020-01-01 00:02:27,gw_main,devB,1,867300000.0,8,125.0,-112.27765702591506,-0.9245254392360791,"(-2.0, 0.0]",61.0,0.205312,0.926605504587156,1.07878124736975,0.3002679828297281,3,1.0
110,2020-01-01 00:02:28,gw_main,devA,1,868300000.0,9,125.0,-94.06482826407326,5.795529712372853,"(4.0, 6.0]",52.0,0.328704,0.9516129032258065,1.0507284079084287,0.3961070385015608,3,1.0
111,2020-01-01 00:02:30,gw_main,devB,0,867900000.0,7,125.0,-109.62635853520166,-4.166421166217365,"(-6.0, -4.0]",74.0,0.133376,0.6124031007751938,1.537828255513491,0.7429376369208583,3,1.0
112,2020-01-01 00:02:31,gw_main,devA,1,868300000.0,8,125.0,-98.6455284048455,-1.960111560013513,"(-2.0, 0.0]",33.0,0.133632,0.926605504587156,1.07878124736975,0.22294094301826445,3,1.0
113,2020-01-01 00:02:32,gw_main,devC,0,867100000.0,10,125.0,-113.9290486643105,-3.3613863030173974,"(-4.0, -2.0]",72.0,0.780288,0.6428571428571429,1.4846938775510203,1.643182693877551,3,1.0
114,2020-01-01 00:02:33,gw_main,devA,0,867900000.0,11,125.0,-113.6009323545166,0.04775459510948195,"(0.0, 2.0]",65.0,1.560576,0.7368421052631579,1.332409972299169,2.4117369972299167,3,1.0
115,2020-01-01 00:02:34,gw_main,devC,1,867900000.0,9,125.0,-107.62521009775148,-2.251601038061734,"(-4.0, -2.0]",78.0,0.451584,0.7241379310344828,1.351961950059453,0.9624863353151011,3,1.0
116,2020-01-01 00:02:35,gw_main,devB,1,868300000.0,8,125.0,-104.55090922100821,-1.79953029565079,"(-2.0, 0.0]",33.0,0.133632,0.926605504587156,1.07878124736975,0.22294094301826445,3,1.0
117,2020-01-01 00:02:36,gw_main,devA,0,867100000.0,7,125.0,-97.17679584360437,-8.271448104815482,"(-10.0, -8.0]",75.0,0.133376,0.32727272727272727,2.1252892561983474,1.4087518360330582,3,1.0
118,2020-01-01 00:02:39,gw_main,devA,0,868300000.0,9,125.0,-116.6045677040396,-4.0273992975103035,"(-6.0, -4.0]",33.0,0.24678399999999998,0.4411764705882353,1.871107266435986,1.3328666020761244,3,1.0
119,2020-01-01 00:02:40,gw_main,devA,0,867300000.0,10,125.0,-108.1748740010677,-6.324562725740957,"(-8.0, -6.0]",23.0,0.37068799999999996,0.25,2.3125,2.1697159999999998,3,1.0
120,2020-01-01 00:02:41,gw_main,devC,1,868300000.0,7,125.0,-109.41579707879431,2.023957995450185,"(2.0, 4.0]",22.0,0.056575999999999994,0.952054794520548,1.0502439482079189,0.1096625498217301,3,1.0
121,2020-01-01 00:02:42,gw_main,devC,1,867900000.0,9,125.0,-95.67206626807729,8.443633197339192,"(8.0, 10.0]",75.0,0.431104,0.9655172413793104,1.0356718192627823,0.48215408323424475,3,1.0
122,2020-01-01 00:02:43,gw_main,devA,0,867100000.0,9,125.0,-119.46973607858042,-8.724145814887247,"(-10.0, -8.0]",43.0,0.287744,0.36666666666666664,2.034444444444444,1.619843626666666,3,1.0
123,2020-01-01 00:02:44,gw_main,devB,0,868300000.0,9,125.0,-120.9458961193948,-1.251131089507624,"(-2.0, 0.0]",53.0,0.328704,0.826530612244898,1.203561016243232,0.5991763365264473,3,1.0
124,2020-01-01 00:02:46,gw_main,devB,1,867300000.0,9,125.0,-107.48307351121555,-10.566116845964416,"(-12.0, -10.0]",59.0,0.369664,0.23809523809523808,2.3424036281179133,2.2083059229024933,3,1.0
125,2020-01-01 00:02:49,gw_main,devC,1,867300000.0,7,125.0,-119.6137312748813,0.42865106575563205,"(0.0, 2.0]",75.0,0.133376,0.9215686274509803,1.0845828527489427,0.2292401753171857,3,1.0
126,2020-01-01 00:02:50,gw_main,devB,0,867100000.0,11,125.0,-104.05646846113795,-4.513868834673535,"(-6.0, -4.0]",56.0,1.396736,0.3939393939393939,1.9733700642791552,3.729647074380165,3,1.0
127,2020-01-01 00:02:51,gw_main,devB,1,867100000.0,7,125.0,-110.84956022066612,2.7287049779815,"(2.0, 4.0]",28.0,0.066816,0.952054794520548,1.0502439482079189,0.1204170478513792,3,1.0
128,2020-01-01 00:02:52,gw_main,devC,1,868300000.0,7,125.0,-91.23006252876196,-3.235784096923926,"(-4.0, -2.0]",49.0,0.097536,0.8152866242038217,1.2188324069941985,0.3377124446427846,3,1.0
129,2020-01-01 00:02:54,gw_main,devB,1,867300000.0,8,125.0,-92.09137269556224,-6.649564753089079,"(-8.0, -6.0]",22.0,0.10291199999999999,0.5087719298245614,1.7325330871037241,0.9108315321637426,3,1.0
130,2020-01-01 00:02:55,gw_main,devC,1,868300000.0,7,125.0,-105.66911553202176,-7.296616561249172,"(-8.0, -6.0]",47.0,0.092416,0.5533980582524272,1.6460552361202754,0.7981770768215668,3,1.0
131,2020-01-01 00:02:56,gw_main,devB,1,867900000.0,10,125.0,-96.06099617239565,8.013191131800136,"(8.0, 10.0]",27.0,0.41164799999999996,0.9473684210526315,1.0554016620498614,0.4898556454293627,3,1.0
132,2020-01-01 00:02:57,gw_main,devA,1,867900000.0,9,125.0,-102.30085840845261,-3.0426282272308516,"(-4.0, -2.0]",22.0,0.20582399999999998,0.7241379310344828,1.351961950059453,0.6302281664684899,3,1.0
133,2020-01-01 00:02:58,gw_main,devC,1,868300000.0,7,125.0,-111.05088101920553,1.7500821381348115,"(0.0, 2.0]",62.0,0.118016,0.9215686274509803,1.0845828527489427,0.21258098269896195,3,1.0
134,2020-01-01 00:03:04,gw_main,devC,1,867300000.0,9,125.0,-100.83370084662809,-0.9086618890277521,"(-2.0, 0.0]",32.0,0.24678399999999998,0.826530612244898,1.203561016243232,0.5005806180758017,3,1.0
135,2020-01-01 00:03:05,gw_main,devA,1,867100000.0,7,125.0,-91.97261499118623,0.13332934316687706,"(0.0, 2.0]",62.0,0.118016,0.9215686274509803,1.0845828527489427,0.21258098269896195,3,1.0
136,2020-01-01 00:03:08,gw_main,devC,1,867900000.0,11,125.0,-116.30802830324879,2.295601606367957,"(2.0, 4.0]",62.0,1.478656,0.9523809523809523,1.0498866213151927,1.6023077732426303,3,1.0
137,2020-01-01 00:03:09,gw_main,devA,0,868300000.0,9,125.0,-112.44437393547737,-3.3814283601194504,"(-4.0, -2.0]",37.0,0.267264,0.7241379310344828,1.351961950059453,0.7132927086801428,3,1.0
138,2020-01-01 00:03:10,gw_main,devA,0,868300000.0,7,125.0,-110.6630294524336,-8.291812320038792,"(-10.0, -8.0]",35.0,0.077056,0.32727272727272727,2.1252892561983474,1.2890555451239674,3,1.0
139,2020-01-01 00:03:11,gw_main,devC,1,867900000.0,10,125.0,-88.23466808780958,5.697179590411812,"(4.0, 6.0]",72.0,0.780288,0.9736842105263158,1.0270083102493075,0.8283705706371192,3,1.0
140,2020-01-01 00:03:12,gw_main,devB,1,867300000.0,9,125.0,-109.18438979402748,5.798682805325257,"(4.0, 6.0]",55.0,0.349184,0.9516129032258065,1.0507284079084287,0.41762595629552546,3,1.0
141,2020-01-01 00:03:13,gw_main,devB,1,867300000.0,7,125.0,-103.06694614001093,-0.8442503947400417,"(-2.0, 0.0]",20.0,0.056575999999999994,0.8554216867469879,1.165481201916098,0.2314194663957032,3,1.0
142,2020-01-01 00:03:14,gw_main,devA,1,868300000.0,7,125.0,-121.65204456603338,3.251303049621108,"(2.0, 4.0]",54.0,0.102656,0.952054794520548,1.0502439482079189,0.158057790955151,3,1.0
143,2020-01-01 00:03:15,gw_main,devB,1,867900000.0,7,125.0,-109.94568680974996,4.68865832331243,"(4.0, 6.0]",72.0,0.133376,0.976,1.024576,0.16122984857599992,3,1.0
144,2020-01-01 00:03:16,gw_main,devC,1,867300000.0,8,125.0,-104.41330979144784,4.98710671598989,"(4.0, 6.0]",31.0,0.133632,0.975609756097561,1.0249851279000597,0.16195594051160048,3,1.0
145,2020-01-01 00:03:17,gw_main,devC,1,867900000.0,8,125.0,-106.72775274610476,5.528300839478824,"(4.0, 6.0]",54.0,0.184832,0.975609756097561,1.0249851279000597,0.21443517906008353,3,1.0
146,2020-01-01 00:03:20,gw_main,devC,0,867900000.0,9,125.0,-101.23570013156106,-7.4795583497142495,"(-8.0, -6.0]",47.0,0.308224,0.41304347826086957,1.9314744801512285,1.5268012703213607,3,1.0
147,2020-01-01 00:03:21,gw_main,devC,1,867900000.0,8,125.0,-116.16710799243603,5.170338461961894,"(4.0, 6.0]",39.0,0.154112,0.975609756097561,1.0249851279000597,0.1829476359309937,3,1.0
148,2020-01-01 00:03:22,gw_main,devA,1,868300000.0,11,125.0,-117.30157419108923,2.963592474184551,"(2.0, 4.0]",37.0,1.069056,0.9523809523809523,1.0498866213151927,1.1722742131519275,3,1.0
149,2020-01-01 00:03:23,gw_main,devC,1,867100000.0,9,125.0,-100.63337073413528,5.241714681147014,"(4.0, 6.0]",48.0,0.308224,0.9516129032258065,1.0507284079084287,0.37458812070759623,3,1.0
150,2020-01-01 00:03:26,gw_main,devB,0,867100000.0,9,125.0,-99.58884446489304,-6.87106144313595,"(-8.0, -6.0]",71.0,0.410624,0.41304347826086957,1.9314744801512285,1.7245842570888463,3,1.0
151,2020-01-01 00:03:28,gw_main,devB,1,867300000.0,9,125.0,-107.03257503507683,4.901334354322779,"(4.0, 6.0]",41.0,0.287744,0.9516129032258065,1.0507284079084287,0.3530692029136316,3,1.0
152,2020-01-01 00:03:29,gw_main,devB,0,867300000.0,9,125.0,-94.30929350173858,-6.090074495255538,"(-8.0, -6.0]",26.0,0.20582399999999998,0.41304347826086957,1.9314744801512285,1.3290182835538749,3,1.0
153,2020-01-01 00:03:30,gw_main,devC,1,868300000.0,10,125.0,-119.97716312162353,-0.0744323318850798,"(-2.0, 0.0]",52.0,0.616448,0.7575757575757576,1.3011937557392104,1.1033120440771351,3,1.0
154,2020-01-01 00:03:31,gw_main,devA,1,867900000.0,7,125.0,-105.62364310628567,5.038364862031164,"(4.0, 6.0]",40.0,0.082176,0.976,1.024576,0.10877155737599993,3,1.0
155,2020-01-01 00:03:32,gw_main,devB,0,868300000.0,8,125.0,-107.50005447302145,-9.862784107113516,"(-10.0, -8.0]",72.0,0.236032,0.2653061224489796,2.2744689712619737,1.8113164314868797,3,1.0
156,2020-01-01 00:03:34,gw_main,devA,1,867300000.0,11,125.0,-98.85855745745958,1.5557941220233622,"(0.0, 2.0]",49.0,1.232896,0.7368421052631579,1.332409972299169,1.9751328975069251,3,1.0
157,2020-01-01 00:03:35,gw_main,devC,1,867100000.0,11,125.0,-113.89108749253235,0.26631533767978227,"(0.0, 2.0]",52.0,1.314816,0.7368421052631579,1.332409972299169,2.084283922437673,3,1.0
158,2020-01-01 00:03:39,gw_main,devA,0,868300000.0,12,125.0,-100.68873423931048,-9.08096644363264,"(-10.0, -8.0]",48.0,2.301952,0.25,2.3125,6.635764,3,1.0
159,2020-01-01 00:03:40,gw_main,devC,1,868300000.0,9,125.0,-93.59669441572743,-0.9999291052819301,"(-2.0, 0.0]",75.0,0.431104,0.826530612244898,1.203561016243232,0.7224209845897542,3,1.0
160,2020-01-01 00:03:41,gw_main,devC,0,867900000.0,11,125.0,-107.79128389316692,-5.830252146296351,"(-6.0, -4.0]",73.0,1.724416,0.3939393939393939,1.9733700642791552,4.376280977043159,3,1.0
161,2020-01-01 00:03:42,gw_main,devC,0,868300000.0,9,125.0,-112.97629649695624,-9.860887934466641,"(-10.0, -8.0]",74.0,0.431104,0.36666666666666664,2.034444444444444,1.9115015822222217,3,1.0
162,2020-01-01 00:03:43,gw_main,devC,1,867300000.0,8,125.0,-92.44254751128659,3.03408642835966,"(2.0, 4.0]",25.0,0.11315199999999999,0.9166666666666666,1.0902777777777777,0.21364488888888877,3,1.0
163,2020-01-01 00:03:44,gw_main,devC,1,867100000.0,9,125.0,-111.12421044815096,-0.36839177053305483,"(-2.0, 0.0]",43.0,0.287744,0.826530612244898,1.203561016243232,0.5498784773011245,3,1.0
164,2020-01-01 00:03:45,gw_main,devB,1,867100000.0,10,125.0,-99.64166398906461,2.439171219796883,"(2.0, 4.0]",70.0,0.780288,0.9767441860465116,1.0237966468361277,0.8226528848025961,3,1.0
165,2020-01-01 00:03:47,gw_main,devB,0,867100000.0,7,125.0,-98.65083019620126,-3.948352751019947,"(-4.0, -2.0]",56.0,0.107776,0.8152866242038217,1.2188324069941985,0.3501932884904052,3,1.0
166,2020-01-01 00:03:48,gw_main,devC,1,867300000.0,8,125.0,-121.8090936373949,-5.9942581633209935,"(-6.0, -4.0]",53.0,0.184832,0.6025641025641025,1.5553911900065749,0.8428772544378702,3,1.0
167,2020-01-01 00:03:49,gw_main,devB,1,868300000.0,11,125.0,-114.95240484852731,-5.319851202348289,"(-6.0, -4.0]",59.0,1.478656,0.3939393939393939,1.9733700642791552,3.8913055500459137,3,1.0
168,2020-01-01 00:03:51,gw_main,devB,1,867900000.0,10,125.0,-98.27704085833561,-4.697847698009674,"(-6.0, -4.0]",74.0,0.780288,0.5,1.75,2.115504,3,1.0
169,2020-01-01 00:03:52,gw_main,devB,1,868300000.0,8,125.0,-112.62140407307936,2.1363977329216475,"(2.0, 4.0]",21.0,0.10291199999999999,0.9166666666666666,1.0902777777777777,0.20248044444444432,3,1.0
170,2020-01-01 00:03:53,gw_main,devC,1,867100000.0,10,125.0,-98.90233183333022,2.0385355525092974,"(2.0, 4.0]",38.0,0.49356799999999995,0.9767441860465116,1.0237966468361277,0.5291099102217415,3,1.0
171,2020-01-01 00:03:54,gw_main,devC,1,868300000.0,7,125.0,-103.7979986373906,12.150965921280616,"(12.0, 14.0]",46.0,0.092416,0.9565217391304348,1.0453686200378072,0.14197740642722118,3,1.0
172,2020-01-01 00:03:57,gw_main,devA,1,867300000.0,8,125.0,-112.43995022670083,-0.5369277713305098,"(-2.0, 0.0]",62.0,0.205312,0.926605504587156,1.07878124736975,0.3002679828297281,3,1.0
173,2020-01-01 00:03:58,gw_main,devB,1,867900000.0,8,125.0,-93.62237292091015,-0.08417838078598164,"(-2.0, 0.0]",36.0,0.143872,0.926605504587156,1.07878124736975,0.23398766299133067,3,1.0
174,2020-01-01 00:04:00,gw_main,devB,0,868300000.0,12,125.0,-92.40359974686069,-2.761162876347926,"(-4.0, -2.0]",41.0,2.138112,0.5,1.75,4.491696,3,1.0
175,2020-01-01 00:04:01,gw_main,devC,1,867100000.0,7,125.0,-113.86772965499085,4.459183580663724,"(4.0, 6.0]",61.0,0.112896,0.976,1.024576,0.1402465320959999,3,1.0
176,2020-01-01 00:04:04,gw_main,devA,1,868300000.0,10,125.0,-116.20141376271886,-1.744300083603248,"(-2.0, 0.0]",58.0,0.657408,0.7575757575757576,1.3011937557392104,1.1566089403122133,3,1.0
177,2020-01-01 00:04:05,gw_main,devC,1,868300000.0,8,125.0,-104.82642412868093,6.927418481917721,"(6.0, 8.0]",32.0,0.133632,0.9850746268656716,1.0151481398975275,0.15080441612831388,3,1.0
178,2020-01-01 00:04:06,gw_main,devA,1,867900000.0,9,125.0,-109.18285962553082,-0.1288354022609688,"(-2.0, 0.0]",35.0,0.24678399999999998,0.826530612244898,1.203561016243232,0.5005806180758017,3,1.0
179,2020-01-01 00:04:07,gw_main,devC,0,867900000.0,7,125.0,-107.24251525765254,-13.202494034892371,"(-14.0, -12.0]",20.0,0.056575999999999994,0.2916666666666667,2.210069444444444,1.335106333333333,3,1.0
180,2020-01-01 00:04:08,gw_main,devC,1,867900000.0,8,125.0,-108.82188671298783,-4.152435302846944,"(-6.0, -4.0]",57.0,0.195072,0.6025641025641025,1.5553911900065749,0.8588044602235374,3,1.0
181,2020-01-01 00:04:09,gw_main,devB,1,867900000.0,7,125.0,-115.64496584448588,-11.812779642481457,"(-12.0, -10.0]",67.0,0.123136,0.2,2.4400000000000004,1.7404518400000004,3,1.0
182,2020-01-01 00:04:11,gw_main,devA,1,867300000.0,7,125.0,-104.03657450625458,-3.1806920986338727,"(-4.0, -2.0]",66.0,0.123136,0.8152866242038217,1.2188324069941985,0.36891455426183606,3,1.0
183,2020-01-01 00:04:12,gw_main,devC,1,867300000.0,8,125.0,-112.2689502683574,8.001359100616343,"(8.0, 10.0]",24.0,0.11315199999999999,0.9722222222222222,1.0285493827160495,0.14493180246913587,3,1.0
184,2020-01-01 00:04:13,gw_main,devC,1,867300000.0,8,125.0,-90.6269149991218,0.28271943678355754,"(0.0, 2.0]",69.0,0.225792,0.9338842975206612,1.0704869885936752,0.31219438672221833,3,1.0
185,2020-01-01 00:04:14,gw_main,devB,0,867100000.0,8,125.0,-105.2467497749152,-7.035274244429877,"(-8.0, -6.0]",48.0,0.174592,0.5087719298245614,1.7325330871037241,1.0350195038473375,3,1.0
186,2020-01-01 00:04:15,gw_main,devA,0,867100000.0,9,125.0,-93.51195439985908,-5.644199209214534,"(-6.0, -4.0]",61.0,0.369664,0.4411764705882353,1.871107266435986,1.5627882629757783,3,1.0
187,2020-01-01 00:04:16,gw_main,devB,1,867300000.0,10,125.0,-110.19848902370508,6.783679381500052,"(6.0, 8.0]",68.0,0.739328,0.9666666666666667,1.0344444444444445,0.7992381866666668,3,1.0
188,2020-01-01 00:04:18,gw_main,devB,1,868300000.0,9,125.0,-111.28940054889232,0.2879954493723418,"(0.0, 2.0]",57.0,0.349184,0.8987341772151899,1.1115205896490947,0.4996457952251242,3,1.0
189,2020-01-01 00:04:19,gw_main,devA,1,867300000.0,7,125.0,-114.37241100872177,-0.3207707330283431,"(-2.0, 0.0]",52.0,0.102656,0.8554216867469879,1.165481201916098,0.285124840179997,3,1.0
190,2020-01-01 00:04:20,gw_main,devB,1,867100000.0,8,125.0,-108.15478710874251,0.23040156933207898,"(0.0, 2.0]",64.0,0.215552,0.9338842975206612,1.0704869885936752,0.3012325999590191,3,1.0
191,2020-01-01 00:04:21,gw_main,devB,1,867300000.0,8,125.0,-107.78252470983485,4.83243388166279,"(4.0, 6.0]",47.0,0.174592,0.975609756097561,1.0249851279000597,0.20393933135038692,3,1.0
192,2020-01-01 00:04:22,gw_main,devC,1,867100000.0,7,125.0,-82.8939172670928,3.3154037841364525,"(2.0, 4.0]",78.0,0.13849599999999998,0.952054794520548,1.0502439482079189,0.1956985340589228,3,1.0
193,2020-01-01 00:04:24,gw_main,devB,1,867100000.0,7,125.0,-111.85816430989665,-6.257210145540064,"(-8.0, -6.0]",49.0,0.097536,0.5533980582524272,1.6460552361202754,0.8066048796305025,3,1.0
194,2020-01-01 00:04:26,gw_main,devA,1,867300000.0,7,125.0,-107.50211889368104,-4.105482467954964,"(-6.0, -4.0]",74.0,0.133376,0.6124031007751938,1.537828255513491,0.7429376369208583,3,1.0
195,2020-01-01 00:04:27,gw_main,devC,1,867900000.0,8,125.0,-104.7691347583168,6.563074055402872,"(6.0, 8.0]",47.0,0.174592,0.9850746268656716,1.0151481398975275,0.19238488393851663,3,1.0
196,2020-01-01 00:04:29,gw_main,devA,1,867100000.0,7,125.0,-107.29864620833226,-0.8257258576535311,"(-2.0, 0.0]",25.0,0.061695999999999994,0.8554216867469879,1.165481201916098,0.23738673014951361,3,1.0
197,2020-01-01 00:04:30,gw_main,devC,1,868300000.0,7,125.0,-112.44522312553553,-0.04414971774762569,"(-2.0, 0.0]",52.0,0.102656,0.8554216867469879,1.165481201916098,0.285124840179997,3,1.0
198,2020-01-01 00:04:31,gw_main,devC,1,867300000.0,12,125.0,-118.18118917889781,-7.947873303864819,"(-8.0, -6.0]",32.0,1.8104319999999998,0.5,1.75,3.9182559999999995,3,1.0
199,2020-01-01 00:04:32,gw_main,devC,1,867300000.0,8,125.0,-106.6881776945838,10.331829863138873,"(10.0, 12.0]",38.0,0.143872,0.9583333333333334,1.0434027777777777,0.19351922222222212,3,1.0
200,2020-01-01 00:04:33,gw_main,devC,1,868300000.0,7,125.0,-101.23309969636128,8.762440603557312,"(8.0, 10.0]",78.0,0.13849599999999998,0.9811320754716981,1.0192239231043076,0.1603823595585618,3,1.0
201,2020-01-01 00:04:34,gw_main,devC,1,867900000.0,8,125.0,-104.2280478243946,-2.781502569654499,"(-4.0, -2.0]",35.0,0.143872,0.7203389830508474,1.3578713013501866,0.5532309612180407,3,1.0
202,2020-01-01 00:04:36,gw_main,devC,0,867900000.0,7,125.0,-109.79885183947792,2.272056418021271,"(2.0, 4.0]",79.0,0.143616,0.952054794520548,1.0502439482079189,0.20107578307374735,3,1.0
203,2020-01-01 00:04:38,gw_main,devB,1,867900000.0,7,125.0,-113.55996603219116,1.502388097665543,"(0.0, 2.0]",37.0,0.082176,0.9215686274509803,1.0845828527489427,0.17370953325643984,3,1.0
204,2020-01-01 00:04:39,gw_main,devA,0,867100000.0,8,125.0,-123.25161346758875,-0.36806447899949096,"(-2.0, 0.0]",41.0,0.154112,0.926605504587156,1.07878124736975,0.24503438296439692,3,1.0
205,2020-01-01 00:04:40,gw_main,devA,1,867900000.0,10,125.0,-100.94819332628256,0.49930412084718223,"(0.0, 2.0]",43.0,0.534528,0.8888888888888888,1.1234567901234567,0.7239759012345677,3,1.0
206,2020-01-01 00:04:41,gw_main,devB,1,867100000.0,7,125.0,-110.29022251728303,-6.46124951896307,"(-8.0, -6.0]",43.0,0.087296,0.5533980582524272,1.6460552361202754,0.789749274012631,3,1.0
207,2020-01-01 00:04:42,gw_main,devA,1,867900000.0,7,125.0,-100.39408017133306,-1.6160822773224295,"(-2.0, 0.0]",29.0,0.066816,0.8554216867469879,1.165481201916098,0.24335399390332407,3,1.0
208,2020-01-01 00:04:44,gw_main,devC,1,867100000.0,9,125.0,-119.91954170423377,7.128565303273913,"(6.0, 8.0]",34.0,0.24678399999999998,0.9761904761904762,1.02437641723356,0.27717612698412697,3,1.0
209,2020-01-01 00:04:45,gw_main,devC,1,867100000.0,7,125.0,-114.24542682864393,2.006562362346086,"(2.0, 4.0]",57.0,0.107776,0.952054794520548,1.0502439482079189,0.16343503996997555,3,1.0
210,2020-01-01 00:04:47,gw_main,devC,1,867100000.0,10,125.0,-112.29803608788794,9.173819987465642,"(8.0, 10.0]",34.0,0.45260799999999995,0.9473684210526315,1.0554016620498614,0.5330848975069251,3,1.0
211,2020-01-01 00:04:48,gw_main,devA,1,867300000.0,9,125.0,-108.69161524756817,-3.3314875785818834,"(-4.0, -2.0]",25.0,0.20582399999999998,0.7241379310344828,1.351961950059453,0.6302281664684899,3,1.0
212,2020-01-01 00:04:50,gw_main,devC,0,867100000.0,7,125.0,-106.32835223996805,-10.900530068034358,"(-12.0, -10.0]",32.0,0.071936,0.2,2.4400000000000004,1.6155238400000005,3,1.0
213,2020-01-01 00:04:52,gw_main,devC,1,867100000.0,7,125.0,-107.55405507788197,5.785994209166571,"(4.0, 6.0]",20.0,0.056575999999999994,0.976,1.024576,0.08254241177599991,3,1.0
214,2020-01-01 00:04:53,gw_main,devA,1,868300000.0,8,125.0,-112.30015209277346,5.501088267070246,"(4.0, 6.0]",20.0,0.10291199999999999,0.975609756097561,1.0249851279000597,0.13046839738251062,3,1.0
215,2020-01-01 00:04:54,gw_main,devA,1,868300000.0,7,125.0,-114.95862745570804,4.013390678681624,"(4.0, 6.0]",57.0,0.107776,0.976,1.024576,0.13500070297599992,3,1.0
216,2020-01-01 00:04:56,gw_main,devA,1,868300000.0,11,125.0,-100.97099341715248,1.2929336350939735,"(0.0, 2.0]",22.0,0.7413759999999999,0.7368421052631579,1.332409972299169,1.3202267479224374,3,1.0
217,2020-01-01 00:04:57,gw_main,devB,1,867100000.0,10,125.0,-96.4092218606228,-1.5120395416038468,"(-2.0, 0.0]",41.0,0.534528,0.7575757575757576,1.3011937557392104,0.996718251606979,3,1.0
218,2020-01-01 00:04:59,gw_main,devB,1,868300000.0,10,125.0,-114.72582014716264,0.32582167028216563,"(0.0, 2.0]",76.0,0.821248,0.8888888888888888,1.1234567901234567,1.0460934320987652,3,1.0
219,2020-01-01 00:05:00,gw_main,devC,1,867900000.0,7,125.0,-113.88816778492391,9.070977069382664,"(8.0, 10.0]",77.0,0.13849599999999998,0.9811320754716981,1.0192239231043076,0.1603823595585618,3,1.0
220,2020-01-01 00:05:02,gw_main,devA,1,867100000.0,12,125.0,-105.39748564685759,-0.35076075455316874,"(-2.0, 0.0]",66.0,2.957312,0.7,1.3900000000000001,4.500663680000001,3,1.0
221,2020-01-01 00:05:03,gw_main,devB,1,868300000.0,11,125.0,-108.33694676271595,-3.476352302660377,"(-4.0, -2.0]",43.0,1.150976,0.7407407407407407,1.3264746227709192,1.8532150781893006,3,1.0
222,2020-01-01 00:05:04,gw_main,devA,1,867300000.0,8,125.0,-106.71832779876468,-3.8099909244699575,"(-4.0, -2.0]",42.0,0.154112,0.7203389830508474,1.3578713013501866,0.5671355633438666,3,1.0
223,2020-01-01 00:05:05,gw_main,devA,1,868300000.0,9,125.0,-121.11781020847995,9.61623006703494,"(8.0, 10.0]",66.0,0.390144,0.9655172413793104,1.0356718192627823,0.4397329655172412,3,1.0
224,2020-01-01 00:05:07,gw_main,devC,1,867100000.0,10,125.0,-107.96206425073021,0.405303349863928,"(0.0, 2.0]",74.0,0.780288,0.8888888888888888,1.1234567901234567,1.0000766419753084,3,1.0
225,2020-01-01 00:05:09,gw_main,devA,0,868300000.0,7,125.0,-112.64051755307605,-6.654320470203166,"(-8.0, -6.0]",74.0,0.133376,0.5533980582524272,1.6460552361202754,0.8655994992930532,3,1.0
226,2020-01-01 00:05:10,gw_main,devA,0,867900000.0,7,125.0,-111.0059708042116,-0.40116934481937616,"(-2.0, 0.0]",49.0,0.097536,0.8554216867469879,1.165481201916098,0.2791575764261866,3,1.0
227,2020-01-01 00:05:13,gw_main,devC,1,867300000.0,11,125.0,-111.64982118135043,-1.3634554980033606,"(-2.0, 0.0]",76.0,1.724416,0.7209302325581395,1.3569497025419146,2.696895480800433,3,1.0
228,2020-01-01 00:05:14,gw_main,devA,1,867900000.0,7,125.0,-88.10866987876578,-1.3262061086338703,"(-2.0, 0.0]",32.0,0.071936,0.8554216867469879,1.165481201916098,0.24932125765713448,3,1.0
229,2020-01-01 00:05:15,gw_main,devB,1,868300000.0,10,125.0,-114.49149466201328,0.6575662079890121,"(0.0, 2.0]",25.0,0.41164799999999996,0.8888888888888888,1.1234567901234567,0.5859255308641973,3,1.0
230,2020-01-01 00:05:16,gw_main,devB,0,868300000.0,11,125.0,-105.75521369460202,-9.558065272473653,"(-10.0, -8.0]",58.0,1.396736,0.23809523809523808,2.3424036281179133,4.614123102040814,3,1.0
231,2020-01-01 00:05:18,gw_main,devA,0,868300000.0,7,125.0,-94.06463111264853,-5.126373108924429,"(-6.0, -4.0]",59.0,0.112896,0.6124031007751938,1.537828255513491,0.7114429142479421,3,1.0
232,2020-01-01 00:05:19,gw_main,devB,1,867100000.0,7,125.0,-105.04510257808819,5.307510195375632,"(4.0, 6.0]",28.0,0.066816,0.976,1.024576,0.09303407001599993,3,1.0
233,2020-01-01 00:05:20,gw_main,devC,0,867900000.0,7,125.0,-104.4475309484579,-4.623592059389159,"(-6.0, -4.0]",41.0,0.087296,0.6124031007751938,1.537828255513491,0.6720745109067967,3,1.0
234,2020-01-01 00:05:21,gw_main,devB,1,867900000.0,7,125.0,-97.04752121245,3.462280483804173,"(2.0, 4.0]",64.0,0.118016,0.952054794520548,1.0502439482079189,0.17418953799962464,3,1.0
235,2020-01-01 00:05:22,gw_main,devB,1,867100000.0,9,125.0,-94.57453403649411,9.146624716360561,"(8.0, 10.0]",63.0,0.390144,0.9655172413793104,1.0356718192627823,0.4397329655172412,3,1.0
236,2020-01-01 00:05:23,gw_main,devA,0,868300000.0,7,125.0,-112.0653471033226,-1.881577567689753,"(-2.0, 0.0]",45.0,0.092416,0.8554216867469879,1.165481201916098,0.27319031267237615,3,1.0
237,2020-01-01 00:05:26,gw_main,devB,1,868300000.0,9,125.0,-95.825847071447,-0.012174165654171674,"(-2.0, 0.0]",57.0,0.349184,0.826530612244898,1.203561016243232,0.6238252661391086,3,1.0
238,2020-01-01 00:05:27,gw_main,devC,1,868300000.0,7,125.0,-124.9141031846852,-5.961698084038268,"(-6.0, -4.0]",61.0,0.112896,0.6124031007751938,1.537828255513491,0.7114429142479421,3,1.0
239,2020-01-01 00:05:28,gw_main,devC,1,868300000.0,10,125.0,-86.67813283634136,2.765516494280277,"(2.0, 4.0]",20.0,0.37068799999999996,0.9767441860465116,1.0237966468361277,0.40330577825851815,3,1.0
240,2020-01-01 00:05:29,gw_main,devB,1,867100000.0,9,125.0,-108.19485453233851,12.093096320852448,"(12.0, 14.0]",20.0,0.18534399999999998,0.9230769230769231,1.0828402366863903,0.2835381775147926,3,1.0
241,2020-01-01 00:05:30,gw_main,devC,1,868300000.0,7,125.0,-124.63932872347397,-1.5486719715943456,"(-2.0, 0.0]",55.0,0.107776,0.8554216867469879,1.165481201916098,0.29109210393380747,3,1.0
242,2020-01-01 00:05:31,gw_main,devB,0,867900000.0,9,125.0,-103.63972099126414,-1.2172571763879791,"(-2.0, 0.0]",29.0,0.22630399999999998,0.826530612244898,1.203561016243232,0.4759316884631403,3,1.0
243,2020-01-01 00:05:32,gw_main,devA,0,868300000.0,7,125.0,-113.63689785383721,-6.269592141414515,"(-8.0, -6.0]",56.0,0.107776,0.5533980582524272,1.6460552361202754,0.8234604852483742,3,1.0
244,2020-01-01 00:05:33,gw_main,devA,1,867300000.0,8,125.0,-105.85326785126945,1.9145307101192857,"(0.0, 2.0]",29.0,0.12339199999999999,0.9338842975206612,1.0704869885936752,0.20257651909022595,3,1.0
245,2020-01-01 00:05:37,gw_main,devC,0,867100000.0,10,125.0,-102.62350876402807,-5.4327183563678645,"(-6.0, -4.0]",39.0,0.49356799999999995,0.5,1.75,1.613744,3,1.0
246,2020-01-01 00:05:38,gw_main,devC,1,867100000.0,10,125.0,-95.83049710264693,6.488145415988029,"(6.0, 8.0]",36.0,0.49356799999999995,0.9666666666666667,1.0344444444444445,0.54501312,3,1.0
247,2020-01-01 00:05:39,gw_main,devA,1,867100000.0,10,125.0,-117.72119986595308,9.146148022696842,"(8.0, 10.0]",78.0,0.821248,0.9473684210526315,1.0554016620498614,0.922148166204986,3,1.0
248,2020-01-01 00:05:41,gw_main,devC,1,867900000.0,10,125.0,-98.89020727688865,3.3203484171049413,"(2.0, 4.0]",76.0,0.821248,0.9767441860465116,1.0237966468361277,0.8645875954570039,3,1.0
249,2020-01-01 00:05:42,gw_main,devA,1,867900000.0,7,125.0,-110.92774872412298,11.71350566212067,"(10.0, 12.0]",56.0,0.107776,0.9696969696969697,1.0312213039485765,0.14236221120293824,3,1.0
250,2020-01-01 00:05:44,gw_main,devC,1,868300000.0,7,125.0,-104.75369054523095,-3.5580347816496936,"(-4.0, -2.0]",42.0,0.087296,0.8152866242038217,1.2188324069941985,0.325231600795164,3,1.0
251,2020-01-01 00:05:45,gw_main,devA,0,867100000.0,10,125.0,-110.35626100894453,-8.11938638869765,"(-10.0, -8.0]",68.0,0.739328,0.18181818181818182,2.487603305785124,3.326758082644628,3,1.0
252,2020-01-01 00:05:47,gw_main,devC,1,868300000.0,8,125.0,-108.20027893230255,8.87486526550984,"(8.0, 10.0]",61.0,0.205312,0.9722222222222222,1.0285493827160495,0.239722913580247,3,1.0
253,2020-01-01 00:05:50,gw_main,devB,1,867100000.0,7,125.0,-104.39223243775463,-5.132252302995576,"(-6.0, -4.0]",23.0,0.061695999999999994,0.6124031007751938,1.537828255513491,0.6327061075656514,3,1.0
254,2020-01-01 00:05:51,gw_main,devC,1,867100000.0,9,125.0,-117.17350920374983,-3.0250273760457818,"(-4.0, -2.0]",30.0,0.22630399999999998,0.7241379310344828,1.351961950059453,0.6579163472057075,3,1.0
255,2020-01-01 00:05:52,gw_main,devB,1,867300000.0,7,125.0,-112.59321040360831,1.7536084949720503,"(0.0, 2.0]",66.0,0.123136,0.9215686274509803,1.0845828527489427,0.21813404690503654,3,1.0
256,2020-01-01 00:05:53,gw_main,devA,0,867900000.0,9,125.0,-105.18102973690326,-1.2318685626221026,"(-2.0, 0.0]",57.0,0.349184,0.826530612244898,1.203561016243232,0.6238252661391086,3,1.0
257,2020-01-01 00:05:56,gw_main,devA,1,867900000.0,7,125.0,-99.22817562293287,-1.792641520070685,"(-2.0, 0.0]",45.0,0.092416,0.8554216867469879,1.165481201916098,0.27319031267237615,3,1.0
258,2020-01-01 00:05:58,gw_main,devA,1,867300000.0,10,125.0,-99.71316137874278,1.239554263296205,"(0.0, 2.0]",75.0,0.821248,0.8888888888888888,1.1234567901234567,1.0460934320987652,3,1.0
259,2020-01-01 00:06:00,gw_main,devB,1,867300000.0,11,125.0,-102.73576861003667,3.021125189964305,"(2.0, 4.0]",53.0,1.314816,0.9523809523809523,1.0498866213151927,1.4302943492063491,3,1.0
260,2020-01-01 00:06:02,gw_main,devC,1,868300000.0,7,125.0,-119.48331977746332,3.551833708624983,"(2.0, 4.0]",30.0,0.071936,0.952054794520548,1.0502439482079189,0.12579429686620375,3,1.0
261,2020-01-01 00:06:03,gw_main,devB,1,868300000.0,11,125.0,-98.53315032815084,0.3348632784513111,"(0.0, 2.0]",25.0,0.8232959999999999,0.7368421052631579,1.332409972299169,1.4293777728531853,3,1.0
262,2020-01-01 00:06:04,gw_main,devC,1,867900000.0,7,125.0,-98.38878126407599,-10.116711740171489,"(-12.0, -10.0]",61.0,0.112896,0.2,2.4400000000000004,1.7154662400000005,3,1.0
263,2020-01-01 00:06:05,gw_main,devC,1,867900000.0,8,125.0,-100.32201680575857,2.3277425160912104,"(2.0, 4.0]",41.0,0.154112,0.9166666666666666,1.0902777777777777,0.25830266666666657,3,1.0
264,2020-01-01 00:06:06,gw_main,devC,0,867100000.0,11,125.0,-113.29447993372554,-11.680070470603244,"(-12.0, -10.0]",46.0,1.232896,0.25,2.3125,4.163572,3,1.0
265,2020-01-01 00:06:07,gw_main,devB,0,867900000.0,11,125.0,-96.2770303903588,-8.45420451693673,"(-10.0, -8.0]",68.0,1.642496,0.23809523809523808,2.3424036281179133,5.1897922176870726,3,1.0
266,2020-01-01 00:06:08,gw_main,devA,1,867100000.0,8,125.0,-105.2313845399302,5.127835514812591,"(4.0, 6.0]",49.0,0.174592,0.975609756097561,1.0249851279000597,0.20393933135038692,3,1.0
267,2020-01-01 00:06:09,gw_main,devC,1,867300000.0,7,125.0,-104.59401887438706,4.237410360819986,"(4.0, 6.0]",36.0,0.077056,0.976,1.024576,0.10352572825599993,3,1.0
268,2020-01-01 00:06:11,gw_main,devA,0,867100000.0,7,125.0,-110.47695115158457,-10.260066636913294,"(-12.0, -10.0]",26.0,0.061695999999999994,0.2,2.4400000000000004,1.5905382400000003,3,1.0
269,2020-01-01 00:06:12,gw_main,devC,0,867300000.0,7,125.0,-111.7407438953241,-2.2280911013451012,"(-4.0, -2.0]",67.0,0.123136,0.8152866242038217,1.2188324069941985,0.36891455426183606,3,1.0
270,2020-01-01 00:06:13,gw_main,devC,1,867300000.0,7,125.0,-102.82293983402927,-4.072429909296144,"(-6.0, -4.0]",40.0,0.082176,0.6124031007751938,1.537828255513491,0.6642008302385676,3,1.0
271,2020-01-01 00:06:14,gw_main,devA,1,867300000.0,7,125.0,-112.22343951265913,3.821044476781261,"(2.0, 4.0]",56.0,0.107776,0.952054794520548,1.0502439482079189,0.16343503996997555,3,1.0
272,2020-01-01 00:06:15,gw_main,devB,1,867100000.0,7,125.0,-106.34697577827323,13.546383194565188,"(12.0, 14.0]",28.0,0.066816,0.9565217391304348,1.0453686200378072,0.1152159697542533,3,1.0
273,2020-01-01 00:06:16,gw_main,devA,1,867900000.0,9,125.0,-110.9850238786976,1.3015829277279352,"(0.0, 2.0]",59.0,0.369664,0.8987341772151899,1.1115205896490947,0.5224097369011377,3,1.0
274,2020-01-01 00:06:17,gw_main,devC,1,867100000.0,7,125.0,-117.53529112980091,-4.6758667681927015,"(-6.0, -4.0]",57.0,0.107776,0.6124031007751938,1.537828255513491,0.703569233579713,3,1.0
275,2020-01-01 00:06:18,gw_main,devC,0,867900000.0,8,125.0,-105.6287576337157,-7.023309181819321,"(-8.0, -6.0]",26.0,0.11315199999999999,0.5087719298245614,1.7325330871037241,0.9285726709756847,3,1.0
276,2020-01-01 00:06:19,gw_main,devA,0,868300000.0,8,125.0,-104.96256034602992,-0.33656568460963576,"(-2.0, 0.0]",23.0,0.11315199999999999,0.926605504587156,1.07878124736975,0.20084750307213195,3,1.0
277,2020-01-01 00:06:22,gw_main,devB,0,867900000.0,8,125.0,-96.88542700111279,0.6981314141531052,"(0.0, 2.0]",42.0,0.154112,0.9338842975206612,1.0704869885936752,0.23546187937982366,3,1.0
278,2020-01-01 00:06:23,gw_main,devA,1,868300000.0,9,125.0,-106.18563857018738,-6.90548112786517,"(-8.0, -6.0]",32.0,0.24678399999999998,0.41304347826086957,1.9314744801512285,1.4081314782608692,3,1.0
279,2020-01-01 00:06:24,gw_main,devB,1,867900000.0,8,125.0,-114.63777304821022,6.672643630375805,"(6.0, 8.0]",51.0,0.184832,0.9850746268656716,1.0151481398975275,0.2027800008910673,3,1.0
280,2020-01-01 00:06:25,gw_main,devA,1,868300000.0,10,125.0,-89.07894124430888,6.375903634728932,"(6.0, 8.0]",72.0,0.780288,0.9666666666666667,1.0344444444444445,0.8416090311111112,3,1.0
281,2020-01-01 00:06:26,gw_main,devC,1,867300000.0,8,125.0,-105.87975546517706,6.508507591778525,"(6.0, 8.0]",70.0,0.225792,0.9850746268656716,1.0151481398975275,0.24436046870127,3,1.0
282,2020-01-01 00:06:27,gw_main,devB,1,867900000.0,10,125.0,-99.51431676431747,-2.844302823651169,"(-4.0, -2.0]",42.0,0.534528,0.6428571428571429,1.4846938775510203,1.2783043265306122,3,1.0
283,2020-01-01 00:06:28,gw_main,devB,1,867900000.0,10,125.0,-104.95339185479794,3.087123379908533,"(2.0, 4.0]",26.0,0.41164799999999996,0.9767441860465116,1.0237966468361277,0.44524048891292595,3,1.0
284,2020-01-01 00:06:29,gw_main,devB,1,867300000.0,9,125.0,-126.72513694648278,-0.792417031316141,"(-2.0, 0.0]",63.0,0.390144,0.826530612244898,1.203561016243232,0.6731231253644314,3,1.0
285,2020-01-01 00:06:30,gw_main,devA,1,867900000.0,7,125.0,-95.43737943335547,-2.3328723684148898,"(-4.0, -2.0]",67.0,0.123136,0.8152866242038217,1.2188324069941985,0.36891455426183606,3,1.0
286,2020-01-01 00:06:31,gw_main,devB,1,867100000.0,8,125.0,-116.25560205865226,-2.0348739428523968,"(-4.0, -2.0]",56.0,0.195072,0.7203389830508474,1.3578713013501866,0.6227539718471702,3,1.0
287,2020-01-01 00:06:32,gw_main,devA,1,867100000.0,7,125.0,-96.45612053059155,-7.798291638204903,"(-8.0, -6.0]",60.0,0.112896,0.5533980582524272,1.6460552361202754,0.83188828805731,3,1.0
288,2020-01-01 00:06:33,gw_main,devA,1,868300000.0,9,125.0,-107.25360949942969,-8.663182175370727,"(-10.0, -8.0]",33.0,0.24678399999999998,0.36666666666666664,2.034444444444444,1.5365127822222218,3,1.0
289,2020-01-01 00:06:34,gw_main,devA,1,868300000.0,9,125.0,-113.77122532658348,4.765888745256275,"(4.0, 6.0]",68.0,0.410624,0.9516129032258065,1.0507284079084287,0.48218270967741933,3,1.0
290,2020-01-01 00:06:35,gw_main,devA,1,867100000.0,10,125.0,-127.92314590297707,-1.1474124235171204,"(-2.0, 0.0]",25.0,0.41164799999999996,0.7575757575757576,1.3011937557392104,0.8368275629017448,3,1.0
291,2020-01-01 00:06:36,gw_main,devB,1,868300000.0,7,125.0,-110.32568447144736,1.2985491067657389,"(0.0, 2.0]",20.0,0.056575999999999994,0.9215686274509803,1.0845828527489427,0.1459442122260669,3,1.0
292,2020-01-01 00:06:37,gw_main,devC,1,867300000.0,7,125.0,-115.086964652066,6.01026233072472,"(6.0, 8.0]",26.0,0.061695999999999994,0.9651162790697675,1.0361005949161708,0.10002385722011886,3,1.0
293,2020-01-01 00:06:38,gw_main,devA,0,867100000.0,9,125.0,-105.83265719753037,-10.398794970096446,"(-12.0, -10.0]",32.0,0.24678399999999998,0.23809523809523808,2.3424036281179133,1.9204713650793643,3,1.0
294,2020-01-01 00:06:39,gw_main,devA,0,868300000.0,9,125.0,-115.90668008220594,-4.7047804428953635,"(-6.0, -4.0]",70.0,0.410624,0.4411764705882353,1.871107266435986,1.6394288166089963,3,1.0
295,2020-01-01 00:06:40,gw_main,devA,1,868300000.0,7,125.0,-99.74767729429176,1.052009060790424,"(0.0, 2.0]",70.0,0.12825599999999998,0.9215686274509803,1.0845828527489427,0.22368711111111111,3,1.0
296,2020-01-01 00:06:41,gw_main,devB,1,868300000.0,7,125.0,-110.85908708411716,2.352568719993438,"(2.0, 4.0]",40.0,0.082176,0.952054794520548,1.0502439482079189,0.1365487948958528,3,1.0
297,2020-01-01 00:06:42,gw_main,devB,1,868300000.0,7,125.0,-110.1311191341926,-2.2624467024065806,"(-4.0, -2.0]",28.0,0.066816,0.8152866242038217,1.2188324069941985,0.30026991309992285,3,1.0
298,2020-01-01 00:06:43,gw_main,devC,1,867900000.0,7,125.0,-88.44771062565061,6.175075396187092,"(6.0, 8.0]",50.0,0.097536,0.9651162790697675,1.0361005949161708,0.13715770254191442,3,1.0
299,2020-01-01 00:06:44,gw_main,devA,1,867300000.0,7,125.0,-99.1353072348229,1.2623696329778213,"(0.0, 2.0]",50.0,0.097536,0.9215686274509803,1.0845828527489427,0.1903687258746636,3,1.0
300,2020-01-01 00:06:45,gw_main,devC,1,867900000.0,7,125.0,-111.87736950539619,-7.2802928329671595,"(-8.0, -6.0]",33.0,0.071936,0.5533980582524272,1.6460552361202754,0.7644658655858235,3,1.0
301,2020-01-01 00:06:47,gw_main,devB,1,868300000.0,7,125.0,-120.49792684252022,4.832826362967735,"(4.0, 6.0]",20.0,0.056575999999999994,0.976,1.024576,0.08254241177599991,3,1.0
302,2020-01-01 00:06:48,gw_main,devA,1,867300000.0,7,125.0,-112.80866046198668,2.7829887387363588,"(2.0, 4.0]",28.0,0.066816,0.952054794520548,1.0502439482079189,0.1204170478513792,3,1.0
303,2020-01-01 00:06:49,gw_main,devA,0,868300000.0,7,125.0,-107.70634605794044,-11.394367434039607,"(-12.0, -10.0]",54.0,0.102656,0.2,2.4400000000000004,1.6904806400000005,3,1.0
304,2020-01-01 00:06:50,gw_main,devC,1,868300000.0,8,125.0,-112.75225988560219,8.086273823174453,"(8.0, 10.0]",24.0,0.11315199999999999,0.9722222222222222,1.0285493827160495,0.14493180246913587,3,1.0
305,2020-01-01 00:06:52,gw_main,devB,1,867900000.0,9,125.0,-100.44578631686272,8.06005792617899,"(8.0, 10.0]",26.0,0.20582399999999998,0.9655172413793104,1.0356718192627823,0.24883793579072516,3,1.0
306,2020-01-01 00:06:54,gw_main,devC,1,867100000.0,8,125.0,-113.35650425323848,-1.7742373279939554,"(-2.0, 0.0]",29.0,0.12339199999999999,0.926605504587156,1.07878124736975,0.2118942230451982,3,1.0
307,2020-01-01 00:06:55,gw_main,devB,1,867100000.0,7,125.0,-111.49867046869477,-6.758742508507913,"(-8.0, -6.0]",25.0,0.061695999999999994,0.5533980582524272,1.6460552361202754,0.7476102599679519,3,1.0
308,2020-01-01 00:06:56,gw_main,devA,1,867900000.0,7,125.0,-112.00374806887419,15.221577420791327,"(14.0, 16.0]",21.0,0.056575999999999994,0.9090909090909091,1.0991735537190082,0.16136039669421476,3,1.0
309,2020-01-01 00:06:57,gw_main,devA,1,868300000.0,7,125.0,-99.15596933996115,-1.0527253524428926,"(-2.0, 0.0]",69.0,0.12825599999999998,0.8554216867469879,1.165481201916098,0.3149611589490491,3,1.0
310,2020-01-01 00:06:59,gw_main,devC,0,868300000.0,10,125.0,-119.48493389471402,-3.883754708323677,"(-4.0, -2.0]",57.0,0.657408,0.6428571428571429,1.4846938775510203,1.4607435102040816,3,1.0
311,2020-01-01 00:07:01,gw_main,devC,1,867900000.0,9,125.0,-96.59421190304431,-10.02811491942048,"(-12.0, -10.0]",40.0,0.287744,0.23809523809523808,2.3424036281179133,2.016416217687074,3,1.0
312,2020-01-01 00:07:02,gw_main,devB,1,868300000.0,9,125.0,-108.70396814303878,-2.2972028926006143,"(-4.0, -2.0]",44.0,0.287744,0.7241379310344828,1.351961950059453,0.7409808894173604,3,1.0
313,2020-01-01 00:07:03,gw_main,devC,1,868300000.0,10,125.0,-114.95864008201298,5.902529450400166,"(4.0, 6.0]",60.0,0.698368,0.9736842105263158,1.0270083102493075,0.7442380498614959,3,1.0
314,2020-01-01 00:07:06,gw_main,devB,1,867100000.0,9,125.0,-101.60669366492773,2.0234268950907763,"(2.0, 4.0]",29.0,0.22630399999999998,0.9358974358974359,1.0682117028270874,0.3099522840236686,3,1.0
315,2020-01-01 00:07:10,gw_main,devC,1,867300000.0,8,125.0,-111.64794160392879,-0.29711602765501305,"(-2.0, 0.0]",54.0,0.184832,0.926605504587156,1.07878124736975,0.27817454288359567,3,1.0
316,2020-01-01 00:07:11,gw_main,devA,0,868300000.0,11,125.0,-103.70450725488679,-3.216863795658554,"(-4.0, -2.0]",78.0,1.806336,0.7407407407407407,1.3264746227709192,2.72253348696845,3,1.0
317,2020-01-01 00:07:12,gw_main,devB,0,867300000.0,10,125.0,-110.57690675379297,-4.963727404827219,"(-6.0, -4.0]",62.0,0.698368,0.5,1.75,1.972144,3,1.0
318,2020-01-01 00:07:13,gw_main,devC,1,868300000.0,7,125.0,-109.92027408409666,-1.8275262150889042,"(-2.0, 0.0]",65.0,0.123136,0.8554216867469879,1.165481201916098,0.3089938951952387,3,1.0
319,2020-01-01 00:07:14,gw_main,devA,0,868300000.0,7,125.0,-116.40901799642468,-6.161338431654293,"(-8.0, -6.0]",74.0,0.133376,0.5533980582524272,1.6460552361202754,0.8655994992930532,3,1.0
320,2020-01-01 00:07:15,gw_main,devB,0,867900000.0,7,125.0,-89.304124805397,-7.737159435858461,"(-8.0, -6.0]",74.0,0.133376,0.5533980582524272,1.6460552361202754,0.8655994992930532,3,1.0
321,2020-01-01 00:07:17,gw_main,devB,1,867100000.0,7,125.0,-100.0559326888209,5.29724535332741,"(4.0, 6.0]",63.0,0.118016,0.976,1.024576,0.1454923612159999,3,1.0
322,2020-01-01 00:07:19,gw_main,devC,0,867900000.0,7,125.0,-110.30927574811916,0.021048908783762678,"(0.0, 2.0]",26.0,0.061695999999999994,0.9215686274509803,1.0845828527489427,0.1514972764321415,3,1.0
323,2020-01-01 00:07:20,gw_main,devC,1,867100000.0,8,125.0,-106.86213096487256,-3.899737168807774,"(-4.0, -2.0]",47.0,0.174592,0.7203389830508474,1.3578713013501866,0.5949447675955184,3,1.0
324,2020-01-01 00:07:21,gw_main,devA,0,867900000.0,7,125.0,-91.69427614702194,-5.862872622808139,"(-6.0, -4.0]",78.0,0.13849599999999998,0.6124031007751938,1.537828255513491,0.7508113175890874,3,1.0
325,2020-01-01 00:07:23,gw_main,devB,1,868300000.0,8,125.0,-87.84570059046712,-3.109018134543997,"(-4.0, -2.0]",72.0,0.236032,0.7203389830508474,1.3578713013501866,0.6783723803504739,3,1.0
326,2020-01-01 00:07:24,gw_main,devB,1,867300000.0,7,125.0,-92.78535746711691,8.989810098389277,"(8.0, 10.0]",21.0,0.056575999999999994,0.9811320754716981,1.0192239231043076,0.07688753577785695,3,1.0
327,2020-01-01 00:07:25,gw_main,devB,1,868300000.0,9,125.0,-93.08003684508654,-4.67903618487836,"(-6.0, -4.0]",28.0,0.22630399999999998,0.4411764705882353,1.871107266435986,1.2945463252595153,3,1.0
328,2020-01-01 00:07:26,gw_main,devA,1,867900000.0,7,125.0,-108.08872124202593,2.3190119617549945,"(2.0, 4.0]",36.0,0.077056,0.952054794520548,1.0502439482079189,0.13117154588102828,3,1.0
329,2020-01-01 00:07:27,gw_main,devA,1,868300000.0,8,125.0,-112.32306019191257,-1.363698039343219,"(-2.0, 0.0]",59.0,0.205312,0.926605504587156,1.07878124736975,0.3002679828297281,3,1.0
330,2020-01-01 00:07:28,gw_main,devA,0,867100000.0,7,125.0,-94.6456381498787,-4.524130854758179,"(-6.0, -4.0]",67.0,0.123136,0.6124031007751938,1.537828255513491,0.7271902755844002,3,1.0
331,2020-01-01 00:07:29,gw_main,devA,1,867900000.0,8,125.0,-112.51865342795628,3.526050255466517,"(2.0, 4.0]",58.0,0.195072,0.9166666666666666,1.0902777777777777,0.3029604444444443,3,1.0
332,2020-01-01 00:07:30,gw_main,devC,0,867300000.0,7,125.0,-101.49834929955918,-0.9298954384488436,"(-2.0, 0.0]",42.0,0.087296,0.8554216867469879,1.165481201916098,0.26722304891856574,3,1.0
333,2020-01-01 00:07:32,gw_main,devB,1,867300000.0,7,125.0,-115.46013579505508,-0.28374904330197637,"(-2.0, 0.0]",59.0,0.112896,0.8554216867469879,1.165481201916098,0.29705936768761787,3,1.0
334,2020-01-01 00:07:34,gw_main,devC,1,867100000.0,7,125.0,-114.09046295114581,-0.6124154591334416,"(-2.0, 0.0]",76.0,0.13849599999999998,0.8554216867469879,1.165481201916098,0.32689568645666994,3,1.0
335,2020-01-01 00:07:37,gw_main,devA,1,867900000.0,7,125.0,-107.90488723204471,-5.43761404401107,"(-6.0, -4.0]",25.0,0.061695999999999994,0.6124031007751938,1.537828255513491,0.6327061075656514,3,1.0
336,2020-01-01 00:07:39,gw_main,devB,0,867300000.0,8,125.0,-110.15391727989382,-10.331272381380234,"(-12.0, -10.0]",34.0,0.133632,0.18181818181818182,2.487603305785124,1.8200267107438015,3,1.0
337,2020-01-01 00:07:40,gw_main,devA,1,867100000.0,8,125.0,-103.15888849697262,3.908958362059894,"(2.0, 4.0]",35.0,0.143872,0.9166666666666666,1.0902777777777777,0.24713822222222212,3,1.0
338,2020-01-01 00:07:41,gw_main,devA,0,868300000.0,8,125.0,-115.1139300854759,-6.488897847843875,"(-8.0, -6.0]",35.0,0.143872,0.5087719298245614,1.7325330871037241,0.9817960874115111,3,1.0
339,2020-01-01 00:07:42,gw_main,devC,0,867900000.0,8,125.0,-94.59858297922476,-10.838157126501633,"(-12.0, -10.0]",57.0,0.195072,0.18181818181818182,2.487603305785124,1.9728650578512394,3,1.0
340,2020-01-01 00:07:44,gw_main,devB,1,867900000.0,9,125.0,-103.70464085437865,6.634109751977078,"(6.0, 8.0]",72.0,0.431104,0.9761904761904762,1.02437641723356,0.4659891882086168,3,1.0
341,2020-01-01 00:07:46,gw_main,devC,0,867900000.0,7,125.0,-129.17857405073127,-6.528213512330563,"(-8.0, -6.0]",40.0,0.082176,0.5533980582524272,1.6460552361202754,0.7813214712036951,3,1.0
342,2020-01-01 00:07:47,gw_main,devA,0,867100000.0,9,125.0,-120.65758280500516,-4.459649346319687,"(-6.0, -4.0]",44.0,0.287744,0.4411764705882353,1.871107266435986,1.4095071557093424,3,1.0
343,2020-01-01 00:07:50,gw_main,devB,0,868300000.0,7,125.0,-108.54949644827045,-4.844204670266914,"(-6.0, -4.0]",64.0,0.118016,0.6124031007751938,1.537828255513491,0.7193165949161712,3,1.0
344,2020-01-01 00:07:51,gw_main,devB,1,867300000.0,8,125.0,-109.21720997640011,-4.329088418761213,"(-6.0, -4.0]",23.0,0.11315199999999999,0.6025641025641025,1.5553911900065749,0.7313868139381988,3,1.0
345,2020-01-01 00:07:53,gw_main,devC,1,867900000.0,7,125.0,-86.18212364711607,-4.533087785812105,"(-6.0, -4.0]",23.0,0.061695999999999994,0.6124031007751938,1.537828255513491,0.6327061075656514,3,1.0
346,2020-01-01 00:07:54,gw_main,devC,1,867900000.0,10,125.0,-115.17725106008434,2.596680586684333,"(2.0, 4.0]",30.0,0.45260799999999995,0.9767441860465116,1.0237966468361277,0.48717519956733374,3,1.0
347,2020-01-01 00:07:55,gw_main,devB,0,868300000.0,7,125.0,-103.08749333602955,-5.828311031292259,"(-6.0, -4.0]",75.0,0.133376,0.6124031007751938,1.537828255513491,0.7429376369208583,3,1.0
348,2020-01-01 00:07:56,gw_main,devA,0,867300000.0,10,125.0,-105.84497251489721,-7.272831085291736,"(-8.0, -6.0]",78.0,0.821248,0.25,2.3125,3.211636,3,1.0
349,2020-01-01 00:07:57,gw_main,devC,0,867900000.0,10,125.0,-96.65445048397928,-11.012695735145536,"(-12.0, -10.0]",57.0,0.657408,0.07692307692307693,2.7751479289940835,3.5995523786982258,3,1.0
350,2020-01-01 00:07:58,gw_main,devA,1,867300000.0,11,125.0,-124.957408166934,11.167216721470373,"(10.0, 12.0]",79.0,1.806336,0.9,1.11,2.1150329600000006,3,1.0
351,2020-01-01 00:07:59,gw_main,devB,0,867900000.0,7,125.0,-120.4867385491499,-1.92155419278598,"(-2.0, 0.0]",28.0,0.066816,0.8554216867469879,1.165481201916098,0.24335399390332407,3,1.0
352,2020-01-01 00:08:00,gw_main,devC,1,867100000.0,7,125.0,-115.72213673921384,1.463600207690575,"(0.0, 2.0]",63.0,0.118016,0.9215686274509803,1.0845828527489427,0.21258098269896195,3,1.0
353,2020-01-01 00:08:01,gw_main,devB,1,867100000.0,7,125.0,-115.7980689414565,-0.1862970538847952,"(-2.0, 0.0]",54.0,0.102656,0.8554216867469879,1.165481201916098,0.285124840179997,3,1.0
354,2020-01-01 00:08:02,gw_main,devB,1,867900000.0,7,125.0,-104.13054612183836,0.9597705420435764,"(0.0, 2.0]",56.0,0.107776,0.9215686274509803,1.0845828527489427,0.20147485428681278,3,1.0
355,2020-01-01 00:08:03,gw_main,devB,1,867300000.0,11,125.0,-110.4596298398339,0.2981188762462349,"(0.0, 2.0]",31.0,0.9052159999999999,0.7368421052631579,1.332409972299169,1.5385287977839333,3,1.0
356,2020-01-01 00:08:04,gw_main,devC,1,867300000.0,9,125.0,-123.99473936709408,11.449302235216193,"(10.0, 12.0]",42.0,0.287744,0.95,1.0525,0.35535056,3,1.0
357,2020-01-01 00:08:05,gw_main,devC,1,867300000.0,7,125.0,-112.8442962975765,-6.233559545742883,"(-8.0, -6.0]",36.0,0.077056,0.5533980582524272,1.6460552361202754,0.7728936683947594,3,1.0
358,2020-01-01 00:08:06,gw_main,devB,1,867100000.0,7,125.0,-120.52303898590817,-9.344772636589063,"(-10.0, -8.0]",52.0,0.102656,0.32727272727272727,2.1252892561983474,1.343462950082645,3,1.0
359,2020-01-01 00:08:07,gw_main,devA,0,867900000.0,9,125.0,-113.00833664144784,-6.071758010906128,"(-8.0, -6.0]",40.0,0.287744,0.41304347826086957,1.9314744801512285,1.4872446729678637,3,1.0
360,2020-01-01 00:08:09,gw_main,devC,1,867300000.0,7,125.0,-113.22477770373891,4.481772314891655,"(4.0, 6.0]",29.0,0.066816,0.976,1.024576,0.09303407001599993,3,1.0
361,2020-01-01 00:08:10,gw_main,devC,1,868300000.0,8,125.0,-95.5491980124366,4.922269257226541,"(4.0, 6.0]",71.0,0.236032,0.975609756097561,1.0249851279000597,0.2669144176085666,3,1.0
362,2020-01-01 00:08:11,gw_main,devB,1,867300000.0,7,125.0,-86.45764415574098,-5.767893270901959,"(-6.0, -4.0]",56.0,0.107776,0.6124031007751938,1.537828255513491,0.703569233579713,3,1.0
363,2020-01-01 00:08:13,gw_main,devC,1,867900000.0,7,125.0,-119.91850067287221,-2.1287799188465684,"(-4.0, -2.0]",53.0,0.102656,0.8152866242038217,1.2188324069941985,0.3439528665665949,3,1.0
364,2020-01-01 00:08:15,gw_main,devA,0,867300000.0,8,125.0,-87.85996665907739,-16.917416506789895,"(-18.0, -16.0]",49.0,0.174592,0.793416572077185,1.249260140615156,0.46737096708543735,3,1.0
365,2020-01-01 00:08:17,gw_main,devC,1,868300000.0,7,125.0,-102.97671039320248,-6.454531364691512,"(-8.0, -6.0]",41.0,0.087296,0.5533980582524272,1.6460552361202754,0.789749274012631,3,1.0
366,2020-01-01 00:08:19,gw_main,devB,1,867300000.0,9,125.0,-104.54591672954706,-6.467543645260513,"(-8.0, -6.0]",36.0,0.267264,0.41304347826086957,1.9314744801512285,1.4476880756143664,3,1.0
367,2020-01-01 00:08:20,gw_main,devB,1,867100000.0,9,125.0,-95.24268241674285,-1.7124949632950432,"(-2.0, 0.0]",44.0,0.287744,0.826530612244898,1.203561016243232,0.5498784773011245,3,1.0
368,2020-01-01 00:08:23,gw_main,devB,1,867900000.0,7,125.0,-110.61750500445308,8.31503497827671,"(8.0, 10.0]",60.0,0.112896,0.9811320754716981,1.0192239231043076,0.13429022712709154,3,1.0
369,2020-01-01 00:08:26,gw_main,devA,1,867900000.0,10,125.0,-94.75717323653133,-5.221034221225535,"(-6.0, -4.0]",40.0,0.534528,0.5,1.75,1.685424,3,1.0
370,2020-01-01 00:08:27,gw_main,devC,0,867300000.0,8,125.0,-103.4745387637477,-11.362842819070885,"(-12.0, -10.0]",51.0,0.184832,0.18181818181818182,2.487603305785124,1.9473919999999998,3,1.0
371,2020-01-01 00:08:28,gw_main,devB,1,867300000.0,8,125.0,-108.03730938571007,-2.3619402714059055,"(-4.0, -2.0]",37.0,0.143872,0.7203389830508474,1.3578713013501866,0.5532309612180407,3,1.0
372,2020-01-01 00:08:29,gw_main,devB,0,867100000.0,8,125.0,-99.1887236412306,-0.185419515517788,"(-2.0, 0.0]",45.0,0.164352,0.926605504587156,1.07878124736975,0.25608110293746317,3,1.0
373,2020-01-01 00:08:30,gw_main,devC,1,867300000.0,8,125.0,-105.629058915642,-0.5043261470069043,"(-2.0, 0.0]",72.0,0.236032,0.926605504587156,1.07878124736975,0.33340814274892683,3,1.0
374,2020-01-01 00:08:31,gw_main,devC,1,867300000.0,8,125.0,-97.14286946110823,-0.5627515678570212,"(-2.0, 0.0]",74.0,0.236032,0.926605504587156,1.07878124736975,0.33340814274892683,3,1.0
375,2020-01-01 00:08:33,gw_main,devB,1,868300000.0,9,125.0,-104.79363318280367,-0.39764331219370785,"(-2.0, 0.0]",77.0,0.451584,0.826530612244898,1.203561016243232,0.7470699142024156,3,1.0
376,2020-01-01 00:08:34,gw_main,devA,1,868300000.0,7,125.0,-111.47601944626925,-0.23204027721063555,"(-2.0, 0.0]",28.0,0.066816,0.8554216867469879,1.165481201916098,0.24335399390332407,3,1.0
377,2020-01-01 00:08:36,gw_main,devA,1,867100000.0,7,125.0,-90.74206398822662,11.200400726114173,"(10.0, 12.0]",59.0,0.112896,0.9696969696969697,1.0312213039485765,0.14764206427915494,3,1.0
378,2020-01-01 00:08:37,gw_main,devC,1,868300000.0,7,125.0,-102.94030486218371,-0.8219341615067498,"(-2.0, 0.0]",22.0,0.056575999999999994,0.8554216867469879,1.165481201916098,0.2314194663957032,3,1.0
379,2020-01-01 00:08:38,gw_main,devB,0,867900000.0,8,125.0,-111.58315253610093,-4.59783570705532,"(-6.0, -4.0]",76.0,0.246272,0.6025641025641025,1.5553911900065749,0.9384404891518741,3,1.0
380,2020-01-01 00:08:39,gw_main,devA,1,867100000.0,11,125.0,-107.17206857124546,-0.38989277857178195,"(-2.0, 0.0]",73.0,1.724416,0.7209302325581395,1.3569497025419146,2.696895480800433,3,1.0
381,2020-01-01 00:08:40,gw_main,devA,1,867900000.0,8,125.0,-116.27414986704846,-3.645727651526622,"(-4.0, -2.0]",54.0,0.184832,0.7203389830508474,1.3578713013501866,0.6088493697213444,3,1.0
382,2020-01-01 00:08:41,gw_main,devC,0,868300000.0,8,125.0,-94.50786898253943,-4.454602894477494,"(-6.0, -4.0]",40.0,0.154112,0.6025641025641025,1.5553911900065749,0.7950956370808682,3,1.0
383,2020-01-01 00:08:42,gw_main,devC,1,868300000.0,8,125.0,-103.62088508620866,-0.3519009115328542,"(-2.0, 0.0]",69.0,0.225792,0.926605504587156,1.07878124736975,0.3223614227758606,3,1.0
384,2020-01-01 00:08:43,gw_main,devB,1,867300000.0,7,125.0,-109.54326453266734,-6.259826586913891,"(-8.0, -6.0]",65.0,0.123136,0.5533980582524272,1.6460552361202754,0.8487438936751817,3,1.0
385,2020-01-01 00:08:44,gw_main,devC,1,867100000.0,7,125.0,-119.30454004020406,3.6366405069301053,"(2.0, 4.0]",61.0,0.112896,0.952054794520548,1.0502439482079189,0.1688122889848001,3,1.0
386,2020-01-01 00:08:45,gw_main,devC,1,867900000.0,11,125.0,-87.71746352150501,-0.6234932951044637,"(-2.0, 0.0]",49.0,1.232896,0.7209302325581395,1.3569497025419146,2.029927563007031,3,1.0
387,2020-01-01 00:08:46,gw_main,devB,1,867100000.0,11,125.0,-105.26330873604523,1.5000498411597154,"(0.0, 2.0]",23.0,0.8232959999999999,0.7368421052631579,1.332409972299169,1.4293777728531853,3,1.0
388,2020-01-01 00:08:47,gw_main,devA,0,867900000.0,7,125.0,-125.90041276931206,-1.097640215824029,"(-2.0, 0.0]",36.0,0.077056,0.8554216867469879,1.165481201916098,0.25528852141094494,3,1.0
389,2020-01-01 00:08:48,gw_main,devC,1,867300000.0,11,125.0,-111.39898340350841,-4.363526683514474,"(-6.0, -4.0]",54.0,1.314816,0.3939393939393939,1.9733700642791552,3.5679885987144164,3,1.0
390,2020-01-01 00:08:49,gw_main,devA,1,867300000.0,7,125.0,-106.58413750264339,-5.687757358493111,"(-6.0, -4.0]",37.0,0.082176,0.6124031007751938,1.537828255513491,0.6642008302385676,3,1.0
391,2020-01-01 00:08:50,gw_main,devC,1,868300000.0,9,125.0,-104.99946779106834,-1.4236560259472457,"(-2.0, 0.0]",47.0,0.308224,0.826530612244898,1.203561016243232,0.5745274069137859,3,1.0
392,2020-01-01 00:08:51,gw_main,devC,0,867100000.0,7,125.0,-115.93444316148108,-3.2925620245668714,"(-4.0, -2.0]",20.0,0.056575999999999994,0.8152866242038217,1.2188324069941985,0.28778906925230224,3,1.0
393,2020-01-01 00:08:53,gw_main,devB,1,867300000.0,8,125.0,-101.1956928319951,-0.0265902191858362,"(-2.0, 0.0]",49.0,0.174592,0.926605504587156,1.07878124736975,0.2671278229105294,3,1.0
394,2020-01-01 00:08:54,gw_main,devA,1,867300000.0,8,125.0,-105.9474681056502,-8.173840487536376,"(-10.0, -8.0]",27.0,0.12339199999999999,0.2653061224489796,2.2744689712619737,1.555120246563931,3,1.0
395,2020-01-01 00:08:55,gw_main,devA,1,867300000.0,11,125.0,-112.14013911940569,0.40272779657011043,"(0.0, 2.0]",42.0,1.150976,0.7368421052631579,1.332409972299169,1.8659818725761772,3,1.0
396,2020-01-01 00:08:56,gw_main,devA,0,867300000.0,8,125.0,-121.99895687417376,-8.057162502844543,"(-10.0, -8.0]",36.0,0.143872,0.2653061224489796,2.2744689712619737,1.6017013710953765,3,1.0
397,2020-01-01 00:08:57,gw_main,devC,1,868300000.0,7,125.0,-110.39141185334452,-3.698865753115683,"(-4.0, -2.0]",29.0,0.066816,0.8152866242038217,1.2188324069941985,0.30026991309992285,3,1.0
398,2020-01-01 00:08:58,gw_main,devA,1,867300000.0,7,125.0,-108.18287454434652,-1.7661216553070846,"(-2.0, 0.0]",46.0,0.092416,0.8554216867469879,1.165481201916098,0.27319031267237615,3,1.0
399,2020-01-01 00:08:59,gw_main,devB,0,867100000.0,9,125.0,-116.78321887706625,-12.451639667467866,"(-14.0, -12.0]",71.0,0.410624,0.06666666666666667,2.8044444444444445,2.95601664,3,1.0
400,2020-01-01 00:09:00,gw_main,devC,0,867100000.0,7,125.0,-103.7613824924499,0.5490446871598881,"(0.0, 2.0]",28.0,0.066816,0.9215686274509803,1.0845828527489427,0.1570503406382161,3,1.0
401,2020-01-01 00:09:01,gw_main,devB,1,867100000.0,7,125.0,-99.34918764419534,0.9059000982860104,"(0.0, 2.0]",55.0,0.107776,0.9215686274509803,1.0845828527489427,0.20147485428681278,3,1.0
402,2020-01-01 00:09:02,gw_main,devA,1,867300000.0,7,125.0,-110.52235774513193,-0.9481451605480371,"(-2.0, 0.0]",23.0,0.061695999999999994,0.8554216867469879,1.165481201916098,0.23738673014951361,3,1.0
403,2020-01-01 00:09:03,gw_main,devA,1,868300000.0,12,125.0,-109.93286278539841,-2.545903634829565,"(-4.0, -2.0]",65.0,2.793472,0.5,1.75,5.638576,3,1.0
404,2020-01-01 00:09:04,gw_main,devA,1,867900000.0,8,125.0,-106.5258511882602,-2.24162196064884,"(-4.0, -2.0]",79.0,0.25651199999999996,0.7203389830508474,1.3578713013501866,0.7061815846021257,3,1.0
405,2020-01-01 00:09:07,gw_main,devC,0,867900000.0,8,125.0,-120.96747948654534,-3.3156708210891708,"(-4.0, -2.0]",62.0,0.205312,0.7203389830508474,1.3578713013501866,0.6366585739729962,3,1.0
406,2020-01-01 00:09:08,gw_main,devC,1,868300000.0,8,125.0,-110.7157268105101,0.5501123561243926,"(0.0, 2.0]",68.0,0.225792,0.9338842975206612,1.0704869885936752,0.31219438672221833,3,1.0
407,2020-01-01 00:09:09,gw_main,devB,0,867100000.0,12,125.0,-83.8959951825285,-7.2248165372691435,"(-8.0, -6.0]",63.0,2.793472,0.5,1.75,5.638576,3,1.0
408,2020-01-01 00:09:10,gw_main,devB,1,867100000.0,9,125.0,-109.26181056839658,1.413539454066864,"(0.0, 2.0]",46.0,0.308224,0.8987341772151899,1.1115205896490947,0.4541179118730973,3,1.0
409,2020-01-01 00:09:13,gw_main,devB,1,867900000.0,8,125.0,-95.22422011936172,-2.635228938517734,"(-4.0, -2.0]",47.0,0.174592,0.7203389830508474,1.3578713013501866,0.5949447675955184,3,1.0
410,2020-01-01 00:09:15,gw_main,devA,0,867100000.0,10,125.0,-105.56706112688107,-9.987610240763187,"(-10.0, -8.0]",73.0,0.780288,0.18181818181818182,2.487603305785124,3.4286503140495865,3,1.0
411,2020-01-01 00:09:17,gw_main,devA,1,868300000.0,9,125.0,-106.45033978793907,1.458224797142233,"(0.0, 2.0]",46.0,0.308224,0.8987341772151899,1.1115205896490947,0.4541179118730973,3,1.0
412,2020-01-01 00:09:18,gw_main,devC,1,867100000.0,8,125.0,-106.79926523498527,1.7002577552076934,"(0.0, 2.0]",37.0,0.143872,0.9338842975206612,1.0704869885936752,0.22450009261662443,3,1.0
413,2020-01-01 00:09:19,gw_main,devB,1,867100000.0,8,125.0,-93.74136750193422,2.299875554596052,"(2.0, 4.0]",65.0,0.215552,0.9166666666666666,1.0902777777777777,0.3252893333333332,3,1.0
414,2020-01-01 00:09:20,gw_main,devA,1,867100000.0,7,125.0,-107.74026831455463,-3.9218664395571015,"(-4.0, -2.0]",73.0,0.133376,0.8152866242038217,1.2188324069941985,0.38139539810945666,3,1.0
415,2020-01-01 00:09:21,gw_main,devC,0,867900000.0,7,125.0,-94.6600575791759,-1.5567603498086133,"(-2.0, 0.0]",37.0,0.082176,0.8554216867469879,1.165481201916098,0.26125578516475534,3,1.0
416,2020-01-01 00:09:22,gw_main,devB,1,867900000.0,9,125.0,-111.56898611861116,3.822349987298096,"(2.0, 4.0]",30.0,0.22630399999999998,0.9358974358974359,1.0682117028270874,0.3099522840236686,3,1.0
417,2020-01-01 00:09:24,gw_main,devC,1,867900000.0,10,125.0,-99.89792622011633,1.2402765926558925,"(0.0, 2.0]",23.0,0.37068799999999996,0.8888888888888888,1.1234567901234567,0.5399087407407406,3,1.0
418,2020-01-01 00:09:26,gw_main,devA,1,868300000.0,8,125.0,-97.75895348119627,3.2273226892992484,"(2.0, 4.0]",22.0,0.10291199999999999,0.9166666666666666,1.0902777777777777,0.20248044444444432,3,1.0
419,2020-01-01 00:09:27,gw_main,devA,1,867300000.0,10,125.0,-105.93602572103005,7.016825951958638,"(6.0, 8.0]",36.0,0.49356799999999995,0.9666666666666667,1.0344444444444445,0.54501312,3,1.0
420,2020-01-01 00:09:28,gw_main,devA,1,867100000.0,8,125.0,-106.53023249679663,6.058028958257146,"(6.0, 8.0]",79.0,0.25651199999999996,0.9850746268656716,1.0151481398975275,0.27554581955892204,3,1.0
421,2020-01-01 00:09:30,gw_main,devA,0,867300000.0,8,125.0,-120.15342925127892,-9.346071621625168,"(-10.0, -8.0]",53.0,0.184832,0.2653061224489796,2.2744689712619737,1.6948636201582667,3,1.0
422,2020-01-01 00:09:31,gw_main,devC,1,867300000.0,8,125.0,-109.92372632391638,5.655268885368121,"(4.0, 6.0]",47.0,0.174592,0.975609756097561,1.0249851279000597,0.20393933135038692,3,1.0
423,2020-01-01 00:09:32,gw_main,devB,1,868300000.0,9,125.0,-97.15295816496248,-0.8835278203186038,"(-2.0, 0.0]",31.0,0.24678399999999998,0.826530612244898,1.203561016243232,0.5005806180758017,3,1.0
424,2020-01-01 00:09:33,gw_main,devC,0,868300000.0,7,125.0,-106.87366467774125,-15.195117888401793,"(-16.0, -14.0]",34.0,0.077056,0.1,2.71,1.91882176,3,1.0
425,2020-01-01 00:09:34,gw_main,devA,0,868300000.0,12,125.0,-104.49215074619866,2.263244418643224,"(2.0, 4.0]",62.0,2.793472,0.782608695652174,1.2646502835538753,3.797415440453687,3,1.0
426,2020-01-01 00:09:36,gw_main,devA,1,867300000.0,10,125.0,-114.34687305780574,-7.778643481170377,"(-8.0, -6.0]",75.0,0.821248,0.25,2.3125,3.211636,3,1.0
427,2020-01-01 00:09:37,gw_main,devC,1,867100000.0,8,125.0,-103.19440499885496,-3.8097533542431163,"(-4.0, -2.0]",40.0,0.154112,0.7203389830508474,1.3578713013501866,0.5671355633438666,3,1.0
428,2020-01-01 00:09:40,gw_main,devC,1,868300000.0,8,125.0,-119.13472616739634,1.6259495264202937,"(0.0, 2.0]",46.0,0.164352,0.9338842975206612,1.0704869885936752,0.24642366614302288,3,1.0
429,2020-01-01 00:09:41,gw_main,devB,1,868300000.0,7,125.0,-109.34928557323576,10.487807782513382,"(10.0, 12.0]",75.0,0.133376,0.9696969696969697,1.0312213039485765,0.1687614765840218,3,1.0
430,2020-01-01 00:09:42,gw_main,devA,1,867100000.0,10,125.0,-110.74123357549591,9.56417857593475,"(8.0, 10.0]",73.0,0.780288,0.9473684210526315,1.0554016620498614,0.8789189141274236,3,1.0
431,2020-01-01 00:09:44,gw_main,devC,1,867900000.0,8,125.0,-111.15482240131368,-1.4491261323630678,"(-2.0, 0.0]",76.0,0.246272,0.926605504587156,1.07878124736975,0.34445486272199305,3,1.0
432,2020-01-01 00:09:46,gw_main,devA,1,867100000.0,7,125.0,-108.17596433571333,-4.166748445089547,"(-6.0, -4.0]",63.0,0.118016,0.6124031007751938,1.537828255513491,0.7193165949161712,3,1.0
433,2020-01-01 00:09:47,gw_main,devC,1,868300000.0,10,125.0,-107.55157489432177,2.5521500856766206,"(2.0, 4.0]",65.0,0.739328,0.9767441860465116,1.0237966468361277,0.7807181741481883,3,1.0
434,2020-01-01 00:09:48,gw_main,devC,1,867100000.0,12,125.0,-118.88611052984098,2.374384570857881,"(2.0, 4.0]",42.0,2.138112,0.782608695652174,1.2646502835538753,2.9686142306238192,3,1.0
435,2020-01-01 00:09:49,gw_main,devB,1,867100000.0,9,125.0,-117.88671022079531,0.6614293870437573,"(0.0, 2.0]",42.0,0.287744,0.8987341772151899,1.1115205896490947,0.4313539701970838,3,1.0
436,2020-01-01 00:09:50,gw_main,devB,1,867300000.0,11,125.0,-112.89891542613114,5.968809945383552,"(4.0, 6.0]",59.0,1.478656,0.8571428571428571,1.1632653061224492,1.8833345306122453,3,1.0
437,2020-01-01 00:09:51,gw_main,devC,0,867300000.0,9,125.0,-116.90240477231619,-4.634208078199084,"(-6.0, -4.0]",24.0,0.20582399999999998,0.4411764705882353,1.871107266435986,1.2562260484429064,3,1.0
438,2020-01-01 00:09:53,gw_main,devA,1,867300000.0,8,125.0,-111.38683138380821,4.387457930968873,"(4.0, 6.0]",27.0,0.12339199999999999,0.975609756097561,1.0249851279000597,0.15146009280190384,3,1.0
439,2020-01-01 00:09:55,gw_main,devA,1,867300000.0,7,125.0,-107.4932156511687,6.425674654394516,"(6.0, 8.0]",71.0,0.12825599999999998,0.9651162790697675,1.0361005949161708,0.16898671281773917,3,1.0
440,2020-01-01 00:09:56,gw_main,devB,1,867100000.0,10,125.0,-114.24750607769673,2.3821224405903636,"(2.0, 4.0]",66.0,0.739328,0.9767441860465116,1.0237966468361277,0.7807181741481883,3,1.0
441,2020-01-01 00:09:57,gw_main,devB,1,867900000.0,7,125.0,-117.33297022778902,-1.8564153335809914,"(-2.0, 0.0]",28.0,0.066816,0.8554216867469879,1.165481201916098,0.24335399390332407,3,1.0
442,2020-01-01 00:09:58,gw_main,devA,0,867900000.0,9,125.0,-112.19183636530292,2.173153561574397,"(2.0, 4.0]",55.0,0.349184,0.9358974358974359,1.0682117028270874,0.4412141380670611,3,1.0
443,2020-01-01 00:09:59,gw_main,devC,0,868300000.0,7,125.0,-104.47653957828493,-6.015571178304653,"(-8.0, -6.0]",23.0,0.061695999999999994,0.5533980582524272,1.6460552361202754,0.7476102599679519,3,1.0
444,2020-01-01 00:10:01,gw_main,devA,0,867300000.0,11,125.0,-113.70400571679298,3.4840306853830625,"(2.0, 4.0]",24.0,0.8232959999999999,0.9523809523809523,1.0498866213151927,0.9142540770975055,3,1.0
445,2020-01-01 00:10:02,gw_main,devC,1,867300000.0,9,125.0,-92.34979613568842,-0.33084199692605043,"(-2.0, 0.0]",27.0,0.22630399999999998,0.826530612244898,1.203561016243232,0.4759316884631403,3,1.0
446,2020-01-01 00:10:03,gw_main,devC,1,868300000.0,7,125.0,-103.03165605262247,1.8504577585020512,"(0.0, 2.0]",45.0,0.092416,0.9215686274509803,1.0845828527489427,0.184815661668589,3,1.0
447,2020-01-01 00:10:06,gw_main,devB,0,867300000.0,10,125.0,-114.29485840072792,-3.5991426823891652,"(-4.0, -2.0]",37.0,0.49356799999999995,0.6428571428571429,1.4846938775510203,1.2174912653061223,3,1.0
448,2020-01-01 00:10:07,gw_main,devB,0,868300000.0,7,125.0,-97.87783432691731,-5.185272688420019,"(-6.0, -4.0]",25.0,0.061695999999999994,0.6124031007751938,1.537828255513491,0.6327061075656514,3,1.0
449,2020-01-01 00:10:08,gw_main,devB,0,867100000.0,7,125.0,-104.0385122889916,-13.53009003877476,"(-14.0, -12.0]",57.0,0.107776,0.2916666666666667,2.210069444444444,1.4482618888888885,3,1.0
450,2020-01-01 00:10:09,gw_main,devC,1,867300000.0,11,125.0,-103.698728349125,-2.009240892822308,"(-4.0, -2.0]",31.0,0.9052159999999999,0.7407407407407407,1.3264746227709192,1.5272206748971195,3,1.0
451,2020-01-01 00:10:10,gw_main,devB,1,868300000.0,10,125.0,-119.543088485844,5.383825728997145,"(4.0, 6.0]",45.0,0.575488,0.9736842105263158,1.0270083102493075,0.6180392686980609,3,1.0
452,2020-01-01 00:10:11,gw_main,devC,1,867300000.0,11,125.0,-113.32913370081219,2.2859863311824293,"(2.0, 4.0]",56.0,1.396736,0.9523809523809523,1.0498866213151927,1.5163010612244898,3,1.0
453,2020-01-01 00:10:12,gw_main,devB,1,867300000.0,8,125.0,-106.20002997723603,-3.6056796579948376,"(-4.0, -2.0]",51.0,0.184832,0.7203389830508474,1.3578713013501866,0.6088493697213444,3,1.0
454,2020-01-01 00:10:14,gw_main,devA,0,867100000.0,11,125.0,-92.75001809504452,4.540800481428053,"(4.0, 6.0]",27.0,0.8232959999999999,0.8571428571428571,1.1632653061224492,1.120976979591837,3,1.0
455,2020-01-01 00:10:15,gw_main,devA,0,867100000.0,9,125.0,-109.53429730982405,-16.56250717592516,"(-18.0, -16.0]",21.0,0.18534399999999998,0.7518573551263001,1.309717417078615,0.5524656820296338,3,1.0
456,2020-01-01 00:10:17,gw_main,devA,1,868300000.0,7,125.0,-108.94248852064311,3.259200883088627,"(2.0, 4.0]",56.0,0.107776,0.952054794520548,1.0502439482079189,0.16343503996997555,3,1.0
457,2020-01-01 00:10:18,gw_main,devA,0,868300000.0,7,125.0,-117.60237487105796,4.09277175140505,"(4.0, 6.0]",26.0,0.061695999999999994,0.976,1.024576,0.08778824089599992,3,1.0
458,2020-01-01 00:10:20,gw_main,devB,1,867900000.0,7,125.0,-105.35385822037564,6.810274074578883,"(6.0, 8.0]",32.0,0.071936,0.9651162790697675,1.0361005949161708,0.11063352731206046,3,1.0
459,2020-01-01 00:10:21,gw_main,devB,1,867300000.0,8,125.0,-91.0669258821445,1.875377008477483,"(0.0, 2.0]",62.0,0.205312,0.9338842975206612,1.0704869885936752,0.2902708131958198,3,1.0
460,2020-01-01 00:10:23,gw_main,devB,1,867100000.0,10,125.0,-110.90538010083189,4.721672087967599,"(4.0, 6.0]",46.0,0.575488,0.9736842105263158,1.0270083102493075,0.6180392686980609,3,1.0
461,2020-01-01 00:10:24,gw_main,devC,1,867900000.0,8,125.0,-114.04600592307737,-3.2359619684540437,"(-4.0, -2.0]",41.0,0.154112,0.7203389830508474,1.3578713013501866,0.5671355633438666,3,1.0
462,2020-01-01 00:10:26,gw_main,devA,1,867300000.0,11,125.0,-111.14482531080577,5.437434018471221,"(4.0, 6.0]",47.0,1.232896,0.8571428571428571,1.1632653061224492,1.5974504489795922,3,1.0
463,2020-01-01 00:10:28,gw_main,devB,0,867100000.0,12,125.0,-98.81586043229888,-0.955603834390452,"(-2.0, 0.0]",50.0,2.301952,0.7,1.3900000000000001,3.5897132800000002,3,1.0
464,2020-01-01 00:10:30,gw_main,devC,1,867900000.0,8,125.0,-110.85543176539407,1.1908811627260738,"(0.0, 2.0]",76.0,0.246272,0.9338842975206612,1.0704869885936752,0.3341179602486168,3,1.0
465,2020-01-01 00:10:31,gw_main,devC,1,867900000.0,9,125.0,-115.49173177810606,8.05922216404834,"(8.0, 10.0]",48.0,0.308224,0.9655172413793104,1.0356718192627823,0.3548907300832341,3,1.0
466,2020-01-01 00:10:34,gw_main,devA,0,867300000.0,11,125.0,-109.53217176024613,-5.799943304572503,"(-6.0, -4.0]",38.0,1.069056,0.3939393939393939,1.9733700642791552,3.0830131717171714,3,1.0
467,2020-01-01 00:10:35,gw_main,devA,1,868300000.0,8,125.0,-110.14030085335743,-1.1162177744219708,"(-2.0, 0.0]",73.0,0.236032,0.926605504587156,1.07878124736975,0.33340814274892683,3,1.0
468,2020-01-01 00:10:37,gw_main,devB,1,867900000.0,7,125.0,-121.4374728655674,4.71903434457732,"(4.0, 6.0]",54.0,0.102656,0.976,1.024576,0.12975487385599993,3,1.0
469,2020-01-01 00:10:38,gw_main,devB,1,867900000.0,9,125.0,-98.26454925609072,6.271562261869669,"(6.0, 8.0]",56.0,0.349184,0.9761904761904762,1.02437641723356,0.38207227210884354,3,1.0
470,2020-01-01 00:10:39,gw_main,devB,0,867100000.0,7,125.0,-109.09093864929196,-9.056666148709395,"(-10.0, -8.0]",64.0,0.118016,0.32727272727272727,2.1252892561983474,1.3761073930578516,3,1.0
471,2020-01-01 00:10:41,gw_main,devA,1,868300000.0,7,125.0,-112.58037441008416,2.0211148726587727,"(2.0, 4.0]",54.0,0.102656,0.952054794520548,1.0502439482079189,0.158057790955151,3,1.0
472,2020-01-01 00:10:42,gw_main,devB,0,867100000.0,8,125.0,-102.57699224279709,-3.952161875314889,"(-4.0, -2.0]",50.0,0.174592,0.7203389830508474,1.3578713013501866,0.5949447675955184,3,1.0
473,2020-01-01 00:10:43,gw_main,devA,1,867100000.0,7,125.0,-98.82035776736993,-9.134566653885859,"(-10.0, -8.0]",79.0,0.143616,0.32727272727272727,2.1252892561983474,1.4305147980165294,3,1.0
474,2020-01-01 00:10:44,gw_main,devC,1,867300000.0,7,125.0,-83.89268961264062,6.230879832140875,"(6.0, 8.0]",34.0,0.077056,0.9651162790697675,1.0361005949161708,0.11593836235803125,3,1.0
475,2020-01-01 00:10:45,gw_main,devA,1,867900000.0,10,125.0,-113.13098856532135,2.9638205049218893,"(2.0, 4.0]",31.0,0.45260799999999995,0.9767441860465116,1.0237966468361277,0.48717519956733374,3,1.0
476,2020-01-01 00:10:46,gw_main,devB,1,867900000.0,7,125.0,-107.23246253124944,2.959064981164483,"(2.0, 4.0]",67.0,0.123136,0.952054794520548,1.0502439482079189,0.17956678701444917,3,1.0
477,2020-01-01 00:10:48,gw_main,devC,1,868300000.0,10,125.0,-111.24197736750041,6.173630713003926,"(6.0, 8.0]",50.0,0.616448,0.9666666666666667,1.0344444444444445,0.6721256533333334,3,1.0
478,2020-01-01 00:10:49,gw_main,devC,1,868300000.0,7,125.0,-106.92496309178928,-1.4397599785627215,"(-2.0, 0.0]",26.0,0.061695999999999994,0.8554216867469879,1.165481201916098,0.23738673014951361,3,1.0
479,2020-01-01 00:10:51,gw_main,devB,1,868300000.0,8,125.0,-109.06474093385023,-5.469990905655734,"(-6.0, -4.0]",54.0,0.184832,0.6025641025641025,1.5553911900065749,0.8428772544378702,3,1.0
480,2020-01-01 00:10:52,gw_main,devA,1,867100000.0,7,125.0,-121.06839233826604,-5.124812686102805,"(-6.0, -4.0]",40.0,0.082176,0.6124031007751938,1.537828255513491,0.6642008302385676,3,1.0
481,2020-01-01 00:10:53,gw_main,devA,1,867900000.0,10,125.0,-103.80190196699306,1.2279792635861781,"(0.0, 2.0]",40.0,0.534528,0.8888888888888888,1.1234567901234567,0.7239759012345677,3,1.0
482,2020-01-01 00:10:54,gw_main,devA,1,867300000.0,7,125.0,-118.73037104695842,-4.2139928747823525,"(-6.0, -4.0]",62.0,0.118016,0.6124031007751938,1.537828255513491,0.7193165949161712,3,1.0
483,2020-01-01 00:10:55,gw_main,devC,1,868300000.0,9,125.0,-106.8538153726197,4.052706392212983,"(4.0, 6.0]",59.0,0.369664,0.9516129032258065,1.0507284079084287,0.4391448740894901,3,1.0
484,2020-01-01 00:10:56,gw_main,devB,1,868300000.0,7,125.0,-97.31796318988923,1.560526464774322,"(0.0, 2.0]",77.0,0.13849599999999998,0.9215686274509803,1.0845828527489427,0.23479323952326028,3,1.0
485,2020-01-01 00:10:58,gw_main,devC,1,867900000.0,7,125.0,-107.23924021017156,0.4371936056706014,"(0.0, 2.0]",58.0,0.112896,0.9215686274509803,1.0845828527489427,0.20702791849288738,3,1.0
486,2020-01-01 00:10:59,gw_main,devC,1,867900000.0,10,125.0,-104.37220060579801,-2.1076661291242,"(-4.0, -2.0]",53.0,0.616448,0.6428571428571429,1.4846938775510203,1.3999304489795916,3,1.0
487,2020-01-01 00:11:00,gw_main,devA,1,867900000.0,8,125.0,-106.49294733320647,5.494996975062283,"(4.0, 6.0]",48.0,0.174592,0.975609756097561,1.0249851279000597,0.20393933135038692,3,1.0
488,2020-01-01 00:11:01,gw_main,devB,1,867900000.0,9,125.0,-110.1541549122216,-3.795317899069226,"(-4.0, -2.0]",66.0,0.390144,0.7241379310344828,1.351961950059453,0.8794217931034484,3,1.0
489,2020-01-01 00:11:02,gw_main,devB,1,867100000.0,7,125.0,-105.94229607589332,-2.6350385728372796,"(-4.0, -2.0]",73.0,0.133376,0.8152866242038217,1.2188324069941985,0.38139539810945666,3,1.0
490,2020-01-01 00:11:03,gw_main,devA,1,868300000.0,7,125.0,-100.17844605723906,7.267421432258008,"(6.0, 8.0]",31.0,0.071936,0.9651162790697675,1.0361005949161708,0.11063352731206046,3,1.0
491,2020-01-01 00:11:05,gw_main,devB,1,867300000.0,9,125.0,-107.5332865456451,11.994051985367616,"(10.0, 12.0]",65.0,0.390144,0.95,1.0525,0.46312655999999996,3,1.0
492,2020-01-01 00:11:08,gw_main,devB,1,867300000.0,7,125.0,-116.50205512403173,9.200751973695963,"(8.0, 10.0]",69.0,0.12825599999999998,0.9811320754716981,1.0192239231043076,0.14994550658597372,3,1.0
493,2020-01-01 00:11:09,gw_main,devA,0,867300000.0,11,125.0,-99.42704859683846,-0.7466088374677875,"(-2.0, 0.0]",76.0,1.724416,0.7209302325581395,1.3569497025419146,2.696895480800433,3,1.0
494,2020-01-01 00:11:10,gw_main,devB,0,867900000.0,7,125.0,-100.0375884610775,-5.8580948228241985,"(-6.0, -4.0]",38.0,0.082176,0.6124031007751938,1.537828255513491,0.6642008302385676,3,1.0
495,2020-01-01 00:11:12,gw_main,devB,1,867900000.0,9,125.0,-106.17368815982812,2.709100683192789,"(2.0, 4.0]",62.0,0.369664,0.9358974358974359,1.0682117028270874,0.4630911137409599,3,1.0
496,2020-01-01 00:11:13,gw_main,devC,1,867900000.0,7,125.0,-111.68517711693246,-4.974897706909489,"(-6.0, -4.0]",78.0,0.13849599999999998,0.6124031007751938,1.537828255513491,0.7508113175890874,3,1.0
497,2020-01-01 00:11:15,gw_main,devB,0,868300000.0,9,125.0,-95.26680178806191,-8.620377087324608,"(-10.0, -8.0]",48.0,0.308224,0.36666666666666664,2.034444444444444,1.6615090488888884,3,1.0
498,2020-01-01 00:11:16,gw_main,devB,1,868300000.0,8,125.0,-99.1065285079089,3.9925757050339743,"(2.0, 4.0]",72.0,0.236032,0.9166666666666666,1.0902777777777777,0.3476182222222221,3,1.0
499,2020-01-01 00:11:17,gw_main,devA,0,867900000.0,8,125.0,-110.3543143957223,-4.550259097871062,"(-6.0, -4.0]",36.0,0.143872,0.6025641025641025,1.5553911900065749,0.7791684312952009,3,1.0
500,2020-01-01 00:11:18,gw_main,devC,1,867300000.0,8,125.0,-105.02440745672247,-0.8480825542266835,"(-2.0, 0.0]",55.0,0.195072,0.926605504587156,1.07878124736975,0.2892212628566619,3,1.0
501,2020-01-01 00:11:19,gw_main,devC,1,867300000.0,7,125.0,-113.67701245131748,1.275352106027031,"(0.0, 2.0]",61.0,0.112896,0.9215686274509803,1.0845828527489427,0.20702791849288738,3,1.0
502,2020-01-01 00:11:21,gw_main,devB,0,867100000.0,8,125.0,-105.24348110322714,-2.009416792280845,"(-4.0, -2.0]",47.0,0.174592,0.7203389830508474,1.3578713013501866,0.5949447675955184,3,1.0
503,2020-01-01 00:11:22,gw_main,devB,1,867900000.0,7,125.0,-103.25791848272382,2.9922942028836106,"(2.0, 4.0]",47.0,0.092416,0.952054794520548,1.0502439482079189,0.14730329292550193,3,1.0
504,2020-01-01 00:11:23,gw_main,devA,1,867100000.0,7,125.0,-101.18042589003129,-5.340361752725057,"(-6.0, -4.0]",37.0,0.082176,0.6124031007751938,1.537828255513491,0.6642008302385676,3,1.0
505,2020-01-01 00:11:24,gw_main,devB,1,867900000.0,8,125.0,-105.13665153276689,-2.1702841540680713,"(-4.0, -2.0]",71.0,0.236032,0.7203389830508474,1.3578713013501866,0.6783723803504739,3,1.0
506,2020-01-01 00:11:25,gw_main,devC,0,868300000.0,9,125.0,-88.29908261575527,-6.146493526727224,"(-8.0, -6.0]",44.0,0.287744,0.41304347826086957,1.9314744801512285,1.4872446729678637,3,1.0
507,2020-01-01 00:11:26,gw_main,devA,1,867300000.0,8,125.0,-114.51096693361907,6.790603298171501,"(6.0, 8.0]",72.0,0.236032,0.9850746268656716,1.0151481398975275,0.2547555856538207,3,1.0
508,2020-01-01 00:11:27,gw_main,devC,1,867300000.0,7,125.0,-94.63707490072672,-0.16249936840194734,"(-2.0, 0.0]",71.0,0.12825599999999998,0.8554216867469879,1.165481201916098,0.3149611589490491,3,1.0
509,2020-01-01 00:11:28,gw_main,devB,0,867100000.0,9,125.0,-109.52180623062442,-4.435844925781797,"(-6.0, -4.0]",52.0,0.328704,0.4411764705882353,1.871107266435986,1.4861477093425604,3,1.0
510,2020-01-01 00:11:29,gw_main,devB,1,868300000.0,10,125.0,-97.89762156157538,-2.114230788390879,"(-4.0, -2.0]",32.0,0.45260799999999995,0.6428571428571429,1.4846938775510203,1.1566782040816324,3,1.0
511,2020-01-01 00:11:30,gw_main,devB,1,867100000.0,9,125.0,-113.97208539160029,-1.3303708843396498,"(-2.0, 0.0]",31.0,0.24678399999999998,0.826530612244898,1.203561016243232,0.5005806180758017,3,1.0
512,2020-01-01 00:11:33,gw_main,devB,0,867100000.0,10,125.0,-119.85966828236323,-6.223235049752514,"(-8.0, -6.0]",21.0,0.37068799999999996,0.25,2.3125,2.1697159999999998,3,1.0
513,2020-01-01 00:11:34,gw_main,devB,1,867900000.0,8,125.0,-94.63370023917467,-2.2686435093449826,"(-4.0, -2.0]",66.0,0.215552,0.7203389830508474,1.3578713013501866,0.650563176098822,3,1.0
514,2020-01-01 00:11:38,gw_main,devC,1,868300000.0,8,125.0,-107.0747980680875,4.271997494465037,"(4.0, 6.0]",74.0,0.236032,0.975609756097561,1.0249851279000597,0.2669144176085666,3,1.0
515,2020-01-01 00:11:39,gw_main,devB,1,867900000.0,8,125.0,-117.87522541418191,12.344617017782017,"(12.0, 14.0]",35.0,0.143872,0.9375,1.06640625,0.21983225,3,1.0
516,2020-01-01 00:11:40,gw_main,devA,0,867300000.0,9,125.0,-109.95172657318184,-1.4024635606523406,"(-2.0, 0.0]",41.0,0.287744,0.826530612244898,1.203561016243232,0.5498784773011245,3,1.0
517,2020-01-01 00:11:42,gw_main,devA,1,868300000.0,8,125.0,-120.38148301417665,7.271661259331374,"(6.0, 8.0]",40.0,0.154112,0.9850746268656716,1.0151481398975275,0.17159465003341526,3,1.0
518,2020-01-01 00:11:43,gw_main,devC,1,868300000.0,7,125.0,-114.41262810197404,2.9650529887976558,"(2.0, 4.0]",21.0,0.056575999999999994,0.952054794520548,1.0502439482079189,0.1096625498217301,3,1.0
519,2020-01-01 00:11:44,gw_main,devA,1,867900000.0,7,125.0,-105.77884105882268,4.027998931935341,"(4.0, 6.0]",51.0,0.102656,0.976,1.024576,0.12975487385599993,3,1.0
520,2020-01-01 00:11:45,gw_main,devA,0,867100000.0,12,125.0,-101.96943740879942,-3.0493343956834833,"(-4.0, -2.0]",70.0,2.957312,0.5,1.75,5.9252959999999995,3,1.0
521,2020-01-01 00:11:46,gw_main,devA,1,868300000.0,8,125.0,-109.78158443445624,11.545218794056453,"(10.0, 12.0]",23.0,0.11315199999999999,0.9583333333333334,1.0434027777777777,0.16146588888888877,3,1.0
522,2020-01-01 00:11:47,gw_main,devB,1,867300000.0,9,125.0,-93.68627436208234,10.257544809561962,"(10.0, 12.0]",44.0,0.287744,0.95,1.0525,0.35535056,3,1.0
523,2020-01-01 00:11:48,gw_main,devC,1,867100000.0,7,125.0,-110.29521878847808,3.3956867332364995,"(2.0, 4.0]",49.0,0.097536,0.952054794520548,1.0502439482079189,0.15268054194032646,3,1.0
524,2020-01-01 00:11:49,gw_main,devC,1,867300000.0,8,125.0,-100.43927686508562,4.105739028883425,"(4.0, 6.0]",65.0,0.215552,0.975609756097561,1.0249851279000597,0.24592272218917335,3,1.0
525,2020-01-01 00:11:50,gw_main,devA,0,867100000.0,9,125.0,-94.416115195457,-12.163565233458215,"(-14.0, -12.0]",51.0,0.328704,0.06666666666666667,2.8044444444444445,2.7262765511111113,3,1.0
526,2020-01-01 00:11:51,gw_main,devA,1,867900000.0,9,125.0,-112.61016709307361,3.8262587609832495,"(2.0, 4.0]",69.0,0.410624,0.9358974358974359,1.0682117028270874,0.5068450650887574,3,1.0
527,2020-01-01 00:11:52,gw_main,devB,1,867100000.0,11,125.0,-95.75622053702438,-1.1646515233519383,"(-2.0, 0.0]",57.0,1.396736,0.7209302325581395,1.3569497025419146,2.2522502022714983,3,1.0
528,2020-01-01 00:11:53,gw_main,devA,0,868300000.0,8,125.0,-106.96178482478176,2.603434234969333,"(2.0, 4.0]",41.0,0.154112,0.9166666666666666,1.0902777777777777,0.25830266666666657,3,1.0
529,2020-01-01 00:11:54,gw_main,devB,1,867900000.0,7,125.0,-113.12876786271376,4.094756471076587,"(4.0, 6.0]",77.0,0.13849599999999998,0.976,1.024576,0.1664756776959999,3,1.0
530,2020-01-01 00:11:55,gw_main,devC,1,868300000.0,7,125.0,-91.78047382011125,-2.047750608649652,"(-4.0, -2.0]",65.0,0.123136,0.8152866242038217,1.2188324069941985,0.36891455426183606,3,1.0
531,2020-01-01 00:12:00,gw_main,devA,1,867100000.0,9,125.0,-105.87120165602975,-3.627059064565167,"(-4.0, -2.0]",36.0,0.267264,0.7241379310344828,1.351961950059453,0.7132927086801428,3,1.0
532,2020-01-01 00:12:01,gw_main,devA,0,867900000.0,9,125.0,-86.59441883650126,-2.049445531531128,"(-4.0, -2.0]",68.0,0.410624,0.7241379310344828,1.351961950059453,0.9071099738406659,3,1.0
533,2020-01-01 00:12:02,gw_main,devA,0,868300000.0,7,125.0,-106.66630841028683,-13.857125743595649,"(-14.0, -12.0]",35.0,0.077056,0.2916666666666667,2.210069444444444,1.3803685555555554,3,1.0
534,2020-01-01 00:12:03,gw_main,devA,1,867300000.0,7,125.0,-111.37266886644201,7.301682763389104,"(6.0, 8.0]",43.0,0.087296,0.9651162790697675,1.0361005949161708,0.12654803244997284,3,1.0
535,2020-01-01 00:12:04,gw_main,devA,1,868300000.0,8,125.0,-105.38035030377641,1.5200766139588437,"(0.0, 2.0]",38.0,0.143872,0.9338842975206612,1.0704869885936752,0.22450009261662443,3,1.0
536,2020-01-01 00:12:05,gw_main,devC,1,867100000.0,7,125.0,-106.56849142407883,6.668395577513184,"(6.0, 8.0]",25.0,0.061695999999999994,0.9651162790697675,1.0361005949161708,0.10002385722011886,3,1.0
537,2020-01-01 00:12:06,gw_main,devC,1,867900000.0,7,125.0,-109.39950259392656,11.879050978859615,"(10.0, 12.0]",35.0,0.077056,0.9696969696969697,1.0312213039485765,0.11068309274563798,3,1.0
538,2020-01-01 00:12:07,gw_main,devA,1,868300000.0,9,125.0,-108.0583843760104,0.13555873537650445,"(0.0, 2.0]",43.0,0.287744,0.8987341772151899,1.1115205896490947,0.4313539701970838,3,1.0
539,2020-01-01 00:12:08,gw_main,devA,1,867300000.0,9,125.0,-117.2360551628024,-10.814617535043453,"(-12.0, -10.0]",66.0,0.390144,0.23809523809523808,2.3424036281179133,2.2562783492063483,3,1.0
540,2020-01-01 00:12:09,gw_main,devA,1,867900000.0,7,125.0,-100.28783989961687,-5.363321102277508,"(-6.0, -4.0]",32.0,0.071936,0.6124031007751938,1.537828255513491,0.6484534689021095,3,1.0
541,2020-01-01 00:12:11,gw_main,devA,0,867300000.0,10,125.0,-95.98895893493052,-3.011247858869994,"(-4.0, -2.0]",51.0,0.616448,0.6428571428571429,1.4846938775510203,1.3999304489795916,3,1.0
542,2020-01-01 00:12:12,gw_main,devA,1,868300000.0,8,125.0,-99.51285355319028,0.4778878683958649,"(0.0, 2.0]",70.0,0.225792,0.9338842975206612,1.0704869885936752,0.31219438672221833,3,1.0
543,2020-01-01 00:12:14,gw_main,devC,1,867100000.0,9,125.0,-108.92859556878476,2.0548529600493133,"(2.0, 4.0]",70.0,0.410624,0.9358974358974359,1.0682117028270874,0.5068450650887574,3,1.0
544,2020-01-01 00:12:16,gw_main,devA,1,867100000.0,12,125.0,-105.51388772809416,1.784191576800068,"(0.0, 2.0]",66.0,2.957312,0.8,1.24,3.9070668799999995,3,1.0
545,2020-01-01 00:12:17,gw_main,devB,1,867300000.0,7,125.0,-90.27736944052023,-0.6569468710618884,"(-2.0, 0.0]",75.0,0.133376,0.8554216867469879,1.165481201916098,0.32092842270285954,3,1.0
546,2020-01-01 00:12:18,gw_main,devB,1,868300000.0,9,125.0,-102.68110601438539,-1.881787435155465,"(-2.0, 0.0]",33.0,0.24678399999999998,0.826530612244898,1.203561016243232,0.5005806180758017,3,1.0
547,2020-01-01 00:12:19,gw_main,devC,1,867300000.0,8,125.0,-109.24659287837521,-0.43825833564787914,"(-2.0, 0.0]",57.0,0.195072,0.926605504587156,1.07878124736975,0.2892212628566619,3,1.0
548,2020-01-01 00:12:20,gw_main,devA,0,867300000.0,7,125.0,-90.25197208630956,-3.238668094390154,"(-4.0, -2.0]",63.0,0.118016,0.8152866242038217,1.2188324069941985,0.3626741323380258,3,1.0
549,2020-01-01 00:12:21,gw_main,devA,1,867900000.0,8,125.0,-109.00226804838343,-3.6748286604250424,"(-4.0, -2.0]",23.0,0.11315199999999999,0.7203389830508474,1.3578713013501866,0.5115171548405629,3,1.0
550,2020-01-01 00:12:23,gw_main,devB,1,867100000.0,7,125.0,-86.8325805859343,-0.1777638890959755,"(-2.0, 0.0]",28.0,0.066816,0.8554216867469879,1.165481201916098,0.24335399390332407,3,1.0
551,2020-01-01 00:12:27,gw_main,devA,1,867900000.0,7,125.0,-100.8114551084772,4.234809605109349,"(4.0, 6.0]",25.0,0.061695999999999994,0.976,1.024576,0.08778824089599992,3,1.0
552,2020-01-01 00:12:28,gw_main,devB,1,867300000.0,7,125.0,-99.53368106061667,-4.0588807444799295,"(-6.0, -4.0]",43.0,0.087296,0.6124031007751938,1.537828255513491,0.6720745109067967,3,1.0
553,2020-01-01 00:12:30,gw_main,devC,1,867300000.0,8,125.0,-86.24332939516323,-0.33676532664581366,"(-2.0, 0.0]",66.0,0.215552,0.926605504587156,1.07878124736975,0.3113147028027944,3,1.0
554,2020-01-01 00:12:31,gw_main,devB,1,867300000.0,7,125.0,-115.65047085213605,-0.4132530585784402,"(-2.0, 0.0]",29.0,0.066816,0.8554216867469879,1.165481201916098,0.24335399390332407,3,1.0
555,2020-01-01 00:12:33,gw_main,devC,1,867900000.0,8,125.0,-107.91752678606049,0.5517713941097737,"(0.0, 2.0]",65.0,0.215552,0.9338842975206612,1.0704869885936752,0.3012325999590191,3,1.0
556,2020-01-01 00:12:34,gw_main,devC,1,868300000.0,8,125.0,-118.38948570232596,-2.611289409528338,"(-4.0, -2.0]",23.0,0.11315199999999999,0.7203389830508474,1.3578713013501866,0.5115171548405629,3,1.0
557,2020-01-01 00:12:39,gw_main,devC,1,868300000.0,9,125.0,-109.94085580934043,-0.4175641677716808,"(-2.0, 0.0]",29.0,0.22630399999999998,0.826530612244898,1.203561016243232,0.4759316884631403,3,1.0
558,2020-01-01 00:12:41,gw_main,devB,1,868300000.0,7,125.0,-98.59899584383177,3.1942456746303156,"(2.0, 4.0]",58.0,0.112896,0.952054794520548,1.0502439482079189,0.1688122889848001,3,1.0
559,2020-01-01 00:12:42,gw_main,devA,1,868300000.0,8,125.0,-112.05386347569068,4.2487309302207725,"(4.0, 6.0]",72.0,0.236032,0.975609756097561,1.0249851279000597,0.2669144176085666,3,1.0
560,2020-01-01 00:12:43,gw_main,devA,0,868300000.0,7,125.0,-106.19481661821493,-6.68261315503244,"(-8.0, -6.0]",49.0,0.097536,0.5533980582524272,1.6460552361202754,0.8066048796305025,3,1.0
561,2020-01-01 00:12:44,gw_main,devB,1,867900000.0,7,125.0,-106.73793560465522,-1.2429526968194704,"(-2.0, 0.0]",59.0,0.112896,0.8554216867469879,1.165481201916098,0.29705936768761787,3,1.0
562,2020-01-01 00:12:45,gw_main,devC,1,867100000.0,7,125.0,-116.69839986602419,5.509655045608591,"(4.0, 6.0]",61.0,0.112896,0.976,1.024576,0.1402465320959999,3,1.0
563,2020-01-01 00:12:46,gw_main,devB,1,868300000.0,7,125.0,-97.27250551875176,1.6190257744326333,"(0.0, 2.0]",61.0,0.112896,0.9215686274509803,1.0845828527489427,0.20702791849288738,3,1.0
564,2020-01-01 00:12:48,gw_main,devB,1,867900000.0,8,125.0,-97.63849443511009,9.3241060116524,"(8.0, 10.0]",56.0,0.195072,0.9722222222222222,1.0285493827160495,0.22919056790123465,3,1.0
565,2020-01-01 00:12:49,gw_main,devB,1,867100000.0,8,125.0,-102.20911006292297,-4.066636557837863,"(-6.0, -4.0]",44.0,0.164352,0.6025641025641025,1.5553911900065749,0.8110228428665355,3,1.0
566,2020-01-01 00:12:50,gw_main,devB,1,867900000.0,9,125.0,-114.83494203338341,0.496475370645799,"(0.0, 2.0]",72.0,0.431104,0.8987341772151899,1.1115205896490947,0.590701561929178,3,1.0
567,2020-01-01 00:12:53,gw_main,devC,0,867100000.0,9,125.0,-107.99911536415672,-11.711162395659194,"(-12.0, -10.0]",64.0,0.390144,0.23809523809523808,2.3424036281179133,2.2562783492063483,3,1.0
568,2020-01-01 00:12:54,gw_main,devB,0,868300000.0,8,125.0,-86.28866852350184,-4.0208501729025565,"(-6.0, -4.0]",24.0,0.11315199999999999,0.6025641025641025,1.5553911900065749,0.7313868139381988,3,1.0
569,2020-01-01 00:12:55,gw_main,devC,1,867100000.0,7,125.0,-114.1695780724461,-3.1749417961675057,"(-4.0, -2.0]",64.0,0.118016,0.8152866242038217,1.2188324069941985,0.3626741323380258,3,1.0
570,2020-01-01 00:12:57,gw_main,devC,1,868300000.0,9,125.0,-119.96025184381328,3.637652856657162,"(2.0, 4.0]",25.0,0.20582399999999998,0.9358974358974359,1.0682117028270874,0.28807530834976985,3,1.0
571,2020-01-01 00:12:58,gw_main,devB,1,867900000.0,11,125.0,-107.77395427469783,8.371165561432388,"(8.0, 10.0]",74.0,1.724416,0.8888888888888888,1.1234567901234567,2.0607636543209873,3,1.0
572,2020-01-01 00:12:59,gw_main,devB,0,867900000.0,10,125.0,-96.80832225027926,-9.444197054023952,"(-10.0, -8.0]",79.0,0.821248,0.18181818181818182,2.487603305785124,3.530542545454545,3,1.0
573,2020-01-01 00:13:00,gw_main,devC,1,867900000.0,7,125.0,-122.2205504525877,4.502850054182878,"(4.0, 6.0]",46.0,0.092416,0.976,1.024576,0.11926321561599992,3,1.0
574,2020-01-01 00:13:01,gw_main,devC,1,867300000.0,9,125.0,-103.18113868201752,-1.759679185729837,"(-2.0, 0.0]",48.0,0.308224,0.826530612244898,1.203561016243232,0.5745274069137859,3,1.0
575,2020-01-01 00:13:03,gw_main,devA,1,867100000.0,9,125.0,-117.16213017814508,3.237411200235126,"(2.0, 4.0]",43.0,0.287744,0.9358974358974359,1.0682117028270874,0.3755832110453649,3,1.0
576,2020-01-01 00:13:04,gw_main,devC,1,867100000.0,10,125.0,-111.99202690805355,-5.5208374964138915,"(-6.0, -4.0]",48.0,0.575488,0.5,1.75,1.757104,3,1.0
577,2020-01-01 00:13:05,gw_main,devA,0,867100000.0,9,125.0,-110.3917953820896,-12.461479771885935,"(-14.0, -12.0]",42.0,0.287744,0.06666666666666667,2.8044444444444445,2.6114065066666665,3,1.0
578,2020-01-01 00:13:07,gw_main,devB,0,867100000.0,8,125.0,-110.84437771642962,-8.98662510985142,"(-10.0, -8.0]",58.0,0.195072,0.2653061224489796,2.2744689712619737,1.7181541824239894,3,1.0
579,2020-01-01 00:13:08,gw_main,devA,1,867100000.0,7,125.0,-113.14925223698799,-3.8934949264240704,"(-4.0, -2.0]",25.0,0.061695999999999994,0.8152866242038217,1.2188324069941985,0.29402949117611255,3,1.0
580,2020-01-01 00:13:09,gw_main,devB,0,867900000.0,9,125.0,-128.470443370894,2.229328582506604,"(2.0, 4.0]",69.0,0.410624,0.9358974358974359,1.0682117028270874,0.5068450650887574,3,1.0
581,2020-01-01 00:13:10,gw_main,devB,1,867900000.0,9,125.0,-93.8450787292382,1.871998473684948,"(0.0, 2.0]",68.0,0.410624,0.8987341772151899,1.1115205896490947,0.5679376202531645,3,1.0
582,2020-01-01 00:13:11,gw_main,devC,1,867300000.0,9,125.0,-87.15824161370267,9.5213966938714,"(8.0, 10.0]",22.0,0.20582399999999998,0.9655172413793104,1.0356718192627823,0.24883793579072516,3,1.0
583,2020-01-01 00:13:12,gw_main,devB,1,867900000.0,8,125.0,-101.6495369759082,-1.1979284816609201,"(-2.0, 0.0]",41.0,0.154112,0.926605504587156,1.07878124736975,0.24503438296439692,3,1.0
584,2020-01-01 00:13:13,gw_main,devA,0,867300000.0,8,125.0,-108.12199516848669,-9.199989543287131,"(-10.0, -8.0]",64.0,0.215552,0.2653061224489796,2.2744689712619737,1.7647353069554346,3,1.0
585,2020-01-01 00:13:15,gw_main,devB,0,867300000.0,11,125.0,-103.21831716248472,-5.516305347757631,"(-6.0, -4.0]",55.0,1.396736,0.3939393939393939,1.9733700642791552,3.729647074380165,3,1.0
586,2020-01-01 00:13:16,gw_main,devB,0,867900000.0,11,125.0,-103.187936173228,-7.306950950749495,"(-8.0, -6.0]",26.0,0.8232959999999999,0.21739130434782608,2.3950850661625713,3.3669490207939514,3,1.0
587,2020-01-01 00:13:17,gw_main,devB,1,867300000.0,7,125.0,-113.55958147469391,2.612203170092645,"(2.0, 4.0]",42.0,0.087296,0.952054794520548,1.0502439482079189,0.14192604391067737,3,1.0
588,2020-01-01 00:13:18,gw_main,devA,1,867100000.0,8,125.0,-107.22024463739415,-3.871394027791439,"(-4.0, -2.0]",53.0,0.184832,0.7203389830508474,1.3578713013501866,0.6088493697213444,3,1.0
589,2020-01-01 00:13:19,gw_main,devA,0,867900000.0,9,125.0,-99.1352324708655,-11.864236900122046,"(-12.0, -10.0]",38.0,0.267264,0.23809523809523808,2.3424036281179133,1.9684437913832191,3,1.0
590,2020-01-01 00:13:20,gw_main,devC,1,867300000.0,7,125.0,-103.09088756706012,4.181536818715278,"(4.0, 6.0]",27.0,0.066816,0.976,1.024576,0.09303407001599993,3,1.0
591,2020-01-01 00:13:21,gw_main,devB,1,867900000.0,7,125.0,-106.12437965375025,-0.6685594122402421,"(-2.0, 0.0]",22.0,0.056575999999999994,0.8554216867469879,1.165481201916098,0.2314194663957032,3,1.0
592,2020-01-01 00:13:22,gw_main,devA,1,867300000.0,7,125.0,-104.57300930487285,2.1410236701152314,"(2.0, 4.0]",79.0,0.143616,0.952054794520548,1.0502439482079189,0.20107578307374735,3,1.0
593,2020-01-01 00:13:23,gw_main,devC,1,867300000.0,9,125.0,-112.05876739067244,0.6343292681998975,"(0.0, 2.0]",74.0,0.431104,0.8987341772151899,1.1115205896490947,0.590701561929178,3,1.0
594,2020-01-01 00:13:24,gw_main,devA,1,867300000.0,7,125.0,-106.17126658096974,3.7899284048902473,"(2.0, 4.0]",39.0,0.082176,0.952054794520548,1.0502439482079189,0.1365487948958528,3,1.0
595,2020-01-01 00:13:25,gw_main,devA,1,867100000.0,8,125.0,-105.02936067875183,0.22811248209321433,"(0.0, 2.0]",47.0,0.174592,0.9338842975206612,1.0704869885936752,0.25738545290622217,3,1.0
596,2020-01-01 00:13:29,gw_main,devC,1,868300000.0,8,125.0,-96.5558935942726,2.459201506095339,"(2.0, 4.0]",23.0,0.11315199999999999,0.9166666666666666,1.0902777777777777,0.21364488888888877,3,1.0
597,2020-01-01 00:13:30,gw_main,devB,1,867900000.0,8,125.0,-124.89754637337258,-8.73982645541232,"(-10.0, -8.0]",62.0,0.205312,0.2653061224489796,2.2744689712619737,1.741444744689712,3,1.0
598,2020-01-01 00:13:31,gw_main,devB,1,867300000.0,8,125.0,-118.2821901217429,-0.9878145108223195,"(-2.0, 0.0]",56.0,0.195072,0.926605504587156,1.07878124736975,0.2892212628566619,3,1.0
599,2020-01-01 00:13:32,gw_main,devC,1,867100000.0,8,125.0,-96.9214845775575,-1.555898937296987,"(-2.0, 0.0]",27.0,0.12339199999999999,0.926605504587156,1.07878124736975,0.2118942230451982,3,1.0
600,2020-01-01 00:13:35,gw_main,devC,1,868300000.0,8,125.0,-117.93856486098474,9.804688661357465,"(8.0, 10.0]",69.0,0.225792,0.9722222222222222,1.0285493827160495,0.2607876049382717,3,1.0
601,2020-01-01 00:13:37,gw_main,devB,0,867100000.0,8,125.0,-100.58273107395455,-7.267905243904044,"(-8.0, -6.0]",65.0,0.215552,0.5087719298245614,1.7325330871037241,1.105984059095106,3,1.0
602,2020-01-01 00:13:38,gw_main,devC,0,867300000.0,12,125.0,-101.92444033101687,-10.253321781473026,"(-12.0, -10.0]",55.0,2.465792,0.6788990825688074,1.4242067166063461,3.9360042447605417,3,1.0
603,2020-01-01 00:13:39,gw_main,devB,1,867900000.0,10,125.0,-112.05482347187302,-1.6877237623240124,"(-2.0, 0.0]",70.0,0.780288,0.7575757575757576,1.3011937557392104,1.3164996290174473,3,1.0
604,2020-01-01 00:13:40,gw_main,devC,1,867900000.0,7,125.0,-110.74031018091027,-0.5380524775587947,"(-2.0, 0.0]",46.0,0.092416,0.8554216867469879,1.165481201916098,0.27319031267237615,3,1.0
605,2020-01-01 00:13:41,gw_main,devA,1,867900000.0,8,125.0,-102.96785013495582,-4.309752515846339,"(-6.0, -4.0]",32.0,0.133632,0.6025641025641025,1.5553911900065749,0.7632412255095335,3,1.0
606,2020-01-01 00:13:42,gw_main,devB,1,868300000.0,8,125.0,-104.08320356935282,0.5526829675435381,"(0.0, 2.0]",45.0,0.164352,0.9338842975206612,1.0704869885936752,0.24642366614302288,3,1.0
607,2020-01-01 00:13:43,gw_main,devC,0,868300000.0,8,125.0,-94.2990753566942,-3.8470546034373636,"(-4.0, -2.0]",62.0,0.205312,0.7203389830508474,1.3578713013501866,0.6366585739729962,3,1.0
608,2020-01-01 00:13:45,gw_main,devC,1,868300000.0,7,125.0,-110.91624731340282,-4.347250910333302,"(-6.0, -4.0]",32.0,0.071936,0.6124031007751938,1.537828255513491,0.6484534689021095,3,1.0
609,2020-01-01 00:13:47,gw_main,devC,1,868300000.0,9,125.0,-115.77170013444734,5.87303504017283,"(4.0, 6.0]",75.0,0.431104,0.9516129032258065,1.0507284079084287,0.5037016274713839,3,1.0
610,2020-01-01 00:13:48,gw_main,devC,1,867300000.0,9,125.0,-104.76388883125084,15.430013297461755,"(14.0, 16.0]",63.0,0.390144,0.8571428571428571,1.1632653061224492,0.6171062857142859,3,1.0
611,2020-01-01 00:13:49,gw_main,devC,0,867100000.0,9,125.0,-93.09779672500025,-6.04585915578364,"(-8.0, -6.0]",40.0,0.287744,0.41304347826086957,1.9314744801512285,1.4872446729678637,3,1.0
612,2020-01-01 00:13:50,gw_main,devA,1,867900000.0,9,125.0,-114.58966598539217,-2.7870466205225957,"(-4.0, -2.0]",34.0,0.24678399999999998,0.7241379310344828,1.351961950059453,0.685604527942925,3,1.0
613,2020-01-01 00:13:51,gw_main,devA,1,868300000.0,7,125.0,-102.79266586216869,-5.039014186799608,"(-6.0, -4.0]",33.0,0.071936,0.6124031007751938,1.537828255513491,0.6484534689021095,3,1.0
614,2020-01-01 00:13:52,gw_main,devB,1,867900000.0,7,125.0,-88.83890005990136,4.70596993061565,"(4.0, 6.0]",46.0,0.092416,0.976,1.024576,0.11926321561599992,3,1.0
615,2020-01-01 00:13:53,gw_main,devC,1,867900000.0,7,125.0,-116.90359453867205,-6.888595834305379,"(-8.0, -6.0]",53.0,0.102656,0.5533980582524272,1.6460552361202754,0.8150326824394384,3,1.0
616,2020-01-01 00:13:54,gw_main,devB,0,867300000.0,7,125.0,-123.15444415096252,-2.906142273558519,"(-4.0, -2.0]",54.0,0.102656,0.8152866242038217,1.2188324069941985,0.3439528665665949,3,1.0
617,2020-01-01 00:13:55,gw_main,devA,1,867300000.0,8,125.0,-96.43517424775908,-0.17760769942506166,"(-2.0, 0.0]",60.0,0.205312,0.926605504587156,1.07878124736975,0.3002679828297281,3,1.0
618,2020-01-01 00:13:56,gw_main,devA,0,867300000.0,8,125.0,-109.99099400139191,-5.872071236878465,"(-6.0, -4.0]",21.0,0.10291199999999999,0.6025641025641025,1.5553911900065749,0.7154596081525315,3,1.0
619,2020-01-01 00:13:57,gw_main,devA,1,867100000.0,7,125.0,-106.1667883719512,-5.743950253855088,"(-6.0, -4.0]",66.0,0.123136,0.6124031007751938,1.537828255513491,0.7271902755844002,3,1.0
620,2020-01-01 00:13:58,gw_main,devC,1,867900000.0,7,125.0,-105.0961285187907,-2.8537373287311896,"(-4.0, -2.0]",62.0,0.118016,0.8152866242038217,1.2188324069941985,0.3626741323380258,3,1.0
621,2020-01-01 00:13:59,gw_main,devC,0,867900000.0,10,125.0,-94.85279027117461,-12.602641442024161,"(-14.0, -12.0]",67.0,0.739328,0.7102803738317757,1.37365708795528,1.3892402354790814,3,1.0
622,2020-01-01 00:14:00,gw_main,devA,0,867100000.0,11,125.0,-108.26983513477896,-8.672869302440006,"(-10.0, -8.0]",48.0,1.232896,0.23809523809523808,2.3424036281179133,4.230343691609976,3,1.0
623,2020-01-01 00:14:01,gw_main,devC,1,867300000.0,9,125.0,-96.9918791886378,-2.478204526759046,"(-4.0, -2.0]",55.0,0.349184,0.7241379310344828,1.351961950059453,0.8240454316290131,3,1.0
624,2020-01-01 00:14:02,gw_main,devB,1,868300000.0,7,125.0,-98.99988841538769,0.889383818051994,"(0.0, 2.0]",46.0,0.092416,0.9215686274509803,1.0845828527489427,0.184815661668589,3,1.0
625,2020-01-01 00:14:04,gw_main,devC,0,867300000.0,11,125.0,-96.4625479739175,-10.643812169036366,"(-12.0, -10.0]",42.0,1.150976,0.25,2.3125,3.974132,3,1.0
626,2020-01-01 00:14:05,gw_main,devA,1,867900000.0,8,125.0,-103.06020971002849,-2.7827177505599865,"(-4.0, -2.0]",59.0,0.205312,0.7203389830508474,1.3578713013501866,0.6366585739729962,3,1.0
627,2020-01-01 00:14:07,gw_main,devB,1,867100000.0,9,125.0,-79.13481573714853,3.3351930719479332,"(2.0, 4.0]",38.0,0.267264,0.9358974358974359,1.0682117028270874,0.3537062353714661,3,1.0
628,2020-01-01 00:14:09,gw_main,devC,0,867900000.0,9,125.0,-115.91125310854521,-5.324219250589221,"(-6.0, -4.0]",44.0,0.287744,0.4411764705882353,1.871107266435986,1.4095071557093424,3,1.0
629,2020-01-01 00:14:11,gw_main,devB,1,867100000.0,8,125.0,-109.46883658850298,-3.47357388725968,"(-4.0, -2.0]",28.0,0.12339199999999999,0.7203389830508474,1.3578713013501866,0.5254217569663888,3,1.0
630,2020-01-01 00:14:12,gw_main,devB,0,867100000.0,11,125.0,-104.23213814049652,-7.015490414844111,"(-8.0, -6.0]",28.0,0.9052159999999999,0.21739130434782608,2.3950850661625713,3.5631543894139894,3,1.0
631,2020-01-01 00:14:13,gw_main,devA,0,867100000.0,7,125.0,-107.72752156785775,-4.813117410970733,"(-6.0, -4.0]",71.0,0.12825599999999998,0.6124031007751938,1.537828255513491,0.7350639562526293,3,1.0
632,2020-01-01 00:14:14,gw_main,devC,1,867300000.0,7,125.0,-85.77143955927934,8.690071750644917,"(8.0, 10.0]",33.0,0.071936,0.9811320754716981,1.0192239231043076,0.09254281523673913,3,1.0
633,2020-01-01 00:14:15,gw_main,devC,0,867900000.0,7,125.0,-110.30751387605537,1.321080229210159,"(0.0, 2.0]",75.0,0.133376,0.9215686274509803,1.0845828527489427,0.2292401753171857,3,1.0
634,2020-01-01 00:14:19,gw_main,devA,0,867900000.0,8,125.0,-110.09491168055438,-3.6090242617084605,"(-4.0, -2.0]",35.0,0.143872,0.7203389830508474,1.3578713013501866,0.5532309612180407,3,1.0
635,2020-01-01 00:14:20,gw_main,devB,1,867100000.0,9,125.0,-97.65350601734562,-0.9445642141969828,"(-2.0, 0.0]",20.0,0.18534399999999998,0.826530612244898,1.203561016243232,0.42663382923781756,3,1.0
636,2020-01-01 00:14:21,gw_main,devC,1,868300000.0,8,125.0,-103.02320086617708,14.91810155973416,"(14.0, 16.0]",68.0,0.225792,0.9090909090909091,1.0991735537190082,0.34735814876033044,3,1.0
637,2020-01-01 00:14:22,gw_main,devA,1,868300000.0,8,125.0,-95.86215157181219,4.602891793797704,"(4.0, 6.0]",56.0,0.195072,0.975609756097561,1.0249851279000597,0.22493102676978013,3,1.0
638,2020-01-01 00:14:23,gw_main,devC,1,867100000.0,10,125.0,-115.19934787798928,-3.0070222519661547,"(-4.0, -2.0]",77.0,0.821248,0.6428571428571429,1.4846938775510203,1.7039957551020406,3,1.0
639,2020-01-01 00:14:25,gw_main,devB,1,867100000.0,8,125.0,-105.67734955474273,1.9573405253138674,"(0.0, 2.0]",55.0,0.195072,0.9338842975206612,1.0704869885936752,0.27930902643262057,3,1.0
640,2020-01-01 00:14:27,gw_main,devC,0,867300000.0,9,125.0,-119.70522974880724,-2.9347985500209015,"(-4.0, -2.0]",63.0,0.390144,0.7241379310344828,1.351961950059453,0.8794217931034484,3,1.0
641,2020-01-01 00:14:28,gw_main,devB,0,867900000.0,9,125.0,-106.53630182765552,-10.447914507626876,"(-12.0, -10.0]",73.0,0.431104,0.23809523809523808,2.3424036281179133,2.3522232018140583,3,1.0
642,2020-01-01 00:14:30,gw_main,devC,1,867900000.0,9,125.0,-99.48190105034804,0.09231274298253946,"(0.0, 2.0]",77.0,0.451584,0.8987341772151899,1.1115205896490947,0.6134655036051915,3,1.0
643,2020-01-01 00:14:31,gw_main,devC,1,867300000.0,7,125.0,-101.80432414705875,0.6572278124114399,"(0.0, 2.0]",29.0,0.066816,0.9215686274509803,1.0845828527489427,0.1570503406382161,3,1.0
644,2020-01-01 00:14:32,gw_main,devC,1,867100000.0,8,125.0,-101.60709446337825,7.900140817095974,"(6.0, 8.0]",65.0,0.215552,0.9850746268656716,1.0151481398975275,0.23396535174871935,3,1.0
645,2020-01-01 00:14:34,gw_main,devB,1,867300000.0,8,125.0,-94.63811622654327,4.877501829815908,"(4.0, 6.0]",55.0,0.195072,0.975609756097561,1.0249851279000597,0.22493102676978013,3,1.0
646,2020-01-01 00:14:35,gw_main,devA,0,867300000.0,9,125.0,-123.70074418761948,-6.606682163548815,"(-8.0, -6.0]",27.0,0.22630399999999998,0.41304347826086957,1.9314744801512285,1.3685748809073721,3,1.0
647,2020-01-01 00:14:36,gw_main,devA,1,868300000.0,8,125.0,-100.60909561088489,5.207408930547286,"(4.0, 6.0]",54.0,0.184832,0.975609756097561,1.0249851279000597,0.21443517906008353,3,1.0
648,2020-01-01 00:14:37,gw_main,devC,1,867900000.0,8,125.0,-103.99466162094564,12.577318989937703,"(12.0, 14.0]",57.0,0.195072,0.9375,1.06640625,0.27443225,3,1.0
649,2020-01-01 00:14:39,gw_main,devB,1,867300000.0,7,125.0,-110.26428924837559,1.5213343196443054,"(0.0, 2.0]",77.0,0.13849599999999998,0.9215686274509803,1.0845828527489427,0.23479323952326028,3,1.0
650,2020-01-01 00:14:42,gw_main,devB,1,867300000.0,8,125.0,-117.65181648231543,-5.563088900345178,"(-6.0, -4.0]",68.0,0.225792,0.6025641025641025,1.5553911900065749,0.9065860775805394,3,1.0
651,2020-01-01 00:14:43,gw_main,devA,1,867100000.0,9,125.0,-100.43475350611446,-0.6666141477242999,"(-2.0, 0.0]",63.0,0.390144,0.826530612244898,1.203561016243232,0.6731231253644314,3,1.0
652,2020-01-01 00:14:44,gw_main,devA,1,867300000.0,9,125.0,-104.20855764083254,2.761245557629281,"(2.0, 4.0]",50.0,0.328704,0.9358974358974359,1.0682117028270874,0.4193371623931624,3,1.0
653,2020-01-01 00:14:45,gw_main,devA,1,867900000.0,7,125.0,-97.77352740165952,4.464006646879193,"(4.0, 6.0]",34.0,0.077056,0.976,1.024576,0.10352572825599993,3,1.0
654,2020-01-01 00:14:46,gw_main,devC,0,867100000.0,7,125.0,-109.24660594922241,-2.623967434250315,"(-4.0, -2.0]",48.0,0.097536,0.8152866242038217,1.2188324069941985,0.3377124446427846,3,1.0
655,2020-01-01 00:14:48,gw_main,devA,1,867900000.0,9,125.0,-98.9746813090097,-1.6675288881067338,"(-2.0, 0.0]",26.0,0.20582399999999998,0.826530612244898,1.203561016243232,0.4512827588504789,3,1.0
656,2020-01-01 00:14:49,gw_main,devC,1,867300000.0,8,125.0,-104.43361528919036,0.7228267968076775,"(0.0, 2.0]",33.0,0.133632,0.9338842975206612,1.0704869885936752,0.2135383058534252,3,1.0
657,2020-01-01 00:14:51,gw_main,devB,1,867900000.0,7,125.0,-97.54476485180147,-6.849562067133297,"(-8.0, -6.0]",22.0,0.056575999999999994,0.5533980582524272,1.6460552361202754,0.7391824571590161,3,1.0
658,2020-01-01 00:14:52,gw_main,devA,1,867300000.0,11,125.0,-115.53015862986145,-0.1266815101406803,"(-2.0, 0.0]",37.0,1.069056,0.7209302325581395,1.3569497025419146,1.8076049237425638,3,1.0
659,2020-01-01 00:14:53,gw_main,devB,1,867300000.0,8,125.0,-98.067704856122,5.262909132371014,"(4.0, 6.0]",37.0,0.143872,0.975609756097561,1.0249851279000597,0.1724517882212971,3,1.0
660,2020-01-01 00:14:54,gw_main,devC,0,867300000.0,12,125.0,-104.22541573227963,-5.802109749250045,"(-6.0, -4.0]",32.0,1.8104319999999998,0.2857142857142857,2.2244897959183674,5.251777306122449,3,1.0
661,2020-01-01 00:14:55,gw_main,devB,1,867100000.0,7,125.0,-100.77638758557836,-1.4465504926490071,"(-2.0, 0.0]",69.0,0.12825599999999998,0.8554216867469879,1.165481201916098,0.3149611589490491,3,1.0
662,2020-01-01 00:14:56,gw_main,devB,1,867100000.0,7,125.0,-96.85383354786384,3.9886803867428915,"(2.0, 4.0]",34.0,0.077056,0.952054794520548,1.0502439482079189,0.13117154588102828,3,1.0
663,2020-01-01 00:14:57,gw_main,devA,1,867100000.0,9,125.0,-114.87834577564814,-6.4191906404830394,"(-8.0, -6.0]",25.0,0.20582399999999998,0.41304347826086957,1.9314744801512285,1.3290182835538749,3,1.0
664,2020-01-01 00:14:58,gw_main,devC,1,867900000.0,11,125.0,-100.11207599927602,1.0958300250489512,"(0.0, 2.0]",43.0,1.150976,0.7368421052631579,1.332409972299169,1.8659818725761772,3,1.0
665,2020-01-01 00:14:59,gw_main,devA,1,867100000.0,7,125.0,-106.42563236731887,-6.360778913720619,"(-8.0, -6.0]",61.0,0.112896,0.5533980582524272,1.6460552361202754,0.83188828805731,3,1.0
666,2020-01-01 00:15:00,gw_main,devC,1,868300000.0,10,125.0,-108.16400862061636,6.807783005002648,"(6.0, 8.0]",30.0,0.45260799999999995,0.9666666666666667,1.0344444444444445,0.5026422755555555,3,1.0
667,2020-01-01 00:15:01,gw_main,devB,1,868300000.0,8,125.0,-105.85526179928571,13.876928291279174,"(12.0, 14.0]",54.0,0.184832,0.9375,1.06640625,0.26351225,3,1.0
668,2020-01-01 00:15:02,gw_main,devB,1,868300000.0,11,125.0,-110.37726606838658,12.133531705474581,"(12.0, 14.0]",46.0,1.232896,0.68,1.4223999999999999,2.1760712703999996,3,1.0
669,2020-01-01 00:15:03,gw_main,devC,1,868300000.0,11,125.0,-105.5342400595542,-1.3150840666388255,"(-2.0, 0.0]",31.0,0.9052159999999999,0.7209302325581395,1.3569497025419146,1.5852822844780963,3,1.0
670,2020-01-01 00:15:05,gw_main,devC,1,867100000.0,11,125.0,-111.5660678809331,0.725986371000936,"(0.0, 2.0]",43.0,1.150976,0.7368421052631579,1.332409972299169,1.8659818725761772,3,1.0
671,2020-01-01 00:15:06,gw_main,devB,1,867100000.0,7,125.0,-96.22460961155714,0.6126353764157076,"(0.0, 2.0]",51.0,0.102656,0.9215686274509803,1.0845828527489427,0.19592179008073818,3,1.0
672,2020-01-01 00:15:07,gw_main,devB,1,868300000.0,8,125.0,-105.05795674325121,9.286542365626982,"(8.0, 10.0]",73.0,0.236032,0.9722222222222222,1.0285493827160495,0.27131995061728403,3,1.0
673,2020-01-01 00:15:08,gw_main,devB,1,867300000.0,8,125.0,-115.68047607012079,-7.915077457104925,"(-8.0, -6.0]",55.0,0.195072,0.5087719298245614,1.7325330871037241,1.0705017814712217,3,1.0
674,2020-01-01 00:15:09,gw_main,devC,1,867900000.0,7,125.0,-101.85685320587729,6.3317675847966886,"(6.0, 8.0]",44.0,0.092416,0.9651162790697675,1.0361005949161708,0.13185286749594363,3,1.0
675,2020-01-01 00:15:10,gw_main,devA,1,868300000.0,8,125.0,-101.29673664361482,-0.29385597093440563,"(-2.0, 0.0]",35.0,0.143872,0.926605504587156,1.07878124736975,0.23398766299133067,3,1.0
676,2020-01-01 00:15:11,gw_main,devC,1,868300000.0,9,125.0,-118.59873561301991,8.451243723624852,"(8.0, 10.0]",62.0,0.369664,0.9655172413793104,1.0356718192627823,0.4185224066587394,3,1.0
677,2020-01-01 00:15:13,gw_main,devC,1,867900000.0,8,125.0,-109.2529202954973,-4.036031967157112,"(-6.0, -4.0]",67.0,0.225792,0.6025641025641025,1.5553911900065749,0.9065860775805394,3,1.0
678,2020-01-01 00:15:14,gw_main,devC,1,867100000.0,8,125.0,-103.6342053954171,1.6628422605082989,"(0.0, 2.0]",52.0,0.184832,0.9338842975206612,1.0704869885936752,0.26834723966942137,3,1.0
679,2020-01-01 00:15:15,gw_main,devA,1,867900000.0,7,125.0,-107.43171495332156,4.4158025701781005,"(4.0, 6.0]",69.0,0.12825599999999998,0.976,1.024576,0.1559840194559999,3,1.0
680,2020-01-01 00:15:16,gw_main,devB,1,868300000.0,9,125.0,-102.47945481917263,0.21458204466716457,"(0.0, 2.0]",40.0,0.287744,0.8987341772151899,1.1115205896490947,0.4313539701970838,3,1.0
681,2020-01-01 00:15:19,gw_main,devA,0,867300000.0,8,125.0,-105.21404379014304,-12.803303405070439,"(-14.0, -12.0]",44.0,0.164352,0.08333333333333333,2.756944444444444,2.2100537777777776,3,1.0
682,2020-01-01 00:15:21,gw_main,devC,1,868300000.0,11,125.0,-99.51922868741713,4.194958417105733,"(4.0, 6.0]",35.0,0.9871359999999999,0.8571428571428571,1.1632653061224492,1.311566367346939,3,1.0
683,2020-01-01 00:15:22,gw_main,devB,1,867300000.0,11,125.0,-94.93664611333087,0.8890703076860016,"(0.0, 2.0]",57.0,1.396736,0.7368421052631579,1.332409972299169,2.193434947368421,3,1.0
684,2020-01-01 00:15:23,gw_main,devB,1,867300000.0,8,125.0,-102.90525860729954,0.4104633732619404,"(0.0, 2.0]",43.0,0.164352,0.9338842975206612,1.0704869885936752,0.24642366614302288,3,1.0
685,2020-01-01 00:15:24,gw_main,devC,1,867900000.0,7,125.0,-94.27751606329213,6.217774616128423,"(6.0, 8.0]",29.0,0.066816,0.9651162790697675,1.0361005949161708,0.10532869226608967,3,1.0
686,2020-01-01 00:15:26,gw_main,devA,1,868300000.0,10,125.0,-110.09161927032616,-4.239204392151111,"(-6.0, -4.0]",48.0,0.575488,0.5,1.75,1.757104,3,1.0
687,2020-01-01 00:15:27,gw_main,devA,0,868300000.0,9,125.0,-112.06911020397763,-1.131299216975916,"(-2.0, 0.0]",46.0,0.308224,0.826530612244898,1.203561016243232,0.5745274069137859,3,1.0
688,2020-01-01 00:15:30,gw_main,devB,1,867100000.0,8,125.0,-121.40622589478843,7.150979955684051,"(6.0, 8.0]",37.0,0.143872,0.9850746268656716,1.0151481398975275,0.16119953308086457,3,1.0
689,2020-01-01 00:15:31,gw_main,devC,1,867100000.0,10,125.0,-115.2500719836306,-3.835517125233084,"(-4.0, -2.0]",63.0,0.698368,0.6428571428571429,1.4846938775510203,1.5215565714285713,3,1.0
690,2020-01-01 00:15:32,gw_main,devC,1,868300000.0,9,125.0,-95.59901534404653,-6.604460998344132,"(-8.0, -6.0]",69.0,0.410624,0.41304347826086957,1.9314744801512285,1.7245842570888463,3,1.0
691,2020-01-01 00:15:33,gw_main,devB,1,867300000.0,9,125.0,-104.49201735990026,7.560371016853913,"(6.0, 8.0]",76.0,0.451584,0.9761904761904762,1.02437641723356,0.4869684172335601,3,1.0
692,2020-01-01 00:15:34,gw_main,devA,0,867900000.0,10,125.0,-121.21031659950954,-0.5813405687771684,"(-2.0, 0.0]",36.0,0.49356799999999995,0.7575757575757576,1.3011937557392104,0.9434213553719009,3,1.0
693,2020-01-01 00:15:35,gw_main,devB,1,868300000.0,9,125.0,-101.9901008506458,-7.801406186309539,"(-8.0, -6.0]",52.0,0.328704,0.41304347826086957,1.9314744801512285,1.5663578676748577,3,1.0
694,2020-01-01 00:15:36,gw_main,devC,1,867900000.0,9,125.0,-97.12078312325477,-2.1523983543386,"(-4.0, -2.0]",48.0,0.308224,0.7241379310344828,1.351961950059453,0.768669070154578,3,1.0
695,2020-01-01 00:15:38,gw_main,devB,1,868300000.0,8,125.0,-106.33091522803093,7.152445155730638,"(6.0, 8.0]",65.0,0.215552,0.9850746268656716,1.0151481398975275,0.23396535174871935,3,1.0
696,2020-01-01 00:15:39,gw_main,devC,1,868300000.0,9,125.0,-107.65777922664702,-2.562592091526304,"(-4.0, -2.0]",43.0,0.287744,0.7241379310344828,1.351961950059453,0.7409808894173604,3,1.0
697,2020-01-01 00:15:40,gw_main,devC,1,867100000.0,7,125.0,-110.62321317005988,2.43792455458365,"(2.0, 4.0]",22.0,0.056575999999999994,0.952054794520548,1.0502439482079189,0.1096625498217301,3,1.0
698,2020-01-01 00:15:42,gw_main,devC,1,867900000.0,10,125.0,-103.49116724106517,-3.867758962298132,"(-4.0, -2.0]",67.0,0.739328,0.6428571428571429,1.4846938775510203,1.5823696326530612,3,1.0
699,2020-01-01 00:15:43,gw_main,devB,1,868300000.0,12,125.0,-83.53345285823167,2.13021645099866,"(2.0, 4.0]",62.0,2.793472,0.782608695652174,1.2646502835538753,3.797415440453687,3,1.0
700,2020-01-01 00:15:44,gw_main,devC,1,868300000.0,11,125.0,-82.93467184694968,-0.19126748853336673,"(-2.0, 0.0]",42.0,1.150976,0.7209302325581395,1.3569497025419146,1.9187662433747974,3,1.0
701,2020-01-01 00:15:45,gw_main,devB,1,867300000.0,9,125.0,-107.39655506054119,-3.21614646283856,"(-4.0, -2.0]",33.0,0.24678399999999998,0.7241379310344828,1.351961950059453,0.685604527942925,3,1.0
702,2020-01-01 00:15:50,gw_main,devB,1,867100000.0,7,125.0,-120.7381597123063,-2.5556706504009594,"(-4.0, -2.0]",49.0,0.097536,0.8152866242038217,1.2188324069941985,0.3377124446427846,3,1.0
703,2020-01-01 00:15:52,gw_main,devA,1,867900000.0,9,125.0,-111.68594270542278,1.2829628110619014,"(0.0, 2.0]",79.0,0.451584,0.8987341772151899,1.1115205896490947,0.6134655036051915,3,1.0
704,2020-01-01 00:15:53,gw_main,devC,1,867900000.0,9,125.0,-105.50564777861383,5.310566199529695,"(4.0, 6.0]",34.0,0.24678399999999998,0.9516129032258065,1.0507284079084287,0.31003136732570236,3,1.0
705,2020-01-01 00:15:55,gw_main,devC,1,867300000.0,9,125.0,-105.61407641515657,3.5330535578372917,"(2.0, 4.0]",26.0,0.20582399999999998,0.9358974358974359,1.0682117028270874,0.28807530834976985,3,1.0
706,2020-01-01 00:15:56,gw_main,devB,1,868300000.0,9,125.0,-116.70980382216734,13.625317880294595,"(12.0, 14.0]",52.0,0.328704,0.9230769230769231,1.0828402366863903,0.43877415384615354,3,1.0
707,2020-01-01 00:15:57,gw_main,devA,1,867100000.0,8,125.0,-113.33287742593828,-4.951824190583371,"(-6.0, -4.0]",68.0,0.225792,0.6025641025641025,1.5553911900065749,0.9065860775805394,3,1.0
708,2020-01-01 00:15:59,gw_main,devB,0,868300000.0,7,125.0,-110.81127390470375,-1.9088638381865501,"(-2.0, 0.0]",44.0,0.092416,0.8554216867469879,1.165481201916098,0.27319031267237615,3,1.0
709,2020-01-01 00:16:02,gw_main,devC,0,868300000.0,8,125.0,-111.40221313980683,-11.725267092040443,"(-12.0, -10.0]",53.0,0.184832,0.18181818181818182,2.487603305785124,1.9473919999999998,3,1.0
710,2020-01-01 00:16:03,gw_main,devB,1,867900000.0,7,125.0,-112.17566329493296,-5.813197455071283,"(-6.0, -4.0]",38.0,0.082176,0.6124031007751938,1.537828255513491,0.6642008302385676,3,1.0
711,2020-01-01 00:16:04,gw_main,devC,1,868300000.0,7,125.0,-111.05589102487951,3.985877464766051,"(2.0, 4.0]",27.0,0.066816,0.952054794520548,1.0502439482079189,0.1204170478513792,3,1.0
712,2020-01-01 00:16:05,gw_main,devB,1,867100000.0,9,125.0,-109.0436606496681,4.739203259306858,"(4.0, 6.0]",22.0,0.20582399999999998,0.9516129032258065,1.0507284079084287,0.26699353173777307,3,1.0
713,2020-01-01 00:16:06,gw_main,devC,1,867300000.0,7,125.0,-89.20487805220132,4.419385296955661,"(4.0, 6.0]",29.0,0.066816,0.976,1.024576,0.09303407001599993,3,1.0
714,2020-01-01 00:16:07,gw_main,devB,1,867100000.0,10,125.0,-97.77676696089473,-0.4251919690400574,"(-2.0, 0.0]",67.0,0.739328,0.7575757575757576,1.3011937557392104,1.2632027327823692,3,1.0
715,2020-01-01 00:16:08,gw_main,devA,1,867900000.0,7,125.0,-111.25330409013017,2.7307249473808612,"(2.0, 4.0]",23.0,0.061695999999999994,0.952054794520548,1.0502439482079189,0.11503979883655464,3,1.0
716,2020-01-01 00:16:09,gw_main,devC,1,867300000.0,9,125.0,-118.11604742880904,3.91812861471794,"(2.0, 4.0]",48.0,0.308224,0.9358974358974359,1.0682117028270874,0.39746018671926364,3,1.0
717,2020-01-01 00:16:10,gw_main,devA,1,867900000.0,8,125.0,-95.8459275319872,-0.46722761722394346,"(-2.0, 0.0]",26.0,0.11315199999999999,0.926605504587156,1.07878124736975,0.20084750307213195,3,1.0
718,2020-01-01 00:16:13,gw_main,devC,1,868300000.0,7,125.0,-95.61423492119621,3.802761117419954,"(2.0, 4.0]",76.0,0.13849599999999998,0.952054794520548,1.0502439482079189,0.1956985340589228,3,1.0
719,2020-01-01 00:16:14,gw_main,devB,1,867300000.0,9,125.0,-122.87652692630114,-6.2043156737143565,"(-8.0, -6.0]",37.0,0.267264,0.41304347826086957,1.9314744801512285,1.4476880756143664,3,1.0
720,2020-01-01 00:16:15,gw_main,devC,1,867300000.0,9,125.0,-111.347176882644,5.7520668478163355,"(4.0, 6.0]",38.0,0.267264,0.9516129032258065,1.0507284079084287,0.331550285119667,3,1.0
721,2020-01-01 00:16:16,gw_main,devA,1,867300000.0,7,125.0,-104.27438851044415,-1.3721065493472007,"(-2.0, 0.0]",79.0,0.143616,0.8554216867469879,1.165481201916098,0.3328629502104804,3,1.0
722,2020-01-01 00:16:19,gw_main,devA,1,867900000.0,7,125.0,-105.23616366755193,-5.4680009870746,"(-6.0, -4.0]",27.0,0.066816,0.6124031007751938,1.537828255513491,0.6405797882338804,3,1.0
723,2020-01-01 00:16:20,gw_main,devC,1,867300000.0,8,125.0,-106.2603719154336,-5.476607385332365,"(-6.0, -4.0]",53.0,0.184832,0.6025641025641025,1.5553911900065749,0.8428772544378702,3,1.0
724,2020-01-01 00:16:21,gw_main,devB,0,867900000.0,8,125.0,-106.30477968679702,-9.403766135718552,"(-10.0, -8.0]",75.0,0.246272,0.2653061224489796,2.2744689712619737,1.8346069937526024,3,1.0
725,2020-01-01 00:16:22,gw_main,devA,1,868300000.0,7,125.0,-104.58807404544709,-0.16024652878867934,"(-2.0, 0.0]",27.0,0.066816,0.8554216867469879,1.165481201916098,0.24335399390332407,3,1.0
726,2020-01-01 00:16:23,gw_main,devA,0,868300000.0,7,125.0,-111.02359603717524,2.9809411301450117,"(2.0, 4.0]",27.0,0.066816,0.952054794520548,1.0502439482079189,0.1204170478513792,3,1.0
727,2020-01-01 00:16:24,gw_main,devA,1,867900000.0,11,125.0,-112.26761887032178,6.138155916787455,"(6.0, 8.0]",44.0,1.150976,0.9473684210526315,1.0554016620498614,1.2701436454293626,3,1.0
728,2020-01-01 00:16:25,gw_main,devB,1,867900000.0,7,125.0,-109.31753134578307,-0.8503671707340674,"(-2.0, 0.0]",74.0,0.133376,0.8554216867469879,1.165481201916098,0.32092842270285954,3,1.0
729,2020-01-01 00:16:26,gw_main,devB,1,867300000.0,12,125.0,-100.37977942404031,6.287131250685874,"(6.0, 8.0]",44.0,2.138112,0.875,1.140625,2.579409,3,1.0
730,2020-01-01 00:16:28,gw_main,devB,1,867100000.0,8,125.0,-104.77127405514928,-0.5597308858773279,"(-2.0, 0.0]",26.0,0.11315199999999999,0.926605504587156,1.07878124736975,0.20084750307213195,3,1.0
731,2020-01-01 00:16:29,gw_main,devA,1,867900000.0,10,125.0,-108.35282814767353,3.4413776871467383,"(2.0, 4.0]",40.0,0.534528,0.9767441860465116,1.0237966468361277,0.5710446208761494,3,1.0
732,2020-01-01 00:16:30,gw_main,devA,1,868300000.0,7,125.0,-94.9964892502105,6.350356656754544,"(6.0, 8.0]",61.0,0.112896,0.9651162790697675,1.0361005949161708,0.15307220767982682,3,1.0
733,2020-01-01 00:16:31,gw_main,devB,1,867900000.0,8,125.0,-100.96872037050281,-2.048606726751556,"(-4.0, -2.0]",61.0,0.205312,0.7203389830508474,1.3578713013501866,0.6366585739729962,3,1.0
734,2020-01-01 00:16:33,gw_main,devA,0,867100000.0,7,125.0,-107.02681688682694,-0.9649884281990357,"(-2.0, 0.0]",61.0,0.112896,0.8554216867469879,1.165481201916098,0.29705936768761787,3,1.0
735,2020-01-01 00:16:36,gw_main,devA,1,867100000.0,10,125.0,-107.31336385403256,6.168036360397723,"(6.0, 8.0]",48.0,0.575488,0.9666666666666667,1.0344444444444445,0.629754808888889,3,1.0
736,2020-01-01 00:16:38,gw_main,devA,1,867900000.0,9,125.0,-113.75796132781876,2.7746607406671844,"(2.0, 4.0]",40.0,0.287744,0.9358974358974359,1.0682117028270874,0.3755832110453649,3,1.0
737,2020-01-01 00:16:39,gw_main,devA,0,867100000.0,7,125.0,-102.98310915719713,-4.952835433343548,"(-6.0, -4.0]",31.0,0.071936,0.6124031007751938,1.537828255513491,0.6484534689021095,3,1.0
738,2020-01-01 00:16:41,gw_main,devB,1,867300000.0,11,125.0,-114.93155140973579,2.349558094502009,"(2.0, 4.0]",20.0,0.7413759999999999,0.9523809523809523,1.0498866213151927,0.8282473650793649,3,1.0
739,2020-01-01 00:16:42,gw_main,devC,0,867900000.0,10,125.0,-109.05825145624988,-2.5240884407840047,"(-4.0, -2.0]",33.0,0.45260799999999995,0.6428571428571429,1.4846938775510203,1.1566782040816324,3,1.0
740,2020-01-01 00:16:43,gw_main,devB,1,868300000.0,7,125.0,-115.22743949385057,12.12533659798285,"(12.0, 14.0]",67.0,0.123136,0.9565217391304348,1.0453686200378072,0.17409113043478258,3,1.0
741,2020-01-01 00:16:44,gw_main,devC,1,867100000.0,7,125.0,-109.03739645201941,2.226239767451425,"(2.0, 4.0]",76.0,0.13849599999999998,0.952054794520548,1.0502439482079189,0.1956985340589228,3,1.0
742,2020-01-01 00:16:45,gw_main,devA,1,867900000.0,8,125.0,-108.28992526306124,10.661573537864307,"(10.0, 12.0]",24.0,0.11315199999999999,0.9583333333333334,1.0434027777777777,0.16146588888888877,3,1.0
743,2020-01-01 00:16:46,gw_main,devB,1,867100000.0,9,125.0,-82.38884009453625,5.7548335433887505,"(4.0, 6.0]",54.0,0.349184,0.9516129032258065,1.0507284079084287,0.41762595629552546,3,1.0
744,2020-01-01 00:16:47,gw_main,devC,1,867300000.0,7,125.0,-115.14728927301095,-3.9736488423363996,"(-4.0, -2.0]",60.0,0.112896,0.8152866242038217,1.2188324069941985,0.3564337104142155,3,1.0
745,2020-01-01 00:16:48,gw_main,devC,1,868300000.0,10,125.0,-100.17210802560857,-2.2931208939473726,"(-4.0, -2.0]",42.0,0.534528,0.6428571428571429,1.4846938775510203,1.2783043265306122,3,1.0
746,2020-01-01 00:16:49,gw_main,devB,1,867300000.0,10,125.0,-109.98991476421007,2.6166124041433836,"(2.0, 4.0]",68.0,0.739328,0.9767441860465116,1.0237966468361277,0.7807181741481883,3,1.0
747,2020-01-01 00:16:51,gw_main,devC,1,867900000.0,7,125.0,-108.90522313994349,0.29676685055359486,"(0.0, 2.0]",50.0,0.097536,0.9215686274509803,1.0845828527489427,0.1903687258746636,3,1.0
748,2020-01-01 00:16:52,gw_main,devB,1,867100000.0,7,125.0,-113.03745130471478,-1.717229726247302,"(-2.0, 0.0]",32.0,0.071936,0.8554216867469879,1.165481201916098,0.24932125765713448,3,1.0
749,2020-01-01 00:16:53,gw_main,devB,0,868300000.0,10,125.0,-93.2283697513963,-10.850858134445971,"(-12.0, -10.0]",21.0,0.37068799999999996,0.07692307692307693,2.7751479289940835,2.803861964497042,3,1.0
750,2020-01-01 00:16:54,gw_main,devA,1,867300000.0,8,125.0,-95.96609829615556,-1.3525958605241488,"(-2.0, 0.0]",65.0,0.215552,0.926605504587156,1.07878124736975,0.3113147028027944,3,1.0
751,2020-01-01 00:16:56,gw_main,devA,1,867100000.0,7,125.0,-107.19589883398656,2.2309174127096227,"(2.0, 4.0]",69.0,0.12825599999999998,0.952054794520548,1.0502439482079189,0.1849440360292737,3,1.0
752,2020-01-01 00:16:58,gw_main,devA,1,867300000.0,9,125.0,-120.04282217390707,-4.292500357032857,"(-6.0, -4.0]",33.0,0.24678399999999998,0.4411764705882353,1.871107266435986,1.3328666020761244,3,1.0
753,2020-01-01 00:16:59,gw_main,devA,1,867100000.0,9,125.0,-104.4191051086235,-1.315822773779873,"(-2.0, 0.0]",62.0,0.369664,0.826530612244898,1.203561016243232,0.6484741957517701,3,1.0
754,2020-01-01 00:17:00,gw_main,devB,1,867300000.0,8,125.0,-101.41111812696207,1.6360340777751845,"(0.0, 2.0]",28.0,0.12339199999999999,0.9338842975206612,1.0704869885936752,0.20257651909022595,3,1.0
755,2020-01-01 00:17:01,gw_main,devA,0,868300000.0,11,125.0,-105.46662188354192,-8.592037066415731,"(-10.0, -8.0]",68.0,1.642496,0.23809523809523808,2.3424036281179133,5.1897922176870726,3,1.0
756,2020-01-01 00:17:02,gw_main,devC,0,867300000.0,8,125.0,-101.81604612127913,-10.49160713732044,"(-12.0, -10.0]",35.0,0.143872,0.18181818181818182,2.487603305785124,1.8454997685950412,3,1.0
757,2020-01-01 00:17:03,gw_main,devC,1,868300000.0,8,125.0,-90.20859473872294,-6.39639522899888,"(-8.0, -6.0]",40.0,0.154112,0.5087719298245614,1.7325330871037241,0.9995372262234532,3,1.0
758,2020-01-01 00:17:05,gw_main,devA,0,867900000.0,8,125.0,-94.80180131119175,-5.801097659335789,"(-6.0, -4.0]",78.0,0.246272,0.6025641025641025,1.5553911900065749,0.9384404891518741,3,1.0
759,2020-01-01 00:17:06,gw_main,devC,1,867100000.0,8,125.0,-86.53291020563687,9.545298183137795,"(8.0, 10.0]",42.0,0.154112,0.9722222222222222,1.0285493827160495,0.18706118518518527,3,1.0
760,2020-01-01 00:17:07,gw_main,devB,0,868300000.0,10,125.0,-131.63802177938473,-6.33951549898231,"(-8.0, -6.0]",43.0,0.534528,0.25,2.3125,2.548596,3,1.0
761,2020-01-01 00:17:08,gw_main,devA,1,868300000.0,8,125.0,-107.89367652341761,3.908431049401102,"(2.0, 4.0]",21.0,0.10291199999999999,0.9166666666666666,1.0902777777777777,0.20248044444444432,3,1.0
762,2020-01-01 00:17:09,gw_main,devA,0,867100000.0,7,125.0,-93.8537968521037,-8.229808849590812,"(-10.0, -8.0]",49.0,0.097536,0.32727272727272727,2.1252892561983474,1.3325814690909095,3,1.0
763,2020-01-01 00:17:10,gw_main,devA,1,867900000.0,8,125.0,-102.86033784073328,1.7947209154349621,"(0.0, 2.0]",64.0,0.215552,0.9338842975206612,1.0704869885936752,0.3012325999590191,3,1.0
764,2020-01-01 00:17:12,gw_main,devC,0,867900000.0,9,125.0,-93.18957792258414,-0.3588767132056371,"(-2.0, 0.0]",67.0,0.410624,0.826530612244898,1.203561016243232,0.6977720549770928,3,1.0
765,2020-01-01 00:17:14,gw_main,devC,1,867900000.0,8,125.0,-120.10405560044337,10.537440751897076,"(10.0, 12.0]",77.0,0.246272,0.9583333333333334,1.0434027777777777,0.30036366666666653,3,1.0
766,2020-01-01 00:17:15,gw_main,devA,1,868300000.0,8,125.0,-98.54731985691812,1.1682380989996413,"(0.0, 2.0]",65.0,0.215552,0.9338842975206612,1.0704869885936752,0.3012325999590191,3,1.0
767,2020-01-01 00:17:16,gw_main,devC,1,867300000.0,7,125.0,-107.45197677577498,0.7461537083765695,"(0.0, 2.0]",47.0,0.092416,0.9215686274509803,1.0845828527489427,0.184815661668589,3,1.0
768,2020-01-01 00:17:17,gw_main,devC,0,868300000.0,11,125.0,-104.04462976974816,-5.840206304893888,"(-6.0, -4.0]",39.0,1.069056,0.3939393939393939,1.9733700642791552,3.0830131717171714,3,1.0
769,2020-01-01 00:17:19,gw_main,devC,1,867300000.0,7,125.0,-101.01167309926244,-1.4764339832716242,"(-2.0, 0.0]",31.0,0.071936,0.8554216867469879,1.165481201916098,0.24932125765713448,3,1.0
770,2020-01-01 00:17:20,gw_main,devA,1,867900000.0,8,125.0,-104.37521630451879,4.99204225745058,"(4.0, 6.0]",58.0,0.195072,0.975609756097561,1.0249851279000597,0.22493102676978013,3,1.0
771,2020-01-01 00:17:22,gw_main,devA,1,868300000.0,7,125.0,-108.81671620938882,10.445134222859107,"(10.0, 12.0]",69.0,0.12825599999999998,0.9696969696969697,1.0312213039485765,0.16348162350780507,3,1.0
772,2020-01-01 00:17:23,gw_main,devC,0,867900000.0,7,125.0,-93.18365255630808,-11.897499018824796,"(-12.0, -10.0]",35.0,0.077056,0.2,2.4400000000000004,1.6280166400000005,3,1.0
773,2020-01-01 00:17:25,gw_main,devC,1,867900000.0,9,125.0,-119.0623252021384,5.2888898328075555,"(4.0, 6.0]",35.0,0.24678399999999998,0.9516129032258065,1.0507284079084287,0.31003136732570236,3,1.0
774,2020-01-01 00:17:26,gw_main,devA,0,867900000.0,8,125.0,-101.32725272027623,-2.1041531825099224,"(-4.0, -2.0]",58.0,0.195072,0.7203389830508474,1.3578713013501866,0.6227539718471702,3,1.0
775,2020-01-01 00:17:27,gw_main,devA,1,867300000.0,9,125.0,-108.46041817229701,-4.753038414032765,"(-6.0, -4.0]",22.0,0.20582399999999998,0.4411764705882353,1.871107266435986,1.2562260484429064,3,1.0
776,2020-01-01 00:17:28,gw_main,devC,1,867300000.0,10,125.0,-110.34399754357834,-1.5952836344374948,"(-2.0, 0.0]",29.0,0.41164799999999996,0.7575757575757576,1.3011937557392104,0.8368275629017448,3,1.0
777,2020-01-01 00:17:29,gw_main,devC,0,867900000.0,8,125.0,-103.59339212442906,-8.279572485644024,"(-10.0, -8.0]",21.0,0.10291199999999999,0.2653061224489796,2.2744689712619737,1.508539122032486,3,1.0
778,2020-01-01 00:17:30,gw_main,devA,1,867100000.0,7,125.0,-92.31543940941904,0.7137226301386168,"(0.0, 2.0]",74.0,0.133376,0.9215686274509803,1.0845828527489427,0.2292401753171857,3,1.0
779,2020-01-01 00:17:31,gw_main,devA,1,867100000.0,7,125.0,-100.88961797792817,14.642771041039342,"(14.0, 16.0]",27.0,0.066816,0.9090909090909091,1.0991735537190082,0.1726159338842974,3,1.0
780,2020-01-01 00:17:32,gw_main,devB,1,867300000.0,9,125.0,-114.29637429286949,6.8701889893603685,"(6.0, 8.0]",78.0,0.451584,0.9761904761904762,1.02437641723356,0.4869684172335601,3,1.0
781,2020-01-01 00:17:35,gw_main,devA,1,867100000.0,7,125.0,-95.89865785521437,-2.4283668541347216,"(-4.0, -2.0]",28.0,0.066816,0.8152866242038217,1.2188324069941985,0.30026991309992285,3,1.0
782,2020-01-01 00:17:37,gw_main,devA,0,867100000.0,10,125.0,-104.54349881445037,-4.928922055015126,"(-6.0, -4.0]",69.0,0.739328,0.5,1.75,2.043824,3,1.0
783,2020-01-01 00:17:38,gw_main,devA,0,867900000.0,9,125.0,-103.66205016011529,-4.141388513685203,"(-6.0, -4.0]",77.0,0.451584,0.4411764705882353,1.871107266435986,1.7160693702422143,3,1.0
784,2020-01-01 00:17:39,gw_main,devB,1,867100000.0,7,125.0,-99.96788434896398,5.308496601089428,"(4.0, 6.0]",45.0,0.092416,0.976,1.024576,0.11926321561599992,3,1.0
785,2020-01-01 00:17:40,gw_main,devB,1,867100000.0,9,125.0,-122.43820874728385,5.18791542285088,"(4.0, 6.0]",67.0,0.410624,0.9516129032258065,1.0507284079084287,0.48218270967741933,3,1.0
786,2020-01-01 00:17:41,gw_main,devA,1,868300000.0,7,125.0,-93.39916727841332,-2.242887962336691,"(-4.0, -2.0]",79.0,0.143616,0.8152866242038217,1.2188324069941985,0.39387624195707727,3,1.0
787,2020-01-01 00:17:45,gw_main,devA,0,868300000.0,7,125.0,-103.39022242482169,-13.383173413629175,"(-14.0, -12.0]",53.0,0.102656,0.2916666666666667,2.210069444444444,1.436946333333333,3,1.0
788,2020-01-01 00:17:46,gw_main,devA,1,868300000.0,11,125.0,-88.16195997518817,4.498919291459491,"(4.0, 6.0]",39.0,1.069056,0.8571428571428571,1.1632653061224492,1.4068610612244903,3,1.0
789,2020-01-01 00:17:48,gw_main,devA,0,868300000.0,12,125.0,-120.18855983608135,2.8877619854708296,"(2.0, 4.0]",28.0,1.6465919999999998,0.782608695652174,1.2646502835538753,2.347013323251418,3,1.0
790,2020-01-01 00:17:49,gw_main,devA,1,868300000.0,9,125.0,-101.82673427872457,11.209949325608003,"(10.0, 12.0]",72.0,0.431104,0.95,1.0525,0.50623696,3,1.0
791,2020-01-01 00:17:51,gw_main,devA,0,867100000.0,12,125.0,-106.15000138409977,-6.906809027681945,"(-8.0, -6.0]",44.0,2.138112,0.5,1.75,4.491696,3,1.0
792,2020-01-01 00:17:53,gw_main,devA,1,867300000.0,9,125.0,-101.98030533671083,6.947142165098624,"(6.0, 8.0]",73.0,0.431104,0.9761904761904762,1.02437641723356,0.4659891882086168,3,1.0
793,2020-01-01 00:17:55,gw_main,devB,0,867300000.0,7,125.0,-144.1047705855725,-5.719781538432025,"(-6.0, -4.0]",79.0,0.143616,0.6124031007751938,1.537828255513491,0.7586849982573165,3,1.0
794,2020-01-01 00:17:57,gw_main,devB,1,867300000.0,9,125.0,-98.92090182208231,-9.60854009709709,"(-10.0, -8.0]",28.0,0.22630399999999998,0.36666666666666664,2.034444444444444,1.4948473599999994,3,1.0
795,2020-01-01 00:17:58,gw_main,devB,1,867900000.0,7,125.0,-113.71797592863359,8.824409695809317,"(8.0, 10.0]",54.0,0.102656,0.9811320754716981,1.0192239231043076,0.12385337415450345,3,1.0
796,2020-01-01 00:18:02,gw_main,devA,0,868300000.0,12,125.0,-102.50145518980378,-1.3625225479840994,"(-2.0, 0.0]",63.0,2.793472,0.7,1.3900000000000001,4.27292608,3,1.0
797,2020-01-01 00:18:03,gw_main,devB,1,868300000.0,8,125.0,-85.65283743493946,0.9967450388557462,"(0.0, 2.0]",30.0,0.12339199999999999,0.9338842975206612,1.0704869885936752,0.20257651909022595,3,1.0
798,2020-01-01 00:18:04,gw_main,devC,1,867900000.0,8,125.0,-102.69047889338967,1.6286914120490201,"(0.0, 2.0]",63.0,0.215552,0.9338842975206612,1.0704869885936752,0.3012325999590191,3,1.0
799,2020-01-01 00:18:05,gw_main,devB,1,867100000.0,10,125.0,-107.66532042139009,-1.281672087752689,"(-2.0, 0.0]",44.0,0.534528,0.7575757575757576,1.3011937557392104,0.996718251606979,3,1.0
800,2020-01-01 00:18:06,gw_main,devA,1,868300000.0,7,125.0,-112.64122025022851,6.821317912619648,"(6.0, 8.0]",55.0,0.107776,0.9651162790697675,1.0361005949161708,0.14776737263385603,3,1.0
801,2020-01-01 00:18:07,gw_main,devA,0,867100000.0,7,125.0,-93.1034484921825,-12.836257017823167,"(-14.0, -12.0]",21.0,0.056575999999999994,0.2916666666666667,2.210069444444444,1.335106333333333,3,1.0
802,2020-01-01 00:18:09,gw_main,devB,1,868300000.0,7,125.0,-111.16798174587548,-4.287506470292386,"(-6.0, -4.0]",62.0,0.118016,0.6124031007751938,1.537828255513491,0.7193165949161712,3,1.0
803,2020-01-01 00:18:10,gw_main,devA,1,867300000.0,9,125.0,-109.42826837507869,0.7950806108609179,"(0.0, 2.0]",64.0,0.390144,0.8987341772151899,1.1115205896490947,0.5451736785771512,3,1.0
804,2020-01-01 00:18:11,gw_main,devC,1,867300000.0,10,125.0,-103.07232807524201,1.3245590276776729,"(0.0, 2.0]",68.0,0.739328,0.8888888888888888,1.1234567901234567,0.9540598518518516,3,1.0
805,2020-01-01 00:18:12,gw_main,devB,0,868300000.0,8,125.0,-105.28318405548474,-5.470973258968734,"(-6.0, -4.0]",41.0,0.154112,0.6025641025641025,1.5553911900065749,0.7950956370808682,3,1.0
806,2020-01-01 00:18:13,gw_main,devC,0,867300000.0,7,125.0,-118.91350467538544,-3.8456939792129545,"(-4.0, -2.0]",52.0,0.102656,0.8152866242038217,1.2188324069941985,0.3439528665665949,3,1.0
807,2020-01-01 00:18:14,gw_main,devA,1,867900000.0,7,125.0,-116.18100811834167,4.755520339511065,"(4.0, 6.0]",27.0,0.066816,0.976,1.024576,0.09303407001599993,3,1.0
808,2020-01-01 00:18:15,gw_main,devB,1,867300000.0,8,125.0,-90.4136306041218,2.094337611905914,"(2.0, 4.0]",27.0,0.12339199999999999,0.9166666666666666,1.0902777777777777,0.22480933333333322,3,1.0
809,2020-01-01 00:18:16,gw_main,devA,1,867100000.0,11,125.0,-104.91008940594939,-4.081490619614867,"(-6.0, -4.0]",59.0,1.478656,0.3939393939393939,1.9733700642791552,3.8913055500459137,3,1.0
810,2020-01-01 00:18:17,gw_main,devA,1,867900000.0,9,125.0,-105.68179977379774,12.239345756051655,"(12.0, 14.0]",64.0,0.390144,0.9230769230769231,1.0828402366863903,0.5053038579881654,3,1.0
811,2020-01-01 00:18:18,gw_main,devA,1,867100000.0,9,125.0,-108.79858478184516,13.855065890970494,"(12.0, 14.0]",64.0,0.390144,0.9230769230769231,1.0828402366863903,0.5053038579881654,3,1.0
812,2020-01-01 00:18:20,gw_main,devC,1,867900000.0,7,125.0,-112.37994288029586,1.8107697618020595,"(0.0, 2.0]",57.0,0.107776,0.9215686274509803,1.0845828527489427,0.20147485428681278,3,1.0
813,2020-01-01 00:18:22,gw_main,devA,1,867100000.0,7,125.0,-98.05237808642376,4.703391775109354,"(4.0, 6.0]",65.0,0.123136,0.976,1.024576,0.15073819033599992,3,1.0
814,2020-01-01 00:18:24,gw_main,devA,1,867300000.0,10,125.0,-97.4967707847338,-1.2483410001565984,"(-2.0, 0.0]",48.0,0.575488,0.7575757575757576,1.3011937557392104,1.050015147842057,3,1.0
815,2020-01-01 00:18:25,gw_main,devA,0,868300000.0,7,125.0,-107.13688787408546,-3.247165715260323,"(-4.0, -2.0]",26.0,0.061695999999999994,0.8152866242038217,1.2188324069941985,0.29402949117611255,3,1.0
816,2020-01-01 00:18:26,gw_main,devA,1,867300000.0,9,125.0,-109.44754832610948,-1.2750882157184154,"(-2.0, 0.0]",57.0,0.349184,0.826530612244898,1.203561016243232,0.6238252661391086,3,1.0
817,2020-01-01 00:18:27,gw_main,devB,1,867300000.0,9,125.0,-96.85810993426196,-3.304376474448826,"(-4.0, -2.0]",64.0,0.390144,0.7241379310344828,1.351961950059453,0.8794217931034484,3,1.0
818,2020-01-01 00:18:29,gw_main,devA,1,867100000.0,10,125.0,-112.92773537884406,-2.38892191614865,"(-4.0, -2.0]",65.0,0.739328,0.6428571428571429,1.4846938775510203,1.5823696326530612,3,1.0
819,2020-01-01 00:18:31,gw_main,devB,0,867100000.0,11,125.0,-107.32573657249884,-7.212964120974483,"(-8.0, -6.0]",38.0,1.069056,0.21739130434782608,2.3950850661625713,3.955565126654065,3,1.0
820,2020-01-01 00:18:32,gw_main,devB,0,867300000.0,7,125.0,-101.63832051803033,-0.2975392462818204,"(-2.0, 0.0]",53.0,0.102656,0.8554216867469879,1.165481201916098,0.285124840179997,3,1.0
821,2020-01-01 00:18:33,gw_main,devC,0,868300000.0,9,125.0,-92.18453961443025,-5.364730040634019,"(-6.0, -4.0]",49.0,0.328704,0.4411764705882353,1.871107266435986,1.4861477093425604,3,1.0
822,2020-01-01 00:18:34,gw_main,devB,1,867100000.0,11,125.0,-116.99442906907785,-1.0845010123745635,"(-2.0, 0.0]",64.0,1.560576,0.7209302325581395,1.3569497025419146,2.4745728415359656,3,1.0
823,2020-01-01 00:18:35,gw_main,devB,1,867900000.0,10,125.0,-108.41949216123598,6.2508933163291935,"(6.0, 8.0]",57.0,0.657408,0.9666666666666667,1.0344444444444445,0.7144964977777779,3,1.0
824,2020-01-01 00:18:36,gw_main,devA,1,867300000.0,8,125.0,-97.01761269340061,2.1955493178667584,"(2.0, 4.0]",75.0,0.246272,0.9166666666666666,1.0902777777777777,0.3587826666666665,3,1.0
825,2020-01-01 00:18:37,gw_main,devB,1,867100000.0,7,125.0,-108.3045085867727,3.028351768712586,"(2.0, 4.0]",78.0,0.13849599999999998,0.952054794520548,1.0502439482079189,0.1956985340589228,3,1.0
826,2020-01-01 00:18:39,gw_main,devC,1,867100000.0,8,125.0,-106.95940226925875,0.3550543811489598,"(0.0, 2.0]",70.0,0.225792,0.9338842975206612,1.0704869885936752,0.31219438672221833,3,1.0
827,2020-01-01 00:18:40,gw_main,devC,1,867100000.0,7,125.0,-108.34326511259044,-0.7639693840297792,"(-2.0, 0.0]",55.0,0.107776,0.8554216867469879,1.165481201916098,0.29109210393380747,3,1.0
828,2020-01-01 00:18:41,gw_main,devB,1,868300000.0,8,125.0,-108.43840715589876,-1.8468372954099987,"(-2.0, 0.0]",70.0,0.225792,0.926605504587156,1.07878124736975,0.3223614227758606,3,1.0
829,2020-01-01 00:18:44,gw_main,devC,1,867900000.0,7,125.0,-90.2743871392472,8.044335517353266,"(8.0, 10.0]",42.0,0.087296,0.9811320754716981,1.0192239231043076,0.10819809469562129,3,1.0
830,2020-01-01 00:18:45,gw_main,devA,1,868300000.0,9,125.0,-102.72746365584943,0.20446837610890473,"(0.0, 2.0]",60.0,0.369664,0.8987341772151899,1.1115205896490947,0.5224097369011377,3,1.0
831,2020-01-01 00:18:47,gw_main,devC,1,867300000.0,11,125.0,-104.4004875095984,-2.9348764742400775,"(-4.0, -2.0]",49.0,1.232896,0.7407407407407407,1.3264746227709192,1.9618798792866945,3,1.0
832,2020-01-01 00:18:48,gw_main,devA,1,867300000.0,8,125.0,-90.09463346982531,-4.0619424071286705,"(-6.0, -4.0]",76.0,0.246272,0.6025641025641025,1.5553911900065749,0.9384404891518741,3,1.0
833,2020-01-01 00:18:50,gw_main,devA,0,867300000.0,7,125.0,-94.69720414742505,-4.3070582669298485,"(-6.0, -4.0]",25.0,0.061695999999999994,0.6124031007751938,1.537828255513491,0.6327061075656514,3,1.0
834,2020-01-01 00:18:51,gw_main,devA,1,867300000.0,7,125.0,-104.13564658140703,6.8527871927024195,"(6.0, 8.0]",27.0,0.066816,0.9651162790697675,1.0361005949161708,0.10532869226608967,3,1.0
835,2020-01-01 00:18:52,gw_main,devA,0,867900000.0,11,125.0,-91.1683515650051,-4.689833955685459,"(-6.0, -4.0]",41.0,1.150976,0.3939393939393939,1.9733700642791552,3.24467164738292,3,1.0
836,2020-01-01 00:18:54,gw_main,devB,1,867300000.0,7,125.0,-109.70241844022581,-4.38599095635537,"(-6.0, -4.0]",33.0,0.071936,0.6124031007751938,1.537828255513491,0.6484534689021095,3,1.0
837,2020-01-01 00:18:57,gw_main,devA,1,867100000.0,9,125.0,-92.50511411155782,6.3549478702278694,"(6.0, 8.0]",21.0,0.18534399999999998,0.9761904761904762,1.02437641723356,0.21423843990929703,3,1.0
838,2020-01-01 00:18:58,gw_main,devB,1,867900000.0,11,125.0,-107.14740319036103,3.88655880159404,"(2.0, 4.0]",79.0,1.806336,0.9523809523809523,1.0498866213151927,1.9463346213151926,3,1.0
839,2020-01-01 00:18:59,gw_main,devC,0,868300000.0,11,125.0,-100.83635419470426,-8.025537029683456,"(-10.0, -8.0]",72.0,1.642496,0.23809523809523808,2.3424036281179133,5.1897922176870726,3,1.0
840,2020-01-01 00:19:00,gw_main,devB,1,867300000.0,7,125.0,-96.4078325800505,-4.5735316894079965,"(-6.0, -4.0]",51.0,0.102656,0.6124031007751938,1.537828255513491,0.6956955529114839,3,1.0
841,2020-01-01 00:19:01,gw_main,devB,1,867900000.0,8,125.0,-100.16742425103203,10.67180121340011,"(10.0, 12.0]",53.0,0.184832,0.9583333333333334,1.0434027777777777,0.23625699999999988,3,1.0
842,2020-01-01 00:19:02,gw_main,devA,1,867300000.0,7,125.0,-112.08972500173925,1.9110684524060035,"(0.0, 2.0]",61.0,0.112896,0.9215686274509803,1.0845828527489427,0.20702791849288738,3,1.0
843,2020-01-01 00:19:03,gw_main,devC,1,867900000.0,9,125.0,-117.38586872425492,0.02471215580435297,"(0.0, 2.0]",70.0,0.410624,0.8987341772151899,1.1115205896490947,0.5679376202531645,3,1.0
844,2020-01-01 00:19:04,gw_main,devA,1,867300000.0,7,125.0,-120.4460891175549,6.336375367161346,"(6.0, 8.0]",31.0,0.071936,0.9651162790697675,1.0361005949161708,0.11063352731206046,3,1.0
845,2020-01-01 00:19:05,gw_main,devB,1,867900000.0,7,125.0,-113.60588898820701,14.71644675258095,"(14.0, 16.0]",65.0,0.123136,0.9090909090909091,1.0991735537190082,0.23452138842975193,3,1.0
846,2020-01-01 00:19:06,gw_main,devC,1,867100000.0,7,125.0,-112.24552928567707,7.779439665478432,"(6.0, 8.0]",59.0,0.112896,0.9651162790697675,1.0361005949161708,0.15307220767982682,3,1.0
847,2020-01-01 00:19:07,gw_main,devB,1,867900000.0,7,125.0,-112.646087893013,0.836491528623474,"(0.0, 2.0]",27.0,0.066816,0.9215686274509803,1.0845828527489427,0.1570503406382161,3,1.0
848,2020-01-01 00:19:08,gw_main,devC,1,867100000.0,9,125.0,-101.50391150749122,2.1281290559089396,"(2.0, 4.0]",50.0,0.328704,0.9358974358974359,1.0682117028270874,0.4193371623931624,3,1.0
849,2020-01-01 00:19:09,gw_main,devB,1,868300000.0,7,125.0,-117.67017614100355,3.7024787465893034,"(2.0, 4.0]",44.0,0.092416,0.952054794520548,1.0502439482079189,0.14730329292550193,3,1.0
850,2020-01-01 00:19:10,gw_main,devC,1,867100000.0,8,125.0,-120.01403536854073,-3.676190979060743,"(-4.0, -2.0]",64.0,0.215552,0.7203389830508474,1.3578713013501866,0.650563176098822,3,1.0
851,2020-01-01 00:19:11,gw_main,devB,1,867100000.0,7,125.0,-104.01493061359254,-6.352316836304642,"(-8.0, -6.0]",74.0,0.133376,0.5533980582524272,1.6460552361202754,0.8655994992930532,3,1.0
852,2020-01-01 00:19:12,gw_main,devB,1,867100000.0,8,125.0,-89.67292629330032,0.314694500936284,"(0.0, 2.0]",48.0,0.174592,0.9338842975206612,1.0704869885936752,0.25738545290622217,3,1.0
853,2020-01-01 00:19:13,gw_main,devC,1,867900000.0,7,125.0,-113.83234698193627,-5.683267376778723,"(-6.0, -4.0]",77.0,0.13849599999999998,0.6124031007751938,1.537828255513491,0.7508113175890874,3,1.0
854,2020-01-01 00:19:15,gw_main,devB,1,867900000.0,9,125.0,-106.07399586010573,0.576738239952543,"(0.0, 2.0]",50.0,0.328704,0.8987341772151899,1.1115205896490947,0.4768818535491108,3,1.0
855,2020-01-01 00:19:18,gw_main,devC,1,868300000.0,7,125.0,-109.5738781062357,-0.7307335918256082,"(-2.0, 0.0]",79.0,0.143616,0.8554216867469879,1.165481201916098,0.3328629502104804,3,1.0
856,2020-01-01 00:19:19,gw_main,devA,1,867900000.0,7,125.0,-97.43138097028427,-0.9858173375071968,"(-2.0, 0.0]",53.0,0.102656,0.8554216867469879,1.165481201916098,0.285124840179997,3,1.0
857,2020-01-01 00:19:21,gw_main,devC,1,867100000.0,11,125.0,-98.4481846522344,6.280345989501735,"(6.0, 8.0]",58.0,1.396736,0.9473684210526315,1.0554016620498614,1.5295191578947367,3,1.0
858,2020-01-01 00:19:23,gw_main,devB,0,867300000.0,7,125.0,-125.10502886240897,-4.928112180630188,"(-6.0, -4.0]",71.0,0.12825599999999998,0.6124031007751938,1.537828255513491,0.7350639562526293,3,1.0
859,2020-01-01 00:19:25,gw_main,devC,1,868300000.0,7,125.0,-117.68948469700176,-5.55722698081708,"(-6.0, -4.0]",63.0,0.118016,0.6124031007751938,1.537828255513491,0.7193165949161712,3,1.0
860,2020-01-01 00:19:27,gw_main,devC,1,867100000.0,7,125.0,-104.72514080421794,0.27388225093921736,"(0.0, 2.0]",22.0,0.056575999999999994,0.9215686274509803,1.0845828527489427,0.1459442122260669,3,1.0
861,2020-01-01 00:19:28,gw_main,devA,1,868300000.0,10,125.0,-104.58400057402346,-6.0926039694369525,"(-8.0, -6.0]",55.0,0.657408,0.25,2.3125,2.832756,3,1.0
862,2020-01-01 00:19:29,gw_main,devA,1,868300000.0,7,125.0,-90.19887248084363,-2.2366048589091445,"(-4.0, -2.0]",44.0,0.092416,0.8152866242038217,1.2188324069941985,0.33147202271897436,3,1.0
863,2020-01-01 00:19:31,gw_main,devB,1,867900000.0,7,125.0,-103.10393209244535,3.0220735896535826,"(2.0, 4.0]",73.0,0.133376,0.952054794520548,1.0502439482079189,0.19032128504409826,3,1.0
864,2020-01-01 00:19:32,gw_main,devC,1,867300000.0,8,125.0,-106.83875317209873,-3.5603661170311547,"(-4.0, -2.0]",78.0,0.246272,0.7203389830508474,1.3578713013501866,0.6922769824762998,3,1.0
865,2020-01-01 00:19:33,gw_main,devB,1,867100000.0,9,125.0,-99.75546512399772,-1.502640345947245,"(-2.0, 0.0]",28.0,0.22630399999999998,0.826530612244898,1.203561016243232,0.4759316884631403,3,1.0
866,2020-01-01 00:19:35,gw_main,devA,1,868300000.0,8,125.0,-109.89937214923879,-6.908314813427661,"(-8.0, -6.0]",27.0,0.12339199999999999,0.5087719298245614,1.7325330871037241,0.9463138097876268,3,1.0
867,2020-01-01 00:19:36,gw_main,devC,1,867900000.0,8,125.0,-99.5546708996385,9.706293949073068,"(8.0, 10.0]",49.0,0.174592,0.9722222222222222,1.0285493827160495,0.20812587654320996,3,1.0
868,2020-01-01 00:19:37,gw_main,devA,0,867100000.0,7,125.0,-110.20846097424743,-13.128844036169072,"(-14.0, -12.0]",66.0,0.123136,0.2916666666666667,2.210069444444444,1.4822085555555553,3,1.0
869,2020-01-01 00:19:40,gw_main,devA,1,867900000.0,9,125.0,-111.02105134461983,-2.2460954719622226,"(-4.0, -2.0]",24.0,0.20582399999999998,0.7241379310344828,1.351961950059453,0.6302281664684899,3,1.0
870,2020-01-01 00:19:41,gw_main,devC,0,867900000.0,8,125.0,-111.4956888959076,-4.848945140192385,"(-6.0, -4.0]",34.0,0.133632,0.6025641025641025,1.5553911900065749,0.7632412255095335,3,1.0
871,2020-01-01 00:19:42,gw_main,devA,0,868300000.0,11,125.0,-105.17470205965387,-0.36647119432399394,"(-2.0, 0.0]",64.0,1.560576,0.7209302325581395,1.3569497025419146,2.4745728415359656,3,1.0
872,2020-01-01 00:19:43,gw_main,devB,1,867300000.0,7,125.0,-106.84573508175997,-0.029792409013677138,"(-2.0, 0.0]",68.0,0.123136,0.8554216867469879,1.165481201916098,0.3089938951952387,3,1.0
873,2020-01-01 00:19:44,gw_main,devB,1,867900000.0,7,125.0,-116.71213693576375,-0.4927044295913986,"(-2.0, 0.0]",61.0,0.112896,0.8554216867469879,1.165481201916098,0.29705936768761787,3,1.0
874,2020-01-01 00:19:45,gw_main,devB,0,868300000.0,10,125.0,-90.98337873378281,-11.266272726912694,"(-12.0, -10.0]",26.0,0.41164799999999996,0.07692307692307693,2.7751479289940835,2.91753202366864,3,1.0
875,2020-01-01 00:19:46,gw_main,devB,1,867100000.0,8,125.0,-90.6524655934964,-0.8844217677323774,"(-2.0, 0.0]",77.0,0.246272,0.926605504587156,1.07878124736975,0.34445486272199305,3,1.0
876,2020-01-01 00:19:47,gw_main,devA,1,868300000.0,9,125.0,-91.1718743326351,-5.130676141749335,"(-6.0, -4.0]",69.0,0.410624,0.4411764705882353,1.871107266435986,1.6394288166089963,3,1.0
877,2020-01-01 00:19:48,gw_main,devA,0,868300000.0,9,125.0,-95.34333483271679,-3.286415248881237,"(-4.0, -2.0]",63.0,0.390144,0.7241379310344828,1.351961950059453,0.8794217931034484,3,1.0
878,2020-01-01 00:19:49,gw_main,devC,1,868300000.0,10,125.0,-106.63966259825769,1.3618485800487194,"(0.0, 2.0]",31.0,0.45260799999999995,0.8888888888888888,1.1234567901234567,0.6319423209876541,3,1.0
879,2020-01-01 00:19:50,gw_main,devC,1,867900000.0,10,125.0,-114.18092359231781,3.8443725028833993,"(2.0, 4.0]",28.0,0.41164799999999996,0.9767441860465116,1.0237966468361277,0.44524048891292595,3,1.0
880,2020-01-01 00:19:51,gw_main,devC,1,867300000.0,9,125.0,-114.81773138841956,5.38066400545124,"(4.0, 6.0]",75.0,0.431104,0.9516129032258065,1.0507284079084287,0.5037016274713839,3,1.0
881,2020-01-01 00:19:52,gw_main,devC,1,867300000.0,7,125.0,-121.21841164701894,-2.9784783418733305,"(-4.0, -2.0]",64.0,0.118016,0.8152866242038217,1.2188324069941985,0.3626741323380258,3,1.0
882,2020-01-01 00:19:53,gw_main,devB,1,868300000.0,10,125.0,-108.70693181281639,5.544016660320703,"(4.0, 6.0]",74.0,0.780288,0.9736842105263158,1.0270083102493075,0.8283705706371192,3,1.0
883,2020-01-01 00:19:54,gw_main,devA,1,867100000.0,7,125.0,-121.10472263919678,7.0423651957439475,"(6.0, 8.0]",43.0,0.087296,0.9651162790697675,1.0361005949161708,0.12654803244997284,3,1.0
884,2020-01-01 00:19:55,gw_main,devB,1,867300000.0,10,125.0,-104.86790679096237,6.819827547276356,"(6.0, 8.0]",48.0,0.575488,0.9666666666666667,1.0344444444444445,0.629754808888889,3,1.0
885,2020-01-01 00:19:56,gw_main,devB,1,868300000.0,7,125.0,-103.46718119593277,8.338607632868602,"(8.0, 10.0]",60.0,0.112896,0.9811320754716981,1.0192239231043076,0.13429022712709154,3,1.0
886,2020-01-01 00:19:57,gw_main,devA,1,867300000.0,9,125.0,-110.624476907189,-0.8740950355134731,"(-2.0, 0.0]",72.0,0.431104,0.826530612244898,1.203561016243232,0.7224209845897542,3,1.0
887,2020-01-01 00:19:58,gw_main,devB,1,867900000.0,9,125.0,-110.64789560575193,-1.044791490439574,"(-2.0, 0.0]",48.0,0.308224,0.826530612244898,1.203561016243232,0.5745274069137859,3,1.0
888,2020-01-01 00:19:59,gw_main,devA,1,867900000.0,7,125.0,-106.42834238039967,4.950304676366092,"(4.0, 6.0]",57.0,0.107776,0.976,1.024576,0.13500070297599992,3,1.0
889,2020-01-01 00:20:01,gw_main,devB,1,867300000.0,8,125.0,-108.85727740230037,1.2565742836100453,"(0.0, 2.0]",33.0,0.133632,0.9338842975206612,1.0704869885936752,0.2135383058534252,3,1.0
890,2020-01-01 00:20:02,gw_main,devC,1,868300000.0,7,125.0,-90.87832183908598,-3.183353953019485,"(-4.0, -2.0]",32.0,0.071936,0.8152866242038217,1.2188324069941985,0.30651033502373315,3,1.0
891,2020-01-01 00:20:03,gw_main,devB,0,867100000.0,10,125.0,-113.76372830047735,-2.212734305168449,"(-4.0, -2.0]",73.0,0.780288,0.6428571428571429,1.4846938775510203,1.643182693877551,3,1.0
892,2020-01-01 00:20:05,gw_main,devA,1,868300000.0,8,125.0,-110.1568158668506,-5.343265834819246,"(-6.0, -4.0]",62.0,0.205312,0.6025641025641025,1.5553911900065749,0.8747316660092048,3,1.0
893,2020-01-01 00:20:06,gw_main,devC,1,867300000.0,11,125.0,-107.69131365540626,-0.12296357674269057,"(-2.0, 0.0]",24.0,0.8232959999999999,0.7209302325581395,1.3569497025419146,1.4741209648458626,3,1.0
894,2020-01-01 00:20:09,gw_main,devA,1,867300000.0,10,125.0,-108.81715495478807,-0.4819588499754687,"(-2.0, 0.0]",31.0,0.45260799999999995,0.7575757575757576,1.3011937557392104,0.8901244591368228,3,1.0
895,2020-01-01 00:20:11,gw_main,devA,0,867300000.0,10,125.0,-122.34758827260849,-4.984075122098038,"(-6.0, -4.0]",36.0,0.49356799999999995,0.5,1.75,1.613744,3,1.0
896,2020-01-01 00:20:12,gw_main,devA,1,867100000.0,7,125.0,-103.59253436552846,2.4141389818568344,"(2.0, 4.0]",22.0,0.056575999999999994,0.952054794520548,1.0502439482079189,0.1096625498217301,3,1.0
897,2020-01-01 00:20:14,gw_main,devA,1,868300000.0,8,125.0,-118.0079630004518,3.635307234894024,"(2.0, 4.0]",58.0,0.195072,0.9166666666666666,1.0902777777777777,0.3029604444444443,3,1.0
898,2020-01-01 00:20:15,gw_main,devC,1,867300000.0,9,125.0,-118.61779817514697,10.510120824755772,"(10.0, 12.0]",71.0,0.410624,0.95,1.0525,0.48468175999999996,3,1.0
899,2020-01-01 00:20:16,gw_main,devA,1,867300000.0,9,125.0,-105.0749268773655,-0.19424974357088198,"(-2.0, 0.0]",56.0,0.349184,0.826530612244898,1.203561016243232,0.6238252661391086,3,1.0
900,2020-01-01 00:20:17,gw_main,devA,0,867300000.0,8,125.0,-95.9004793037058,-8.98412684504443,"(-10.0, -8.0]",50.0,0.174592,0.2653061224489796,2.2744689712619737,1.671573057892544,3,1.0
901,2020-01-01 00:20:19,gw_main,devC,0,868300000.0,9,125.0,-106.76278410425415,-8.748884648019704,"(-10.0, -8.0]",73.0,0.431104,0.36666666666666664,2.034444444444444,1.9115015822222217,3,1.0
902,2020-01-01 00:20:20,gw_main,devA,1,867900000.0,7,125.0,-108.85699067566182,-7.18265813648987,"(-8.0, -6.0]",77.0,0.13849599999999998,0.5533980582524272,1.6460552361202754,0.874027302101989,3,1.0
903,2020-01-01 00:20:21,gw_main,devA,1,867100000.0,11,125.0,-110.434332754194,7.831624340912807,"(6.0, 8.0]",59.0,1.478656,0.9473684210526315,1.0554016620498614,1.6159776620498612,3,1.0
904,2020-01-01 00:20:23,gw_main,devC,0,867100000.0,7,125.0,-100.48355661681455,-9.121046589454556,"(-10.0, -8.0]",67.0,0.123136,0.32727272727272727,2.1252892561983474,1.386988874049587,3,1.0
905,2020-01-01 00:20:24,gw_main,devB,1,867100000.0,7,125.0,-96.66863009566693,3.9217929961807307,"(2.0, 4.0]",72.0,0.133376,0.952054794520548,1.0502439482079189,0.19032128504409826,3,1.0
906,2020-01-01 00:20:25,gw_main,devA,1,867900000.0,8,125.0,-101.33005576643407,7.562249244473294,"(6.0, 8.0]",78.0,0.246272,0.9850746268656716,1.0151481398975275,0.26515070260637136,3,1.0
907,2020-01-01 00:20:26,gw_main,devC,1,867100000.0,9,125.0,-112.17922864089884,-2.159247344615172,"(-4.0, -2.0]",70.0,0.410624,0.7241379310344828,1.351961950059453,0.9071099738406659,3,1.0
908,2020-01-01 00:20:27,gw_main,devA,1,867300000.0,8,125.0,-101.10850704508529,-4.055945034821317,"(-6.0, -4.0]",68.0,0.225792,0.6025641025641025,1.5553911900065749,0.9065860775805394,3,1.0
909,2020-01-01 00:20:29,gw_main,devC,0,867300000.0,9,125.0,-122.22906932466908,1.7076390615250285,"(0.0, 2.0]",33.0,0.24678399999999998,0.8987341772151899,1.1115205896490947,0.38582608684505687,3,1.0
910,2020-01-01 00:20:30,gw_main,devB,1,867300000.0,7,125.0,-103.36235938442782,3.8398209015382263,"(2.0, 4.0]",41.0,0.087296,0.952054794520548,1.0502439482079189,0.14192604391067737,3,1.0
911,2020-01-01 00:20:33,gw_main,devA,1,867100000.0,7,125.0,-117.34999557816639,7.112423089361872,"(6.0, 8.0]",65.0,0.123136,0.9651162790697675,1.0361005949161708,0.1636818777717684,3,1.0
912,2020-01-01 00:20:34,gw_main,devC,1,867100000.0,8,125.0,-115.47540192818903,8.171528590680438,"(8.0, 10.0]",53.0,0.184832,0.9722222222222222,1.0285493827160495,0.2186582222222223,3,1.0
913,2020-01-01 00:20:36,gw_main,devB,0,867300000.0,12,125.0,-111.02605407178264,-9.185439625991915,"(-10.0, -8.0]",74.0,3.121152,0.25,2.3125,8.530164,3,1.0
914,2020-01-01 00:20:37,gw_main,devC,1,867300000.0,7,125.0,-110.52784894591728,-0.7857853770817096,"(-2.0, 0.0]",42.0,0.087296,0.8554216867469879,1.165481201916098,0.26722304891856574,3,1.0
915,2020-01-01 00:20:39,gw_main,devB,1,867300000.0,11,125.0,-102.39308913588914,-2.298757590046199,"(-4.0, -2.0]",33.0,0.9871359999999999,0.7407407407407407,1.3264746227709192,1.6358854759945132,3,1.0
916,2020-01-01 00:20:40,gw_main,devC,1,867300000.0,7,125.0,-96.84666016335665,5.467565129411819,"(4.0, 6.0]",53.0,0.102656,0.976,1.024576,0.12975487385599993,3,1.0
917,2020-01-01 00:20:41,gw_main,devB,0,867300000.0,10,125.0,-114.65089687276982,-2.1612838331130284,"(-4.0, -2.0]",51.0,0.616448,0.6428571428571429,1.4846938775510203,1.3999304489795916,3,1.0
918,2020-01-01 00:20:42,gw_main,devB,0,867900000.0,8,125.0,-103.95946200063645,-5.55448217978226,"(-6.0, -4.0]",57.0,0.195072,0.6025641025641025,1.5553911900065749,0.8588044602235374,3,1.0
919,2020-01-01 00:20:43,gw_main,devB,1,867900000.0,7,125.0,-110.11885493755776,8.665793996634374,"(8.0, 10.0]",21.0,0.056575999999999994,0.9811320754716981,1.0192239231043076,0.07688753577785695,3,1.0
920,2020-01-01 00:20:44,gw_main,devA,1,867300000.0,12,125.0,-103.99879947829135,3.9960258588380264,"(2.0, 4.0]",67.0,2.957312,0.782608695652174,1.2646502835538753,4.004615742911153,3,1.0
921,2020-01-01 00:20:45,gw_main,devA,1,867100000.0,8,125.0,-96.50621648545255,1.3155227052022858,"(0.0, 2.0]",29.0,0.12339199999999999,0.9338842975206612,1.0704869885936752,0.20257651909022595,3,1.0
922,2020-01-01 00:20:46,gw_main,devC,1,867300000.0,7,125.0,-104.01295839182167,5.560254548759039,"(4.0, 6.0]",30.0,0.071936,0.976,1.024576,0.09827989913599992,3,1.0
923,2020-01-01 00:20:47,gw_main,devC,1,867100000.0,7,125.0,-107.31564224843426,6.375205436012314,"(6.0, 8.0]",60.0,0.112896,0.9651162790697675,1.0361005949161708,0.15307220767982682,3,1.0
924,2020-01-01 00:20:49,gw_main,devC,0,868300000.0,9,125.0,-96.44625714302121,-14.745968513365764,"(-16.0, -14.0]",58.0,0.369664,0.7518573551263001,1.309717417078615,0.7938727963455641,3,1.0
925,2020-01-01 00:20:50,gw_main,devB,1,867100000.0,7,125.0,-91.89699780718952,-4.053536704006329,"(-6.0, -4.0]",33.0,0.071936,0.6124031007751938,1.537828255513491,0.6484534689021095,3,1.0
926,2020-01-01 00:20:52,gw_main,devB,1,867300000.0,7,125.0,-101.19257961845442,-5.905205370678809,"(-6.0, -4.0]",57.0,0.107776,0.6124031007751938,1.537828255513491,0.703569233579713,3,1.0
927,2020-01-01 00:20:53,gw_main,devB,1,867100000.0,10,125.0,-107.78789752027168,1.1920646035218914,"(0.0, 2.0]",61.0,0.698368,0.8888888888888888,1.1234567901234567,0.9080430617283949,3,1.0
928,2020-01-01 00:20:54,gw_main,devB,1,867300000.0,8,125.0,-117.40912984748786,7.153212797108051,"(6.0, 8.0]",30.0,0.12339199999999999,0.9850746268656716,1.0151481398975275,0.1404092991757632,3,1.0
929,2020-01-01 00:20:55,gw_main,devC,1,867900000.0,9,125.0,-91.15786686081472,-2.90943351124241,"(-4.0, -2.0]",40.0,0.287744,0.7241379310344828,1.351961950059453,0.7409808894173604,3,1.0
930,2020-01-01 00:20:56,gw_main,devC,0,867100000.0,11,125.0,-101.66880464562159,-6.8089960180252405,"(-8.0, -6.0]",68.0,1.642496,0.21739130434782608,2.3950850661625713,5.32900270699433,3,1.0
931,2020-01-01 00:20:57,gw_main,devA,1,868300000.0,7,125.0,-88.01009372534236,12.168208865462997,"(12.0, 14.0]",37.0,0.082176,0.9565217391304348,1.0453686200378072,0.131272831758034,3,1.0
932,2020-01-01 00:20:59,gw_main,devA,1,867100000.0,8,125.0,-110.34960225796605,-7.397789548279507,"(-8.0, -6.0]",60.0,0.205312,0.5087719298245614,1.7325330871037241,1.0882429202831638,3,1.0
933,2020-01-01 00:21:00,gw_main,devB,1,867900000.0,9,125.0,-119.37383432438018,1.4260634977107531,"(0.0, 2.0]",77.0,0.451584,0.8987341772151899,1.1115205896490947,0.6134655036051915,3,1.0
934,2020-01-01 00:21:01,gw_main,devB,1,867300000.0,7,125.0,-105.66460131193091,2.5540954895372048,"(2.0, 4.0]",26.0,0.061695999999999994,0.952054794520548,1.0502439482079189,0.11503979883655464,3,1.0
935,2020-01-01 00:21:02,gw_main,devC,1,868300000.0,9,125.0,-120.99319550070406,-4.230300538084041,"(-6.0, -4.0]",38.0,0.267264,0.4411764705882353,1.871107266435986,1.3711868788927335,3,1.0
936,2020-01-01 00:21:03,gw_main,devC,0,868300000.0,9,125.0,-109.06475468587664,4.742721447529598,"(4.0, 6.0]",41.0,0.287744,0.9516129032258065,1.0507284079084287,0.3530692029136316,3,1.0
937,2020-01-01 00:21:05,gw_main,devA,0,867300000.0,10,125.0,-101.6349260474218,-5.537705492342333,"(-6.0, -4.0]",37.0,0.49356799999999995,0.5,1.75,1.613744,3,1.0
938,2020-01-01 00:21:06,gw_main,devB,1,868300000.0,8,125.0,-97.8608712645672,1.0715452111491546,"(0.0, 2.0]",33.0,0.133632,0.9338842975206612,1.0704869885936752,0.2135383058534252,3,1.0
939,2020-01-01 00:21:07,gw_main,devC,0,867900000.0,7,125.0,-105.15382631457554,4.624613862749703,"(4.0, 6.0]",42.0,0.087296,0.976,1.024576,0.11401738649599992,3,1.0
940,2020-01-01 00:21:09,gw_main,devB,1,867300000.0,8,125.0,-107.33711466955286,1.9837533360853068,"(0.0, 2.0]",37.0,0.143872,0.9338842975206612,1.0704869885936752,0.22450009261662443,3,1.0
941,2020-01-01 00:21:10,gw_main,devB,1,867900000.0,9,125.0,-117.34357485229643,-0.5609498364320992,"(-2.0, 0.0]",60.0,0.369664,0.826530612244898,1.203561016243232,0.6484741957517701,3,1.0
942,2020-01-01 00:21:11,gw_main,devB,1,867900000.0,8,125.0,-102.10516850510436,16.946601898416862,"(16.0, 18.0]",67.0,0.225792,0.793416572077185,1.249260140615156,0.5313330862849333,3,1.0
943,2020-01-01 00:21:13,gw_main,devC,1,867900000.0,7,125.0,-113.25477561406899,8.305029603237074,"(8.0, 10.0]",21.0,0.056575999999999994,0.9811320754716981,1.0192239231043076,0.07688753577785695,3,1.0
944,2020-01-01 00:21:14,gw_main,devA,1,868300000.0,7,125.0,-115.96209319385416,-0.3140777306333162,"(-2.0, 0.0]",75.0,0.133376,0.8554216867469879,1.165481201916098,0.32092842270285954,3,1.0
945,2020-01-01 00:21:16,gw_main,devC,1,868300000.0,10,125.0,-120.69766174175149,4.329990669218628,"(4.0, 6.0]",60.0,0.698368,0.9736842105263158,1.0270083102493075,0.7442380498614959,3,1.0
946,2020-01-01 00:21:17,gw_main,devA,1,867900000.0,9,125.0,-113.59550034320856,5.3639433992430146,"(4.0, 6.0]",41.0,0.287744,0.9516129032258065,1.0507284079084287,0.3530692029136316,3,1.0
947,2020-01-01 00:21:19,gw_main,devB,1,868300000.0,7,125.0,-101.00085822597497,1.9719104108109473,"(0.0, 2.0]",32.0,0.071936,0.9215686274509803,1.0845828527489427,0.16260340484429067,3,1.0
948,2020-01-01 00:21:20,gw_main,devC,1,867900000.0,7,125.0,-104.25221131059429,-3.6023783385475516,"(-4.0, -2.0]",48.0,0.097536,0.8152866242038217,1.2188324069941985,0.3377124446427846,3,1.0
949,2020-01-01 00:21:25,gw_main,devB,1,867900000.0,7,125.0,-96.87577834184043,2.5105827325121775,"(2.0, 4.0]",77.0,0.13849599999999998,0.952054794520548,1.0502439482079189,0.1956985340589228,3,1.0
950,2020-01-01 00:21:26,gw_main,devB,1,867100000.0,9,125.0,-107.17645925806801,6.361009591546431,"(6.0, 8.0]",79.0,0.451584,0.9761904761904762,1.02437641723356,0.4869684172335601,3,1.0
951,2020-01-01 00:21:28,gw_main,devC,1,867900000.0,10,125.0,-129.53619312599392,0.9888032671866352,"(0.0, 2.0]",43.0,0.534528,0.8888888888888888,1.1234567901234567,0.7239759012345677,3,1.0
952,2020-01-01 00:21:29,gw_main,devB,0,867300000.0,12,125.0,-107.74558399248862,-8.913351909544113,"(-10.0, -8.0]",72.0,3.121152,0.25,2.3125,8.530164,3,1.0
953,2020-01-01 00:21:30,gw_main,devA,0,868300000.0,7,125.0,-111.86924823768636,-7.07566251900348,"(-8.0, -6.0]",79.0,0.143616,0.5533980582524272,1.6460552361202754,0.8824551049109248,3,1.0
954,2020-01-01 00:21:31,gw_main,devB,1,868300000.0,11,125.0,-103.97405762167203,-8.626817209143073,"(-10.0, -8.0]",71.0,1.642496,0.23809523809523808,2.3424036281179133,5.1897922176870726,3,1.0
955,2020-01-01 00:21:33,gw_main,devA,1,867100000.0,8,125.0,-113.17295144477674,-5.084451568973645,"(-6.0, -4.0]",72.0,0.236032,0.6025641025641025,1.5553911900065749,0.9225132833662067,3,1.0
956,2020-01-01 00:21:36,gw_main,devA,1,867300000.0,7,125.0,-115.60162596213557,10.291614761034285,"(10.0, 12.0]",57.0,0.107776,0.9696969696969697,1.0312213039485765,0.14236221120293824,3,1.0
957,2020-01-01 00:21:37,gw_main,devA,1,868300000.0,7,125.0,-99.48032794765332,6.018562916927037,"(6.0, 8.0]",79.0,0.143616,0.9651162790697675,1.0361005949161708,0.18490121795565156,3,1.0
958,2020-01-01 00:21:38,gw_main,devC,1,868300000.0,7,125.0,-104.58955405834479,-0.6142215672804043,"(-2.0, 0.0]",70.0,0.12825599999999998,0.8554216867469879,1.165481201916098,0.3149611589490491,3,1.0
959,2020-01-01 00:21:39,gw_main,devB,0,868300000.0,9,125.0,-107.95471608036054,-1.2001827023596112,"(-2.0, 0.0]",65.0,0.390144,0.826530612244898,1.203561016243232,0.6731231253644314,3,1.0
960,2020-01-01 00:21:41,gw_main,devB,1,867900000.0,9,125.0,-113.39451331375246,1.051565711393144,"(0.0, 2.0]",74.0,0.431104,0.8987341772151899,1.1115205896490947,0.590701561929178,3,1.0
961,2020-01-01 00:21:43,gw_main,devA,1,867100000.0,7,125.0,-107.28773702872897,-0.19576978553192853,"(-2.0, 0.0]",55.0,0.107776,0.8554216867469879,1.165481201916098,0.29109210393380747,3,1.0
962,2020-01-01 00:21:45,gw_main,devB,0,867100000.0,9,125.0,-93.07132836024813,-10.212829864953921,"(-12.0, -10.0]",51.0,0.328704,0.23809523809523808,2.3424036281179133,2.1123610702947837,3,1.0
963,2020-01-01 00:21:46,gw_main,devA,1,867100000.0,8,125.0,-104.17108459191826,1.550928837161166,"(0.0, 2.0]",25.0,0.11315199999999999,0.9338842975206612,1.0704869885936752,0.19161473232702672,3,1.0
964,2020-01-01 00:21:47,gw_main,devC,1,867300000.0,7,125.0,-99.98891871920333,-5.441716835884531,"(-6.0, -4.0]",58.0,0.112896,0.6124031007751938,1.537828255513491,0.7114429142479421,3,1.0
965,2020-01-01 00:21:49,gw_main,devA,1,868300000.0,9,125.0,-93.65551864879022,5.039134651249204,"(4.0, 6.0]",36.0,0.267264,0.9516129032258065,1.0507284079084287,0.331550285119667,3,1.0
966,2020-01-01 00:21:51,gw_main,devB,1,867100000.0,7,125.0,-113.74908752610742,4.63792151909041,"(4.0, 6.0]",24.0,0.061695999999999994,0.976,1.024576,0.08778824089599992,3,1.0
967,2020-01-01 00:21:52,gw_main,devC,1,868300000.0,11,125.0,-91.81680145927399,-9.539036408305117,"(-10.0, -8.0]",37.0,1.069056,0.23809523809523808,2.3424036281179133,3.846564281179137,3,1.0
968,2020-01-01 00:21:55,gw_main,devA,1,868300000.0,8,125.0,-104.33183073047319,3.734448418754191,"(2.0, 4.0]",25.0,0.11315199999999999,0.9166666666666666,1.0902777777777777,0.21364488888888877,3,1.0
969,2020-01-01 00:21:57,gw_main,devC,0,867300000.0,8,125.0,-106.28904249217835,-15.513373074742717,"(-16.0, -14.0]",31.0,0.133632,0.125,2.640625,1.993497,3,1.0
970,2020-01-01 00:21:58,gw_main,devC,1,867100000.0,9,125.0,-103.39789146038234,-4.536384728821329,"(-6.0, -4.0]",72.0,0.431104,0.4411764705882353,1.871107266435986,1.6777490934256054,3,1.0
971,2020-01-01 00:21:59,gw_main,devA,1,867900000.0,11,125.0,-92.76288033761129,1.323050207612413,"(0.0, 2.0]",20.0,0.7413759999999999,0.7368421052631579,1.332409972299169,1.3202267479224374,3,1.0
972,2020-01-01 00:22:00,gw_main,devC,1,867100000.0,8,125.0,-125.25038676249716,9.323856489414755,"(8.0, 10.0]",79.0,0.25651199999999996,0.9722222222222222,1.0285493827160495,0.29238464197530867,3,1.0
973,2020-01-01 00:22:01,gw_main,devC,1,868300000.0,7,125.0,-118.84864173416697,1.7236097154220242,"(0.0, 2.0]",60.0,0.112896,0.9215686274509803,1.0845828527489427,0.20702791849288738,3,1.0
974,2020-01-01 00:22:02,gw_main,devA,1,868300000.0,8,125.0,-117.43994550524927,1.5461752786244385,"(0.0, 2.0]",61.0,0.205312,0.9338842975206612,1.0704869885936752,0.2902708131958198,3,1.0
975,2020-01-01 00:22:03,gw_main,devC,1,867100000.0,8,125.0,-103.47075449432937,-8.476104537776315,"(-10.0, -8.0]",50.0,0.174592,0.2653061224489796,2.2744689712619737,1.671573057892544,3,1.0
976,2020-01-01 00:22:05,gw_main,devA,1,867300000.0,7,125.0,-102.6585251384666,10.842461971128696,"(10.0, 12.0]",26.0,0.061695999999999994,0.9696969696969697,1.0312213039485765,0.09484353351698784,3,1.0
977,2020-01-01 00:22:06,gw_main,devB,1,868300000.0,9,125.0,-89.4574384758576,0.17145025874385053,"(0.0, 2.0]",48.0,0.308224,0.8987341772151899,1.1115205896490947,0.4541179118730973,3,1.0
978,2020-01-01 00:22:07,gw_main,devC,1,868300000.0,12,125.0,-105.76036688626886,-1.3185422893206948,"(-2.0, 0.0]",36.0,1.9742719999999998,0.7,1.3900000000000001,3.1342380800000003,3,1.0
979,2020-01-01 00:22:08,gw_main,devC,1,867300000.0,11,125.0,-118.48882616798875,-9.714298294857958,"(-10.0, -8.0]",73.0,1.724416,0.23809523809523808,2.3424036281179133,5.381681922902493,3,1.0
980,2020-01-01 00:22:09,gw_main,devC,1,867100000.0,8,125.0,-102.24597229242954,5.299926353738951,"(4.0, 6.0]",44.0,0.164352,0.975609756097561,1.0249851279000597,0.1934434836406903,3,1.0
981,2020-01-01 00:22:10,gw_main,devB,1,867100000.0,8,125.0,-90.13246726483253,16.213675954154528,"(16.0, 18.0]",26.0,0.11315199999999999,0.793416572077185,1.249260140615156,0.39061642404604213,3,1.0
982,2020-01-01 00:22:11,gw_main,devA,1,868300000.0,10,125.0,-88.68546019380284,4.302678448718949,"(4.0, 6.0]",64.0,0.698368,0.9736842105263158,1.0270083102493075,0.7442380498614959,3,1.0
983,2020-01-01 00:22:12,gw_main,devB,1,867900000.0,12,125.0,-106.5707845127983,7.582221108919185,"(6.0, 8.0]",37.0,1.9742719999999998,0.875,1.140625,2.3925289999999997,3,1.0
984,2020-01-01 00:22:13,gw_main,devC,1,867900000.0,8,125.0,-104.66289252051251,3.252523762248996,"(2.0, 4.0]",29.0,0.12339199999999999,0.9166666666666666,1.0902777777777777,0.22480933333333322,3,1.0
985,2020-01-01 00:22:14,gw_main,devB,0,867300000.0,11,125.0,-103.10778469187217,-5.910095319412532,"(-6.0, -4.0]",71.0,1.642496,0.3939393939393939,1.9733700642791552,4.21462250137741,3,1.0
986,2020-01-01 00:22:15,gw_main,devB,1,867300000.0,9,125.0,-100.76295719145048,8.02003578611918,"(8.0, 10.0]",70.0,0.410624,0.9655172413793104,1.0356718192627823,0.460943524375743,3,1.0
987,2020-01-01 00:22:17,gw_main,devA,1,868300000.0,8,125.0,-110.14892630778793,-1.2639894339782525,"(-2.0, 0.0]",56.0,0.195072,0.926605504587156,1.07878124736975,0.2892212628566619,3,1.0
988,2020-01-01 00:22:18,gw_main,devA,1,867100000.0,7,125.0,-92.3877857443422,1.6731104700151533,"(0.0, 2.0]",38.0,0.082176,0.9215686274509803,1.0845828527489427,0.17370953325643984,3,1.0
989,2020-01-01 00:22:19,gw_main,devB,1,867300000.0,8,125.0,-92.55673577537299,5.2974579646599445,"(4.0, 6.0]",69.0,0.225792,0.975609756097561,1.0249851279000597,0.25641856989886996,3,1.0
990,2020-01-01 00:22:20,gw_main,devB,1,868300000.0,8,125.0,-105.81134120388552,2.495913992585782,"(2.0, 4.0]",42.0,0.154112,0.9166666666666666,1.0902777777777777,0.25830266666666657,3,1.0
991,2020-01-01 00:22:21,gw_main,devC,1,868300000.0,10,125.0,-111.0968214226212,2.3210070050004736,"(2.0, 4.0]",20.0,0.37068799999999996,0.9767441860465116,1.0237966468361277,0.40330577825851815,3,1.0
992,2020-01-01 00:22:22,gw_main,devB,1,868300000.0,7,125.0,-111.43388789081963,-4.568928410572577,"(-6.0, -4.0]",56.0,0.107776,0.6124031007751938,1.537828255513491,0.703569233579713,3,1.0
993,2020-01-01 00:22:23,gw_main,devC,1,868300000.0,9,125.0,-116.01900666664362,-7.736228483762735,"(-8.0, -6.0]",77.0,0.451584,0.41304347826086957,1.9314744801512285,1.8036974517958408,3,1.0
994,2020-01-01 00:22:24,gw_main,devC,1,867100000.0,9,125.0,-116.75889882724547,0.3688840095792682,"(0.0, 2.0]",73.0,0.431104,0.8987341772151899,1.1115205896490947,0.590701561929178,3,1.0
995,2020-01-01 00:22:28,gw_main,devB,1,867300000.0,9,125.0,-110.48000026155303,-2.940770845038678,"(-4.0, -2.0]",40.0,0.287744,0.7241379310344828,1.351961950059453,0.7409808894173604,3,1.0
996,2020-01-01 00:22:29,gw_main,devA,1,867100000.0,8,125.0,-114.05732651381403,-11.115473161044042,"(-12.0, -10.0]",44.0,0.164352,0.18181818181818182,2.487603305785124,1.8964458842975205,3,1.0
997,2020-01-01 00:22:30,gw_main,devB,0,868300000.0,11,125.0,-109.38832201316222,-8.084812217066235,"(-10.0, -8.0]",64.0,1.560576,0.23809523809523808,2.3424036281179133,4.997902512471654,3,1.0
998,2020-01-01 00:22:31,gw_main,devB,1,867100000.0,7,125.0,-127.9020491666297,-9.810821574415515,"(-10.0, -8.0]",59.0,0.112896,0.32727272727272727,2.1252892561983474,1.365225912066116,3,1.0
999,2020-01-01 00:22:33,gw_main,devA,1,867300000.0,9,125.0,-108.13655771546014,2.4479053771105095,"(2.0, 4.0]",72.0,0.431104,0.9358974358974359,1.0682117028270874,0.528722040762656,3,1.0
1000,2020-01-01 00:22:34,gw_main,devC,1,868300000.0,7,125.0,-94.00199117064754,12.04284577909696,"(12.0, 14.0]",52.0,0.102656,0.9565217391304348,1.0453686200378072,0.1526819810964083,3,1.0
1001,2020-01-01 00:22:35,gw_main,devB,0,867300000.0,9,125.0,-109.93772430780261,-8.985178795394297,"(-10.0, -8.0]",56.0,0.349184,0.36666666666666664,2.034444444444444,1.744839893333333,3,1.0
1002,2020-01-01 00:22:36,gw_main,devB,1,867300000.0,8,125.0,-107.34431851338805,-4.0775817534579755,"(-6.0, -4.0]",51.0,0.184832,0.6025641025641025,1.5553911900065749,0.8428772544378702,3,1.0
1003,2020-01-01 00:22:38,gw_main,devA,1,867100000.0,8,125.0,-87.78490110007036,-1.3006428299337371,"(-2.0, 0.0]",24.0,0.11315199999999999,0.926605504587156,1.07878124736975,0.20084750307213195,3,1.0
1004,2020-01-01 00:22:39,gw_main,devB,1,867100000.0,9,125.0,-103.6132788865767,-1.9619876322467968,"(-2.0, 0.0]",71.0,0.410624,0.826530612244898,1.203561016243232,0.6977720549770928,3,1.0
1005,2020-01-01 00:22:40,gw_main,devA,1,867100000.0,8,125.0,-95.34062854302479,10.255018220037318,"(10.0, 12.0]",77.0,0.246272,0.9583333333333334,1.0434027777777777,0.30036366666666653,3,1.0
1006,2020-01-01 00:22:41,gw_main,devA,0,867900000.0,9,125.0,-108.96509285855501,-2.030436957124367,"(-4.0, -2.0]",69.0,0.410624,0.7241379310344828,1.351961950059453,0.9071099738406659,3,1.0
1007,2020-01-01 00:22:42,gw_main,devA,1,867300000.0,7,125.0,-100.88118945569738,-6.93716921600404,"(-8.0, -6.0]",69.0,0.12825599999999998,0.5533980582524272,1.6460552361202754,0.8571716964841174,3,1.0
1008,2020-01-01 00:22:44,gw_main,devA,1,867300000.0,9,125.0,-111.43107560724042,2.0141659338835947,"(2.0, 4.0]",35.0,0.24678399999999998,0.9358974358974359,1.0682117028270874,0.3318292596975674,3,1.0
1009,2020-01-01 00:22:46,gw_main,devA,0,867900000.0,7,125.0,-113.8460459264472,-8.23021422171706,"(-10.0, -8.0]",48.0,0.097536,0.32727272727272727,2.1252892561983474,1.3325814690909095,3,1.0
1010,2020-01-01 00:22:47,gw_main,devC,0,867100000.0,11,125.0,-99.69039070663482,-5.912377546357865,"(-6.0, -4.0]",49.0,1.232896,0.3939393939393939,1.9733700642791552,3.4063301230486687,3,1.0
1011,2020-01-01 00:22:48,gw_main,devB,1,868300000.0,8,125.0,-98.73020722068495,3.208275826893672,"(2.0, 4.0]",20.0,0.10291199999999999,0.9166666666666666,1.0902777777777777,0.20248044444444432,3,1.0
1012,2020-01-01 00:22:49,gw_main,devA,1,867900000.0,9,125.0,-95.68005232095418,3.4636006351508453,"(2.0, 4.0]",77.0,0.451584,0.9358974358974359,1.0682117028270874,0.5505990164365548,3,1.0
1013,2020-01-01 00:22:50,gw_main,devB,0,867100000.0,7,125.0,-114.0558222043486,-3.8593325016239355,"(-4.0, -2.0]",68.0,0.123136,0.8152866242038217,1.2188324069941985,0.36891455426183606,3,1.0
1014,2020-01-01 00:22:51,gw_main,devB,1,868300000.0,9,125.0,-111.17271358120672,3.7332972111119047,"(2.0, 4.0]",67.0,0.410624,0.9358974358974359,1.0682117028270874,0.5068450650887574,3,1.0
1015,2020-01-01 00:22:52,gw_main,devC,1,867100000.0,8,125.0,-106.4759112900024,3.4311275237433656,"(2.0, 4.0]",26.0,0.11315199999999999,0.9166666666666666,1.0902777777777777,0.21364488888888877,3,1.0
1016,2020-01-01 00:22:53,gw_main,devA,0,868300000.0,10,125.0,-100.39799804390583,-10.698490492317262,"(-12.0, -10.0]",58.0,0.657408,0.07692307692307693,2.7751479289940835,3.5995523786982258,3,1.0
1017,2020-01-01 00:22:54,gw_main,devA,1,868300000.0,7,125.0,-117.14115292547262,-1.8723825026922607,"(-2.0, 0.0]",25.0,0.061695999999999994,0.8554216867469879,1.165481201916098,0.23738673014951361,3,1.0
1018,2020-01-01 00:22:55,gw_main,devB,1,868300000.0,7,125.0,-108.47126197782679,2.490753546726733,"(2.0, 4.0]",47.0,0.092416,0.952054794520548,1.0502439482079189,0.14730329292550193,3,1.0
1019,2020-01-01 00:22:57,gw_main,devC,1,867300000.0,7,125.0,-105.27636079653288,-12.833591213806242,"(-14.0, -12.0]",24.0,0.061695999999999994,0.2916666666666667,2.210069444444444,1.3464218888888886,3,1.0
1020,2020-01-01 00:22:58,gw_main,devC,1,867300000.0,12,125.0,-107.09118461699259,-1.6980883287967277,"(-2.0, 0.0]",78.0,3.284992,0.7,1.3900000000000001,4.956138880000001,3,1.0
1021,2020-01-01 00:22:59,gw_main,devC,1,868300000.0,9,125.0,-116.01355829533107,4.512558959648471,"(4.0, 6.0]",44.0,0.287744,0.9516129032258065,1.0507284079084287,0.3530692029136316,3,1.0
1022,2020-01-01 00:23:00,gw_main,devA,1,867300000.0,12,125.0,-109.08348433660868,9.482433514878796,"(8.0, 10.0]",34.0,1.8104319999999998,0.6788990825688074,1.4242067166063461,3.0026361309654064,3,1.0
1023,2020-01-01 00:23:01,gw_main,devA,0,867100000.0,7,125.0,-100.09837589433482,-13.144695967523948,"(-14.0, -12.0]",73.0,0.133376,0.2916666666666667,2.210069444444444,1.5048396666666664,3,1.0
1024,2020-01-01 00:23:02,gw_main,devA,1,867900000.0,9,125.0,-97.29117989298435,15.679928073385618,"(14.0, 16.0]",54.0,0.349184,0.8571428571428571,1.1632653061224492,0.5694589387755105,3,1.0
1025,2020-01-01 00:23:04,gw_main,devC,1,867900000.0,7,125.0,-102.73172784084218,5.74182522480679,"(4.0, 6.0]",65.0,0.123136,0.976,1.024576,0.15073819033599992,3,1.0
1026,2020-01-01 00:23:05,gw_main,devC,1,867100000.0,8,125.0,-109.42516193082795,7.405188423206343,"(6.0, 8.0]",30.0,0.12339199999999999,0.9850746268656716,1.0151481398975275,0.1404092991757632,3,1.0
1027,2020-01-01 00:23:06,gw_main,devC,1,867100000.0,8,125.0,-114.40897543576459,5.89810380080281,"(4.0, 6.0]",28.0,0.12339199999999999,0.975609756097561,1.0249851279000597,0.15146009280190384,3,1.0
1028,2020-01-01 00:23:07,gw_main,devA,1,867100000.0,8,125.0,-90.17537909594901,0.897710877362255,"(0.0, 2.0]",74.0,0.236032,0.9338842975206612,1.0704869885936752,0.32315617348541753,3,1.0
1029,2020-01-01 00:23:08,gw_main,devB,1,867100000.0,8,125.0,-100.4520006777272,-6.968505976127538,"(-8.0, -6.0]",41.0,0.154112,0.5087719298245614,1.7325330871037241,0.9995372262234532,3,1.0
1030,2020-01-01 00:23:09,gw_main,devC,1,867100000.0,7,125.0,-115.72167003850058,3.7593527279164287,"(2.0, 4.0]",20.0,0.056575999999999994,0.952054794520548,1.0502439482079189,0.1096625498217301,3,1.0
1031,2020-01-01 00:23:10,gw_main,devC,0,867900000.0,9,125.0,-115.20747716101293,-4.291399060653064,"(-6.0, -4.0]",22.0,0.20582399999999998,0.4411764705882353,1.871107266435986,1.2562260484429064,3,1.0
1032,2020-01-01 00:23:12,gw_main,devC,1,868300000.0,7,125.0,-119.2383744215007,16.973391802297634,"(16.0, 18.0]",40.0,0.082176,0.8018720748829953,1.2373825998281742,0.33906575235165426,3,1.0
1033,2020-01-01 00:23:13,gw_main,devB,1,868300000.0,10,125.0,-108.13656885210166,4.248612131764016,"(4.0, 6.0]",65.0,0.739328,0.9736842105263158,1.0270083102493075,0.7863043102493075,3,1.0
1034,2020-01-01 00:23:14,gw_main,devC,1,867900000.0,9,125.0,-102.00714683769145,10.908462770919236,"(10.0, 12.0]",28.0,0.22630399999999998,0.95,1.0525,0.29068496,3,1.0
1035,2020-01-01 00:23:15,gw_main,devA,0,867900000.0,9,125.0,-117.90670071859809,-5.469736844966656,"(-6.0, -4.0]",63.0,0.390144,0.4411764705882353,1.871107266435986,1.6011085397923872,3,1.0
1036,2020-01-01 00:23:16,gw_main,devC,1,868300000.0,11,125.0,-104.85987020171056,8.805016940471397,"(8.0, 10.0]",51.0,1.314816,0.8888888888888888,1.1234567901234567,1.6005957530864194,3,1.0
1037,2020-01-01 00:23:18,gw_main,devC,1,867100000.0,7,125.0,-112.13326310049477,9.327297147007044,"(8.0, 10.0]",69.0,0.12825599999999998,0.9811320754716981,1.0192239231043076,0.14994550658597372,3,1.0
1038,2020-01-01 00:23:19,gw_main,devA,0,867100000.0,12,125.0,-103.153256583504,-0.1272379992729144,"(-2.0, 0.0]",48.0,2.301952,0.7,1.3900000000000001,3.5897132800000002,3,1.0
1039,2020-01-01 00:23:21,gw_main,devC,1,867900000.0,8,125.0,-102.71377910091181,-1.0638768411818151,"(-2.0, 0.0]",36.0,0.143872,0.926605504587156,1.07878124736975,0.23398766299133067,3,1.0
1040,2020-01-01 00:23:22,gw_main,devC,0,867900000.0,7,125.0,-112.28658192252266,-13.216614682599626,"(-14.0, -12.0]",71.0,0.12825599999999998,0.2916666666666667,2.210069444444444,1.4935241111111108,3,1.0
1041,2020-01-01 00:23:24,gw_main,devC,1,867100000.0,8,125.0,-109.3208486435333,0.5516326869016134,"(0.0, 2.0]",63.0,0.215552,0.9338842975206612,1.0704869885936752,0.3012325999590191,3,1.0
1042,2020-01-01 00:23:26,gw_main,devC,1,868300000.0,9,125.0,-105.91572678886796,-0.9866811327285017,"(-2.0, 0.0]",60.0,0.369664,0.826530612244898,1.203561016243232,0.6484741957517701,3,1.0
1043,2020-01-01 00:23:28,gw_main,devB,1,867100000.0,9,125.0,-124.01775023362978,11.584362291110404,"(10.0, 12.0]",48.0,0.308224,0.95,1.0525,0.37690576,3,1.0
1044,2020-01-01 00:23:29,gw_main,devC,1,867300000.0,9,125.0,-97.38625137535385,7.78575941850567,"(6.0, 8.0]",54.0,0.349184,0.9761904761904762,1.02437641723356,0.38207227210884354,3,1.0
1045,2020-01-01 00:23:31,gw_main,devB,1,867300000.0,7,125.0,-105.35546236898676,7.253397205016059,"(6.0, 8.0]",54.0,0.102656,0.9651162790697675,1.0361005949161708,0.1424625375878852,3,1.0
1046,2020-01-01 00:23:32,gw_main,devC,1,867100000.0,8,125.0,-101.1359810469134,-4.678278868142054,"(-6.0, -4.0]",57.0,0.195072,0.6025641025641025,1.5553911900065749,0.8588044602235374,3,1.0
1047,2020-01-01 00:23:34,gw_main,devA,1,867300000.0,9,125.0,-107.76293314605307,5.46134586070438,"(4.0, 6.0]",36.0,0.267264,0.9516129032258065,1.0507284079084287,0.331550285119667,3,1.0
1048,2020-01-01 00:23:35,gw_main,devB,0,867300000.0,9,125.0,-102.0677917800837,-7.449963465425968,"(-8.0, -6.0]",54.0,0.349184,0.41304347826086957,1.9314744801512285,1.605914465028355,3,1.0
1049,2020-01-01 00:23:36,gw_main,devB,1,868300000.0,8,125.0,-125.29784416934478,-1.6738843698013506,"(-2.0, 0.0]",57.0,0.195072,0.926605504587156,1.07878124736975,0.2892212628566619,3,1.0
1050,2020-01-01 00:23:37,gw_main,devA,0,868300000.0,9,125.0,-112.96253043550023,-7.925075160528265,"(-8.0, -6.0]",54.0,0.349184,0.41304347826086957,1.9314744801512285,1.605914465028355,3,1.0
1051,2020-01-01 00:23:43,gw_main,devB,0,867300000.0,8,125.0,-99.6860874748461,-6.897293659442332,"(-8.0, -6.0]",50.0,0.174592,0.5087719298245614,1.7325330871037241,1.0350195038473375,3,1.0
1052,2020-01-01 00:23:44,gw_main,devB,0,868300000.0,11,125.0,-102.56497866060248,-7.415097122050477,"(-8.0, -6.0]",20.0,0.7413759999999999,0.21739130434782608,2.3950850661625713,3.170743652173914,3,1.0
1053,2020-01-01 00:23:45,gw_main,devA,1,867300000.0,8,125.0,-97.60787228869914,8.728512488457623,"(8.0, 10.0]",72.0,0.236032,0.9722222222222222,1.0285493827160495,0.27131995061728403,3,1.0
1054,2020-01-01 00:23:46,gw_main,devB,1,867900000.0,7,125.0,-102.05477035547159,14.174612823705562,"(14.0, 16.0]",70.0,0.12825599999999998,0.9090909090909091,1.0991735537190082,0.24014915702479325,3,1.0
1055,2020-01-01 00:23:49,gw_main,devA,1,867300000.0,9,125.0,-110.50176587500593,4.22934980605912,"(4.0, 6.0]",54.0,0.349184,0.9516129032258065,1.0507284079084287,0.41762595629552546,3,1.0
1056,2020-01-01 00:23:51,gw_main,devB,1,867900000.0,7,125.0,-111.67977907179673,4.808390085224236,"(4.0, 6.0]",30.0,0.071936,0.976,1.024576,0.09827989913599992,3,1.0
1057,2020-01-01 00:23:53,gw_main,devA,1,867900000.0,11,125.0,-100.16123353527236,1.678224905130535,"(0.0, 2.0]",57.0,1.396736,0.7368421052631579,1.332409972299169,2.193434947368421,3,1.0
1058,2020-01-01 00:23:55,gw_main,devA,1,867300000.0,11,125.0,-104.62569580074387,-3.4769618218629432,"(-4.0, -2.0]",32.0,0.9871359999999999,0.7407407407407407,1.3264746227709192,1.6358854759945132,3,1.0
1059,2020-01-01 00:23:57,gw_main,devC,0,867300000.0,8,125.0,-110.13878523922497,-10.327473540323723,"(-12.0, -10.0]",65.0,0.215552,0.18181818181818182,2.487603305785124,2.0238111735537188,3,1.0
1060,2020-01-01 00:23:58,gw_main,devB,1,867300000.0,7,125.0,-108.22386819985962,-2.6512166487207542,"(-4.0, -2.0]",45.0,0.092416,0.8152866242038217,1.2188324069941985,0.33147202271897436,3,1.0
1061,2020-01-01 00:23:59,gw_main,devA,0,867900000.0,9,125.0,-104.55691755052703,-8.533996140389016,"(-10.0, -8.0]",72.0,0.431104,0.36666666666666664,2.034444444444444,1.9115015822222217,3,1.0
1062,2020-01-01 00:24:00,gw_main,devC,1,868300000.0,11,125.0,-132.75884553894093,-0.8680871942396493,"(-2.0, 0.0]",20.0,0.7413759999999999,0.7209302325581395,1.3569497025419146,1.362959645213629,3,1.0
1063,2020-01-01 00:24:01,gw_main,devC,0,867900000.0,11,125.0,-104.30274420765392,-5.745785696317541,"(-6.0, -4.0]",77.0,1.806336,0.3939393939393939,1.9733700642791552,4.537939452708907,3,1.0
1064,2020-01-01 00:24:03,gw_main,devB,1,867100000.0,9,125.0,-112.79200437076777,2.71943583849444,"(2.0, 4.0]",50.0,0.328704,0.9358974358974359,1.0682117028270874,0.4193371623931624,3,1.0
1065,2020-01-01 00:24:04,gw_main,devC,0,867300000.0,8,125.0,-94.06698661906839,-8.520735426389262,"(-10.0, -8.0]",34.0,0.133632,0.2653061224489796,2.2744689712619737,1.5784108088296538,3,1.0
1066,2020-01-01 00:24:05,gw_main,devC,1,867100000.0,7,125.0,-99.76550453630256,-4.879674565475789,"(-6.0, -4.0]",71.0,0.12825599999999998,0.6124031007751938,1.537828255513491,0.7350639562526293,3,1.0
1067,2020-01-01 00:24:06,gw_main,devC,0,868300000.0,10,125.0,-100.39026180805672,-5.659871411012295,"(-6.0, -4.0]",32.0,0.45260799999999995,0.5,1.75,1.5420639999999999,3,1.0
1068,2020-01-01 00:24:07,gw_main,devA,1,867100000.0,8,125.0,-120.3472006417156,4.478960550470653,"(4.0, 6.0]",37.0,0.143872,0.975609756097561,1.0249851279000597,0.1724517882212971,3,1.0
1069,2020-01-01 00:24:08,gw_main,devB,1,867900000.0,7,125.0,-99.55782951338432,10.238172164320948,"(10.0, 12.0]",27.0,0.066816,0.9696969696969697,1.0312213039485765,0.10012338659320456,3,1.0
1070,2020-01-01 00:24:09,gw_main,devB,1,867300000.0,8,125.0,-105.13964962897565,5.109219692218391,"(4.0, 6.0]",40.0,0.154112,0.975609756097561,1.0249851279000597,0.1829476359309937,3,1.0
1071,2020-01-01 00:24:10,gw_main,devB,0,867900000.0,9,125.0,-104.76137203627198,-2.096513566194756,"(-4.0, -2.0]",27.0,0.22630399999999998,0.7241379310344828,1.351961950059453,0.6579163472057075,3,1.0
1072,2020-01-01 00:24:11,gw_main,devA,1,867900000.0,10,125.0,-126.51645009228838,8.790038337816771,"(8.0, 10.0]",77.0,0.821248,0.9473684210526315,1.0554016620498614,0.922148166204986,3,1.0
1073,2020-01-01 00:24:12,gw_main,devC,0,867300000.0,7,125.0,-120.03769134227058,-9.084646418647624,"(-10.0, -8.0]",62.0,0.118016,0.32727272727272727,2.1252892561983474,1.3761073930578516,3,1.0
1074,2020-01-01 00:24:14,gw_main,devB,1,868300000.0,7,125.0,-118.2088734156468,-3.9372852378109027,"(-4.0, -2.0]",65.0,0.123136,0.8152866242038217,1.2188324069941985,0.36891455426183606,3,1.0
1075,2020-01-01 00:24:16,gw_main,devB,1,867300000.0,7,125.0,-116.31499780325456,15.904828434508545,"(14.0, 16.0]",71.0,0.12825599999999998,0.9090909090909091,1.0991735537190082,0.24014915702479325,3,1.0
1076,2020-01-01 00:24:20,gw_main,devC,1,867300000.0,9,125.0,-106.01786981215072,-1.2869967135192022,"(-2.0, 0.0]",60.0,0.369664,0.826530612244898,1.203561016243232,0.6484741957517701,3,1.0
1077,2020-01-01 00:24:22,gw_main,devA,0,867300000.0,8,125.0,-110.29164628058199,-8.8997186252474,"(-10.0, -8.0]",55.0,0.195072,0.2653061224489796,2.2744689712619737,1.7181541824239894,3,1.0
1078,2020-01-01 00:24:23,gw_main,devC,1,868300000.0,7,125.0,-116.4395704368088,-4.088963896000764,"(-6.0, -4.0]",37.0,0.082176,0.6124031007751938,1.537828255513491,0.6642008302385676,3,1.0
1079,2020-01-01 00:24:24,gw_main,devB,1,867300000.0,7,125.0,-103.33556618489646,2.8077676964857137,"(2.0, 4.0]",55.0,0.107776,0.952054794520548,1.0502439482079189,0.16343503996997555,3,1.0
1080,2020-01-01 00:24:25,gw_main,devB,1,867100000.0,7,125.0,-95.24771611322221,1.3361770197334493,"(0.0, 2.0]",22.0,0.056575999999999994,0.9215686274509803,1.0845828527489427,0.1459442122260669,3,1.0
1081,2020-01-01 00:24:26,gw_main,devA,1,867300000.0,7,125.0,-111.14692647205324,7.195431060039766,"(6.0, 8.0]",71.0,0.12825599999999998,0.9651162790697675,1.0361005949161708,0.16898671281773917,3,1.0
1082,2020-01-01 00:24:27,gw_main,devA,1,867300000.0,9,125.0,-97.3043903032691,0.47850154456256266,"(0.0, 2.0]",40.0,0.287744,0.8987341772151899,1.1115205896490947,0.4313539701970838,3,1.0
1083,2020-01-01 00:24:28,gw_main,devB,1,867900000.0,8,125.0,-101.28590239875942,14.095330115387998,"(14.0, 16.0]",68.0,0.225792,0.9090909090909091,1.0991735537190082,0.34735814876033044,3,1.0
1084,2020-01-01 00:24:29,gw_main,devC,1,867300000.0,8,125.0,-106.26508017778882,-4.2943893430118845,"(-6.0, -4.0]",47.0,0.174592,0.6025641025641025,1.5553911900065749,0.8269500486522028,3,1.0
1085,2020-01-01 00:24:30,gw_main,devA,1,868300000.0,8,125.0,-104.56012288432721,1.5559943517212615,"(0.0, 2.0]",44.0,0.164352,0.9338842975206612,1.0704869885936752,0.24642366614302288,3,1.0
1086,2020-01-01 00:24:31,gw_main,devB,1,868300000.0,11,125.0,-105.17697818997951,-11.497907375600802,"(-12.0, -10.0]",29.0,0.9052159999999999,0.25,2.3125,3.4058119999999996,3,1.0
1087,2020-01-01 00:24:32,gw_main,devA,0,867900000.0,10,125.0,-111.67919806276925,-7.518798772587269,"(-8.0, -6.0]",47.0,0.575488,0.25,2.3125,2.643316,3,1.0
1088,2020-01-01 00:24:34,gw_main,devC,1,867900000.0,8,125.0,-102.67669310916229,-5.65681660487194,"(-6.0, -4.0]",37.0,0.143872,0.6025641025641025,1.5553911900065749,0.7791684312952009,3,1.0
1089,2020-01-01 00:24:35,gw_main,devC,1,867300000.0,11,125.0,-112.7908610093957,3.1840510440085907,"(2.0, 4.0]",27.0,0.8232959999999999,0.9523809523809523,1.0498866213151927,0.9142540770975055,3,1.0
1090,2020-01-01 00:24:36,gw_main,devC,1,867900000.0,7,125.0,-129.20733817088635,-0.3706251441083925,"(-2.0, 0.0]",71.0,0.12825599999999998,0.8554216867469879,1.165481201916098,0.3149611589490491,3,1.0
1091,2020-01-01 00:24:37,gw_main,devC,1,868300000.0,9,125.0,-100.71820968959317,-6.2672937461254286,"(-8.0, -6.0]",75.0,0.431104,0.41304347826086957,1.9314744801512285,1.7641408544423436,3,1.0
1092,2020-01-01 00:24:38,gw_main,devB,1,867100000.0,9,125.0,-112.30759490423065,-2.089495645122957,"(-4.0, -2.0]",61.0,0.369664,0.7241379310344828,1.351961950059453,0.8517336123662307,3,1.0
1093,2020-01-01 00:24:39,gw_main,devA,1,867300000.0,9,125.0,-101.45927504420696,-3.085401807880322,"(-4.0, -2.0]",21.0,0.18534399999999998,0.7241379310344828,1.351961950059453,0.6025399857312723,3,1.0
1094,2020-01-01 00:24:40,gw_main,devB,1,868300000.0,8,125.0,-113.84941095435636,-2.9241952107476257,"(-4.0, -2.0]",69.0,0.225792,0.7203389830508474,1.3578713013501866,0.664467778224648,3,1.0
1095,2020-01-01 00:24:42,gw_main,devC,1,867900000.0,8,125.0,-108.3472247454401,3.9140673264994814,"(2.0, 4.0]",72.0,0.236032,0.9166666666666666,1.0902777777777777,0.3476182222222221,3,1.0
1096,2020-01-01 00:24:44,gw_main,devB,1,867300000.0,8,125.0,-106.79761057431878,-5.442616823035326,"(-6.0, -4.0]",42.0,0.154112,0.6025641025641025,1.5553911900065749,0.7950956370808682,3,1.0
1097,2020-01-01 00:24:46,gw_main,devA,1,867100000.0,9,125.0,-121.74022484347675,-0.600092470503579,"(-2.0, 0.0]",29.0,0.22630399999999998,0.826530612244898,1.203561016243232,0.4759316884631403,3,1.0
1098,2020-01-01 00:24:47,gw_main,devC,1,867300000.0,9,125.0,-95.44239339834354,6.169694774698682,"(6.0, 8.0]",68.0,0.410624,0.9761904761904762,1.02437641723356,0.4450099591836735,3,1.0
1099,2020-01-01 00:24:48,gw_main,devA,1,867100000.0,11,125.0,-97.44485299638124,15.931761423680353,"(14.0, 16.0]",62.0,1.478656,0.68,1.4223999999999999,2.5256402943999996,3,1.0
1100,2020-01-01 00:24:49,gw_main,devC,1,867900000.0,9,125.0,-103.50905165790468,5.057546606548735,"(4.0, 6.0]",59.0,0.369664,0.9516129032258065,1.0507284079084287,0.4391448740894901,3,1.0
1101,2020-01-01 00:24:50,gw_main,devC,1,867300000.0,8,125.0,-120.68571864785295,-0.20838162638523827,"(-2.0, 0.0]",56.0,0.195072,0.926605504587156,1.07878124736975,0.2892212628566619,3,1.0
1102,2020-01-01 00:24:51,gw_main,devB,1,867100000.0,8,125.0,-98.9441585489367,-1.032263825274347,"(-2.0, 0.0]",27.0,0.12339199999999999,0.926605504587156,1.07878124736975,0.2118942230451982,3,1.0
1103,2020-01-01 00:24:52,gw_main,devB,1,867900000.0,8,125.0,-106.31538144486933,-5.140164722784993,"(-6.0, -4.0]",69.0,0.225792,0.6025641025641025,1.5553911900065749,0.9065860775805394,3,1.0
1104,2020-01-01 00:24:54,gw_main,devA,1,868300000.0,9,125.0,-110.38890600849221,-6.02049306300645,"(-8.0, -6.0]",73.0,0.431104,0.41304347826086957,1.9314744801512285,1.7641408544423436,3,1.0
1105,2020-01-01 00:24:55,gw_main,devA,1,867300000.0,10,125.0,-108.02162874105521,-2.3720110284322735,"(-4.0, -2.0]",31.0,0.45260799999999995,0.6428571428571429,1.4846938775510203,1.1566782040816324,3,1.0
1106,2020-01-01 00:24:57,gw_main,devA,1,867300000.0,7,125.0,-125.13851292965954,4.462384239370964,"(4.0, 6.0]",66.0,0.123136,0.976,1.024576,0.15073819033599992,3,1.0
1107,2020-01-01 00:24:58,gw_main,devC,0,868300000.0,7,125.0,-109.78401758861062,-2.393994090002729,"(-4.0, -2.0]",67.0,0.123136,0.8152866242038217,1.2188324069941985,0.36891455426183606,3,1.0
1108,2020-01-01 00:24:59,gw_main,devB,0,867900000.0,10,125.0,-107.88853090143323,-1.1846982986164662,"(-2.0, 0.0]",30.0,0.45260799999999995,0.7575757575757576,1.3011937557392104,0.8901244591368228,3,1.0
1109,2020-01-01 00:25:00,gw_main,devA,1,868300000.0,7,125.0,-126.65143930237292,-7.309644153334876,"(-8.0, -6.0]",69.0,0.12825599999999998,0.5533980582524272,1.6460552361202754,0.8571716964841174,3,1.0
1110,2020-01-01 00:25:01,gw_main,devA,1,868300000.0,9,125.0,-114.64525838646378,9.867453775182025,"(8.0, 10.0]",47.0,0.308224,0.9655172413793104,1.0356718192627823,0.3548907300832341,3,1.0
1111,2020-01-01 00:25:03,gw_main,devA,1,868300000.0,11,125.0,-103.37764451286061,10.733239015343479,"(10.0, 12.0]",73.0,1.724416,0.9,1.11,2.02410176,3,1.0
1112,2020-01-01 00:25:04,gw_main,devA,1,868300000.0,8,125.0,-91.8016030018261,4.781314752216136,"(4.0, 6.0]",36.0,0.143872,0.975609756097561,1.0249851279000597,0.1724517882212971,3,1.0
1113,2020-01-01 00:25:07,gw_main,devB,1,868300000.0,11,125.0,-99.40211078065762,4.302964847741417,"(4.0, 6.0]",28.0,0.9052159999999999,0.8571428571428571,1.1632653061224492,1.216271673469388,3,1.0
1114,2020-01-01 00:25:08,gw_main,devA,1,867100000.0,9,125.0,-102.93691345545835,16.23303821705673,"(16.0, 18.0]",33.0,0.24678399999999998,0.7518573551263001,1.309717417078615,0.6329347201349439,3,1.0
1115,2020-01-01 00:25:09,gw_main,devA,0,867900000.0,7,125.0,-105.37416119802383,-7.341206769634889,"(-8.0, -6.0]",62.0,0.118016,0.5533980582524272,1.6460552361202754,0.8403160908662458,3,1.0
1116,2020-01-01 00:25:10,gw_main,devC,1,867100000.0,10,125.0,-116.33302181499329,7.057613730385329,"(6.0, 8.0]",25.0,0.41164799999999996,0.9666666666666667,1.0344444444444445,0.46027143111111113,3,1.0
1117,2020-01-01 00:25:11,gw_main,devA,1,867300000.0,7,125.0,-89.90711796939276,10.187665310471612,"(10.0, 12.0]",56.0,0.107776,0.9696969696969697,1.0312213039485765,0.14236221120293824,3,1.0
1118,2020-01-01 00:25:12,gw_main,devA,1,868300000.0,12,125.0,-90.84700029269436,2.526765466256516,"(2.0, 4.0]",73.0,3.121152,0.782608695652174,1.2646502835538753,4.211816045368621,3,1.0
1119,2020-01-01 00:25:13,gw_main,devC,1,867300000.0,7,125.0,-103.6471919694833,4.591274614301281,"(4.0, 6.0]",46.0,0.092416,0.976,1.024576,0.11926321561599992,3,1.0
1120,2020-01-01 00:25:14,gw_main,devB,1,868300000.0,9,125.0,-113.45633276123068,7.677806806278312,"(6.0, 8.0]",79.0,0.451584,0.9761904761904762,1.02437641723356,0.4869684172335601,3,1.0
1121,2020-01-01 00:25:15,gw_main,devC,1,867300000.0,7,125.0,-116.31414811562954,-4.021770995792808,"(-6.0, -4.0]",30.0,0.071936,0.6124031007751938,1.537828255513491,0.6484534689021095,3,1.0
1122,2020-01-01 00:25:17,gw_main,devC,1,868300000.0,8,125.0,-98.4520391715857,-5.328029613712518,"(-6.0, -4.0]",59.0,0.205312,0.6025641025641025,1.5553911900065749,0.8747316660092048,3,1.0
1123,2020-01-01 00:25:18,gw_main,devB,0,867100000.0,10,125.0,-121.26605237639076,-4.147482247928547,"(-6.0, -4.0]",27.0,0.41164799999999996,0.5,1.75,1.470384,3,1.0
1124,2020-01-01 00:25:20,gw_main,devC,1,867100000.0,9,125.0,-107.80602467532472,-0.877609636153157,"(-2.0, 0.0]",20.0,0.18534399999999998,0.826530612244898,1.203561016243232,0.42663382923781756,3,1.0
1125,2020-01-01 00:25:21,gw_main,devC,0,867900000.0,11,125.0,-103.15751895167459,0.898653830900779,"(0.0, 2.0]",78.0,1.806336,0.7368421052631579,1.332409972299169,2.7391900720221605,3,1.0
1126,2020-01-01 00:25:23,gw_main,devB,1,867300000.0,9,125.0,-85.19218494496543,-8.705452138892134,"(-10.0, -8.0]",31.0,0.24678399999999998,0.36666666666666664,2.034444444444444,1.5365127822222218,3,1.0
1127,2020-01-01 00:25:24,gw_main,devB,1,867100000.0,7,125.0,-99.74110703919295,12.160652531043262,"(12.0, 14.0]",25.0,0.061695999999999994,0.9565217391304348,1.0453686200378072,0.10986368241965971,3,1.0
1128,2020-01-01 00:25:25,gw_main,devB,1,867900000.0,9,125.0,-107.72938260477315,7.101173740537572,"(6.0, 8.0]",68.0,0.410624,0.9761904761904762,1.02437641723356,0.4450099591836735,3,1.0
1129,2020-01-01 00:25:28,gw_main,devB,1,867100000.0,10,125.0,-105.91451368226625,-0.5478400004053848,"(-2.0, 0.0]",54.0,0.616448,0.7575757575757576,1.3011937557392104,1.1033120440771351,3,1.0
1130,2020-01-01 00:25:29,gw_main,devB,1,867300000.0,8,125.0,-105.31396474539709,3.366998523799535,"(2.0, 4.0]",45.0,0.164352,0.9166666666666666,1.0902777777777777,0.269467111111111,3,1.0
1131,2020-01-01 00:25:30,gw_main,devC,1,867900000.0,7,125.0,-114.99652369877123,2.528639918371706,"(2.0, 4.0]",33.0,0.071936,0.952054794520548,1.0502439482079189,0.12579429686620375,3,1.0
1132,2020-01-01 00:25:31,gw_main,devA,0,867100000.0,11,125.0,-103.44234975482597,-10.326374628460947,"(-12.0, -10.0]",35.0,0.9871359999999999,0.25,2.3125,3.595252,3,1.0
1133,2020-01-01 00:25:32,gw_main,devB,1,867900000.0,8,125.0,-118.16115939626923,4.555675585620377,"(4.0, 6.0]",26.0,0.11315199999999999,0.975609756097561,1.0249851279000597,0.14096424509220723,3,1.0
1134,2020-01-01 00:25:34,gw_main,devC,0,867100000.0,7,125.0,-109.52651425596714,-11.35973970091258,"(-12.0, -10.0]",27.0,0.066816,0.2,2.4400000000000004,1.6030310400000003,3,1.0
1135,2020-01-01 00:25:35,gw_main,devA,1,867300000.0,11,125.0,-116.48891248742399,6.1180657298045515,"(6.0, 8.0]",41.0,1.150976,0.9473684210526315,1.0554016620498614,1.2701436454293626,3,1.0
1136,2020-01-01 00:25:36,gw_main,devC,1,868300000.0,12,125.0,-100.41576610785351,2.2710118504557424,"(2.0, 4.0]",54.0,2.465792,0.782608695652174,1.2646502835538753,3.383014835538753,3,1.0
1137,2020-01-01 00:25:37,gw_main,devC,1,867300000.0,8,125.0,-100.21184679493078,-0.6864913182692397,"(-2.0, 0.0]",34.0,0.133632,0.926605504587156,1.07878124736975,0.22294094301826445,3,1.0
1138,2020-01-01 00:25:38,gw_main,devC,1,867900000.0,8,125.0,-105.25477654447185,8.44209444013387,"(8.0, 10.0]",72.0,0.236032,0.9722222222222222,1.0285493827160495,0.27131995061728403,3,1.0
1139,2020-01-01 00:25:39,gw_main,devC,1,867300000.0,8,125.0,-119.51082827424526,-7.281577878481272,"(-8.0, -6.0]",35.0,0.143872,0.5087719298245614,1.7325330871037241,0.9817960874115111,3,1.0
1140,2020-01-01 00:25:40,gw_main,devA,1,867100000.0,10,125.0,-117.66704040060905,1.0025699566710775,"(0.0, 2.0]",41.0,0.534528,0.8888888888888888,1.1234567901234567,0.7239759012345677,3,1.0
1141,2020-01-01 00:25:42,gw_main,devC,1,868300000.0,10,125.0,-86.31118437975229,-1.2125912689952711,"(-2.0, 0.0]",49.0,0.575488,0.7575757575757576,1.3011937557392104,1.050015147842057,3,1.0
1142,2020-01-01 00:25:43,gw_main,devB,1,867300000.0,12,125.0,-103.91779978444715,-2.5755781981594232,"(-4.0, -2.0]",61.0,2.793472,0.5,1.75,5.638576,3,1.0
1143,2020-01-01 00:25:45,gw_main,devB,1,867100000.0,8,125.0,-101.00475644402518,-2.740532088028966,"(-4.0, -2.0]",46.0,0.164352,0.7203389830508474,1.3578713013501866,0.5810401654696925,3,1.0
1144,2020-01-01 00:25:48,gw_main,devA,1,867900000.0,8,125.0,-111.68034411466729,5.381587621983441,"(4.0, 6.0]",31.0,0.133632,0.975609756097561,1.0249851279000597,0.16195594051160048,3,1.0
1145,2020-01-01 00:25:49,gw_main,devA,0,867900000.0,10,125.0,-105.79704917503513,-7.7201027973985985,"(-8.0, -6.0]",32.0,0.45260799999999995,0.25,2.3125,2.3591559999999996,3,1.0
1146,2020-01-01 00:25:50,gw_main,devC,1,867300000.0,8,125.0,-113.30904421312393,4.125434416331098,"(4.0, 6.0]",37.0,0.143872,0.975609756097561,1.0249851279000597,0.1724517882212971,3,1.0
1147,2020-01-01 00:25:51,gw_main,devB,1,868300000.0,9,125.0,-116.80804153241094,-0.6467968174522148,"(-2.0, 0.0]",42.0,0.287744,0.826530612244898,1.203561016243232,0.5498784773011245,3,1.0
1148,2020-01-01 00:25:52,gw_main,devA,0,867300000.0,7,125.0,-112.9168195181045,-15.93097182793128,"(-16.0, -14.0]",39.0,0.082176,0.1,2.71,1.93269696,3,1.0
1149,2020-01-01 00:25:54,gw_main,devB,0,868300000.0,8,125.0,-109.69422176153078,-6.580702447645514,"(-8.0, -6.0]",36.0,0.143872,0.5087719298245614,1.7325330871037241,0.9817960874115111,3,1.0
1150,2020-01-01 00:25:55,gw_main,devB,0,867100000.0,10,125.0,-92.56494323193489,-2.7406890755623348,"(-4.0, -2.0]",33.0,0.45260799999999995,0.6428571428571429,1.4846938775510203,1.1566782040816324,3,1.0
1151,2020-01-01 00:25:57,gw_main,devA,1,867300000.0,11,125.0,-111.09148184781981,-6.891486522244005,"(-8.0, -6.0]",26.0,0.8232959999999999,0.21739130434782608,2.3950850661625713,3.3669490207939514,3,1.0
1152,2020-01-01 00:25:58,gw_main,devB,1,867300000.0,8,125.0,-102.50544417545215,-6.5397025543595415,"(-8.0, -6.0]",74.0,0.236032,0.5087719298245614,1.7325330871037241,1.1414663367189903,3,1.0
1153,2020-01-01 00:25:59,gw_main,devB,1,867900000.0,10,125.0,-111.16651495237151,8.885297141230803,"(8.0, 10.0]",28.0,0.41164799999999996,0.9473684210526315,1.0554016620498614,0.4898556454293627,3,1.0
1154,2020-01-01 00:26:00,gw_main,devC,1,867900000.0,8,125.0,-96.18217035889228,0.7151815228091796,"(0.0, 2.0]",62.0,0.205312,0.9338842975206612,1.0704869885936752,0.2902708131958198,3,1.0
1155,2020-01-01 00:26:01,gw_main,devB,1,867300000.0,9,125.0,-99.12648185166054,9.508385505549398,"(8.0, 10.0]",55.0,0.349184,0.9655172413793104,1.0356718192627823,0.39731184780023765,3,1.0
1156,2020-01-01 00:26:02,gw_main,devA,1,868300000.0,7,125.0,-109.25112727177826,1.995644244695343,"(0.0, 2.0]",63.0,0.118016,0.9215686274509803,1.0845828527489427,0.21258098269896195,3,1.0
1157,2020-01-01 00:26:03,gw_main,devC,1,867100000.0,8,125.0,-106.51694035363265,-5.44238802963846,"(-6.0, -4.0]",73.0,0.236032,0.6025641025641025,1.5553911900065749,0.9225132833662067,3,1.0
1158,2020-01-01 00:26:04,gw_main,devC,1,867900000.0,9,125.0,-105.4459514612884,-0.40900423113185846,"(-2.0, 0.0]",32.0,0.24678399999999998,0.826530612244898,1.203561016243232,0.5005806180758017,3,1.0
1159,2020-01-01 00:26:05,gw_main,devC,1,868300000.0,7,125.0,-115.02633975606948,7.584770582683374,"(6.0, 8.0]",21.0,0.056575999999999994,0.9651162790697675,1.0361005949161708,0.09471902217414807,3,1.0
1160,2020-01-01 00:26:06,gw_main,devA,1,867300000.0,8,125.0,-116.21810810275164,5.805031349106805,"(4.0, 6.0]",77.0,0.246272,0.975609756097561,1.0249851279000597,0.2774102653182632,3,1.0
1161,2020-01-01 00:26:07,gw_main,devA,0,868300000.0,11,125.0,-107.28158842802863,0.0054691924548419075,"(0.0, 2.0]",36.0,0.9871359999999999,0.7368421052631579,1.332409972299169,1.6476798227146812,3,1.0
1162,2020-01-01 00:26:08,gw_main,devC,1,867900000.0,7,125.0,-114.01118220580888,0.3008620242745915,"(0.0, 2.0]",56.0,0.107776,0.9215686274509803,1.0845828527489427,0.20147485428681278,3,1.0
1163,2020-01-01 00:26:11,gw_main,devB,1,867100000.0,8,125.0,-108.01680940666381,11.915278496250863,"(10.0, 12.0]",26.0,0.11315199999999999,0.9583333333333334,1.0434027777777777,0.16146588888888877,3,1.0
1164,2020-01-01 00:26:14,gw_main,devC,1,868300000.0,8,125.0,-109.8508541719722,-2.9425052917037324,"(-4.0, -2.0]",24.0,0.11315199999999999,0.7203389830508474,1.3578713013501866,0.5115171548405629,3,1.0
1165,2020-01-01 00:26:15,gw_main,devB,1,867100000.0,11,125.0,-93.40526130838084,4.480919164585443,"(4.0, 6.0]",49.0,1.232896,0.8571428571428571,1.1632653061224492,1.5974504489795922,3,1.0
1166,2020-01-01 00:26:16,gw_main,devC,1,867100000.0,9,125.0,-113.31036426672367,3.957356591269787,"(2.0, 4.0]",53.0,0.328704,0.9358974358974359,1.0682117028270874,0.4193371623931624,3,1.0
1167,2020-01-01 00:26:17,gw_main,devC,1,867900000.0,9,125.0,-116.11943524347234,-0.8459942080392346,"(-2.0, 0.0]",33.0,0.24678399999999998,0.826530612244898,1.203561016243232,0.5005806180758017,3,1.0
1168,2020-01-01 00:26:18,gw_main,devB,0,868300000.0,8,125.0,-104.44153681836356,-4.123541739808761,"(-6.0, -4.0]",69.0,0.225792,0.6025641025641025,1.5553911900065749,0.9065860775805394,3,1.0
1169,2020-01-01 00:26:20,gw_main,devA,0,868300000.0,10,125.0,-118.93742008230727,-10.324125300318073,"(-12.0, -10.0]",47.0,0.575488,0.07692307692307693,2.7751479289940835,3.3722122603550306,3,1.0
1170,2020-01-01 00:26:21,gw_main,devB,0,867300000.0,7,125.0,-94.64904388451315,-8.030659290248533,"(-10.0, -8.0]",30.0,0.071936,0.32727272727272727,2.1252892561983474,1.2781740641322317,3,1.0
1171,2020-01-01 00:26:22,gw_main,devB,1,867900000.0,9,125.0,-98.4892388081071,4.928397564837198,"(4.0, 6.0]",40.0,0.287744,0.9516129032258065,1.0507284079084287,0.3530692029136316,3,1.0
1172,2020-01-01 00:26:24,gw_main,devB,1,868300000.0,9,125.0,-107.75673101239775,2.31290360335629,"(2.0, 4.0]",46.0,0.308224,0.9358974358974359,1.0682117028270874,0.39746018671926364,3,1.0
1173,2020-01-01 00:26:25,gw_main,devC,1,867900000.0,12,125.0,-106.71200566663849,7.5155551984252975,"(6.0, 8.0]",23.0,1.4827519999999998,0.875,1.140625,1.8318889999999999,3,1.0
1174,2020-01-01 00:26:26,gw_main,devB,1,868300000.0,7,125.0,-116.92567838331844,4.0074749549990525,"(4.0, 6.0]",38.0,0.082176,0.976,1.024576,0.10877155737599993,3,1.0
1175,2020-01-01 00:26:28,gw_main,devC,1,867300000.0,8,125.0,-117.91703572408342,13.127891187184272,"(12.0, 14.0]",77.0,0.246272,0.9375,1.06640625,0.32903224999999997,3,1.0
1176,2020-01-01 00:26:29,gw_main,devB,1,867100000.0,7,125.0,-121.23753521727133,4.11899277847597,"(4.0, 6.0]",31.0,0.071936,0.976,1.024576,0.09827989913599992,3,1.0
1177,2020-01-01 00:26:30,gw_main,devA,1,868300000.0,10,125.0,-93.30176874704303,-2.1867620636518947,"(-4.0, -2.0]",32.0,0.45260799999999995,0.6428571428571429,1.4846938775510203,1.1566782040816324,3,1.0
1178,2020-01-01 00:26:31,gw_main,devB,1,867300000.0,8,125.0,-111.55218807850068,4.516180358741305,"(4.0, 6.0]",28.0,0.12339199999999999,0.975609756097561,1.0249851279000597,0.15146009280190384,3,1.0
1179,2020-01-01 00:26:32,gw_main,devA,1,867900000.0,9,125.0,-112.6896325700095,2.5160789633806138,"(2.0, 4.0]",39.0,0.267264,0.9358974358974359,1.0682117028270874,0.3537062353714661,3,1.0
1180,2020-01-01 00:26:33,gw_main,devC,0,867100000.0,10,125.0,-107.98698519194116,-5.279915833687928,"(-6.0, -4.0]",41.0,0.534528,0.5,1.75,1.685424,3,1.0
1181,2020-01-01 00:26:34,gw_main,devC,1,867900000.0,9,125.0,-112.34170401029493,0.4500912244648917,"(0.0, 2.0]",43.0,0.287744,0.8987341772151899,1.1115205896490947,0.4313539701970838,3,1.0
1182,2020-01-01 00:26:35,gw_main,devA,1,868300000.0,7,125.0,-87.12209074697516,-1.0177452023482076,"(-2.0, 0.0]",31.0,0.071936,0.8554216867469879,1.165481201916098,0.24932125765713448,3,1.0
1183,2020-01-01 00:26:36,gw_main,devC,1,867900000.0,7,125.0,-101.95372909149403,-12.129314062220649,"(-14.0, -12.0]",60.0,0.112896,0.2916666666666667,2.210069444444444,1.4595774444444443,3,1.0
1184,2020-01-01 00:26:38,gw_main,devC,1,868300000.0,9,125.0,-98.15798534812777,-1.7463320771394524,"(-2.0, 0.0]",60.0,0.369664,0.826530612244898,1.203561016243232,0.6484741957517701,3,1.0
1185,2020-01-01 00:26:40,gw_main,devC,1,867100000.0,7,125.0,-125.70251994694104,-10.146580789149805,"(-12.0, -10.0]",57.0,0.107776,0.2,2.4400000000000004,1.7029734400000005,3,1.0
1186,2020-01-01 00:26:41,gw_main,devC,1,867300000.0,8,125.0,-99.15011509046553,-2.187900109506441,"(-4.0, -2.0]",32.0,0.133632,0.7203389830508474,1.3578713013501866,0.5393263590922148,3,1.0
1187,2020-01-01 00:26:43,gw_main,devB,1,867100000.0,11,125.0,-105.2823511884324,0.6287732442516164,"(0.0, 2.0]",61.0,1.478656,0.7368421052631579,1.332409972299169,2.302585972299169,3,1.0
1188,2020-01-01 00:26:44,gw_main,devA,1,867300000.0,7,125.0,-95.68972449179005,-7.004157602743846,"(-8.0, -6.0]",47.0,0.092416,0.5533980582524272,1.6460552361202754,0.7981770768215668,3,1.0
1189,2020-01-01 00:26:45,gw_main,devB,1,868300000.0,11,125.0,-100.49060426059096,3.9013599545455655,"(2.0, 4.0]",53.0,1.314816,0.9523809523809523,1.0498866213151927,1.4302943492063491,3,1.0
1190,2020-01-01 00:26:46,gw_main,devC,1,867300000.0,9,125.0,-121.21283352546341,-7.498028150779454,"(-8.0, -6.0]",23.0,0.20582399999999998,0.41304347826086957,1.9314744801512285,1.3290182835538749,3,1.0
1191,2020-01-01 00:26:49,gw_main,devB,0,867900000.0,9,125.0,-96.17682070961084,-4.270543812053674,"(-6.0, -4.0]",25.0,0.20582399999999998,0.4411764705882353,1.871107266435986,1.2562260484429064,3,1.0
1192,2020-01-01 00:26:50,gw_main,devB,1,867100000.0,7,125.0,-124.35914998745895,-3.150010067812727,"(-4.0, -2.0]",61.0,0.112896,0.8152866242038217,1.2188324069941985,0.3564337104142155,3,1.0
1193,2020-01-01 00:26:51,gw_main,devA,1,867100000.0,8,125.0,-100.36405115780211,6.620118464025454,"(6.0, 8.0]",57.0,0.195072,0.9850746268656716,1.0151481398975275,0.21317511784361798,3,1.0
1194,2020-01-01 00:26:53,gw_main,devA,1,867100000.0,7,125.0,-100.19569377995748,-1.8315383108730827,"(-2.0, 0.0]",48.0,0.097536,0.8554216867469879,1.165481201916098,0.2791575764261866,3,1.0
1195,2020-01-01 00:26:55,gw_main,devB,1,867900000.0,10,125.0,-124.40860775937678,6.470514638968007,"(6.0, 8.0]",38.0,0.49356799999999995,0.9666666666666667,1.0344444444444445,0.54501312,3,1.0
1196,2020-01-01 00:26:56,gw_main,devA,0,868300000.0,9,125.0,-99.88394555044704,-13.587755465738812,"(-14.0, -12.0]",64.0,0.390144,0.06666666666666667,2.8044444444444445,2.898581617777778,3,1.0
1197,2020-01-01 00:26:57,gw_main,devA,0,867900000.0,7,125.0,-106.3059268693372,-5.107026915204633,"(-6.0, -4.0]",43.0,0.087296,0.6124031007751938,1.537828255513491,0.6720745109067967,3,1.0
1198,2020-01-01 00:26:58,gw_main,devA,0,867100000.0,9,125.0,-112.9558928751955,-6.2094806448838105,"(-8.0, -6.0]",39.0,0.267264,0.41304347826086957,1.9314744801512285,1.4476880756143664,3,1.0
1199,2020-01-01 00:26:59,gw_main,devB,0,867300000.0,9,125.0,-97.67709977484392,-6.686480886500726,"(-8.0, -6.0]",71.0,0.410624,0.41304347826086957,1.9314744801512285,1.7245842570888463,3,1.0
1200,2020-01-01 00:27:00,gw_main,devA,0,868300000.0,8,125.0,-106.38342886599436,-5.266700852068261,"(-6.0, -4.0]",51.0,0.184832,0.6025641025641025,1.5553911900065749,0.8428772544378702,3,1.0
1201,2020-01-01 00:27:01,gw_main,devA,0,867900000.0,8,125.0,-91.39886459201719,-5.169289853431389,"(-6.0, -4.0]",79.0,0.25651199999999996,0.6025641025641025,1.5553911900065749,0.9543676949375414,3,1.0
1202,2020-01-01 00:27:03,gw_main,devA,1,867100000.0,7,125.0,-115.80073571105304,-5.47276617283006,"(-6.0, -4.0]",55.0,0.107776,0.6124031007751938,1.537828255513491,0.703569233579713,3,1.0
1203,2020-01-01 00:27:04,gw_main,devC,1,867900000.0,8,125.0,-99.08860186935956,0.7535056677686676,"(0.0, 2.0]",56.0,0.195072,0.9338842975206612,1.0704869885936752,0.27930902643262057,3,1.0
1204,2020-01-01 00:27:05,gw_main,devB,1,867100000.0,7,125.0,-106.01724474515778,2.4685234492313883,"(2.0, 4.0]",57.0,0.107776,0.952054794520548,1.0502439482079189,0.16343503996997555,3,1.0
1205,2020-01-01 00:27:06,gw_main,devB,1,867900000.0,8,125.0,-106.2373573552688,-4.488319084091254,"(-6.0, -4.0]",75.0,0.246272,0.6025641025641025,1.5553911900065749,0.9384404891518741,3,1.0
1206,2020-01-01 00:27:08,gw_main,devB,1,868300000.0,8,125.0,-97.00357474551902,10.06511469267649,"(10.0, 12.0]",24.0,0.11315199999999999,0.9583333333333334,1.0434027777777777,0.16146588888888877,3,1.0
1207,2020-01-01 00:27:11,gw_main,devC,1,867300000.0,9,125.0,-119.57951161566373,-0.3991236664748806,"(-2.0, 0.0]",53.0,0.328704,0.826530612244898,1.203561016243232,0.5991763365264473,3,1.0
1208,2020-01-01 00:27:12,gw_main,devB,1,867900000.0,10,125.0,-103.12646787059764,-5.627652196752971,"(-6.0, -4.0]",48.0,0.575488,0.5,1.75,1.757104,3,1.0
1209,2020-01-01 00:27:14,gw_main,devB,1,867300000.0,7,125.0,-117.23847851569445,5.29469483668405,"(4.0, 6.0]",42.0,0.087296,0.976,1.024576,0.11401738649599992,3,1.0
1210,2020-01-01 00:27:16,gw_main,devB,1,867100000.0,7,125.0,-115.93777164637108,-1.2836630116819172,"(-2.0, 0.0]",31.0,0.071936,0.8554216867469879,1.165481201916098,0.24932125765713448,3,1.0
1211,2020-01-01 00:27:17,gw_main,devA,1,867100000.0,8,125.0,-96.27067107830582,6.823776846322287,"(6.0, 8.0]",27.0,0.12339199999999999,0.9850746268656716,1.0151481398975275,0.1404092991757632,3,1.0
1212,2020-01-01 00:27:18,gw_main,devC,1,867900000.0,9,125.0,-115.70056223235707,-3.050914255156088,"(-4.0, -2.0]",62.0,0.369664,0.7241379310344828,1.351961950059453,0.8517336123662307,3,1.0
1213,2020-01-01 00:27:20,gw_main,devC,0,867900000.0,7,125.0,-98.75504328023577,-6.276784800328668,"(-8.0, -6.0]",21.0,0.056575999999999994,0.5533980582524272,1.6460552361202754,0.7391824571590161,3,1.0
1214,2020-01-01 00:27:21,gw_main,devA,1,867900000.0,9,125.0,-105.14265840048564,-5.020714663457808,"(-6.0, -4.0]",55.0,0.349184,0.4411764705882353,1.871107266435986,1.5244679861591695,3,1.0
1215,2020-01-01 00:27:22,gw_main,devC,0,867100000.0,10,125.0,-100.41113064087685,-3.1407791373848397,"(-4.0, -2.0]",47.0,0.575488,0.6428571428571429,1.4846938775510203,1.339117387755102,3,1.0
1216,2020-01-01 00:27:23,gw_main,devB,1,867300000.0,8,125.0,-104.15881242079018,13.057920139285764,"(12.0, 14.0]",48.0,0.174592,0.9375,1.06640625,0.25259224999999996,3,1.0
1217,2020-01-01 00:27:24,gw_main,devC,1,867900000.0,8,125.0,-85.11240519148978,-2.4543008480191375,"(-4.0, -2.0]",37.0,0.143872,0.7203389830508474,1.3578713013501866,0.5532309612180407,3,1.0
1218,2020-01-01 00:27:25,gw_main,devA,1,867900000.0,9,125.0,-101.55154003759682,-3.1797521164177365,"(-4.0, -2.0]",59.0,0.369664,0.7241379310344828,1.351961950059453,0.8517336123662307,3,1.0
1219,2020-01-01 00:27:26,gw_main,devC,1,868300000.0,8,125.0,-111.18500421132813,-3.379161170862834,"(-4.0, -2.0]",63.0,0.215552,0.7203389830508474,1.3578713013501866,0.650563176098822,3,1.0
1220,2020-01-01 00:27:27,gw_main,devA,1,867300000.0,8,125.0,-102.58090834387656,-0.9936141243496375,"(-2.0, 0.0]",61.0,0.205312,0.926605504587156,1.07878124736975,0.3002679828297281,3,1.0
1221,2020-01-01 00:27:28,gw_main,devA,1,867300000.0,9,125.0,-108.98366707942033,3.935580710117551,"(2.0, 4.0]",72.0,0.431104,0.9358974358974359,1.0682117028270874,0.528722040762656,3,1.0
1222,2020-01-01 00:27:29,gw_main,devB,1,867900000.0,9,125.0,-106.58963719211768,1.1369426220211787,"(0.0, 2.0]",40.0,0.287744,0.8987341772151899,1.1115205896490947,0.4313539701970838,3,1.0
1223,2020-01-01 00:27:30,gw_main,devA,1,867900000.0,10,125.0,-111.18411639295643,12.346888048202374,"(12.0, 14.0]",21.0,0.37068799999999996,0.8,1.24,0.69965312,3,1.0
1224,2020-01-01 00:27:31,gw_main,devB,1,868300000.0,8,125.0,-110.69820712415074,1.2827666803974624,"(0.0, 2.0]",32.0,0.133632,0.9338842975206612,1.0704869885936752,0.2135383058534252,3,1.0
1225,2020-01-01 00:27:34,gw_main,devB,1,867900000.0,7,125.0,-99.18564784000768,3.6334889906846874,"(2.0, 4.0]",33.0,0.071936,0.952054794520548,1.0502439482079189,0.12579429686620375,3,1.0
1226,2020-01-01 00:27:35,gw_main,devB,0,867900000.0,10,125.0,-108.6822367305594,-8.661599638279881,"(-10.0, -8.0]",29.0,0.41164799999999996,0.18181818181818182,2.487603305785124,2.5116202314049585,3,1.0
1227,2020-01-01 00:27:36,gw_main,devA,1,867300000.0,7,125.0,-106.75361856074473,-0.7623566888350718,"(-2.0, 0.0]",73.0,0.133376,0.8554216867469879,1.165481201916098,0.32092842270285954,3,1.0
1228,2020-01-01 00:27:38,gw_main,devB,1,867300000.0,10,125.0,-94.58547437180603,-1.4577420413848292,"(-2.0, 0.0]",49.0,0.575488,0.7575757575757576,1.3011937557392104,1.050015147842057,3,1.0
1229,2020-01-01 00:27:39,gw_main,devC,0,867900000.0,7,125.0,-91.45524585957571,-12.917271763145202,"(-14.0, -12.0]",68.0,0.123136,0.2916666666666667,2.210069444444444,1.4822085555555553,3,1.0
1230,2020-01-01 00:27:40,gw_main,devC,1,868300000.0,9,125.0,-106.73359139317957,5.283746771235941,"(4.0, 6.0]",77.0,0.451584,0.9516129032258065,1.0507284079084287,0.5252205452653486,3,1.0
1231,2020-01-01 00:27:41,gw_main,devB,1,867900000.0,7,125.0,-98.02746129944856,-2.322901978093089,"(-4.0, -2.0]",26.0,0.061695999999999994,0.8152866242038217,1.2188324069941985,0.29402949117611255,3,1.0
1232,2020-01-01 00:27:42,gw_main,devB,0,867900000.0,9,125.0,-118.67008099250903,-2.6284279334778935,"(-4.0, -2.0]",71.0,0.410624,0.7241379310344828,1.351961950059453,0.9071099738406659,3,1.0
1233,2020-01-01 00:27:43,gw_main,devB,1,867300000.0,10,125.0,-117.16429260133235,-1.531028766240948,"(-2.0, 0.0]",56.0,0.657408,0.7575757575757576,1.3011937557392104,1.1566089403122133,3,1.0
1234,2020-01-01 00:27:44,gw_main,devA,0,868300000.0,10,125.0,-99.42287858749026,-1.368475133246621,"(-2.0, 0.0]",76.0,0.821248,0.7575757575757576,1.3011937557392104,1.3697965252525253,3,1.0
1235,2020-01-01 00:27:45,gw_main,devC,1,867300000.0,9,125.0,-121.33060284032605,2.4425905247325046,"(2.0, 4.0]",21.0,0.18534399999999998,0.9358974358974359,1.0682117028270874,0.2661983326758711,3,1.0
1236,2020-01-01 00:27:46,gw_main,devB,0,867300000.0,8,125.0,-81.25482059675319,-7.626193509391586,"(-8.0, -6.0]",55.0,0.195072,0.5087719298245614,1.7325330871037241,1.0705017814712217,3,1.0
1237,2020-01-01 00:27:49,gw_main,devB,1,867100000.0,7,125.0,-106.67514396382252,0.8734968679221804,"(0.0, 2.0]",61.0,0.112896,0.9215686274509803,1.0845828527489427,0.20702791849288738,3,1.0
1238,2020-01-01 00:27:50,gw_main,devC,0,867100000.0,9,125.0,-117.87297359108791,-2.2599288534523954,"(-4.0, -2.0]",28.0,0.22630399999999998,0.7241379310344828,1.351961950059453,0.6579163472057075,3,1.0
1239,2020-01-01 00:27:52,gw_main,devB,0,867100000.0,11,125.0,-113.61867361016714,-5.00654821901956,"(-6.0, -4.0]",40.0,1.069056,0.3939393939393939,1.9733700642791552,3.0830131717171714,3,1.0
1240,2020-01-01 00:27:53,gw_main,devC,1,867100000.0,7,125.0,-98.37350228244746,-0.3501309833740134,"(-2.0, 0.0]",66.0,0.123136,0.8554216867469879,1.165481201916098,0.3089938951952387,3,1.0
1241,2020-01-01 00:27:54,gw_main,devC,1,867300000.0,9,125.0,-115.05902297271658,7.084394839148665,"(6.0, 8.0]",57.0,0.349184,0.9761904761904762,1.02437641723356,0.38207227210884354,3,1.0
1242,2020-01-01 00:27:55,gw_main,devA,1,867100000.0,8,125.0,-113.07328781506968,-6.34830450827431,"(-8.0, -6.0]",61.0,0.205312,0.5087719298245614,1.7325330871037241,1.0882429202831638,3,1.0
1243,2020-01-01 00:27:57,gw_main,devA,1,867100000.0,9,125.0,-116.65920823631902,5.06388879228257,"(4.0, 6.0]",57.0,0.349184,0.9516129032258065,1.0507284079084287,0.41762595629552546,3,1.0
1244,2020-01-01 00:27:58,gw_main,devB,1,867100000.0,7,125.0,-111.49580664170786,-2.717782423859633,"(-4.0, -2.0]",41.0,0.087296,0.8152866242038217,1.2188324069941985,0.325231600795164,3,1.0
1245,2020-01-01 00:28:00,gw_main,devB,0,867300000.0,9,125.0,-83.63129584663011,-8.795420501172524,"(-10.0, -8.0]",55.0,0.349184,0.36666666666666664,2.034444444444444,1.744839893333333,3,1.0
1246,2020-01-01 00:28:02,gw_main,devA,1,867300000.0,8,125.0,-127.36912004171779,-7.7386935369070775,"(-8.0, -6.0]",76.0,0.246272,0.5087719298245614,1.7325330871037241,1.1592074755309325,3,1.0
1247,2020-01-01 00:28:03,gw_main,devA,1,867900000.0,8,125.0,-112.06265988393156,-2.4584787918851507,"(-4.0, -2.0]",75.0,0.246272,0.7203389830508474,1.3578713013501866,0.6922769824762998,3,1.0
1248,2020-01-01 00:28:04,gw_main,devC,0,867300000.0,11,125.0,-103.97432445168684,-1.952459813698088,"(-2.0, 0.0]",48.0,1.232896,0.7209302325581395,1.3569497025419146,2.029927563007031,3,1.0
1249,2020-01-01 00:28:05,gw_main,devA,0,867300000.0,8,125.0,-106.2314319695092,-3.0908545028560197,"(-4.0, -2.0]",76.0,0.246272,0.7203389830508474,1.3578713013501866,0.6922769824762998,3,1.0
1250,2020-01-01 00:28:06,gw_main,devB,1,867300000.0,7,125.0,-110.81630704612866,0.5965361433885359,"(0.0, 2.0]",65.0,0.123136,0.9215686274509803,1.0845828527489427,0.21813404690503654,3,1.0
1251,2020-01-01 00:28:07,gw_main,devC,0,867100000.0,8,125.0,-117.31288353838066,-12.810923446312083,"(-14.0, -12.0]",39.0,0.154112,0.08333333333333333,2.756944444444444,2.1818226666666662,3,1.0
1252,2020-01-01 00:28:08,gw_main,devA,1,867100000.0,11,125.0,-98.2939078979034,2.972096438109265,"(2.0, 4.0]",26.0,0.8232959999999999,0.9523809523809523,1.0498866213151927,0.9142540770975055,3,1.0
1253,2020-01-01 00:28:09,gw_main,devA,0,867900000.0,11,125.0,-110.42705424369254,-8.515803473353989,"(-10.0, -8.0]",76.0,1.724416,0.23809523809523808,2.3424036281179133,5.381681922902493,3,1.0
1254,2020-01-01 00:28:10,gw_main,devB,1,867100000.0,8,125.0,-111.67529511084004,-3.9651036313519192,"(-4.0, -2.0]",57.0,0.195072,0.7203389830508474,1.3578713013501866,0.6227539718471702,3,1.0
1255,2020-01-01 00:28:11,gw_main,devA,1,867900000.0,8,125.0,-105.46299378193962,-2.477102797757995,"(-4.0, -2.0]",55.0,0.195072,0.7203389830508474,1.3578713013501866,0.6227539718471702,3,1.0
1256,2020-01-01 00:28:12,gw_main,devB,1,867900000.0,9,125.0,-92.85247783773386,-6.9372638204548975,"(-8.0, -6.0]",49.0,0.328704,0.41304347826086957,1.9314744801512285,1.5663578676748577,3,1.0
1257,2020-01-01 00:28:13,gw_main,devC,1,867300000.0,8,125.0,-104.22327534982722,-8.22599801182553,"(-10.0, -8.0]",31.0,0.133632,0.2653061224489796,2.2744689712619737,1.5784108088296538,3,1.0
1258,2020-01-01 00:28:14,gw_main,devB,1,867100000.0,10,125.0,-82.68482949205834,-6.036489991285844,"(-8.0, -6.0]",65.0,0.739328,0.25,2.3125,3.022196,3,1.0
1259,2020-01-01 00:28:15,gw_main,devB,0,867300000.0,10,125.0,-108.66528661890392,-0.0715418528470716,"(-2.0, 0.0]",28.0,0.41164799999999996,0.7575757575757576,1.3011937557392104,0.8368275629017448,3,1.0
1260,2020-01-01 00:28:16,gw_main,devA,1,868300000.0,9,125.0,-100.32202522430462,3.5398930743566264,"(2.0, 4.0]",53.0,0.328704,0.9358974358974359,1.0682117028270874,0.4193371623931624,3,1.0
1261,2020-01-01 00:28:17,gw_main,devA,1,867300000.0,12,125.0,-124.95084947870014,3.3854110662236803,"(2.0, 4.0]",43.0,2.138112,0.782608695652174,1.2646502835538753,2.9686142306238192,3,1.0
1262,2020-01-01 00:28:18,gw_main,devB,1,868300000.0,9,125.0,-111.60844513047373,-5.966946229622948,"(-6.0, -4.0]",78.0,0.451584,0.4411764705882353,1.871107266435986,1.7160693702422143,3,1.0
1263,2020-01-01 00:28:19,gw_main,devB,0,867300000.0,12,125.0,-106.00915207037654,-4.74946288927173,"(-6.0, -4.0]",44.0,2.138112,0.2857142857142857,2.2244897959183674,5.980698122448979,3,1.0
1264,2020-01-01 00:28:20,gw_main,devA,0,868300000.0,9,125.0,-112.05181760234946,-5.523618987899569,"(-6.0, -4.0]",58.0,0.369664,0.4411764705882353,1.871107266435986,1.5627882629757783,3,1.0
1265,2020-01-01 00:28:21,gw_main,devC,1,867300000.0,7,125.0,-112.78166939115243,2.698873872578865,"(2.0, 4.0]",36.0,0.077056,0.952054794520548,1.0502439482079189,0.13117154588102828,3,1.0
1266,2020-01-01 00:28:22,gw_main,devB,0,868300000.0,9,125.0,-110.76579770871712,-12.224521083111313,"(-14.0, -12.0]",69.0,0.410624,0.06666666666666667,2.8044444444444445,2.95601664,3,1.0
1267,2020-01-01 00:28:25,gw_main,devA,0,867100000.0,7,125.0,-105.08125666617778,-4.701149182802299,"(-6.0, -4.0]",36.0,0.077056,0.6124031007751938,1.537828255513491,0.6563271495703386,3,1.0
1268,2020-01-01 00:28:26,gw_main,devC,1,868300000.0,8,125.0,-102.41920866596875,2.0367227754453814,"(2.0, 4.0]",74.0,0.236032,0.9166666666666666,1.0902777777777777,0.3476182222222221,3,1.0
1269,2020-01-01 00:28:28,gw_main,devC,1,868300000.0,7,125.0,-107.60963350107035,2.0554995413095556,"(2.0, 4.0]",50.0,0.097536,0.952054794520548,1.0502439482079189,0.15268054194032646,3,1.0
1270,2020-01-01 00:28:29,gw_main,devA,1,867100000.0,7,125.0,-112.96631183149319,6.316466743911677,"(6.0, 8.0]",25.0,0.061695999999999994,0.9651162790697675,1.0361005949161708,0.10002385722011886,3,1.0
1271,2020-01-01 00:28:30,gw_main,devB,1,867100000.0,10,125.0,-97.58000093697824,0.8061528999225975,"(0.0, 2.0]",36.0,0.49356799999999995,0.8888888888888888,1.1234567901234567,0.6779591111111108,3,1.0
1272,2020-01-01 00:28:32,gw_main,devA,1,867100000.0,10,125.0,-103.9723005059231,7.470960231712176,"(6.0, 8.0]",66.0,0.739328,0.9666666666666667,1.0344444444444445,0.7992381866666668,3,1.0
1273,2020-01-01 00:28:33,gw_main,devA,1,868300000.0,10,125.0,-101.9848497738271,-0.5968727359923902,"(-2.0, 0.0]",30.0,0.45260799999999995,0.7575757575757576,1.3011937557392104,0.8901244591368228,3,1.0
1274,2020-01-01 00:28:34,gw_main,devA,1,867900000.0,9,125.0,-108.1246953095102,8.63523532756172,"(8.0, 10.0]",45.0,0.308224,0.9655172413793104,1.0356718192627823,0.3548907300832341,3,1.0
1275,2020-01-01 00:28:35,gw_main,devA,1,867300000.0,8,125.0,-101.30033210468793,0.9884022078809875,"(0.0, 2.0]",47.0,0.174592,0.9338842975206612,1.0704869885936752,0.25738545290622217,3,1.0
1276,2020-01-01 00:28:36,gw_main,devA,1,867300000.0,9,125.0,-107.5668166777219,0.5213593218121652,"(0.0, 2.0]",30.0,0.22630399999999998,0.8987341772151899,1.1115205896490947,0.36306214516904345,3,1.0
1277,2020-01-01 00:28:37,gw_main,devB,0,867300000.0,9,125.0,-117.07506676988268,-5.528842022684362,"(-6.0, -4.0]",36.0,0.267264,0.4411764705882353,1.871107266435986,1.3711868788927335,3,1.0
1278,2020-01-01 00:28:38,gw_main,devA,1,868300000.0,7,125.0,-94.52411315618956,-1.7326800347231655,"(-2.0, 0.0]",60.0,0.112896,0.8554216867469879,1.165481201916098,0.29705936768761787,3,1.0
1279,2020-01-01 00:28:39,gw_main,devC,1,867300000.0,7,125.0,-85.5020217286126,4.665496475061496,"(4.0, 6.0]",58.0,0.112896,0.976,1.024576,0.1402465320959999,3,1.0
1280,2020-01-01 00:28:40,gw_main,devC,0,868300000.0,9,125.0,-100.03731424588078,-7.875881458418434,"(-8.0, -6.0]",76.0,0.451584,0.41304347826086957,1.9314744801512285,1.8036974517958408,3,1.0
1281,2020-01-01 00:28:42,gw_main,devA,1,867300000.0,12,125.0,-101.38073645359684,2.0916957076167857,"(2.0, 4.0]",38.0,1.9742719999999998,0.782608695652174,1.2646502835538753,2.761413928166352,3,1.0
1282,2020-01-01 00:28:43,gw_main,devC,1,868300000.0,8,125.0,-90.55308118054825,1.665368497500722,"(0.0, 2.0]",45.0,0.164352,0.9338842975206612,1.0704869885936752,0.24642366614302288,3,1.0
1283,2020-01-01 00:28:46,gw_main,devA,1,867300000.0,7,125.0,-104.0382112877411,3.8895600461457422,"(2.0, 4.0]",60.0,0.112896,0.952054794520548,1.0502439482079189,0.1688122889848001,3,1.0
1284,2020-01-01 00:28:47,gw_main,devA,1,867300000.0,7,125.0,-125.1578106626717,-4.5777297415090885,"(-6.0, -4.0]",64.0,0.118016,0.6124031007751938,1.537828255513491,0.7193165949161712,3,1.0
1285,2020-01-01 00:28:48,gw_main,devA,1,868300000.0,8,125.0,-108.82106368824532,0.541840194586698,"(0.0, 2.0]",23.0,0.11315199999999999,0.9338842975206612,1.0704869885936752,0.19161473232702672,3,1.0
1286,2020-01-01 00:28:49,gw_main,devA,0,867300000.0,11,125.0,-100.4943410945838,-14.268439614409317,"(-16.0, -14.0]",33.0,0.9871359999999999,0.68,1.4223999999999999,1.8265022463999996,3,1.0
1287,2020-01-01 00:28:50,gw_main,devB,1,867900000.0,7,125.0,-102.40204714556738,4.02835821773081,"(4.0, 6.0]",43.0,0.087296,0.976,1.024576,0.11401738649599992,3,1.0
1288,2020-01-01 00:28:51,gw_main,devB,1,868300000.0,7,125.0,-106.6447705526787,-3.974596858054461,"(-4.0, -2.0]",78.0,0.13849599999999998,0.8152866242038217,1.2188324069941985,0.38763582003326696,3,1.0
1289,2020-01-01 00:28:53,gw_main,devA,0,867300000.0,7,125.0,-103.29770030053608,-11.056717655593353,"(-12.0, -10.0]",78.0,0.13849599999999998,0.2,2.4400000000000004,1.7779302400000003,3,1.0
1290,2020-01-01 00:28:54,gw_main,devC,1,867100000.0,7,125.0,-103.97356745471193,4.153604329953865,"(4.0, 6.0]",36.0,0.077056,0.976,1.024576,0.10352572825599993,3,1.0
1291,2020-01-01 00:28:55,gw_main,devA,1,867100000.0,10,125.0,-100.67242477462342,-1.4216357259138994,"(-2.0, 0.0]",50.0,0.616448,0.7575757575757576,1.3011937557392104,1.1033120440771351,3,1.0
1292,2020-01-01 00:28:56,gw_main,devA,1,867900000.0,7,125.0,-89.4287652720563,4.845622786013764,"(4.0, 6.0]",74.0,0.133376,0.976,1.024576,0.16122984857599992,3,1.0
1293,2020-01-01 00:28:58,gw_main,devA,1,867100000.0,9,125.0,-95.65223454301349,-3.7107421484593175,"(-4.0, -2.0]",53.0,0.328704,0.7241379310344828,1.351961950059453,0.7963572508917955,3,1.0
1294,2020-01-01 00:28:59,gw_main,devC,0,868300000.0,10,125.0,-101.13437388855715,13.454708068935252,"(12.0, 14.0]",59.0,0.657408,0.8,1.24,1.05518592,3,1.0
1295,2020-01-01 00:29:01,gw_main,devB,0,867300000.0,8,125.0,-100.94580534073516,-4.236163244447281,"(-6.0, -4.0]",58.0,0.195072,0.6025641025641025,1.5553911900065749,0.8588044602235374,3,1.0
1296,2020-01-01 00:29:02,gw_main,devB,1,868300000.0,7,125.0,-81.65867661379363,-1.6594922229904974,"(-2.0, 0.0]",70.0,0.12825599999999998,0.8554216867469879,1.165481201916098,0.3149611589490491,3,1.0
1297,2020-01-01 00:29:03,gw_main,devC,0,867300000.0,7,125.0,-114.46612333910585,-6.135352354922196,"(-8.0, -6.0]",44.0,0.092416,0.5533980582524272,1.6460552361202754,0.7981770768215668,3,1.0
1298,2020-01-01 00:29:04,gw_main,devC,1,867300000.0,9,125.0,-116.39756567875473,7.142740718101759,"(6.0, 8.0]",33.0,0.24678399999999998,0.9761904761904762,1.02437641723356,0.27717612698412697,3,1.0
1299,2020-01-01 00:29:05,gw_main,devA,1,867300000.0,8,125.0,-101.09757023075201,10.350079885225515,"(10.0, 12.0]",23.0,0.11315199999999999,0.9583333333333334,1.0434027777777777,0.16146588888888877,3,1.0
1300,2020-01-01 00:29:06,gw_main,devA,0,867900000.0,7,125.0,-106.67441417373585,-4.2246363995000165,"(-6.0, -4.0]",75.0,0.133376,0.6124031007751938,1.537828255513491,0.7429376369208583,3,1.0
1301,2020-01-01 00:29:07,gw_main,devA,0,868300000.0,7,125.0,-93.62485915700108,-10.356193074079755,"(-12.0, -10.0]",31.0,0.071936,0.2,2.4400000000000004,1.6155238400000005,3,1.0
1302,2020-01-01 00:29:08,gw_main,devA,1,867100000.0,8,125.0,-98.08972615567963,7.0318638179445285,"(6.0, 8.0]",35.0,0.143872,0.9850746268656716,1.0151481398975275,0.16119953308086457,3,1.0
1303,2020-01-01 00:29:09,gw_main,devA,1,867900000.0,7,125.0,-97.92396632001501,6.650343070750365,"(6.0, 8.0]",27.0,0.066816,0.9651162790697675,1.0361005949161708,0.10532869226608967,3,1.0
1304,2020-01-01 00:29:11,gw_main,devB,1,867100000.0,8,125.0,-105.5733121439896,6.939068608493482,"(6.0, 8.0]",44.0,0.164352,0.9850746268656716,1.0151481398975275,0.18198976698596595,3,1.0
1305,2020-01-01 00:29:12,gw_main,devC,0,867300000.0,9,125.0,-97.64588211909856,-5.205151594942817,"(-6.0, -4.0]",26.0,0.20582399999999998,0.4411764705882353,1.871107266435986,1.2562260484429064,3,1.0
1306,2020-01-01 00:29:13,gw_main,devA,1,867100000.0,8,125.0,-110.3765847865844,-1.0109784520316383,"(-2.0, 0.0]",31.0,0.133632,0.926605504587156,1.07878124736975,0.22294094301826445,3,1.0
1307,2020-01-01 00:29:14,gw_main,devA,0,867100000.0,10,125.0,-105.12417922143523,-8.30465762604329,"(-10.0, -8.0]",72.0,0.780288,0.18181818181818182,2.487603305785124,3.4286503140495865,3,1.0
1308,2020-01-01 00:29:17,gw_main,devC,0,868300000.0,11,125.0,-103.0545697281045,-4.0314795746586505,"(-6.0, -4.0]",63.0,1.478656,0.3939393939393939,1.9733700642791552,3.8913055500459137,3,1.0
1309,2020-01-01 00:29:18,gw_main,devA,1,868300000.0,9,125.0,-94.20435861483072,13.677429564120352,"(12.0, 14.0]",79.0,0.451584,0.9230769230769231,1.0828402366863903,0.5718335621301771,3,1.0
1310,2020-01-01 00:29:19,gw_main,devA,1,867300000.0,10,125.0,-101.12046892762208,0.4450806598954316,"(0.0, 2.0]",63.0,0.698368,0.8888888888888888,1.1234567901234567,0.9080430617283949,3,1.0
1311,2020-01-01 00:29:21,gw_main,devC,1,867900000.0,12,125.0,-104.07175227384089,4.787311222238146,"(4.0, 6.0]",78.0,3.284992,0.9230769230769231,1.0828402366863903,3.639961751479289,3,1.0
1312,2020-01-01 00:29:22,gw_main,devA,1,868300000.0,9,125.0,-104.91481096412798,10.807574145596236,"(10.0, 12.0]",44.0,0.287744,0.95,1.0525,0.35535056,3,1.0
1313,2020-01-01 00:29:26,gw_main,devB,1,867900000.0,7,125.0,-103.80279004683882,8.253588366400379,"(8.0, 10.0]",46.0,0.092416,0.9811320754716981,1.0192239231043076,0.11341652118191535,3,1.0
1314,2020-01-01 00:29:27,gw_main,devA,1,867100000.0,7,125.0,-111.10118115849217,-2.9594456941577687,"(-4.0, -2.0]",38.0,0.082176,0.8152866242038217,1.2188324069941985,0.31899117887135375,3,1.0
1315,2020-01-01 00:29:28,gw_main,devC,0,868300000.0,7,125.0,-97.46787559252711,-4.64185174446766,"(-6.0, -4.0]",78.0,0.13849599999999998,0.6124031007751938,1.537828255513491,0.7508113175890874,3,1.0
1316,2020-01-01 00:29:29,gw_main,devB,1,867300000.0,8,125.0,-103.40970890168869,6.0986874681774115,"(6.0, 8.0]",49.0,0.174592,0.9850746268656716,1.0151481398975275,0.19238488393851663,3,1.0
1317,2020-01-01 00:29:30,gw_main,devA,1,867100000.0,8,125.0,-93.29448606238837,0.8398064430118864,"(0.0, 2.0]",43.0,0.164352,0.9338842975206612,1.0704869885936752,0.24642366614302288,3,1.0
1318,2020-01-01 00:29:31,gw_main,devB,1,868300000.0,7,125.0,-102.22657234362492,-6.615252616096448,"(-8.0, -6.0]",58.0,0.112896,0.5533980582524272,1.6460552361202754,0.83188828805731,3,1.0
1319,2020-01-01 00:29:32,gw_main,devB,1,867300000.0,7,125.0,-96.08016498583821,-2.278479609489251,"(-4.0, -2.0]",67.0,0.123136,0.8152866242038217,1.2188324069941985,0.36891455426183606,3,1.0
1320,2020-01-01 00:29:33,gw_main,devC,0,867300000.0,7,125.0,-112.3586528594995,-4.533974945795739,"(-6.0, -4.0]",62.0,0.118016,0.6124031007751938,1.537828255513491,0.7193165949161712,3,1.0
1321,2020-01-01 00:29:35,gw_main,devC,1,867300000.0,7,125.0,-104.64780316894931,0.6581070809612319,"(0.0, 2.0]",31.0,0.071936,0.9215686274509803,1.0845828527489427,0.16260340484429067,3,1.0
1322,2020-01-01 00:29:36,gw_main,devA,1,868300000.0,9,125.0,-112.55138624250468,6.90268225836136,"(6.0, 8.0]",55.0,0.349184,0.9761904761904762,1.02437641723356,0.38207227210884354,3,1.0
1323,2020-01-01 00:29:37,gw_main,devA,1,867100000.0,7,125.0,-101.60580322125598,4.257990251887475,"(4.0, 6.0]",57.0,0.107776,0.976,1.024576,0.13500070297599992,3,1.0
1324,2020-01-01 00:29:38,gw_main,devB,0,868300000.0,10,125.0,-108.54049756318906,-9.381203964176237,"(-10.0, -8.0]",31.0,0.45260799999999995,0.18181818181818182,2.487603305785124,2.613512462809917,3,1.0
1325,2020-01-01 00:29:40,gw_main,devA,1,867900000.0,9,125.0,-111.44588752744633,5.381593918040429,"(4.0, 6.0]",70.0,0.410624,0.9516129032258065,1.0507284079084287,0.48218270967741933,3,1.0
1326,2020-01-01 00:29:43,gw_main,devB,0,868300000.0,8,125.0,-97.07728270898396,-3.29746195602054,"(-4.0, -2.0]",71.0,0.236032,0.7203389830508474,1.3578713013501866,0.6783723803504739,3,1.0
1327,2020-01-01 00:29:45,gw_main,devB,1,868300000.0,12,125.0,-100.03233244805531,5.580420151454984,"(4.0, 6.0]",29.0,1.6465919999999998,0.9230769230769231,1.0828402366863903,1.8658363076923068,3,1.0
1328,2020-01-01 00:29:48,gw_main,devC,1,868300000.0,7,125.0,-107.89699940844389,6.1517996679421,"(6.0, 8.0]",61.0,0.112896,0.9651162790697675,1.0361005949161708,0.15307220767982682,3,1.0
1329,2020-01-01 00:29:50,gw_main,devC,0,867300000.0,8,125.0,-108.66666858883332,-1.836397206058002,"(-2.0, 0.0]",30.0,0.12339199999999999,0.926605504587156,1.07878124736975,0.2118942230451982,3,1.0
1330,2020-01-01 00:29:51,gw_main,devB,1,867300000.0,7,125.0,-103.79094969067627,-8.387876089382473,"(-10.0, -8.0]",34.0,0.077056,0.32727272727272727,2.1252892561983474,1.2890555451239674,3,1.0
1331,2020-01-01 00:29:52,gw_main,devA,0,867100000.0,8,125.0,-124.72312034134721,-7.9531655220307265,"(-8.0, -6.0]",27.0,0.12339199999999999,0.5087719298245614,1.7325330871037241,0.9463138097876268,3,1.0
1332,2020-01-01 00:29:53,gw_main,devA,1,868300000.0,8,125.0,-110.15354031827263,-6.939533051853648,"(-8.0, -6.0]",68.0,0.225792,0.5087719298245614,1.7325330871037241,1.1237251979070482,3,1.0
1333,2020-01-01 00:29:54,gw_main,devC,1,867100000.0,12,125.0,-105.49354560929547,-2.163899110390867,"(-4.0, -2.0]",75.0,3.121152,0.5,1.75,6.212016,3,1.0
1334,2020-01-01 00:29:57,gw_main,devA,1,867300000.0,7,125.0,-96.63830871714195,4.513039047708134,"(4.0, 6.0]",24.0,0.061695999999999994,0.976,1.024576,0.08778824089599992,3,1.0
1335,2020-01-01 00:29:58,gw_main,devB,1,867900000.0,7,125.0,-110.39549276977279,-7.0919889767316056,"(-8.0, -6.0]",58.0,0.112896,0.5533980582524272,1.6460552361202754,0.83188828805731,3,1.0
1336,2020-01-01 00:30:01,gw_main,devA,1,867100000.0,11,125.0,-112.57711566461211,-0.4478035950863636,"(-2.0, 0.0]",23.0,0.8232959999999999,0.7209302325581395,1.3569497025419146,1.4741209648458626,3,1.0
1337,2020-01-01 00:30:02,gw_main,devA,0,867900000.0,7,125.0,-109.02107382356536,-9.218602717444128,"(-10.0, -8.0]",75.0,0.133376,0.32727272727272727,2.1252892561983474,1.4087518360330582,3,1.0
1338,2020-01-01 00:30:03,gw_main,devA,1,867100000.0,8,125.0,-104.92918974432752,11.067556123406236,"(10.0, 12.0]",71.0,0.236032,0.9583333333333334,1.0434027777777777,0.2896792222222221,3,1.0
1339,2020-01-01 00:30:06,gw_main,devC,1,867300000.0,7,125.0,-101.8407419919903,1.1993420916471311,"(0.0, 2.0]",56.0,0.107776,0.9215686274509803,1.0845828527489427,0.20147485428681278,3,1.0
1340,2020-01-01 00:30:08,gw_main,devC,0,867900000.0,7,125.0,-98.81172452768418,-2.7340130126753253,"(-4.0, -2.0]",71.0,0.12825599999999998,0.8152866242038217,1.2188324069941985,0.3751549761856464,3,1.0
1341,2020-01-01 00:30:09,gw_main,devC,1,868300000.0,7,125.0,-109.9780638260616,6.048538106295567,"(6.0, 8.0]",55.0,0.107776,0.9651162790697675,1.0361005949161708,0.14776737263385603,3,1.0
1342,2020-01-01 00:30:10,gw_main,devC,1,867100000.0,8,125.0,-114.94823277939284,-4.45133713390876,"(-6.0, -4.0]",76.0,0.246272,0.6025641025641025,1.5553911900065749,0.9384404891518741,3,1.0
1343,2020-01-01 00:30:11,gw_main,devC,1,868300000.0,7,125.0,-100.07984705033411,6.732773151013315,"(6.0, 8.0]",65.0,0.123136,0.9651162790697675,1.0361005949161708,0.1636818777717684,3,1.0
1344,2020-01-01 00:30:13,gw_main,devB,0,867300000.0,7,125.0,-102.3574035821412,-2.173254591686973,"(-4.0, -2.0]",47.0,0.092416,0.8152866242038217,1.2188324069941985,0.33147202271897436,3,1.0
1345,2020-01-01 00:30:15,gw_main,devB,0,867900000.0,12,125.0,-112.9279932462101,1.9018283287100317,"(0.0, 2.0]",53.0,2.465792,0.8,1.24,3.2975820799999997,3,1.0
1346,2020-01-01 00:30:16,gw_main,devA,1,867100000.0,7,125.0,-108.6750459892299,0.65855383621615,"(0.0, 2.0]",29.0,0.066816,0.9215686274509803,1.0845828527489427,0.1570503406382161,3,1.0
1347,2020-01-01 00:30:17,gw_main,devA,1,867100000.0,7,125.0,-112.81738631199767,13.45229565007233,"(12.0, 14.0]",79.0,0.143616,0.9565217391304348,1.0453686200378072,0.19550027977315687,3,1.0
1348,2020-01-01 00:30:18,gw_main,devA,1,867100000.0,8,125.0,-107.41938771940924,2.168140044200892,"(2.0, 4.0]",64.0,0.215552,0.9166666666666666,1.0902777777777777,0.3252893333333332,3,1.0
1349,2020-01-01 00:30:19,gw_main,devC,0,867300000.0,9,125.0,-114.85414543292046,-4.896823846371632,"(-6.0, -4.0]",53.0,0.328704,0.4411764705882353,1.871107266435986,1.4861477093425604,3,1.0
1350,2020-01-01 00:30:20,gw_main,devA,1,868300000.0,8,125.0,-102.67431642103791,4.407767989767076,"(4.0, 6.0]",35.0,0.143872,0.975609756097561,1.0249851279000597,0.1724517882212971,3,1.0
1351,2020-01-01 00:30:21,gw_main,devB,1,867100000.0,7,125.0,-98.79311699258233,-7.09008550204859,"(-8.0, -6.0]",72.0,0.133376,0.5533980582524272,1.6460552361202754,0.8655994992930532,3,1.0
1352,2020-01-01 00:30:23,gw_main,devA,1,867300000.0,8,125.0,-117.21015019449091,7.2358665589210105,"(6.0, 8.0]",24.0,0.11315199999999999,0.9850746268656716,1.0151481398975275,0.13001418222321254,3,1.0
1353,2020-01-01 00:30:24,gw_main,devB,0,867300000.0,7,125.0,-94.75330519874382,-3.4377550712473646,"(-4.0, -2.0]",47.0,0.092416,0.8152866242038217,1.2188324069941985,0.33147202271897436,3,1.0
1354,2020-01-01 00:30:25,gw_main,devB,0,867100000.0,9,125.0,-121.50824640549283,-3.767411095703093,"(-4.0, -2.0]",47.0,0.308224,0.7241379310344828,1.351961950059453,0.768669070154578,3,1.0
1355,2020-01-01 00:30:26,gw_main,devA,1,867300000.0,10,125.0,-103.94135371724455,1.0590255741054635,"(0.0, 2.0]",54.0,0.616448,0.8888888888888888,1.1234567901234567,0.8160094814814813,3,1.0
1356,2020-01-01 00:30:27,gw_main,devB,1,868300000.0,8,125.0,-104.9217015195977,0.08493091067378634,"(0.0, 2.0]",32.0,0.133632,0.9338842975206612,1.0704869885936752,0.2135383058534252,3,1.0
1357,2020-01-01 00:30:28,gw_main,devB,0,867100000.0,8,125.0,-98.98680408282696,-5.8661257011980705,"(-6.0, -4.0]",21.0,0.10291199999999999,0.6025641025641025,1.5553911900065749,0.7154596081525315,3,1.0
1358,2020-01-01 00:30:29,gw_main,devA,1,868300000.0,9,125.0,-111.89030979471448,3.4085271979128895,"(2.0, 4.0]",69.0,0.410624,0.9358974358974359,1.0682117028270874,0.5068450650887574,3,1.0
1359,2020-01-01 00:30:31,gw_main,devC,0,867100000.0,7,125.0,-95.44811706038209,-2.597156749542438,"(-4.0, -2.0]",75.0,0.133376,0.8152866242038217,1.2188324069941985,0.38139539810945666,3,1.0
1360,2020-01-01 00:30:32,gw_main,devB,1,867300000.0,11,125.0,-95.650735262719,-2.4236457891416623,"(-4.0, -2.0]",74.0,1.724416,0.7407407407407407,1.3264746227709192,2.613868685871057,3,1.0
1361,2020-01-01 00:30:35,gw_main,devC,1,867100000.0,8,125.0,-112.90732065756941,-7.368134558514797,"(-8.0, -6.0]",78.0,0.246272,0.5087719298245614,1.7325330871037241,1.1592074755309325,3,1.0
1362,2020-01-01 00:30:36,gw_main,devB,1,867300000.0,10,125.0,-129.18209250227594,3.5310904994148844,"(2.0, 4.0]",38.0,0.49356799999999995,0.9767441860465116,1.0237966468361277,0.5291099102217415,3,1.0
1363,2020-01-01 00:30:37,gw_main,devC,1,867900000.0,8,125.0,-95.67980043765023,-1.0809240919301044,"(-2.0, 0.0]",67.0,0.225792,0.926605504587156,1.07878124736975,0.3223614227758606,3,1.0
1364,2020-01-01 00:30:38,gw_main,devC,0,867300000.0,10,125.0,-111.7634815686063,-3.901296670881755,"(-4.0, -2.0]",34.0,0.45260799999999995,0.6428571428571429,1.4846938775510203,1.1566782040816324,3,1.0
1365,2020-01-01 00:30:39,gw_main,devC,0,868300000.0,8,125.0,-105.32256874728812,-8.200956806973661,"(-10.0, -8.0]",39.0,0.154112,0.2653061224489796,2.2744689712619737,1.624991933361099,3,1.0
1366,2020-01-01 00:30:40,gw_main,devA,1,867300000.0,7,125.0,-103.61268185943523,-7.098655630395708,"(-8.0, -6.0]",60.0,0.112896,0.5533980582524272,1.6460552361202754,0.83188828805731,3,1.0
1367,2020-01-01 00:30:41,gw_main,devA,1,868300000.0,9,125.0,-117.43996777226499,2.161948632175523,"(2.0, 4.0]",31.0,0.24678399999999998,0.9358974358974359,1.0682117028270874,0.3318292596975674,3,1.0
1368,2020-01-01 00:30:42,gw_main,devB,1,868300000.0,10,125.0,-97.7438974508874,-5.783094657252708,"(-6.0, -4.0]",51.0,0.616448,0.5,1.75,1.828784,3,1.0
1369,2020-01-01 00:30:43,gw_main,devB,0,867100000.0,8,125.0,-111.85710935228204,0.385192187111695,"(0.0, 2.0]",74.0,0.236032,0.9338842975206612,1.0704869885936752,0.32315617348541753,3,1.0
1370,2020-01-01 00:30:45,gw_main,devB,1,868300000.0,9,125.0,-102.86761352014865,6.195855692077468,"(6.0, 8.0]",60.0,0.369664,0.9761904761904762,1.02437641723356,0.40305150113378685,3,1.0
1371,2020-01-01 00:30:47,gw_main,devC,1,867300000.0,7,125.0,-110.74193302821153,-1.7777599411068699,"(-2.0, 0.0]",61.0,0.112896,0.8554216867469879,1.165481201916098,0.29705936768761787,3,1.0
1372,2020-01-01 00:30:48,gw_main,devA,0,867300000.0,11,125.0,-106.37334492825507,-6.510894430912777,"(-8.0, -6.0]",46.0,1.232896,0.21739130434782608,2.3950850661625713,4.347975863894141,3,1.0
1373,2020-01-01 00:30:49,gw_main,devC,1,867100000.0,9,125.0,-90.69530393600994,6.1231530623270025,"(6.0, 8.0]",78.0,0.451584,0.9761904761904762,1.02437641723356,0.4869684172335601,3,1.0
1374,2020-01-01 00:30:50,gw_main,devB,0,867100000.0,11,125.0,-99.62159194884457,1.857623103027418,"(0.0, 2.0]",27.0,0.8232959999999999,0.7368421052631579,1.332409972299169,1.4293777728531853,3,1.0
1375,2020-01-01 00:30:52,gw_main,devC,1,867300000.0,8,125.0,-109.12221167346529,0.06633642632408882,"(0.0, 2.0]",48.0,0.174592,0.9338842975206612,1.0704869885936752,0.25738545290622217,3,1.0
1376,2020-01-01 00:30:53,gw_main,devA,1,867900000.0,10,125.0,-89.35423410225181,7.173876146775816,"(6.0, 8.0]",53.0,0.616448,0.9666666666666667,1.0344444444444445,0.6721256533333334,3,1.0
1377,2020-01-01 00:30:55,gw_main,devA,1,867300000.0,7,125.0,-123.41187966980218,4.2985254205057375,"(4.0, 6.0]",60.0,0.112896,0.976,1.024576,0.1402465320959999,3,1.0
1378,2020-01-01 00:30:56,gw_main,devA,1,867100000.0,7,125.0,-94.89319391572951,3.0211372667792897,"(2.0, 4.0]",71.0,0.12825599999999998,0.952054794520548,1.0502439482079189,0.1849440360292737,3,1.0
1379,2020-01-01 00:30:57,gw_main,devA,1,867900000.0,11,125.0,-110.34559675106601,2.3861940751746724,"(2.0, 4.0]",58.0,1.396736,0.9523809523809523,1.0498866213151927,1.5163010612244898,3,1.0
1380,2020-01-01 00:30:58,gw_main,devA,1,867300000.0,9,125.0,-125.40473083150663,1.3982148420880012,"(0.0, 2.0]",73.0,0.431104,0.8987341772151899,1.1115205896490947,0.590701561929178,3,1.0
1381,2020-01-01 00:31:01,gw_main,devB,0,867900000.0,8,125.0,-125.64554008040622,-3.071878043465672,"(-4.0, -2.0]",27.0,0.12339199999999999,0.7203389830508474,1.3578713013501866,0.5254217569663888,3,1.0
1382,2020-01-01 00:31:02,gw_main,devC,1,868300000.0,7,125.0,-112.69990281203783,10.414110816562863,"(10.0, 12.0]",63.0,0.118016,0.9696969696969697,1.0312213039485765,0.15292191735537167,3,1.0
1383,2020-01-01 00:31:03,gw_main,devA,1,867300000.0,8,125.0,-111.2669349198006,-0.6374552721552456,"(-2.0, 0.0]",25.0,0.11315199999999999,0.926605504587156,1.07878124736975,0.20084750307213195,3,1.0
1384,2020-01-01 00:31:04,gw_main,devA,1,867100000.0,9,125.0,-91.20318571365375,5.912293170533003,"(4.0, 6.0]",23.0,0.20582399999999998,0.9516129032258065,1.0507284079084287,0.26699353173777307,3,1.0
1385,2020-01-01 00:31:05,gw_main,devA,1,868300000.0,7,125.0,-106.6830051245576,-0.5414471267330581,"(-2.0, 0.0]",59.0,0.112896,0.8554216867469879,1.165481201916098,0.29705936768761787,3,1.0
1386,2020-01-01 00:31:06,gw_main,devC,1,867900000.0,7,125.0,-111.14664103340982,-1.4799959725817438,"(-2.0, 0.0]",58.0,0.112896,0.8554216867469879,1.165481201916098,0.29705936768761787,3,1.0
1387,2020-01-01 00:31:07,gw_main,devC,1,867900000.0,10,125.0,-107.4212476633423,12.19344891438468,"(12.0, 14.0]",78.0,0.821248,0.8,1.24,1.25834752,3,1.0
1388,2020-01-01 00:31:08,gw_main,devC,1,867900000.0,7,125.0,-104.16483378108171,-1.8560687112082612,"(-2.0, 0.0]",60.0,0.112896,0.8554216867469879,1.165481201916098,0.29705936768761787,3,1.0
1389,2020-01-01 00:31:09,gw_main,devA,1,867100000.0,7,125.0,-97.00037587810849,-7.663300576053862,"(-8.0, -6.0]",62.0,0.118016,0.5533980582524272,1.6460552361202754,0.8403160908662458,3,1.0
1390,2020-01-01 00:31:10,gw_main,devB,1,867100000.0,10,125.0,-94.12356731056151,-4.2844929541244134,"(-6.0, -4.0]",47.0,0.575488,0.5,1.75,1.757104,3,1.0
1391,2020-01-01 00:31:11,gw_main,devA,1,868300000.0,9,125.0,-123.50551473545741,-1.9033677210492026,"(-2.0, 0.0]",42.0,0.287744,0.826530612244898,1.203561016243232,0.5498784773011245,3,1.0
1392,2020-01-01 00:31:12,gw_main,devC,1,867100000.0,8,125.0,-119.17575146381765,12.931151116306655,"(12.0, 14.0]",49.0,0.174592,0.9375,1.06640625,0.25259224999999996,3,1.0
1393,2020-01-01 00:31:14,gw_main,devA,1,867900000.0,7,125.0,-88.64489874416634,5.608280398795781,"(4.0, 6.0]",25.0,0.061695999999999994,0.976,1.024576,0.08778824089599992,3,1.0
1394,2020-01-01 00:31:16,gw_main,devB,1,868300000.0,10,125.0,-96.13954516426767,2.1156497385668804,"(2.0, 4.0]",36.0,0.49356799999999995,0.9767441860465116,1.0237966468361277,0.5291099102217415,3,1.0
1395,2020-01-01 00:31:17,gw_main,devB,1,867300000.0,9,125.0,-110.94139685031104,4.028870090378779,"(4.0, 6.0]",37.0,0.267264,0.9516129032258065,1.0507284079084287,0.331550285119667,3,1.0
1396,2020-01-01 00:31:18,gw_main,devC,1,867300000.0,7,125.0,-110.95428494732775,10.80976173278611,"(10.0, 12.0]",69.0,0.12825599999999998,0.9696969696969697,1.0312213039485765,0.16348162350780507,3,1.0
1397,2020-01-01 00:31:19,gw_main,devA,0,867900000.0,8,125.0,-108.23444540163868,-4.177622689943875,"(-6.0, -4.0]",58.0,0.195072,0.6025641025641025,1.5553911900065749,0.8588044602235374,3,1.0
1398,2020-01-01 00:31:20,gw_main,devB,1,867300000.0,7,125.0,-93.40873972833892,3.620936776163064,"(2.0, 4.0]",33.0,0.071936,0.952054794520548,1.0502439482079189,0.12579429686620375,3,1.0
1399,2020-01-01 00:31:21,gw_main,devC,0,867100000.0,7,125.0,-110.21192909008504,1.8155034507199637,"(0.0, 2.0]",22.0,0.056575999999999994,0.9215686274509803,1.0845828527489427,0.1459442122260669,3,1.0
1400,2020-01-01 00:31:24,gw_main,devC,1,867900000.0,7,125.0,-97.6172801804938,-1.5808494572183431,"(-2.0, 0.0]",22.0,0.056575999999999994,0.8554216867469879,1.165481201916098,0.2314194663957032,3,1.0
1401,2020-01-01 00:31:25,gw_main,devC,0,867100000.0,7,125.0,-105.3254511857672,-13.952192555680705,"(-14.0, -12.0]",35.0,0.077056,0.2916666666666667,2.210069444444444,1.3803685555555554,3,1.0
1402,2020-01-01 00:31:26,gw_main,devC,1,867100000.0,7,125.0,-97.82832735653741,3.592014746293378,"(2.0, 4.0]",44.0,0.092416,0.952054794520548,1.0502439482079189,0.14730329292550193,3,1.0
1403,2020-01-01 00:31:27,gw_main,devB,1,867300000.0,7,125.0,-90.59678376061031,3.241460518461178,"(2.0, 4.0]",72.0,0.133376,0.952054794520548,1.0502439482079189,0.19032128504409826,3,1.0
1404,2020-01-01 00:31:28,gw_main,devB,1,867100000.0,9,125.0,-98.68207246828808,-2.6336087639761185,"(-4.0, -2.0]",37.0,0.267264,0.7241379310344828,1.351961950059453,0.7132927086801428,3,1.0
1405,2020-01-01 00:31:30,gw_main,devB,1,868300000.0,9,125.0,-107.05500529588322,8.87928520279573,"(8.0, 10.0]",57.0,0.349184,0.9655172413793104,1.0356718192627823,0.39731184780023765,3,1.0
1406,2020-01-01 00:31:32,gw_main,devB,1,868300000.0,9,125.0,-108.19563761943067,6.100207764069728,"(6.0, 8.0]",33.0,0.24678399999999998,0.9761904761904762,1.02437641723356,0.27717612698412697,3,1.0
1407,2020-01-01 00:31:34,gw_main,devA,1,867100000.0,8,125.0,-114.21380025312399,-3.1254407059381295,"(-4.0, -2.0]",52.0,0.184832,0.7203389830508474,1.3578713013501866,0.6088493697213444,3,1.0
1408,2020-01-01 00:31:35,gw_main,devC,1,867300000.0,9,125.0,-110.81757349432333,4.872927195844596,"(4.0, 6.0]",56.0,0.349184,0.9516129032258065,1.0507284079084287,0.41762595629552546,3,1.0
1409,2020-01-01 00:31:37,gw_main,devA,1,868300000.0,12,125.0,-79.59991922671183,-0.37529184899928714,"(-2.0, 0.0]",63.0,2.793472,0.7,1.3900000000000001,4.27292608,3,1.0
1410,2020-01-01 00:31:38,gw_main,devB,1,867100000.0,7,125.0,-98.08045625178408,-0.5136936998321149,"(-2.0, 0.0]",35.0,0.077056,0.8554216867469879,1.165481201916098,0.25528852141094494,3,1.0
1411,2020-01-01 00:31:39,gw_main,devC,1,867300000.0,9,125.0,-110.88220834605859,-0.007913594730220476,"(-2.0, 0.0]",78.0,0.451584,0.826530612244898,1.203561016243232,0.7470699142024156,3,1.0
1412,2020-01-01 00:31:40,gw_main,devB,1,867900000.0,7,125.0,-112.50274597421047,6.683761197776036,"(6.0, 8.0]",65.0,0.123136,0.9651162790697675,1.0361005949161708,0.1636818777717684,3,1.0
1413,2020-01-01 00:31:41,gw_main,devB,1,867900000.0,7,125.0,-94.74824648236293,0.7429651861716672,"(0.0, 2.0]",49.0,0.097536,0.9215686274509803,1.0845828527489427,0.1903687258746636,3,1.0
1414,2020-01-01 00:31:42,gw_main,devB,0,867300000.0,11,125.0,-118.48001814820411,-0.9223964883485765,"(-2.0, 0.0]",66.0,1.560576,0.7209302325581395,1.3569497025419146,2.4745728415359656,3,1.0
1415,2020-01-01 00:31:44,gw_main,devA,1,867300000.0,8,125.0,-96.44871584162627,2.0478848952312037,"(2.0, 4.0]",63.0,0.215552,0.9166666666666666,1.0902777777777777,0.3252893333333332,3,1.0
1416,2020-01-01 00:31:45,gw_main,devA,1,867900000.0,7,125.0,-106.49130411638748,-5.369208379847468,"(-6.0, -4.0]",74.0,0.133376,0.6124031007751938,1.537828255513491,0.7429376369208583,3,1.0
1417,2020-01-01 00:31:46,gw_main,devB,1,867300000.0,8,125.0,-98.78884304234593,-3.015950583299789,"(-4.0, -2.0]",72.0,0.236032,0.7203389830508474,1.3578713013501866,0.6783723803504739,3,1.0
1418,2020-01-01 00:31:47,gw_main,devB,0,868300000.0,7,125.0,-104.8089684510206,-0.31368348664352746,"(-2.0, 0.0]",35.0,0.077056,0.8554216867469879,1.165481201916098,0.25528852141094494,3,1.0
1419,2020-01-01 00:31:48,gw_main,devC,1,867900000.0,8,125.0,-105.78756839863215,-3.3950898732502037,"(-4.0, -2.0]",49.0,0.174592,0.7203389830508474,1.3578713013501866,0.5949447675955184,3,1.0
1420,2020-01-01 00:31:49,gw_main,devC,1,868300000.0,11,125.0,-111.58232777947245,-0.7108569176212471,"(-2.0, 0.0]",40.0,1.069056,0.7209302325581395,1.3569497025419146,1.8076049237425638,3,1.0
1421,2020-01-01 00:31:50,gw_main,devA,0,867100000.0,9,125.0,-101.43903903991358,-3.664661177514032,"(-4.0, -2.0]",69.0,0.410624,0.7241379310344828,1.351961950059453,0.9071099738406659,3,1.0
1422,2020-01-01 00:31:52,gw_main,devA,1,867100000.0,8,125.0,-103.68690934547608,7.974364443887062,"(6.0, 8.0]",68.0,0.225792,0.9850746268656716,1.0151481398975275,0.24436046870127,3,1.0
1423,2020-01-01 00:31:53,gw_main,devA,1,867300000.0,7,125.0,-109.62273939841127,2.699712978386647,"(2.0, 4.0]",31.0,0.071936,0.952054794520548,1.0502439482079189,0.12579429686620375,3,1.0
1424,2020-01-01 00:31:54,gw_main,devC,1,867100000.0,9,125.0,-94.94970958273768,-0.32171110883317794,"(-2.0, 0.0]",76.0,0.451584,0.826530612244898,1.203561016243232,0.7470699142024156,3,1.0
1425,2020-01-01 00:31:56,gw_main,devC,1,868300000.0,7,125.0,-100.3373557599357,1.9377174484417208,"(0.0, 2.0]",22.0,0.056575999999999994,0.9215686274509803,1.0845828527489427,0.1459442122260669,3,1.0
1426,2020-01-01 00:31:57,gw_main,devA,1,867100000.0,8,125.0,-116.29304834879177,-0.5210730472131556,"(-2.0, 0.0]",64.0,0.215552,0.926605504587156,1.07878124736975,0.3113147028027944,3,1.0
1427,2020-01-01 00:31:58,gw_main,devA,1,867100000.0,12,125.0,-120.67118095104863,1.8187582609107473,"(0.0, 2.0]",52.0,2.465792,0.8,1.24,3.2975820799999997,3,1.0
1428,2020-01-01 00:31:59,gw_main,devB,1,867900000.0,9,125.0,-99.1512975337059,1.835659238471504,"(0.0, 2.0]",62.0,0.369664,0.8987341772151899,1.1115205896490947,0.5224097369011377,3,1.0
1429,2020-01-01 00:32:00,gw_main,devA,1,867100000.0,9,125.0,-111.65010545159168,8.461906238902369,"(8.0, 10.0]",58.0,0.369664,0.9655172413793104,1.0356718192627823,0.4185224066587394,3,1.0
1430,2020-01-01 00:32:01,gw_main,devC,1,867300000.0,7,125.0,-113.34689913272923,-0.11378815490357022,"(-2.0, 0.0]",33.0,0.071936,0.8554216867469879,1.165481201916098,0.24932125765713448,3,1.0
1431,2020-01-01 00:32:02,gw_main,devB,1,867100000.0,10,125.0,-102.47644855166412,12.595948944343508,"(12.0, 14.0]",68.0,0.739328,0.8,1.24,1.1567667199999998,3,1.0
1432,2020-01-01 00:32:03,gw_main,devB,1,867900000.0,8,125.0,-93.7505968220004,-5.2921275600103,"(-6.0, -4.0]",50.0,0.174592,0.6025641025641025,1.5553911900065749,0.8269500486522028,3,1.0
1433,2020-01-01 00:32:06,gw_main,devC,1,867300000.0,10,125.0,-101.77248174798213,10.902605739743787,"(10.0, 12.0]",33.0,0.45260799999999995,0.9,1.11,0.6123948800000001,3,1.0
1434,2020-01-01 00:32:07,gw_main,devC,1,867900000.0,7,125.0,-100.8084973949574,-1.9833926333590541,"(-2.0, 0.0]",47.0,0.092416,0.8554216867469879,1.165481201916098,0.27319031267237615,3,1.0
1435,2020-01-01 00:32:08,gw_main,devC,1,867900000.0,7,125.0,-105.1638192270566,-0.34913563087448846,"(-2.0, 0.0]",35.0,0.077056,0.8554216867469879,1.165481201916098,0.25528852141094494,3,1.0
1436,2020-01-01 00:32:10,gw_main,devA,1,867900000.0,7,125.0,-98.83485668419863,7.532044104169324,"(6.0, 8.0]",72.0,0.133376,0.9651162790697675,1.0361005949161708,0.17429154786370998,3,1.0
1437,2020-01-01 00:32:11,gw_main,devC,0,867900000.0,9,125.0,-112.74637265483608,-6.671261019529779,"(-8.0, -6.0]",25.0,0.20582399999999998,0.41304347826086957,1.9314744801512285,1.3290182835538749,3,1.0
1438,2020-01-01 00:32:12,gw_main,devA,1,867300000.0,7,125.0,-86.95331027336904,-2.0769539498491687,"(-4.0, -2.0]",66.0,0.123136,0.8152866242038217,1.2188324069941985,0.36891455426183606,3,1.0
1439,2020-01-01 00:32:13,gw_main,devC,0,867900000.0,7,125.0,-111.9851573077269,-8.369539636798617,"(-10.0, -8.0]",32.0,0.071936,0.32727272727272727,2.1252892561983474,1.2781740641322317,3,1.0
1440,2020-01-01 00:32:14,gw_main,devC,1,867900000.0,8,125.0,-103.76500101784052,0.8238309082531243,"(0.0, 2.0]",64.0,0.215552,0.9338842975206612,1.0704869885936752,0.3012325999590191,3,1.0
1441,2020-01-01 00:32:16,gw_main,devC,1,867300000.0,10,125.0,-103.94428457060808,-2.0936041365573894,"(-4.0, -2.0]",72.0,0.780288,0.6428571428571429,1.4846938775510203,1.643182693877551,3,1.0
1442,2020-01-01 00:32:18,gw_main,devC,1,868300000.0,7,125.0,-108.02552937465724,-2.31543878308719,"(-4.0, -2.0]",20.0,0.056575999999999994,0.8152866242038217,1.2188324069941985,0.28778906925230224,3,1.0
1443,2020-01-01 00:32:20,gw_main,devB,1,867900000.0,12,125.0,-105.66430258050039,3.1737710521567353,"(2.0, 4.0]",50.0,2.301952,0.782608695652174,1.2646502835538753,3.1758145330812857,3,1.0
1444,2020-01-01 00:32:22,gw_main,devC,0,867900000.0,7,125.0,-98.84065184604123,-11.584344651414112,"(-12.0, -10.0]",70.0,0.12825599999999998,0.2,2.4400000000000004,1.7529446400000004,3,1.0
1445,2020-01-01 00:32:23,gw_main,devC,1,867300000.0,8,125.0,-102.66165220921266,-0.6958050964286381,"(-2.0, 0.0]",23.0,0.11315199999999999,0.926605504587156,1.07878124736975,0.20084750307213195,3,1.0
1446,2020-01-01 00:32:24,gw_main,devB,0,867300000.0,9,125.0,-107.3521524972038,-2.5090306445646195,"(-4.0, -2.0]",60.0,0.369664,0.7241379310344828,1.351961950059453,0.8517336123662307,3,1.0
1447,2020-01-01 00:32:25,gw_main,devA,1,867100000.0,11,125.0,-114.47535033638528,2.9542115310077772,"(2.0, 4.0]",44.0,1.150976,0.9523809523809523,1.0498866213151927,1.258280925170068,3,1.0
1448,2020-01-01 00:32:27,gw_main,devC,1,867900000.0,7,125.0,-74.99567122197016,-0.8786149841566429,"(-2.0, 0.0]",71.0,0.12825599999999998,0.8554216867469879,1.165481201916098,0.3149611589490491,3,1.0
1449,2020-01-01 00:32:28,gw_main,devC,1,867300000.0,7,125.0,-106.90471300853169,-6.23755309487102,"(-8.0, -6.0]",28.0,0.066816,0.5533980582524272,1.6460552361202754,0.7560380627768877,3,1.0
1450,2020-01-01 00:32:29,gw_main,devC,1,867900000.0,7,125.0,-99.98935699832674,4.18018706083675,"(4.0, 6.0]",39.0,0.082176,0.976,1.024576,0.10877155737599993,3,1.0
1451,2020-01-01 00:32:30,gw_main,devA,1,868300000.0,9,125.0,-110.93991418864707,0.5956477797497539,"(0.0, 2.0]",20.0,0.18534399999999998,0.8987341772151899,1.1115205896490947,0.3175342618170165,3,1.0
1452,2020-01-01 00:32:31,gw_main,devA,0,867900000.0,9,125.0,-74.39409662459444,-0.968847393381189,"(-2.0, 0.0]",61.0,0.369664,0.826530612244898,1.203561016243232,0.6484741957517701,3,1.0
1453,2020-01-01 00:32:32,gw_main,devA,0,867100000.0,9,125.0,-118.55277853640092,2.2211275740620886,"(2.0, 4.0]",73.0,0.431104,0.9358974358974359,1.0682117028270874,0.528722040762656,3,1.0
1454,2020-01-01 00:32:33,gw_main,devC,1,867900000.0,8,125.0,-110.95006089290574,-1.4788998277856544,"(-2.0, 0.0]",24.0,0.11315199999999999,0.926605504587156,1.07878124736975,0.20084750307213195,3,1.0
1455,2020-01-01 00:32:34,gw_main,devA,0,867900000.0,8,125.0,-122.63860547757706,-9.322925897860971,"(-10.0, -8.0]",32.0,0.133632,0.2653061224489796,2.2744689712619737,1.5784108088296538,3,1.0
1456,2020-01-01 00:32:36,gw_main,devC,1,868300000.0,7,125.0,-104.27656037886061,1.7296210227448203,"(0.0, 2.0]",40.0,0.082176,0.9215686274509803,1.0845828527489427,0.17370953325643984,3,1.0
1457,2020-01-01 00:32:37,gw_main,devA,0,867900000.0,7,125.0,-101.80886190773394,-0.9244776092692479,"(-2.0, 0.0]",26.0,0.061695999999999994,0.8554216867469879,1.165481201916098,0.23738673014951361,3,1.0
1458,2020-01-01 00:32:39,gw_main,devB,1,868300000.0,10,125.0,-91.58419771486292,7.310973298751316,"(6.0, 8.0]",40.0,0.534528,0.9666666666666667,1.0344444444444445,0.5873839644444445,3,1.0
1459,2020-01-01 00:32:42,gw_main,devA,1,867900000.0,9,125.0,-129.94187669911526,9.283710574607102,"(8.0, 10.0]",57.0,0.349184,0.9655172413793104,1.0356718192627823,0.39731184780023765,3,1.0
1460,2020-01-01 00:32:43,gw_main,devB,1,867900000.0,10,125.0,-113.8816384145514,8.513111199547875,"(8.0, 10.0]",34.0,0.45260799999999995,0.9473684210526315,1.0554016620498614,0.5330848975069251,3,1.0
1461,2020-01-01 00:32:44,gw_main,devB,1,867900000.0,8,125.0,-104.68691486215536,-4.430358771516585,"(-6.0, -4.0]",78.0,0.246272,0.6025641025641025,1.5553911900065749,0.9384404891518741,3,1.0
1462,2020-01-01 00:32:45,gw_main,devC,0,868300000.0,7,125.0,-97.66242075267132,-7.084260313419909,"(-8.0, -6.0]",27.0,0.066816,0.5533980582524272,1.6460552361202754,0.7560380627768877,3,1.0
1463,2020-01-01 00:32:48,gw_main,devB,0,868300000.0,7,125.0,-102.60575700871591,-9.504394991320325,"(-10.0, -8.0]",32.0,0.071936,0.32727272727272727,2.1252892561983474,1.2781740641322317,3,1.0
1464,2020-01-01 00:32:49,gw_main,devB,0,868300000.0,11,125.0,-91.22042311908035,0.1870035164955528,"(0.0, 2.0]",42.0,1.150976,0.7368421052631579,1.332409972299169,1.8659818725761772,3,1.0
1465,2020-01-01 00:32:50,gw_main,devA,0,867900000.0,9,125.0,-116.21793204457359,-7.681073458449113,"(-8.0, -6.0]",58.0,0.369664,0.41304347826086957,1.9314744801512285,1.6454710623818523,3,1.0
1466,2020-01-01 00:32:51,gw_main,devB,0,867900000.0,7,125.0,-112.59653442067419,-7.262337900249141,"(-8.0, -6.0]",72.0,0.133376,0.5533980582524272,1.6460552361202754,0.8655994992930532,3,1.0
1467,2020-01-01 00:32:52,gw_main,devC,1,867100000.0,8,125.0,-115.11133160791597,5.496638533596625,"(4.0, 6.0]",65.0,0.215552,0.975609756097561,1.0249851279000597,0.24592272218917335,3,1.0
1468,2020-01-01 00:32:55,gw_main,devB,1,867300000.0,11,125.0,-121.46535891796248,3.774578134054189,"(2.0, 4.0]",62.0,1.478656,0.9523809523809523,1.0498866213151927,1.6023077732426303,3,1.0
1469,2020-01-01 00:32:56,gw_main,devC,1,867100000.0,7,125.0,-93.95804364862231,4.879344432547338,"(4.0, 6.0]",20.0,0.056575999999999994,0.976,1.024576,0.08254241177599991,3,1.0
1470,2020-01-01 00:32:57,gw_main,devA,0,867300000.0,9,125.0,-100.80048879346698,-2.02212077275656,"(-4.0, -2.0]",36.0,0.267264,0.7241379310344828,1.351961950059453,0.7132927086801428,3,1.0
1471,2020-01-01 00:32:59,gw_main,devC,1,868300000.0,11,125.0,-124.31550983935665,-4.95243593636852,"(-6.0, -4.0]",26.0,0.8232959999999999,0.3939393939393939,1.9733700642791552,2.5980377447199263,3,1.0
1472,2020-01-01 00:33:02,gw_main,devA,1,867900000.0,7,125.0,-115.76357121544429,-6.61943867955619,"(-8.0, -6.0]",40.0,0.082176,0.5533980582524272,1.6460552361202754,0.7813214712036951,3,1.0
1473,2020-01-01 00:33:03,gw_main,devB,1,867100000.0,8,125.0,-117.24576028603282,0.024347813138053023,"(0.0, 2.0]",71.0,0.236032,0.9338842975206612,1.0704869885936752,0.32315617348541753,3,1.0
1474,2020-01-01 00:33:04,gw_main,devC,1,867100000.0,11,125.0,-112.4434711691113,4.281310124156741,"(4.0, 6.0]",50.0,1.314816,0.8571428571428571,1.1632653061224492,1.6927451428571432,3,1.0
1475,2020-01-01 00:33:06,gw_main,devC,1,867900000.0,7,125.0,-98.01694758264726,10.975020708242381,"(10.0, 12.0]",35.0,0.077056,0.9696969696969697,1.0312213039485765,0.11068309274563798,3,1.0
1476,2020-01-01 00:33:09,gw_main,devA,1,867300000.0,8,125.0,-94.03596140056806,-0.5350830027735727,"(-2.0, 0.0]",22.0,0.10291199999999999,0.926605504587156,1.07878124736975,0.18980078309906573,3,1.0
1477,2020-01-01 00:33:10,gw_main,devA,1,867300000.0,11,125.0,-95.03238445894492,-7.689248357857121,"(-8.0, -6.0]",31.0,0.9052159999999999,0.21739130434782608,2.3950850661625713,3.5631543894139894,3,1.0
1478,2020-01-01 00:33:11,gw_main,devB,1,867300000.0,8,125.0,-98.73143009741617,1.4967178973366644,"(0.0, 2.0]",35.0,0.143872,0.9338842975206612,1.0704869885936752,0.22450009261662443,3,1.0
1479,2020-01-01 00:33:13,gw_main,devB,1,867100000.0,8,125.0,-115.49355043145755,16.220897175714235,"(16.0, 18.0]",33.0,0.133632,0.793416572077185,1.249260140615156,0.41620127172584054,3,1.0
1480,2020-01-01 00:33:14,gw_main,devB,1,867100000.0,9,125.0,-112.77051553212162,0.5854506252576809,"(0.0, 2.0]",33.0,0.24678399999999998,0.8987341772151899,1.1115205896490947,0.38582608684505687,3,1.0
1481,2020-01-01 00:33:17,gw_main,devC,0,868300000.0,8,125.0,-100.0023506610858,0.6740952691504413,"(0.0, 2.0]",45.0,0.164352,0.9338842975206612,1.0704869885936752,0.24642366614302288,3,1.0
1482,2020-01-01 00:33:18,gw_main,devB,0,867300000.0,7,125.0,-103.9786570506577,-7.536091755556823,"(-8.0, -6.0]",48.0,0.097536,0.5533980582524272,1.6460552361202754,0.8066048796305025,3,1.0
1483,2020-01-01 00:33:19,gw_main,devB,1,868300000.0,7,125.0,-109.5213243988804,-5.2032461043094065,"(-6.0, -4.0]",51.0,0.102656,0.6124031007751938,1.537828255513491,0.6956955529114839,3,1.0
1484,2020-01-01 00:33:21,gw_main,devC,1,867100000.0,8,125.0,-106.62042042500782,2.050869806793674,"(2.0, 4.0]",61.0,0.205312,0.9166666666666666,1.0902777777777777,0.3141248888888888,3,1.0
1485,2020-01-01 00:33:22,gw_main,devC,1,868300000.0,7,125.0,-110.95447614076878,-0.9920520672737023,"(-2.0, 0.0]",24.0,0.061695999999999994,0.8554216867469879,1.165481201916098,0.23738673014951361,3,1.0
1486,2020-01-01 00:33:24,gw_main,devB,1,867900000.0,9,125.0,-117.71948755725651,4.7260874069707395,"(4.0, 6.0]",53.0,0.328704,0.9516129032258065,1.0507284079084287,0.3961070385015608,3,1.0
1487,2020-01-01 00:33:25,gw_main,devB,1,868300000.0,9,125.0,-108.00326587469873,-3.2378246971472473,"(-4.0, -2.0]",24.0,0.20582399999999998,0.7241379310344828,1.351961950059453,0.6302281664684899,3,1.0
1488,2020-01-01 00:33:26,gw_main,devB,0,868300000.0,10,125.0,-113.78628172771215,-2.995853060470622,"(-4.0, -2.0]",49.0,0.575488,0.6428571428571429,1.4846938775510203,1.339117387755102,3,1.0
1489,2020-01-01 00:33:29,gw_main,devB,1,867100000.0,7,125.0,-101.7870348089844,3.9106295753109244,"(2.0, 4.0]",23.0,0.061695999999999994,0.952054794520548,1.0502439482079189,0.11503979883655464,3,1.0
1490,2020-01-01 00:33:31,gw_main,devC,1,868300000.0,8,125.0,-88.7906589217897,-0.4270421678022649,"(-2.0, 0.0]",57.0,0.195072,0.926605504587156,1.07878124736975,0.2892212628566619,3,1.0
1491,2020-01-01 00:33:32,gw_main,devC,1,867300000.0,8,125.0,-116.41015407785599,4.306350139649288,"(4.0, 6.0]",40.0,0.154112,0.975609756097561,1.0249851279000597,0.1829476359309937,3,1.0
1492,2020-01-01 00:33:33,gw_main,devB,1,868300000.0,8,125.0,-99.57929857630256,-2.2626516427695256,"(-4.0, -2.0]",45.0,0.164352,0.7203389830508474,1.3578713013501866,0.5810401654696925,3,1.0
1493,2020-01-01 00:33:34,gw_main,devB,0,868300000.0,11,125.0,-105.75501207816926,1.438743110429779,"(0.0, 2.0]",54.0,1.314816,0.7368421052631579,1.332409972299169,2.084283922437673,3,1.0
1494,2020-01-01 00:33:39,gw_main,devC,0,867300000.0,9,125.0,-121.62513808610231,-10.530473159495507,"(-12.0, -10.0]",44.0,0.287744,0.23809523809523808,2.3424036281179133,2.016416217687074,3,1.0
1495,2020-01-01 00:33:40,gw_main,devC,0,867300000.0,8,125.0,-104.80250770002499,-6.275774026182386,"(-8.0, -6.0]",66.0,0.215552,0.5087719298245614,1.7325330871037241,1.105984059095106,3,1.0
1496,2020-01-01 00:33:41,gw_main,devA,1,867900000.0,7,125.0,-119.26952581858806,5.860218371588056,"(4.0, 6.0]",58.0,0.112896,0.976,1.024576,0.1402465320959999,3,1.0
1497,2020-01-01 00:33:42,gw_main,devC,1,867100000.0,9,125.0,-122.63186010435949,10.278726541672214,"(10.0, 12.0]",51.0,0.328704,0.95,1.0525,0.39846096,3,1.0
1498,2020-01-01 00:33:43,gw_main,devA,1,867100000.0,7,125.0,-105.3806856240865,1.7796926399100084,"(0.0, 2.0]",37.0,0.082176,0.9215686274509803,1.0845828527489427,0.17370953325643984,3,1.0
1499,2020-01-01 00:33:44,gw_main,devB,1,867300000.0,7,125.0,-111.17930920780468,7.483913604214188,"(6.0, 8.0]",70.0,0.12825599999999998,0.9651162790697675,1.0361005949161708,0.16898671281773917,3,1.0
1500,2020-01-01 00:33:45,gw_main,devB,0,867300000.0,7,125.0,-88.5028160832246,-3.6465702205292416,"(-4.0, -2.0]",20.0,0.056575999999999994,0.8152866242038217,1.2188324069941985,0.28778906925230224,3,1.0
1501,2020-01-01 00:33:46,gw_main,devA,1,867300000.0,8,125.0,-121.96154442564986,-1.1363229396654297,"(-2.0, 0.0]",61.0,0.205312,0.926605504587156,1.07878124736975,0.3002679828297281,3,1.0
1502,2020-01-01 00:33:47,gw_main,devA,1,868300000.0,9,125.0,-104.70581931336508,0.006887421379852153,"(0.0, 2.0]",77.0,0.451584,0.8987341772151899,1.1115205896490947,0.6134655036051915,3,1.0
1503,2020-01-01 00:33:48,gw_main,devC,1,867900000.0,7,125.0,-105.09831617543743,2.5385805224099958,"(2.0, 4.0]",53.0,0.102656,0.952054794520548,1.0502439482079189,0.158057790955151,3,1.0
1504,2020-01-01 00:33:49,gw_main,devB,0,867300000.0,8,125.0,-104.51787239019855,-9.172857542669515,"(-10.0, -8.0]",24.0,0.11315199999999999,0.2653061224489796,2.2744689712619737,1.5318296842982084,3,1.0
1505,2020-01-01 00:33:50,gw_main,devC,1,868300000.0,12,125.0,-110.30371343597413,5.644001055229765,"(4.0, 6.0]",29.0,1.6465919999999998,0.9230769230769231,1.0828402366863903,1.8658363076923068,3,1.0
1506,2020-01-01 00:33:52,gw_main,devB,1,868300000.0,9,125.0,-99.41378631717123,-6.892410893039779,"(-8.0, -6.0]",70.0,0.410624,0.41304347826086957,1.9314744801512285,1.7245842570888463,3,1.0
1507,2020-01-01 00:33:53,gw_main,devB,0,868300000.0,7,125.0,-99.29495899943265,-8.132038027559116,"(-10.0, -8.0]",46.0,0.092416,0.32727272727272727,2.1252892561983474,1.3216999880991738,3,1.0
1508,2020-01-01 00:33:55,gw_main,devB,0,867900000.0,10,125.0,-103.56376633850627,-3.9258714366747123,"(-4.0, -2.0]",38.0,0.49356799999999995,0.6428571428571429,1.4846938775510203,1.2174912653061223,3,1.0
1509,2020-01-01 00:33:56,gw_main,devB,0,868300000.0,10,125.0,-95.18292918006377,-14.224978095587293,"(-16.0, -14.0]",62.0,0.698368,0.7102803738317757,1.37365708795528,1.332975241156433,3,1.0
1510,2020-01-01 00:33:58,gw_main,devA,1,868300000.0,8,125.0,-99.75201187063938,0.933566501406174,"(0.0, 2.0]",41.0,0.154112,0.9338842975206612,1.0704869885936752,0.23546187937982366,3,1.0
1511,2020-01-01 00:33:59,gw_main,devC,1,867100000.0,7,125.0,-111.71627486331697,-2.8598819868470553,"(-4.0, -2.0]",35.0,0.077056,0.8152866242038217,1.2188324069941985,0.31275075694754345,3,1.0
1512,2020-01-01 00:34:00,gw_main,devB,1,867100000.0,7,125.0,-96.86246151374367,12.680665756264416,"(12.0, 14.0]",57.0,0.107776,0.9565217391304348,1.0453686200378072,0.15803426843100188,3,1.0
1513,2020-01-01 00:34:05,gw_main,devC,1,867300000.0,9,125.0,-98.87213493420829,-4.570240644244467,"(-6.0, -4.0]",30.0,0.22630399999999998,0.4411764705882353,1.871107266435986,1.2945463252595153,3,1.0
1514,2020-01-01 00:34:06,gw_main,devB,0,867100000.0,8,125.0,-108.82257430067818,2.3181768127511075,"(2.0, 4.0]",39.0,0.154112,0.9166666666666666,1.0902777777777777,0.25830266666666657,3,1.0
1515,2020-01-01 00:34:07,gw_main,devA,0,867100000.0,8,125.0,-97.42639848078416,-3.325189237273514,"(-4.0, -2.0]",74.0,0.236032,0.7203389830508474,1.3578713013501866,0.6783723803504739,3,1.0
1516,2020-01-01 00:34:08,gw_main,devA,1,867300000.0,7,125.0,-110.31395166004367,-2.7058444438213995,"(-4.0, -2.0]",38.0,0.082176,0.8152866242038217,1.2188324069941985,0.31899117887135375,3,1.0
1517,2020-01-01 00:34:09,gw_main,devB,1,867300000.0,7,125.0,-90.93700757355913,10.01366916504469,"(10.0, 12.0]",40.0,0.082176,0.9696969696969697,1.0312213039485765,0.1159629458218547,3,1.0
1518,2020-01-01 00:34:10,gw_main,devB,1,867900000.0,8,125.0,-107.43013860803377,5.157892699118306,"(4.0, 6.0]",52.0,0.184832,0.975609756097561,1.0249851279000597,0.21443517906008353,3,1.0
1519,2020-01-01 00:34:11,gw_main,devA,1,868300000.0,7,125.0,-82.46725367720073,4.816954920640919,"(4.0, 6.0]",58.0,0.112896,0.976,1.024576,0.1402465320959999,3,1.0
1520,2020-01-01 00:34:12,gw_main,devC,1,868300000.0,7,125.0,-99.51990208535231,3.1729002131893083,"(2.0, 4.0]",72.0,0.133376,0.952054794520548,1.0502439482079189,0.19032128504409826,3,1.0
1521,2020-01-01 00:34:13,gw_main,devA,1,867900000.0,11,125.0,-106.35560036774903,2.905209370345172,"(2.0, 4.0]",61.0,1.478656,0.9523809523809523,1.0498866213151927,1.6023077732426303,3,1.0
1522,2020-01-01 00:34:14,gw_main,devA,1,868300000.0,9,125.0,-116.14887387611785,8.739509393442848,"(8.0, 10.0]",33.0,0.24678399999999998,0.9655172413793104,1.0356718192627823,0.29125905350772874,3,1.0
1523,2020-01-01 00:34:15,gw_main,devB,1,868300000.0,8,125.0,-109.79932641847435,-0.11727591585096642,"(-2.0, 0.0]",31.0,0.133632,0.926605504587156,1.07878124736975,0.22294094301826445,3,1.0
1524,2020-01-01 00:34:17,gw_main,devA,0,868300000.0,7,125.0,-117.29186062942362,-5.708410007773857,"(-6.0, -4.0]",36.0,0.077056,0.6124031007751938,1.537828255513491,0.6563271495703386,3,1.0
1525,2020-01-01 00:34:18,gw_main,devC,1,867100000.0,7,125.0,-120.1619406339092,-1.5302261263274695,"(-2.0, 0.0]",59.0,0.112896,0.8554216867469879,1.165481201916098,0.29705936768761787,3,1.0
1526,2020-01-01 00:34:19,gw_main,devB,0,867900000.0,10,125.0,-103.30430359813296,-8.271578168255324,"(-10.0, -8.0]",58.0,0.657408,0.18181818181818182,2.487603305785124,3.1229736198347107,3,1.0
1527,2020-01-01 00:34:20,gw_main,devA,0,868300000.0,11,125.0,-94.63467634143792,-2.062638118157659,"(-4.0, -2.0]",28.0,0.9052159999999999,0.7407407407407407,1.3264746227709192,1.5272206748971195,3,1.0
1528,2020-01-01 00:34:21,gw_main,devA,1,867100000.0,10,125.0,-109.41541088242614,3.110654597726418,"(2.0, 4.0]",28.0,0.41164799999999996,0.9767441860465116,1.0237966468361277,0.44524048891292595,3,1.0
1529,2020-01-01 00:34:22,gw_main,devC,1,867300000.0,7,125.0,-113.78474637548776,8.7074813353511,"(8.0, 10.0]",50.0,0.097536,0.9811320754716981,1.0192239231043076,0.1186349476682094,3,1.0
1530,2020-01-01 00:34:23,gw_main,devA,1,867100000.0,8,125.0,-108.0182130074862,-3.9799652291814263,"(-4.0, -2.0]",24.0,0.11315199999999999,0.7203389830508474,1.3578713013501866,0.5115171548405629,3,1.0
1531,2020-01-01 00:34:25,gw_main,devB,1,867100000.0,7,125.0,-95.84775782064757,-2.155262399009631,"(-4.0, -2.0]",20.0,0.056575999999999994,0.8152866242038217,1.2188324069941985,0.28778906925230224,3,1.0
1532,2020-01-01 00:34:26,gw_main,devC,1,867900000.0,10,125.0,-89.00731173986144,-4.431599644709367,"(-6.0, -4.0]",78.0,0.821248,0.5,1.75,2.1871840000000002,3,1.0
1533,2020-01-01 00:34:27,gw_main,devA,0,868300000.0,7,125.0,-107.34209286602501,-7.136276721283978,"(-8.0, -6.0]",75.0,0.133376,0.5533980582524272,1.6460552361202754,0.8655994992930532,3,1.0
1534,2020-01-01 00:34:28,gw_main,devC,1,867900000.0,7,125.0,-113.46856437187509,0.36396699181081654,"(0.0, 2.0]",56.0,0.107776,0.9215686274509803,1.0845828527489427,0.20147485428681278,3,1.0
1535,2020-01-01 00:34:35,gw_main,devB,1,868300000.0,7,125.0,-112.41131993783745,11.227970465866441,"(10.0, 12.0]",55.0,0.107776,0.9696969696969697,1.0312213039485765,0.14236221120293824,3,1.0
1536,2020-01-01 00:34:36,gw_main,devA,0,867300000.0,7,125.0,-93.03475711155676,-8.051832385132967,"(-10.0, -8.0]",77.0,0.13849599999999998,0.32727272727272727,2.1252892561983474,1.4196333170247937,3,1.0
1537,2020-01-01 00:34:38,gw_main,devB,1,867900000.0,7,125.0,-97.86674444781892,3.6009885592051045,"(2.0, 4.0]",56.0,0.107776,0.952054794520548,1.0502439482079189,0.16343503996997555,3,1.0
1538,2020-01-01 00:34:39,gw_main,devC,1,868300000.0,8,125.0,-105.08427342935285,-2.184125809709282,"(-4.0, -2.0]",68.0,0.225792,0.7203389830508474,1.3578713013501866,0.664467778224648,3,1.0
1539,2020-01-01 00:34:41,gw_main,devB,1,868300000.0,7,125.0,-106.17293264695299,6.254960981159909,"(6.0, 8.0]",41.0,0.087296,0.9651162790697675,1.0361005949161708,0.12654803244997284,3,1.0
1540,2020-01-01 00:34:42,gw_main,devA,1,867100000.0,9,125.0,-116.34739995279031,10.377907180452471,"(10.0, 12.0]",75.0,0.431104,0.95,1.0525,0.50623696,3,1.0
1541,2020-01-01 00:34:43,gw_main,devA,0,867300000.0,9,125.0,-100.58758285531698,-5.604146452858899,"(-6.0, -4.0]",71.0,0.410624,0.4411764705882353,1.871107266435986,1.6394288166089963,3,1.0
1542,2020-01-01 00:34:45,gw_main,devB,1,867300000.0,7,125.0,-124.37841163511183,6.309742588762267,"(6.0, 8.0]",60.0,0.112896,0.9651162790697675,1.0361005949161708,0.15307220767982682,3,1.0
1543,2020-01-01 00:34:47,gw_main,devB,1,867900000.0,7,125.0,-107.15905125375336,11.999765736936922,"(10.0, 12.0]",35.0,0.077056,0.9696969696969697,1.0312213039485765,0.11068309274563798,3,1.0
1544,2020-01-01 00:34:49,gw_main,devB,1,868300000.0,8,125.0,-102.39355917528385,3.25374725021706,"(2.0, 4.0]",25.0,0.11315199999999999,0.9166666666666666,1.0902777777777777,0.21364488888888877,3,1.0
1545,2020-01-01 00:34:50,gw_main,devB,1,867300000.0,7,125.0,-107.89418343738153,-7.50556781965,"(-8.0, -6.0]",49.0,0.097536,0.5533980582524272,1.6460552361202754,0.8066048796305025,3,1.0
1546,2020-01-01 00:34:51,gw_main,devB,1,867100000.0,7,125.0,-109.7627989024823,12.57535038299428,"(12.0, 14.0]",49.0,0.097536,0.9565217391304348,1.0453686200378072,0.14732969376181473,3,1.0
1547,2020-01-01 00:34:52,gw_main,devA,1,867100000.0,11,125.0,-95.30535285536622,-4.382044873729523,"(-6.0, -4.0]",46.0,1.232896,0.3939393939393939,1.9733700642791552,3.4063301230486687,3,1.0
1548,2020-01-01 00:34:53,gw_main,devA,1,867900000.0,7,125.0,-114.88159243417118,-13.247802175771191,"(-14.0, -12.0]",76.0,0.13849599999999998,0.2916666666666667,2.210069444444444,1.5161552222222219,3,1.0
1549,2020-01-01 00:34:54,gw_main,devA,1,867900000.0,10,125.0,-109.81118442955592,-0.7545841275577703,"(-2.0, 0.0]",61.0,0.698368,0.7575757575757576,1.3011937557392104,1.2099058365472912,3,1.0
1550,2020-01-01 00:34:55,gw_main,devC,1,867300000.0,8,125.0,-109.9682777047858,-0.8365837266799234,"(-2.0, 0.0]",73.0,0.236032,0.926605504587156,1.07878124736975,0.33340814274892683,3,1.0
1551,2020-01-01 00:34:57,gw_main,devA,1,868300000.0,7,125.0,-110.90639487881906,-2.0329178723024577,"(-4.0, -2.0]",61.0,0.112896,0.8152866242038217,1.2188324069941985,0.3564337104142155,3,1.0
1552,2020-01-01 00:35:00,gw_main,devC,1,867300000.0,7,125.0,-83.50139739969057,9.517624098656894,"(8.0, 10.0]",64.0,0.118016,0.9811320754716981,1.0192239231043076,0.1395086536133856,3,1.0
1553,2020-01-01 00:35:01,gw_main,devB,1,868300000.0,7,125.0,-120.50438407429924,-0.37937768647678083,"(-2.0, 0.0]",51.0,0.102656,0.8554216867469879,1.165481201916098,0.285124840179997,3,1.0
1554,2020-01-01 00:35:02,gw_main,devC,1,868300000.0,11,125.0,-128.18652603815735,6.236867361527303,"(6.0, 8.0]",50.0,1.314816,0.9473684210526315,1.0554016620498614,1.443060653739612,3,1.0
1555,2020-01-01 00:35:03,gw_main,devC,1,867900000.0,9,125.0,-112.55688079885748,3.108507528365889,"(2.0, 4.0]",68.0,0.410624,0.9358974358974359,1.0682117028270874,0.5068450650887574,3,1.0
1556,2020-01-01 00:35:04,gw_main,devC,1,867900000.0,9,125.0,-117.74045042330441,-1.777412008571773,"(-2.0, 0.0]",45.0,0.308224,0.826530612244898,1.203561016243232,0.5745274069137859,3,1.0
1557,2020-01-01 00:35:06,gw_main,devC,1,867900000.0,7,125.0,-102.0944600401204,0.1720432731404646,"(0.0, 2.0]",77.0,0.13849599999999998,0.9215686274509803,1.0845828527489427,0.23479323952326028,3,1.0
1558,2020-01-01 00:35:07,gw_main,devA,1,867300000.0,7,125.0,-115.97342554375082,-5.496147814305194,"(-6.0, -4.0]",41.0,0.087296,0.6124031007751938,1.537828255513491,0.6720745109067967,3,1.0
1559,2020-01-01 00:35:09,gw_main,devC,1,867300000.0,8,125.0,-109.10957790170995,-8.313721516009025,"(-10.0, -8.0]",64.0,0.215552,0.2653061224489796,2.2744689712619737,1.7647353069554346,3,1.0
1560,2020-01-01 00:35:10,gw_main,devA,1,867100000.0,8,125.0,-82.43457810953134,7.027013535304925,"(6.0, 8.0]",38.0,0.143872,0.9850746268656716,1.0151481398975275,0.16119953308086457,3,1.0
1561,2020-01-01 00:35:11,gw_main,devA,1,867100000.0,10,125.0,-104.96534133883002,5.726515974747473,"(4.0, 6.0]",63.0,0.698368,0.9736842105263158,1.0270083102493075,0.7442380498614959,3,1.0
1562,2020-01-01 00:35:12,gw_main,devC,1,868300000.0,12,125.0,-103.83260993580339,-0.5582955484791787,"(-2.0, 0.0]",42.0,2.138112,0.7,1.3900000000000001,3.3619756800000005,3,1.0
1563,2020-01-01 00:35:16,gw_main,devA,1,868300000.0,9,125.0,-114.08946471626506,4.4583506361835905,"(4.0, 6.0]",61.0,0.369664,0.9516129032258065,1.0507284079084287,0.4391448740894901,3,1.0
1564,2020-01-01 00:35:18,gw_main,devA,1,868300000.0,7,125.0,-104.39188585997482,5.952818016844919,"(4.0, 6.0]",51.0,0.102656,0.976,1.024576,0.12975487385599993,3,1.0
1565,2020-01-01 00:35:19,gw_main,devB,1,867100000.0,7,125.0,-118.44146133836352,-3.344607432164816,"(-4.0, -2.0]",40.0,0.082176,0.8152866242038217,1.2188324069941985,0.31899117887135375,3,1.0
1566,2020-01-01 00:35:20,gw_main,devC,1,867100000.0,9,125.0,-105.56263807301802,1.4074583910001484,"(0.0, 2.0]",34.0,0.24678399999999998,0.8987341772151899,1.1115205896490947,0.38582608684505687,3,1.0
1567,2020-01-01 00:35:23,gw_main,devB,1,867900000.0,7,125.0,-106.96876933979608,0.9190575117095197,"(0.0, 2.0]",58.0,0.112896,0.9215686274509803,1.0845828527489427,0.20702791849288738,3,1.0
1568,2020-01-01 00:35:26,gw_main,devB,1,867300000.0,10,125.0,-111.38994851738961,4.149156892779043,"(4.0, 6.0]",53.0,0.616448,0.9736842105263158,1.0270083102493075,0.6601055290858726,3,1.0
1569,2020-01-01 00:35:28,gw_main,devB,1,867900000.0,7,125.0,-114.45410689546921,0.23929948960416475,"(0.0, 2.0]",61.0,0.112896,0.9215686274509803,1.0845828527489427,0.20702791849288738,3,1.0
1570,2020-01-01 00:35:29,gw_main,devA,0,867300000.0,7,125.0,-108.68237633526863,-8.730143980366718,"(-10.0, -8.0]",30.0,0.071936,0.32727272727272727,2.1252892561983474,1.2781740641322317,3,1.0
1571,2020-01-01 00:35:30,gw_main,devC,1,867300000.0,7,125.0,-107.36241146486178,6.399959246810138,"(6.0, 8.0]",79.0,0.143616,0.9651162790697675,1.0361005949161708,0.18490121795565156,3,1.0
1572,2020-01-01 00:35:31,gw_main,devC,1,867100000.0,8,125.0,-102.06989676669602,14.934448937428904,"(14.0, 16.0]",38.0,0.143872,0.9090909090909091,1.0991735537190082,0.2573138512396693,3,1.0
1573,2020-01-01 00:35:34,gw_main,devB,1,867900000.0,9,125.0,-112.13212645666758,-1.5062014434515847,"(-2.0, 0.0]",61.0,0.369664,0.826530612244898,1.203561016243232,0.6484741957517701,3,1.0
1574,2020-01-01 00:35:35,gw_main,devB,1,867300000.0,11,125.0,-102.07725780501045,2.1048786733213465,"(2.0, 4.0]",52.0,1.314816,0.9523809523809523,1.0498866213151927,1.4302943492063491,3,1.0
1575,2020-01-01 00:35:36,gw_main,devC,1,867300000.0,10,125.0,-100.49912671269105,3.8672940936528235,"(2.0, 4.0]",55.0,0.657408,0.9767441860465116,1.0237966468361277,0.6968487528393728,3,1.0
1576,2020-01-01 00:35:38,gw_main,devB,1,867100000.0,8,125.0,-101.4672261723471,-5.924528006986709,"(-6.0, -4.0]",23.0,0.11315199999999999,0.6025641025641025,1.5553911900065749,0.7313868139381988,3,1.0
1577,2020-01-01 00:35:40,gw_main,devA,1,867900000.0,8,125.0,-98.30827492281347,-5.589083136261665,"(-6.0, -4.0]",35.0,0.143872,0.6025641025641025,1.5553911900065749,0.7791684312952009,3,1.0
1578,2020-01-01 00:35:42,gw_main,devC,1,867100000.0,7,125.0,-107.95641560772269,6.9514598374601135,"(6.0, 8.0]",70.0,0.12825599999999998,0.9651162790697675,1.0361005949161708,0.16898671281773917,3,1.0
1579,2020-01-01 00:35:46,gw_main,devC,1,868300000.0,9,125.0,-112.50179192543162,-2.773985416387188,"(-4.0, -2.0]",24.0,0.20582399999999998,0.7241379310344828,1.351961950059453,0.6302281664684899,3,1.0
1580,2020-01-01 00:35:48,gw_main,devB,1,867100000.0,11,125.0,-113.2123343501521,6.8817194899124186,"(6.0, 8.0]",32.0,0.9871359999999999,0.9473684210526315,1.0554016620498614,1.0972266371191133,3,1.0
1581,2020-01-01 00:35:49,gw_main,devC,0,867900000.0,7,125.0,-102.98599992142606,-7.750868625010772,"(-8.0, -6.0]",21.0,0.056575999999999994,0.5533980582524272,1.6460552361202754,0.7391824571590161,3,1.0
1582,2020-01-01 00:35:50,gw_main,devB,1,867900000.0,7,125.0,-104.59576886478199,2.800209027676456,"(2.0, 4.0]",24.0,0.061695999999999994,0.952054794520548,1.0502439482079189,0.11503979883655464,3,1.0
1583,2020-01-01 00:35:51,gw_main,devC,1,867900000.0,8,125.0,-101.4233465296122,3.659834593037223,"(2.0, 4.0]",44.0,0.164352,0.9166666666666666,1.0902777777777777,0.269467111111111,3,1.0
1584,2020-01-01 00:35:52,gw_main,devB,1,867100000.0,11,125.0,-105.80163196912473,3.3497323329462745,"(2.0, 4.0]",74.0,1.724416,0.9523809523809523,1.0498866213151927,1.860327909297052,3,1.0
1585,2020-01-01 00:35:53,gw_main,devA,1,867300000.0,7,125.0,-117.25785524493816,2.797838006747925,"(2.0, 4.0]",34.0,0.077056,0.952054794520548,1.0502439482079189,0.13117154588102828,3,1.0
1586,2020-01-01 00:35:54,gw_main,devB,1,867900000.0,9,125.0,-104.90689908851185,9.109908727919496,"(8.0, 10.0]",36.0,0.267264,0.9655172413793104,1.0356718192627823,0.31246961236623055,3,1.0
1587,2020-01-01 00:35:55,gw_main,devA,1,867900000.0,11,125.0,-102.8771573098674,2.926850060197407,"(2.0, 4.0]",48.0,1.232896,0.9523809523809523,1.0498866213151927,1.3442876371882087,3,1.0
1588,2020-01-01 00:35:56,gw_main,devC,1,867900000.0,7,125.0,-89.22162039685011,5.1417554673597925,"(4.0, 6.0]",39.0,0.082176,0.976,1.024576,0.10877155737599993,3,1.0
1589,2020-01-01 00:35:58,gw_main,devB,1,867900000.0,9,125.0,-98.21944712718006,10.758676996369756,"(10.0, 12.0]",22.0,0.20582399999999998,0.95,1.0525,0.26912976,3,1.0
1590,2020-01-01 00:36:00,gw_main,devC,1,867100000.0,8,125.0,-129.49418909909235,7.692651462715717,"(6.0, 8.0]",31.0,0.133632,0.9850746268656716,1.0151481398975275,0.15080441612831388,3,1.0
1591,2020-01-01 00:36:01,gw_main,devB,1,867100000.0,11,125.0,-111.01318400566907,-1.566184645520636,"(-2.0, 0.0]",30.0,0.9052159999999999,0.7209302325581395,1.3569497025419146,1.5852822844780963,3,1.0
1592,2020-01-01 00:36:02,gw_main,devA,1,868300000.0,8,125.0,-116.07497638495087,-1.6843011626183186,"(-2.0, 0.0]",63.0,0.215552,0.926605504587156,1.07878124736975,0.3113147028027944,3,1.0
1593,2020-01-01 00:36:03,gw_main,devC,1,867300000.0,8,125.0,-100.683493244016,-5.816860459358463,"(-6.0, -4.0]",64.0,0.215552,0.6025641025641025,1.5553911900065749,0.8906588717948721,3,1.0
1594,2020-01-01 00:36:05,gw_main,devC,1,867300000.0,7,125.0,-101.18768051916474,-2.291369085345379,"(-4.0, -2.0]",74.0,0.133376,0.8152866242038217,1.2188324069941985,0.38139539810945666,3,1.0
1595,2020-01-01 00:36:06,gw_main,devC,1,868300000.0,10,125.0,-100.80954554359394,-4.123759857106622,"(-6.0, -4.0]",67.0,0.739328,0.5,1.75,2.043824,3,1.0
1596,2020-01-01 00:36:08,gw_main,devA,0,867100000.0,12,125.0,-107.11896470017166,-8.833574837624525,"(-10.0, -8.0]",62.0,2.793472,0.25,2.3125,7.772404,3,1.0
1597,2020-01-01 00:36:09,gw_main,devB,1,867100000.0,12,125.0,-111.44234083671792,8.589679077264737,"(8.0, 10.0]",20.0,1.3189119999999999,0.6788990825688074,1.4242067166063461,2.302610045619055,3,1.0
1598,2020-01-01 00:36:10,gw_main,devC,1,867300000.0,10,125.0,-99.66031051359624,1.631603059286192,"(0.0, 2.0]",76.0,0.821248,0.8888888888888888,1.1234567901234567,1.0460934320987652,3,1.0
1599,2020-01-01 00:36:12,gw_main,devB,1,867900000.0,9,125.0,-96.44978569354448,-4.25654009511537,"(-6.0, -4.0]",49.0,0.328704,0.4411764705882353,1.871107266435986,1.4861477093425604,3,1.0
1600,2020-01-01 00:36:13,gw_main,devA,1,867100000.0,7,125.0,-110.1279966664882,-4.723242332714769,"(-6.0, -4.0]",53.0,0.102656,0.6124031007751938,1.537828255513491,0.6956955529114839,3,1.0
1601,2020-01-01 00:36:14,gw_main,devA,0,868300000.0,9,125.0,-108.5778123010491,-6.7805229877236926,"(-8.0, -6.0]",31.0,0.24678399999999998,0.41304347826086957,1.9314744801512285,1.4081314782608692,3,1.0
1602,2020-01-01 00:36:15,gw_main,devC,1,868300000.0,9,125.0,-113.24270477470897,-3.266164349442998,"(-4.0, -2.0]",39.0,0.267264,0.7241379310344828,1.351961950059453,0.7132927086801428,3,1.0
1603,2020-01-01 00:36:17,gw_main,devA,1,867300000.0,9,125.0,-113.57688237082206,-1.0641806966616254,"(-2.0, 0.0]",62.0,0.369664,0.826530612244898,1.203561016243232,0.6484741957517701,3,1.0
1604,2020-01-01 00:36:20,gw_main,devB,0,867100000.0,7,125.0,-112.40902246532194,-5.359097492022488,"(-6.0, -4.0]",66.0,0.123136,0.6124031007751938,1.537828255513491,0.7271902755844002,3,1.0
1605,2020-01-01 00:36:21,gw_main,devB,1,867100000.0,7,125.0,-106.18114475755917,0.9592931103724641,"(0.0, 2.0]",60.0,0.112896,0.9215686274509803,1.0845828527489427,0.20702791849288738,3,1.0
1606,2020-01-01 00:36:23,gw_main,devC,1,867900000.0,9,125.0,-94.57784788325314,3.750136164679623,"(2.0, 4.0]",37.0,0.267264,0.9358974358974359,1.0682117028270874,0.3537062353714661,3,1.0
1607,2020-01-01 00:36:26,gw_main,devA,0,867300000.0,11,125.0,-93.37560482734563,-8.488345852072708,"(-10.0, -8.0]",57.0,1.396736,0.23809523809523808,2.3424036281179133,4.614123102040814,3,1.0
1608,2020-01-01 00:36:27,gw_main,devA,0,868300000.0,9,125.0,-96.53012697687463,-10.12033995285414,"(-12.0, -10.0]",26.0,0.20582399999999998,0.23809523809523808,2.3424036281179133,1.8245265124716545,3,1.0
1609,2020-01-01 00:36:28,gw_main,devC,1,867300000.0,9,125.0,-97.65736442057944,4.355810780405027,"(4.0, 6.0]",79.0,0.451584,0.9516129032258065,1.0507284079084287,0.5252205452653486,3,1.0
1610,2020-01-01 00:36:29,gw_main,devC,1,868300000.0,7,125.0,-110.34619806726874,-4.590416100264028,"(-6.0, -4.0]",25.0,0.061695999999999994,0.6124031007751938,1.537828255513491,0.6327061075656514,3,1.0
1611,2020-01-01 00:36:30,gw_main,devA,1,867100000.0,9,125.0,-102.00283511498515,0.3756015547454846,"(0.0, 2.0]",37.0,0.267264,0.8987341772151899,1.1115205896490947,0.4085900285210704,3,1.0
1612,2020-01-01 00:36:32,gw_main,devC,1,867100000.0,11,125.0,-98.96792235505387,0.5471792512410457,"(0.0, 2.0]",23.0,0.8232959999999999,0.7368421052631579,1.332409972299169,1.4293777728531853,3,1.0
1613,2020-01-01 00:36:33,gw_main,devC,1,867100000.0,9,125.0,-111.27739369436414,8.410062785336727,"(8.0, 10.0]",46.0,0.308224,0.9655172413793104,1.0356718192627823,0.3548907300832341,3,1.0
1614,2020-01-01 00:36:34,gw_main,devC,1,867300000.0,7,125.0,-99.9793504260419,-4.109675592704258,"(-6.0, -4.0]",34.0,0.077056,0.6124031007751938,1.537828255513491,0.6563271495703386,3,1.0
1615,2020-01-01 00:36:35,gw_main,devC,0,867300000.0,10,125.0,-110.53145894359452,-2.0457320353688386,"(-4.0, -2.0]",48.0,0.575488,0.6428571428571429,1.4846938775510203,1.339117387755102,3,1.0
1616,2020-01-01 00:36:36,gw_main,devA,0,867100000.0,9,125.0,-99.192741872636,-4.838063467981518,"(-6.0, -4.0]",69.0,0.410624,0.4411764705882353,1.871107266435986,1.6394288166089963,3,1.0
1617,2020-01-01 00:36:37,gw_main,devB,1,867300000.0,7,125.0,-94.8231868427861,5.247449421115998,"(4.0, 6.0]",38.0,0.082176,0.976,1.024576,0.10877155737599993,3,1.0
1618,2020-01-01 00:36:38,gw_main,devA,0,867900000.0,7,125.0,-94.77875402106295,-6.154303139485426,"(-8.0, -6.0]",60.0,0.112896,0.5533980582524272,1.6460552361202754,0.83188828805731,3,1.0
1619,2020-01-01 00:36:39,gw_main,devB,0,867100000.0,7,125.0,-109.6420654509991,-6.79789946705379,"(-8.0, -6.0]",55.0,0.107776,0.5533980582524272,1.6460552361202754,0.8234604852483742,3,1.0
1620,2020-01-01 00:36:41,gw_main,devA,0,867100000.0,7,125.0,-121.54089134679481,-8.450841085141473,"(-10.0, -8.0]",41.0,0.087296,0.32727272727272727,2.1252892561983474,1.3108185071074383,3,1.0
1621,2020-01-01 00:36:42,gw_main,devB,1,867300000.0,7,125.0,-104.39349567828877,2.825366032028242,"(2.0, 4.0]",53.0,0.102656,0.952054794520548,1.0502439482079189,0.158057790955151,3,1.0
1622,2020-01-01 00:36:43,gw_main,devC,1,867900000.0,9,125.0,-118.83528578897278,15.414750120930783,"(14.0, 16.0]",49.0,0.328704,0.8571428571428571,1.1632653061224492,0.5456352653061227,3,1.0
1623,2020-01-01 00:36:45,gw_main,devB,1,868300000.0,7,125.0,-116.68802655570579,5.709274939837813,"(4.0, 6.0]",77.0,0.13849599999999998,0.976,1.024576,0.1664756776959999,3,1.0
1624,2020-01-01 00:36:46,gw_main,devB,1,868300000.0,7,125.0,-106.29213869007359,1.5066422500342243,"(0.0, 2.0]",24.0,0.061695999999999994,0.9215686274509803,1.0845828527489427,0.1514972764321415,3,1.0
1625,2020-01-01 00:36:47,gw_main,devA,0,867300000.0,7,125.0,-112.36517720240515,-6.612135397511873,"(-8.0, -6.0]",23.0,0.061695999999999994,0.5533980582524272,1.6460552361202754,0.7476102599679519,3,1.0
1626,2020-01-01 00:36:48,gw_main,devB,1,868300000.0,8,125.0,-94.34406988586976,-1.6601973001619283,"(-2.0, 0.0]",40.0,0.154112,0.926605504587156,1.07878124736975,0.24503438296439692,3,1.0
1627,2020-01-01 00:36:49,gw_main,devC,1,867100000.0,7,125.0,-86.22451113129837,-1.3975000540247215,"(-2.0, 0.0]",57.0,0.107776,0.8554216867469879,1.165481201916098,0.29109210393380747,3,1.0
1628,2020-01-01 00:36:50,gw_main,devA,1,867100000.0,11,125.0,-98.0224900480448,-4.144211349741932,"(-6.0, -4.0]",49.0,1.232896,0.3939393939393939,1.9733700642791552,3.4063301230486687,3,1.0
1629,2020-01-01 00:36:51,gw_main,devC,1,867100000.0,7,125.0,-96.48717363938712,11.58364124227531,"(10.0, 12.0]",72.0,0.133376,0.9696969696969697,1.0312213039485765,0.1687614765840218,3,1.0
1630,2020-01-01 00:36:52,gw_main,devA,0,868300000.0,7,125.0,-101.57396336820624,-11.436723417942922,"(-12.0, -10.0]",22.0,0.056575999999999994,0.2,2.4400000000000004,1.5780454400000004,3,1.0
1631,2020-01-01 00:36:53,gw_main,devC,1,867100000.0,7,125.0,-106.60690775677824,2.286218689122454,"(2.0, 4.0]",78.0,0.13849599999999998,0.952054794520548,1.0502439482079189,0.1956985340589228,3,1.0
1632,2020-01-01 00:36:54,gw_main,devB,1,868300000.0,10,125.0,-107.83743371458421,1.9891468838023028,"(0.0, 2.0]",33.0,0.45260799999999995,0.8888888888888888,1.1234567901234567,0.6319423209876541,3,1.0
1633,2020-01-01 00:36:55,gw_main,devA,1,867100000.0,9,125.0,-116.38230962064648,-3.4776971892904553,"(-4.0, -2.0]",51.0,0.328704,0.7241379310344828,1.351961950059453,0.7963572508917955,3,1.0
1634,2020-01-01 00:36:56,gw_main,devA,1,867300000.0,7,125.0,-112.96042220458794,0.897017192252292,"(0.0, 2.0]",70.0,0.12825599999999998,0.9215686274509803,1.0845828527489427,0.22368711111111111,3,1.0
1635,2020-01-01 00:36:57,gw_main,devB,1,867900000.0,7,125.0,-98.55498075129158,5.265629812175417,"(4.0, 6.0]",51.0,0.102656,0.976,1.024576,0.12975487385599993,3,1.0
1636,2020-01-01 00:36:59,gw_main,devB,1,867900000.0,9,125.0,-102.28050946568531,2.50395193524408,"(2.0, 4.0]",62.0,0.369664,0.9358974358974359,1.0682117028270874,0.4630911137409599,3,1.0
1637,2020-01-01 00:37:00,gw_main,devB,1,867300000.0,9,125.0,-113.89440274712244,4.157471599632789,"(4.0, 6.0]",47.0,0.308224,0.9516129032258065,1.0507284079084287,0.37458812070759623,3,1.0
1638,2020-01-01 00:37:02,gw_main,devB,1,868300000.0,8,125.0,-93.38600761195953,8.870268752829851,"(8.0, 10.0]",33.0,0.133632,0.9722222222222222,1.0285493827160495,0.16599649382716058,3,1.0
1639,2020-01-01 00:37:03,gw_main,devC,1,867300000.0,8,125.0,-106.52903730641822,13.669823820646334,"(12.0, 14.0]",51.0,0.184832,0.9375,1.06640625,0.26351225,3,1.0
1640,2020-01-01 00:37:05,gw_main,devC,1,867100000.0,7,125.0,-101.03821685508068,6.081987796376126,"(6.0, 8.0]",68.0,0.123136,0.9651162790697675,1.0361005949161708,0.1636818777717684,3,1.0
1641,2020-01-01 00:37:06,gw_main,devB,0,867300000.0,10,125.0,-95.72605277702009,-8.449481863900061,"(-10.0, -8.0]",54.0,0.616448,0.18181818181818182,2.487603305785124,3.021081388429752,3,1.0
1642,2020-01-01 00:37:09,gw_main,devB,1,867300000.0,7,125.0,-92.75446996216239,-3.523165562040533,"(-4.0, -2.0]",23.0,0.061695999999999994,0.8152866242038217,1.2188324069941985,0.29402949117611255,3,1.0
1643,2020-01-01 00:37:13,gw_main,devA,0,867100000.0,9,125.0,-104.43569871996401,-11.451484328290196,"(-12.0, -10.0]",23.0,0.20582399999999998,0.23809523809523808,2.3424036281179133,1.8245265124716545,3,1.0
1644,2020-01-01 00:37:14,gw_main,devA,1,867100000.0,10,125.0,-109.74375920078464,-0.9505920114334252,"(-2.0, 0.0]",55.0,0.657408,0.7575757575757576,1.3011937557392104,1.1566089403122133,3,1.0
1645,2020-01-01 00:37:15,gw_main,devB,0,868300000.0,8,125.0,-102.13463800428583,0.5401005593138299,"(0.0, 2.0]",70.0,0.225792,0.9338842975206612,1.0704869885936752,0.31219438672221833,3,1.0
1646,2020-01-01 00:37:16,gw_main,devC,1,867100000.0,10,125.0,-121.50564923584145,-4.22874124883238,"(-6.0, -4.0]",59.0,0.657408,0.5,1.75,1.900464,3,1.0
1647,2020-01-01 00:37:17,gw_main,devC,0,867100000.0,9,125.0,-104.78123377434349,-4.319320796626554,"(-6.0, -4.0]",35.0,0.24678399999999998,0.4411764705882353,1.871107266435986,1.3328666020761244,3,1.0
1648,2020-01-01 00:37:18,gw_main,devA,1,867900000.0,8,125.0,-95.38050373276954,11.31853731590142,"(10.0, 12.0]",63.0,0.215552,0.9583333333333334,1.0434027777777777,0.2683103333333332,3,1.0
1649,2020-01-01 00:37:19,gw_main,devC,0,867100000.0,9,125.0,-107.6404531982141,-7.258465715429621,"(-8.0, -6.0]",51.0,0.328704,0.41304347826086957,1.9314744801512285,1.5663578676748577,3,1.0
1650,2020-01-01 00:37:21,gw_main,devC,1,867100000.0,8,125.0,-108.71874289293086,-4.854062851809565,"(-6.0, -4.0]",50.0,0.174592,0.6025641025641025,1.5553911900065749,0.8269500486522028,3,1.0
1651,2020-01-01 00:37:22,gw_main,devC,1,867300000.0,10,125.0,-114.97650976262898,7.192914135689387,"(6.0, 8.0]",31.0,0.45260799999999995,0.9666666666666667,1.0344444444444445,0.5026422755555555,3,1.0
1652,2020-01-01 00:37:23,gw_main,devC,1,867900000.0,8,125.0,-100.28581915945851,12.609254662930397,"(12.0, 14.0]",62.0,0.205312,0.9375,1.06640625,0.28535225,3,1.0
1653,2020-01-01 00:37:25,gw_main,devC,1,867100000.0,8,125.0,-99.98972850489065,-4.303908095643044,"(-6.0, -4.0]",48.0,0.174592,0.6025641025641025,1.5553911900065749,0.8269500486522028,3,1.0
1654,2020-01-01 00:37:26,gw_main,devB,0,867300000.0,11,125.0,-111.41937951964869,-2.56639416684087,"(-4.0, -2.0]",25.0,0.8232959999999999,0.7407407407407407,1.3264746227709192,1.4185558737997257,3,1.0
1655,2020-01-01 00:37:27,gw_main,devC,1,867900000.0,7,125.0,-100.5910430876992,6.3888739049026535,"(6.0, 8.0]",49.0,0.097536,0.9651162790697675,1.0361005949161708,0.13715770254191442,3,1.0
1656,2020-01-01 00:37:28,gw_main,devB,0,867100000.0,9,125.0,-104.54704439957324,-5.466407273477018,"(-6.0, -4.0]",46.0,0.308224,0.4411764705882353,1.871107266435986,1.4478274325259513,3,1.0
1657,2020-01-01 00:37:29,gw_main,devB,1,868300000.0,8,125.0,-103.29313611961666,8.717679763333656,"(8.0, 10.0]",76.0,0.246272,0.9722222222222222,1.0285493827160495,0.2818522962962964,3,1.0
1658,2020-01-01 00:37:30,gw_main,devC,1,868300000.0,7,125.0,-96.97476283304113,8.499469105296335,"(8.0, 10.0]",29.0,0.066816,0.9811320754716981,1.0192239231043076,0.08732438875044507,3,1.0
1659,2020-01-01 00:37:32,gw_main,devB,1,867100000.0,9,125.0,-107.09228274541846,3.8767798158558366,"(2.0, 4.0]",26.0,0.20582399999999998,0.9358974358974359,1.0682117028270874,0.28807530834976985,3,1.0
1660,2020-01-01 00:37:33,gw_main,devC,1,868300000.0,7,125.0,-95.55458144980399,4.4984756869887645,"(4.0, 6.0]",56.0,0.107776,0.976,1.024576,0.13500070297599992,3,1.0
1661,2020-01-01 00:37:35,gw_main,devA,1,867100000.0,8,125.0,-99.09537698336528,-6.308710492019495,"(-8.0, -6.0]",71.0,0.236032,0.5087719298245614,1.7325330871037241,1.1414663367189903,3,1.0
1662,2020-01-01 00:37:36,gw_main,devA,1,867900000.0,8,125.0,-115.63652893214719,7.0872279030961804,"(6.0, 8.0]",45.0,0.164352,0.9850746268656716,1.0151481398975275,0.18198976698596595,3,1.0
1663,2020-01-01 00:37:37,gw_main,devB,1,867900000.0,10,125.0,-103.75312352893208,-2.2513680098319244,"(-4.0, -2.0]",70.0,0.780288,0.6428571428571429,1.4846938775510203,1.643182693877551,3,1.0
1664,2020-01-01 00:37:39,gw_main,devA,1,868300000.0,8,125.0,-108.46437202204159,0.616034591169343,"(0.0, 2.0]",35.0,0.143872,0.9338842975206612,1.0704869885936752,0.22450009261662443,3,1.0
1665,2020-01-01 00:37:41,gw_main,devC,1,867300000.0,7,125.0,-124.4700093170394,-5.924957870272944,"(-6.0, -4.0]",78.0,0.13849599999999998,0.6124031007751938,1.537828255513491,0.7508113175890874,3,1.0
1666,2020-01-01 00:37:42,gw_main,devA,0,867100000.0,8,125.0,-96.72764629896146,-9.583982568810251,"(-10.0, -8.0]",60.0,0.205312,0.2653061224489796,2.2744689712619737,1.741444744689712,3,1.0
1667,2020-01-01 00:37:44,gw_main,devC,1,868300000.0,7,125.0,-118.73376753568,8.714143353976535,"(8.0, 10.0]",75.0,0.133376,0.9811320754716981,1.0192239231043076,0.15516393307226778,3,1.0
1668,2020-01-01 00:37:45,gw_main,devA,1,868300000.0,9,125.0,-108.84581591909748,11.775417020682832,"(10.0, 12.0]",47.0,0.308224,0.95,1.0525,0.37690576,3,1.0
1669,2020-01-01 00:37:46,gw_main,devC,1,867100000.0,7,125.0,-105.12275832332975,3.9006986761447004,"(2.0, 4.0]",69.0,0.12825599999999998,0.952054794520548,1.0502439482079189,0.1849440360292737,3,1.0
1670,2020-01-01 00:37:47,gw_main,devB,1,868300000.0,8,125.0,-110.90519414962401,7.115552789469618,"(6.0, 8.0]",63.0,0.215552,0.9850746268656716,1.0151481398975275,0.23396535174871935,3,1.0
1671,2020-01-01 00:37:48,gw_main,devB,1,868300000.0,8,125.0,-101.13709738119057,-3.100997793542444,"(-4.0, -2.0]",28.0,0.12339199999999999,0.7203389830508474,1.3578713013501866,0.5254217569663888,3,1.0
1672,2020-01-01 00:37:49,gw_main,devA,1,867300000.0,7,125.0,-109.1887187981691,-0.4629100504906336,"(-2.0, 0.0]",61.0,0.112896,0.8554216867469879,1.165481201916098,0.29705936768761787,3,1.0
1673,2020-01-01 00:37:50,gw_main,devB,0,867100000.0,10,125.0,-118.2148869782202,1.6965883936799635,"(0.0, 2.0]",42.0,0.534528,0.8888888888888888,1.1234567901234567,0.7239759012345677,3,1.0
1674,2020-01-01 00:37:51,gw_main,devB,1,867100000.0,8,125.0,-109.46316144214593,-6.487737509435097,"(-8.0, -6.0]",44.0,0.164352,0.5087719298245614,1.7325330871037241,1.0172783650353954,3,1.0
1675,2020-01-01 00:37:52,gw_main,devB,0,867900000.0,7,125.0,-101.6467937057346,-5.93966500116208,"(-6.0, -4.0]",55.0,0.107776,0.6124031007751938,1.537828255513491,0.703569233579713,3,1.0
1676,2020-01-01 00:37:53,gw_main,devB,1,867300000.0,7,125.0,-114.00242599225736,0.5830638402311414,"(0.0, 2.0]",48.0,0.097536,0.9215686274509803,1.0845828527489427,0.1903687258746636,3,1.0
1677,2020-01-01 00:37:55,gw_main,devC,0,867300000.0,11,125.0,-96.24205540858438,-6.38134067723532,"(-8.0, -6.0]",21.0,0.7413759999999999,0.21739130434782608,2.3950850661625713,3.170743652173914,3,1.0
1678,2020-01-01 00:37:56,gw_main,devA,1,868300000.0,8,125.0,-100.23623046232613,2.319192775637691,"(2.0, 4.0]",23.0,0.11315199999999999,0.9166666666666666,1.0902777777777777,0.21364488888888877,3,1.0
1679,2020-01-01 00:37:58,gw_main,devB,1,867300000.0,9,125.0,-106.54914105370642,6.128123705157316,"(6.0, 8.0]",68.0,0.410624,0.9761904761904762,1.02437641723356,0.4450099591836735,3,1.0
1680,2020-01-01 00:37:59,gw_main,devB,1,867900000.0,7,125.0,-100.81158542078438,-0.0310866109068973,"(-2.0, 0.0]",64.0,0.118016,0.8554216867469879,1.165481201916098,0.3030266314414283,3,1.0
1681,2020-01-01 00:38:00,gw_main,devA,1,867100000.0,10,125.0,-112.30419443553414,-1.8018387547175725,"(-2.0, 0.0]",34.0,0.45260799999999995,0.7575757575757576,1.3011937557392104,0.8901244591368228,3,1.0
1682,2020-01-01 00:38:01,gw_main,devC,1,867900000.0,7,125.0,-126.85246607967883,0.7660391080854965,"(0.0, 2.0]",55.0,0.107776,0.9215686274509803,1.0845828527489427,0.20147485428681278,3,1.0
1683,2020-01-01 00:38:02,gw_main,devA,1,867100000.0,7,125.0,-112.07387666014186,-1.0319007239933737,"(-2.0, 0.0]",49.0,0.097536,0.8554216867469879,1.165481201916098,0.2791575764261866,3,1.0
1684,2020-01-01 00:38:03,gw_main,devC,1,867100000.0,7,125.0,-92.67569509007704,-4.008276286148444,"(-6.0, -4.0]",62.0,0.118016,0.6124031007751938,1.537828255513491,0.7193165949161712,3,1.0
1685,2020-01-01 00:38:04,gw_main,devB,1,867300000.0,8,125.0,-96.45478863159371,-2.4117365144922536,"(-4.0, -2.0]",28.0,0.12339199999999999,0.7203389830508474,1.3578713013501866,0.5254217569663888,3,1.0
1686,2020-01-01 00:38:05,gw_main,devA,1,867300000.0,7,125.0,-115.38555517940169,4.496514251924795,"(4.0, 6.0]",55.0,0.107776,0.976,1.024576,0.13500070297599992,3,1.0
1687,2020-01-01 00:38:07,gw_main,devB,1,868300000.0,12,125.0,-112.30054355938559,7.717366856184551,"(6.0, 8.0]",23.0,1.4827519999999998,0.875,1.140625,1.8318889999999999,3,1.0
1688,2020-01-01 00:38:08,gw_main,devA,1,868300000.0,9,125.0,-116.50329127196417,-10.157963659678153,"(-12.0, -10.0]",28.0,0.22630399999999998,0.23809523809523808,2.3424036281179133,1.8724989387755095,3,1.0
1689,2020-01-01 00:38:09,gw_main,devC,1,867900000.0,7,125.0,-108.81513794284061,-2.3585440735398704,"(-4.0, -2.0]",38.0,0.082176,0.8152866242038217,1.2188324069941985,0.31899117887135375,3,1.0
1690,2020-01-01 00:38:10,gw_main,devB,1,867100000.0,10,125.0,-98.74886712432739,-2.4874520702953244,"(-4.0, -2.0]",54.0,0.616448,0.6428571428571429,1.4846938775510203,1.3999304489795916,3,1.0
1691,2020-01-01 00:38:13,gw_main,devB,1,868300000.0,7,125.0,-125.39588474219386,-3.0790980459722554,"(-4.0, -2.0]",62.0,0.118016,0.8152866242038217,1.2188324069941985,0.3626741323380258,3,1.0
1692,2020-01-01 00:38:14,gw_main,devB,1,867900000.0,7,125.0,-86.19437634534151,4.697849540740794,"(4.0, 6.0]",63.0,0.118016,0.976,1.024576,0.1454923612159999,3,1.0
1693,2020-01-01 00:38:16,gw_main,devA,0,867100000.0,8,125.0,-105.72926953504923,-6.998184134877754,"(-8.0, -6.0]",68.0,0.225792,0.5087719298245614,1.7325330871037241,1.1237251979070482,3,1.0
1694,2020-01-01 00:38:17,gw_main,devA,1,867900000.0,7,125.0,-98.56652074934172,8.007037926930686,"(8.0, 10.0]",70.0,0.12825599999999998,0.9811320754716981,1.0192239231043076,0.14994550658597372,3,1.0
1695,2020-01-01 00:38:19,gw_main,devB,1,867900000.0,9,125.0,-98.42167849142956,-3.443757881012325,"(-4.0, -2.0]",41.0,0.287744,0.7241379310344828,1.351961950059453,0.7409808894173604,3,1.0
1696,2020-01-01 00:38:20,gw_main,devA,1,867300000.0,7,125.0,-126.85294876007882,4.987682492516044,"(4.0, 6.0]",20.0,0.056575999999999994,0.976,1.024576,0.08254241177599991,3,1.0
1697,2020-01-01 00:38:22,gw_main,devB,1,867100000.0,9,125.0,-112.06128040702103,6.754190462782556,"(6.0, 8.0]",31.0,0.24678399999999998,0.9761904761904762,1.02437641723356,0.27717612698412697,3,1.0
1698,2020-01-01 00:38:23,gw_main,devA,1,867100000.0,9,125.0,-118.08672780333048,-1.3069874405289201,"(-2.0, 0.0]",72.0,0.431104,0.826530612244898,1.203561016243232,0.7224209845897542,3,1.0
1699,2020-01-01 00:38:24,gw_main,devC,1,868300000.0,9,125.0,-120.20518023222957,-4.817054372536011,"(-6.0, -4.0]",23.0,0.20582399999999998,0.4411764705882353,1.871107266435986,1.2562260484429064,3,1.0
1700,2020-01-01 00:38:25,gw_main,devA,1,867900000.0,7,125.0,-98.10496409864979,-2.238626374900381,"(-4.0, -2.0]",27.0,0.066816,0.8152866242038217,1.2188324069941985,0.30026991309992285,3,1.0
1701,2020-01-01 00:38:27,gw_main,devA,1,868300000.0,7,125.0,-96.14569942409184,1.1528379759558272,"(0.0, 2.0]",39.0,0.082176,0.9215686274509803,1.0845828527489427,0.17370953325643984,3,1.0
1702,2020-01-01 00:38:28,gw_main,devA,1,867300000.0,7,125.0,-97.92822299874946,1.050631402427232,"(0.0, 2.0]",28.0,0.066816,0.9215686274509803,1.0845828527489427,0.1570503406382161,3,1.0
1703,2020-01-01 00:38:29,gw_main,devA,0,868300000.0,8,125.0,-109.14548137232978,0.21481779166909332,"(0.0, 2.0]",33.0,0.133632,0.9338842975206612,1.0704869885936752,0.2135383058534252,3,1.0
1704,2020-01-01 00:38:31,gw_main,devC,0,868300000.0,7,125.0,-111.33408979093387,-21.966490861240754,"(-22.001, -20.0]",75.0,0.133376,0.8018720748829953,1.2373825998281742,0.40241974146285675,3,1.0
1705,2020-01-01 00:38:32,gw_main,devB,1,868300000.0,8,125.0,-112.4864073168282,0.5570136919364086,"(0.0, 2.0]",61.0,0.205312,0.9338842975206612,1.0704869885936752,0.2902708131958198,3,1.0
1706,2020-01-01 00:38:34,gw_main,devC,1,867900000.0,7,125.0,-113.02505358738463,1.465130109414029,"(0.0, 2.0]",21.0,0.056575999999999994,0.9215686274509803,1.0845828527489427,0.1459442122260669,3,1.0
1707,2020-01-01 00:38:35,gw_main,devB,1,867900000.0,8,125.0,-105.58687915136682,6.784762438333462,"(6.0, 8.0]",33.0,0.133632,0.9850746268656716,1.0151481398975275,0.15080441612831388,3,1.0
1708,2020-01-01 00:38:36,gw_main,devA,0,868300000.0,7,125.0,-108.64895473640334,1.6433138315083466,"(0.0, 2.0]",50.0,0.097536,0.9215686274509803,1.0845828527489427,0.1903687258746636,3,1.0
1709,2020-01-01 00:38:37,gw_main,devA,1,867300000.0,8,125.0,-106.54915797860674,-2.336619569705463,"(-4.0, -2.0]",20.0,0.10291199999999999,0.7203389830508474,1.3578713013501866,0.49761255271473703,3,1.0
1710,2020-01-01 00:38:38,gw_main,devC,1,867300000.0,8,125.0,-106.28353133955663,-1.0792656231425115,"(-2.0, 0.0]",70.0,0.225792,0.926605504587156,1.07878124736975,0.3223614227758606,3,1.0
1711,2020-01-01 00:38:40,gw_main,devC,1,867900000.0,7,125.0,-87.9731528942219,-3.2954497558703135,"(-4.0, -2.0]",71.0,0.12825599999999998,0.8152866242038217,1.2188324069941985,0.3751549761856464,3,1.0
1712,2020-01-01 00:38:44,gw_main,devA,1,867900000.0,9,125.0,-97.40926104525421,-0.09331963912872408,"(-2.0, 0.0]",71.0,0.410624,0.826530612244898,1.203561016243232,0.6977720549770928,3,1.0
1713,2020-01-01 00:38:46,gw_main,devC,1,868300000.0,8,125.0,-105.03658226223665,-1.5003062552694884,"(-2.0, 0.0]",20.0,0.10291199999999999,0.926605504587156,1.07878124736975,0.18980078309906573,3,1.0
1714,2020-01-01 00:38:47,gw_main,devC,1,868300000.0,11,125.0,-107.3229358551815,0.4330065003865132,"(0.0, 2.0]",34.0,0.9871359999999999,0.7368421052631579,1.332409972299169,1.6476798227146812,3,1.0
1715,2020-01-01 00:38:48,gw_main,devA,1,867900000.0,7,125.0,-100.87273992116131,-1.0222958789010823,"(-2.0, 0.0]",62.0,0.118016,0.8554216867469879,1.165481201916098,0.3030266314414283,3,1.0
1716,2020-01-01 00:38:49,gw_main,devA,1,868300000.0,8,125.0,-96.63740567561241,2.7770163301633417,"(2.0, 4.0]",25.0,0.11315199999999999,0.9166666666666666,1.0902777777777777,0.21364488888888877,3,1.0
1717,2020-01-01 00:38:51,gw_main,devA,1,867100000.0,8,125.0,-102.17220732173149,1.438227727780254,"(0.0, 2.0]",67.0,0.225792,0.9338842975206612,1.0704869885936752,0.31219438672221833,3,1.0
1718,2020-01-01 00:38:52,gw_main,devA,1,867100000.0,11,125.0,-122.28196332926593,-4.042896991812281,"(-6.0, -4.0]",69.0,1.642496,0.3939393939393939,1.9733700642791552,4.21462250137741,3,1.0
1719,2020-01-01 00:38:53,gw_main,devB,1,867100000.0,12,125.0,-112.01427071729691,-4.679722961698124,"(-6.0, -4.0]",47.0,2.301952,0.2857142857142857,2.2244897959183674,6.345158530612245,3,1.0
1720,2020-01-01 00:38:55,gw_main,devA,1,867100000.0,7,125.0,-120.20487655084894,-1.6802260532849442,"(-2.0, 0.0]",31.0,0.071936,0.8554216867469879,1.165481201916098,0.24932125765713448,3,1.0
1721,2020-01-01 00:38:56,gw_main,devA,0,867300000.0,7,125.0,-119.57469586331918,-1.7466129015409453,"(-2.0, 0.0]",67.0,0.123136,0.8554216867469879,1.165481201916098,0.3089938951952387,3,1.0
1722,2020-01-01 00:38:57,gw_main,devC,1,867300000.0,11,125.0,-103.77247324177485,8.79004444738411,"(8.0, 10.0]",20.0,0.7413759999999999,0.8888888888888888,1.1234567901234567,0.9563606913580244,3,1.0
1723,2020-01-01 00:38:58,gw_main,devA,1,868300000.0,8,125.0,-123.72541759358624,6.527166927648594,"(6.0, 8.0]",69.0,0.225792,0.9850746268656716,1.0151481398975275,0.24436046870127,3,1.0
1724,2020-01-01 00:38:59,gw_main,devA,0,867100000.0,7,125.0,-108.92092332394378,3.2030276275802985,"(2.0, 4.0]",48.0,0.097536,0.952054794520548,1.0502439482079189,0.15268054194032646,3,1.0
1725,2020-01-01 00:39:00,gw_main,devB,1,867100000.0,10,125.0,-87.3622282257569,-2.3963792124868806,"(-4.0, -2.0]",22.0,0.37068799999999996,0.6428571428571429,1.4846938775510203,1.035052081632653,3,1.0
1726,2020-01-01 00:39:01,gw_main,devA,1,868300000.0,8,125.0,-102.877864999896,14.119185552025243,"(14.0, 16.0]",36.0,0.143872,0.9090909090909091,1.0991735537190082,0.2573138512396693,3,1.0
1727,2020-01-01 00:39:02,gw_main,devA,1,868300000.0,8,125.0,-90.27248248663926,2.3578427256597885,"(2.0, 4.0]",32.0,0.133632,0.9166666666666666,1.0902777777777777,0.23597377777777767,3,1.0
1728,2020-01-01 00:39:04,gw_main,devA,1,868300000.0,9,125.0,-112.81562855588359,-1.0266367899933782,"(-2.0, 0.0]",48.0,0.308224,0.826530612244898,1.203561016243232,0.5745274069137859,3,1.0
1729,2020-01-01 00:39:05,gw_main,devC,0,867100000.0,7,125.0,-107.79802764415712,-8.485844658466505,"(-10.0, -8.0]",62.0,0.118016,0.32727272727272727,2.1252892561983474,1.3761073930578516,3,1.0
1730,2020-01-01 00:39:06,gw_main,devB,0,868300000.0,11,125.0,-102.63892377405662,-8.008572390142556,"(-10.0, -8.0]",42.0,1.150976,0.23809523809523808,2.3424036281179133,4.038453986394557,3,1.0
1731,2020-01-01 00:39:07,gw_main,devA,1,867300000.0,8,125.0,-96.10656502709136,2.441869150419311,"(2.0, 4.0]",71.0,0.236032,0.9166666666666666,1.0902777777777777,0.3476182222222221,3,1.0
1732,2020-01-01 00:39:09,gw_main,devB,1,867300000.0,11,125.0,-99.01977136312729,-1.4399899438295831,"(-2.0, 0.0]",58.0,1.396736,0.7209302325581395,1.3569497025419146,2.2522502022714983,3,1.0
1733,2020-01-01 00:39:11,gw_main,devA,1,867900000.0,9,125.0,-115.44522108895842,-8.649947175361184,"(-10.0, -8.0]",73.0,0.431104,0.36666666666666664,2.034444444444444,1.9115015822222217,3,1.0
1734,2020-01-01 00:39:12,gw_main,devA,0,867900000.0,9,125.0,-96.55229477114798,-1.9671039859473316,"(-2.0, 0.0]",37.0,0.267264,0.826530612244898,1.203561016243232,0.5252295476884632,3,1.0
1735,2020-01-01 00:39:13,gw_main,devC,0,868300000.0,7,125.0,-111.17171862201809,-8.736767591895147,"(-10.0, -8.0]",62.0,0.118016,0.32727272727272727,2.1252892561983474,1.3761073930578516,3,1.0
1736,2020-01-01 00:39:14,gw_main,devC,1,867900000.0,12,125.0,-97.11135423424716,5.393492015687172,"(4.0, 6.0]",38.0,1.9742719999999998,0.9230769230769231,1.0828402366863903,2.220661396449703,3,1.0
1737,2020-01-01 00:39:16,gw_main,devB,1,868300000.0,7,125.0,-118.94832379558366,16.974204978559857,"(16.0, 18.0]",64.0,0.118016,0.8018720748829953,1.2373825998281742,0.383413544729496,3,1.0
1738,2020-01-01 00:39:18,gw_main,devC,1,868300000.0,7,125.0,-107.68208091317554,-3.5570976291848506,"(-4.0, -2.0]",67.0,0.123136,0.8152866242038217,1.2188324069941985,0.36891455426183606,3,1.0
1739,2020-01-01 00:39:19,gw_main,devA,0,868300000.0,12,125.0,-96.25088358310367,-5.229989915430587,"(-6.0, -4.0]",36.0,1.9742719999999998,0.2857142857142857,2.2244897959183674,5.616237714285713,3,1.0
1740,2020-01-01 00:39:20,gw_main,devB,0,868300000.0,9,125.0,-97.45659157172412,-20.710368533557617,"(-22.001, -20.0]",68.0,0.410624,0.7518573551263001,1.309717417078615,0.8475188217491042,3,1.0
1741,2020-01-01 00:39:21,gw_main,devB,1,867300000.0,8,125.0,-89.22851776580002,-3.569334831011421,"(-4.0, -2.0]",40.0,0.154112,0.7203389830508474,1.3578713013501866,0.5671355633438666,3,1.0
1742,2020-01-01 00:39:22,gw_main,devB,1,868300000.0,10,125.0,-95.27860227557991,-1.0618432636366038,"(-2.0, 0.0]",67.0,0.739328,0.7575757575757576,1.3011937557392104,1.2632027327823692,3,1.0
1743,2020-01-01 00:39:23,gw_main,devB,1,867900000.0,10,125.0,-91.22221288653246,5.806843542210083,"(4.0, 6.0]",56.0,0.657408,0.9736842105263158,1.0270083102493075,0.7021717894736842,3,1.0
1744,2020-01-01 00:39:24,gw_main,devB,1,867900000.0,9,125.0,-98.36046196260159,3.6696009191220686,"(2.0, 4.0]",20.0,0.18534399999999998,0.9358974358974359,1.0682117028270874,0.2661983326758711,3,1.0
1745,2020-01-01 00:39:26,gw_main,devC,1,867300000.0,7,125.0,-107.5696967842453,1.2817656192932916,"(0.0, 2.0]",72.0,0.133376,0.9215686274509803,1.0845828527489427,0.2292401753171857,3,1.0
1746,2020-01-01 00:39:28,gw_main,devA,1,867300000.0,10,125.0,-97.32936467562268,8.685600008783823,"(8.0, 10.0]",33.0,0.45260799999999995,0.9473684210526315,1.0554016620498614,0.5330848975069251,3,1.0
1747,2020-01-01 00:39:29,gw_main,devC,0,867100000.0,7,125.0,-104.55536433975158,-6.389261333075947,"(-8.0, -6.0]",50.0,0.097536,0.5533980582524272,1.6460552361202754,0.8066048796305025,3,1.0
1748,2020-01-01 00:39:30,gw_main,devA,0,867100000.0,8,125.0,-112.32958206935785,-2.7438023083750176,"(-4.0, -2.0]",76.0,0.246272,0.7203389830508474,1.3578713013501866,0.6922769824762998,3,1.0
1749,2020-01-01 00:39:31,gw_main,devB,1,867900000.0,8,125.0,-117.16684773932995,-8.331189388886074,"(-10.0, -8.0]",54.0,0.184832,0.2653061224489796,2.2744689712619737,1.6948636201582667,3,1.0
1750,2020-01-01 00:39:33,gw_main,devC,1,867100000.0,11,125.0,-78.82872120871245,7.781214739368259,"(6.0, 8.0]",75.0,1.724416,0.9473684210526315,1.0554016620498614,1.8753531745152352,3,1.0
1751,2020-01-01 00:39:34,gw_main,devC,1,867100000.0,8,125.0,-106.96806701413824,4.513704980884692,"(4.0, 6.0]",21.0,0.10291199999999999,0.975609756097561,1.0249851279000597,0.13046839738251062,3,1.0
1752,2020-01-01 00:39:35,gw_main,devC,1,867100000.0,9,125.0,-110.28197294329448,-7.191308517142392,"(-8.0, -6.0]",67.0,0.410624,0.41304347826086957,1.9314744801512285,1.7245842570888463,3,1.0
1753,2020-01-01 00:39:36,gw_main,devB,0,867900000.0,9,125.0,-100.4192172148909,1.0376688209735425,"(0.0, 2.0]",58.0,0.369664,0.8987341772151899,1.1115205896490947,0.5224097369011377,3,1.0
1754,2020-01-01 00:39:37,gw_main,devC,1,867300000.0,7,125.0,-99.28665768806285,-1.407836158539206,"(-2.0, 0.0]",70.0,0.12825599999999998,0.8554216867469879,1.165481201916098,0.3149611589490491,3,1.0
1755,2020-01-01 00:39:38,gw_main,devC,1,867100000.0,7,125.0,-104.69919643474294,0.48496229152667736,"(0.0, 2.0]",78.0,0.13849599999999998,0.9215686274509803,1.0845828527489427,0.23479323952326028,3,1.0
1756,2020-01-01 00:39:39,gw_main,devB,1,867300000.0,7,125.0,-123.8930967204567,-1.128708777672045,"(-2.0, 0.0]",36.0,0.077056,0.8554216867469879,1.165481201916098,0.25528852141094494,3,1.0
1757,2020-01-01 00:39:40,gw_main,devB,1,868300000.0,8,125.0,-111.99162645920725,3.119716948655726,"(2.0, 4.0]",54.0,0.184832,0.9166666666666666,1.0902777777777777,0.2917959999999999,3,1.0
1758,2020-01-01 00:39:41,gw_main,devC,1,867100000.0,9,125.0,-111.52929945539604,-2.3690392138513605,"(-4.0, -2.0]",50.0,0.328704,0.7241379310344828,1.351961950059453,0.7963572508917955,3,1.0
1759,2020-01-01 00:39:42,gw_main,devC,1,867900000.0,12,125.0,-100.23746357667842,5.127423036543732,"(4.0, 6.0]",52.0,2.465792,0.9230769230769231,1.0828402366863903,2.752899029585798,3,1.0
1760,2020-01-01 00:39:43,gw_main,devB,1,868300000.0,11,125.0,-111.51265468817874,1.448369149519179,"(0.0, 2.0]",72.0,1.642496,0.7368421052631579,1.332409972299169,2.5208880221606647,3,1.0
1761,2020-01-01 00:39:44,gw_main,devA,1,867300000.0,9,125.0,-107.95688783888974,-1.7584570333313927,"(-2.0, 0.0]",53.0,0.328704,0.826530612244898,1.203561016243232,0.5991763365264473,3,1.0
1762,2020-01-01 00:39:45,gw_main,devA,1,867100000.0,8,125.0,-115.8279891287902,-0.6711202015457963,"(-2.0, 0.0]",30.0,0.12339199999999999,0.926605504587156,1.07878124736975,0.2118942230451982,3,1.0
1763,2020-01-01 00:39:46,gw_main,devA,1,867100000.0,7,125.0,-110.84171328024473,-2.6435244655604997,"(-4.0, -2.0]",66.0,0.123136,0.8152866242038217,1.2188324069941985,0.36891455426183606,3,1.0
1764,2020-01-01 00:39:48,gw_main,devC,1,868300000.0,7,125.0,-98.38059515765511,-1.6287869098146,"(-2.0, 0.0]",32.0,0.071936,0.8554216867469879,1.165481201916098,0.24932125765713448,3,1.0
1765,2020-01-01 00:39:49,gw_main,devC,1,867900000.0,9,125.0,-102.00065389030249,1.7693423826970616,"(0.0, 2.0]",57.0,0.349184,0.8987341772151899,1.1115205896490947,0.4996457952251242,3,1.0
1766,2020-01-01 00:39:50,gw_main,devC,1,867100000.0,9,125.0,-113.4279893390808,-2.3544275308480316,"(-4.0, -2.0]",41.0,0.287744,0.7241379310344828,1.351961950059453,0.7409808894173604,3,1.0
1767,2020-01-01 00:39:52,gw_main,devC,1,868300000.0,10,125.0,-96.61436909344523,5.436626432254587,"(4.0, 6.0]",61.0,0.698368,0.9736842105263158,1.0270083102493075,0.7442380498614959,3,1.0
1768,2020-01-01 00:39:53,gw_main,devC,0,867100000.0,7,125.0,-105.93026587446198,-6.3487590768905235,"(-8.0, -6.0]",42.0,0.087296,0.5533980582524272,1.6460552361202754,0.789749274012631,3,1.0
1769,2020-01-01 00:39:54,gw_main,devC,1,867100000.0,7,125.0,-100.46835622986164,4.074965810480144,"(4.0, 6.0]",21.0,0.056575999999999994,0.976,1.024576,0.08254241177599991,3,1.0
1770,2020-01-01 00:39:56,gw_main,devB,0,867100000.0,9,125.0,-104.69296326304767,-9.936200646085938,"(-10.0, -8.0]",42.0,0.287744,0.36666666666666664,2.034444444444444,1.619843626666666,3,1.0
1771,2020-01-01 00:39:58,gw_main,devC,0,867300000.0,11,125.0,-97.67280935130903,-3.0846038415443333,"(-4.0, -2.0]",42.0,1.150976,0.7407407407407407,1.3264746227709192,1.8532150781893006,3,1.0
1772,2020-01-01 00:39:59,gw_main,devC,0,867300000.0,7,125.0,-89.96863568164378,-4.924308253445381,"(-6.0, -4.0]",42.0,0.087296,0.6124031007751938,1.537828255513491,0.6720745109067967,3,1.0
1773,2020-01-01 00:40:00,gw_main,devB,0,868300000.0,10,125.0,-105.12235880793052,-7.0924244153196145,"(-8.0, -6.0]",26.0,0.41164799999999996,0.25,2.3125,2.264436,3,1.0
1774,2020-01-01 00:40:01,gw_main,devB,1,867300000.0,8,125.0,-107.34842124342936,4.4405740793923645,"(4.0, 6.0]",31.0,0.133632,0.975609756097561,1.0249851279000597,0.16195594051160048,3,1.0
1775,2020-01-01 00:40:02,gw_main,devA,1,867900000.0,7,125.0,-103.83141438224078,-1.4370324095744627,"(-2.0, 0.0]",20.0,0.056575999999999994,0.8554216867469879,1.165481201916098,0.2314194663957032,3,1.0
1776,2020-01-01 00:40:04,gw_main,devA,1,867100000.0,7,125.0,-122.26118582417553,-2.583050724100637,"(-4.0, -2.0]",37.0,0.082176,0.8152866242038217,1.2188324069941985,0.31899117887135375,3,1.0
1777,2020-01-01 00:40:05,gw_main,devC,1,867900000.0,9,125.0,-109.01862485847067,1.831971459025962,"(0.0, 2.0]",70.0,0.410624,0.8987341772151899,1.1115205896490947,0.5679376202531645,3,1.0
1778,2020-01-01 00:40:06,gw_main,devB,1,868300000.0,9,125.0,-105.8728519213146,-4.5069053980581,"(-6.0, -4.0]",65.0,0.390144,0.4411764705882353,1.871107266435986,1.6011085397923872,3,1.0
1779,2020-01-01 00:40:07,gw_main,devA,1,867300000.0,10,125.0,-96.22605501633755,-0.159100648189147,"(-2.0, 0.0]",26.0,0.41164799999999996,0.7575757575757576,1.3011937557392104,0.8368275629017448,3,1.0
1780,2020-01-01 00:40:08,gw_main,devB,1,867900000.0,7,125.0,-114.61371669860542,3.4910747622928353,"(2.0, 4.0]",52.0,0.102656,0.952054794520548,1.0502439482079189,0.158057790955151,3,1.0
1781,2020-01-01 00:40:09,gw_main,devA,1,867300000.0,9,125.0,-108.60201917942398,0.2704368893703304,"(0.0, 2.0]",66.0,0.390144,0.8987341772151899,1.1115205896490947,0.5451736785771512,3,1.0
1782,2020-01-01 00:40:11,gw_main,devC,1,867100000.0,7,125.0,-101.55974268276705,-6.5199989866999735,"(-8.0, -6.0]",79.0,0.143616,0.5533980582524272,1.6460552361202754,0.8824551049109248,3,1.0
1783,2020-01-01 00:40:14,gw_main,devA,1,867100000.0,12,125.0,-99.83160691886042,-1.5501566990946425,"(-2.0, 0.0]",24.0,1.4827519999999998,0.7,1.3900000000000001,2.45102528,3,1.0
1784,2020-01-01 00:40:15,gw_main,devA,1,867100000.0,7,125.0,-116.51885379893858,-4.615921985527169,"(-6.0, -4.0]",64.0,0.118016,0.6124031007751938,1.537828255513491,0.7193165949161712,3,1.0
1785,2020-01-01 00:40:17,gw_main,devB,1,868300000.0,10,125.0,-121.21888048206526,14.890382653018392,"(14.0, 16.0]",63.0,0.698368,0.7102803738317757,1.37365708795528,1.332975241156433,3,1.0
1786,2020-01-01 00:40:18,gw_main,devA,1,867300000.0,10,125.0,-93.55925975780406,-1.8147718755329967,"(-2.0, 0.0]",59.0,0.657408,0.7575757575757576,1.3011937557392104,1.1566089403122133,3,1.0
1787,2020-01-01 00:40:19,gw_main,devB,1,867900000.0,7,125.0,-97.8667170310869,2.020436668566655,"(2.0, 4.0]",70.0,0.12825599999999998,0.952054794520548,1.0502439482079189,0.1849440360292737,3,1.0
1788,2020-01-01 00:40:20,gw_main,devA,1,867900000.0,7,125.0,-104.78800698709365,2.264357896987473,"(2.0, 4.0]",29.0,0.066816,0.952054794520548,1.0502439482079189,0.1204170478513792,3,1.0
1789,2020-01-01 00:40:21,gw_main,devB,0,868300000.0,8,125.0,-115.19657132505303,-15.398789181856582,"(-16.0, -14.0]",74.0,0.236032,0.125,2.640625,2.263897,3,1.0
1790,2020-01-01 00:40:22,gw_main,devB,1,867300000.0,7,125.0,-100.86105106680314,0.7431740722892601,"(0.0, 2.0]",72.0,0.133376,0.9215686274509803,1.0845828527489427,0.2292401753171857,3,1.0
1791,2020-01-01 00:40:23,gw_main,devA,1,867300000.0,8,125.0,-109.9414530013283,-4.239112213945608,"(-6.0, -4.0]",65.0,0.215552,0.6025641025641025,1.5553911900065749,0.8906588717948721,3,1.0
1792,2020-01-01 00:40:24,gw_main,devB,1,867900000.0,9,125.0,-93.50903496342175,8.308127903101298,"(8.0, 10.0]",45.0,0.308224,0.9655172413793104,1.0356718192627823,0.3548907300832341,3,1.0
1793,2020-01-01 00:40:27,gw_main,devC,1,868300000.0,7,125.0,-129.2916518689685,-1.3109960164669416,"(-2.0, 0.0]",42.0,0.087296,0.8554216867469879,1.165481201916098,0.26722304891856574,3,1.0
1794,2020-01-01 00:40:28,gw_main,devC,1,867100000.0,7,125.0,-105.02796216242302,0.9993663485437501,"(0.0, 2.0]",27.0,0.066816,0.9215686274509803,1.0845828527489427,0.1570503406382161,3,1.0
1795,2020-01-01 00:40:29,gw_main,devB,0,867900000.0,9,125.0,-108.50460740971181,-3.3594334233705223,"(-4.0, -2.0]",27.0,0.22630399999999998,0.7241379310344828,1.351961950059453,0.6579163472057075,3,1.0
1796,2020-01-01 00:40:31,gw_main,devA,0,867900000.0,12,125.0,-116.01906199420358,-8.124958989256152,"(-10.0, -8.0]",26.0,1.6465919999999998,0.25,2.3125,5.120244,3,1.0
1797,2020-01-01 00:40:33,gw_main,devC,1,867900000.0,8,125.0,-125.19705695965594,4.654037256518565,"(4.0, 6.0]",43.0,0.164352,0.975609756097561,1.0249851279000597,0.1934434836406903,3,1.0
1798,2020-01-01 00:40:36,gw_main,devC,1,867900000.0,9,125.0,-108.01941723760302,1.6316031593515703,"(0.0, 2.0]",37.0,0.267264,0.8987341772151899,1.1115205896490947,0.4085900285210704,3,1.0
1799,2020-01-01 00:40:41,gw_main,devA,0,867900000.0,9,125.0,-123.53625904944866,-0.7071814881089992,"(-2.0, 0.0]",64.0,0.390144,0.826530612244898,1.203561016243232,0.6731231253644314,3,1.0
1800,2020-01-01 00:40:42,gw_main,devB,1,867300000.0,8,125.0,-110.32784655323948,1.5506856758054506,"(0.0, 2.0]",57.0,0.195072,0.9338842975206612,1.0704869885936752,0.27930902643262057,3,1.0
1801,2020-01-01 00:40:44,gw_main,devB,1,867100000.0,8,125.0,-130.8771050113134,1.8128352210309473,"(0.0, 2.0]",52.0,0.184832,0.9338842975206612,1.0704869885936752,0.26834723966942137,3,1.0
1802,2020-01-01 00:40:45,gw_main,devA,1,867300000.0,8,125.0,-100.41589502146145,1.201926534240811,"(0.0, 2.0]",74.0,0.236032,0.9338842975206612,1.0704869885936752,0.32315617348541753,3,1.0
1803,2020-01-01 00:40:51,gw_main,devA,1,867100000.0,9,125.0,-103.06848021118934,0.027218328919420685,"(0.0, 2.0]",47.0,0.308224,0.8987341772151899,1.1115205896490947,0.4541179118730973,3,1.0
1804,2020-01-01 00:40:52,gw_main,devC,0,868300000.0,8,125.0,-107.7867916526175,-10.053447021378952,"(-12.0, -10.0]",65.0,0.215552,0.18181818181818182,2.487603305785124,2.0238111735537188,3,1.0
1805,2020-01-01 00:40:53,gw_main,devA,1,867100000.0,9,125.0,-112.06837850684146,4.129009002767637,"(4.0, 6.0]",76.0,0.451584,0.9516129032258065,1.0507284079084287,0.5252205452653486,3,1.0
1806,2020-01-01 00:40:54,gw_main,devC,1,867100000.0,8,125.0,-96.5396002330208,5.201148508291329,"(4.0, 6.0]",49.0,0.174592,0.975609756097561,1.0249851279000597,0.20393933135038692,3,1.0
1807,2020-01-01 00:40:57,gw_main,devA,1,867300000.0,10,125.0,-103.57441560144149,11.229993262714714,"(10.0, 12.0]",51.0,0.616448,0.9,1.11,0.7942572800000002,3,1.0
1808,2020-01-01 00:40:58,gw_main,devC,0,867300000.0,11,125.0,-109.6386353558898,-7.2359639778374945,"(-8.0, -6.0]",46.0,1.232896,0.21739130434782608,2.3950850661625713,4.347975863894141,3,1.0
1809,2020-01-01 00:40:59,gw_main,devC,1,867100000.0,9,125.0,-101.99573579400608,6.220230862806362,"(6.0, 8.0]",24.0,0.20582399999999998,0.9761904761904762,1.02437641723356,0.23521766893424034,3,1.0
1810,2020-01-01 00:41:01,gw_main,devC,1,867300000.0,9,125.0,-109.51612326758391,2.5099186592803417,"(2.0, 4.0]",53.0,0.328704,0.9358974358974359,1.0682117028270874,0.4193371623931624,3,1.0
1811,2020-01-01 00:41:02,gw_main,devB,1,867900000.0,8,125.0,-87.85397590680806,5.606685105878912,"(4.0, 6.0]",56.0,0.195072,0.975609756097561,1.0249851279000597,0.22493102676978013,3,1.0
1812,2020-01-01 00:41:03,gw_main,devB,1,868300000.0,11,125.0,-101.58206461256162,-4.315006775750481,"(-6.0, -4.0]",62.0,1.478656,0.3939393939393939,1.9733700642791552,3.8913055500459137,3,1.0
1813,2020-01-01 00:41:04,gw_main,devC,1,867300000.0,7,125.0,-107.28758589237877,-3.554234599350132,"(-4.0, -2.0]",24.0,0.061695999999999994,0.8152866242038217,1.2188324069941985,0.29402949117611255,3,1.0
1814,2020-01-01 00:41:05,gw_main,devC,1,867300000.0,9,125.0,-107.23597995057442,-4.960032672572009,"(-6.0, -4.0]",56.0,0.349184,0.4411764705882353,1.871107266435986,1.5244679861591695,3,1.0
1815,2020-01-01 00:41:07,gw_main,devA,1,868300000.0,10,125.0,-97.51492691252965,-0.5910704050749445,"(-2.0, 0.0]",55.0,0.657408,0.7575757575757576,1.3011937557392104,1.1566089403122133,3,1.0
1816,2020-01-01 00:41:08,gw_main,devA,0,868300000.0,9,125.0,-108.7870064541342,-8.710945009350375,"(-10.0, -8.0]",25.0,0.20582399999999998,0.36666666666666664,2.034444444444444,1.4531819377777773,3,1.0
1817,2020-01-01 00:41:10,gw_main,devC,1,868300000.0,9,125.0,-105.99618424873319,3.465169734365217,"(2.0, 4.0]",68.0,0.410624,0.9358974358974359,1.0682117028270874,0.5068450650887574,3,1.0
1818,2020-01-01 00:41:13,gw_main,devB,0,867900000.0,7,125.0,-112.45475822276292,-11.335562899284906,"(-12.0, -10.0]",76.0,0.13849599999999998,0.2,2.4400000000000004,1.7779302400000003,3,1.0
1819,2020-01-01 00:41:14,gw_main,devC,0,867300000.0,8,125.0,-119.88245094325961,-4.703119596960777,"(-6.0, -4.0]",30.0,0.12339199999999999,0.6025641025641025,1.5553911900065749,0.7473140197238661,3,1.0
1820,2020-01-01 00:41:16,gw_main,devC,1,867300000.0,8,125.0,-97.85973415889269,0.19520888854257457,"(0.0, 2.0]",25.0,0.11315199999999999,0.9338842975206612,1.0704869885936752,0.19161473232702672,3,1.0
1821,2020-01-01 00:41:17,gw_main,devB,1,868300000.0,7,125.0,-108.50105139342399,-3.517705029924823,"(-4.0, -2.0]",43.0,0.087296,0.8152866242038217,1.2188324069941985,0.325231600795164,3,1.0
1822,2020-01-01 00:41:18,gw_main,devB,1,867100000.0,7,125.0,-97.84989657112524,5.599287759038559,"(4.0, 6.0]",64.0,0.118016,0.976,1.024576,0.1454923612159999,3,1.0
1823,2020-01-01 00:41:19,gw_main,devC,1,867100000.0,9,125.0,-94.84045352302334,-0.3496566974007089,"(-2.0, 0.0]",51.0,0.328704,0.826530612244898,1.203561016243232,0.5991763365264473,3,1.0
1824,2020-01-01 00:41:20,gw_main,devB,1,867100000.0,8,125.0,-108.91445875727062,0.10208496358548846,"(0.0, 2.0]",23.0,0.11315199999999999,0.9338842975206612,1.0704869885936752,0.19161473232702672,3,1.0
1825,2020-01-01 00:41:21,gw_main,devB,1,867300000.0,9,125.0,-105.71500654799411,0.08122903795501446,"(0.0, 2.0]",34.0,0.24678399999999998,0.8987341772151899,1.1115205896490947,0.38582608684505687,3,1.0
1826,2020-01-01 00:41:23,gw_main,devC,1,867900000.0,7,125.0,-99.86300066072853,-2.829724273283838,"(-4.0, -2.0]",49.0,0.097536,0.8152866242038217,1.2188324069941985,0.3377124446427846,3,1.0
1827,2020-01-01 00:41:24,gw_main,devB,1,868300000.0,10,125.0,-101.32456469542709,6.734362693639714,"(6.0, 8.0]",41.0,0.534528,0.9666666666666667,1.0344444444444445,0.5873839644444445,3,1.0
1828,2020-01-01 00:41:26,gw_main,devC,1,868300000.0,7,125.0,-93.36204962174419,0.9242216192899834,"(0.0, 2.0]",61.0,0.112896,0.9215686274509803,1.0845828527489427,0.20702791849288738,3,1.0
1829,2020-01-01 00:41:30,gw_main,devB,1,868300000.0,11,125.0,-105.03131805854837,5.673165302309953,"(4.0, 6.0]",44.0,1.150976,0.8571428571428571,1.1632653061224492,1.5021557551020412,3,1.0
1830,2020-01-01 00:41:31,gw_main,devB,1,867900000.0,7,125.0,-93.61198526150186,2.2551609468652556,"(2.0, 4.0]",78.0,0.13849599999999998,0.952054794520548,1.0502439482079189,0.1956985340589228,3,1.0
1831,2020-01-01 00:41:34,gw_main,devA,1,868300000.0,7,125.0,-106.50605770466193,7.514941195879637,"(6.0, 8.0]",37.0,0.082176,0.9651162790697675,1.0361005949161708,0.12124319740400204,3,1.0
1832,2020-01-01 00:41:35,gw_main,devB,1,867300000.0,7,125.0,-114.0147571030159,-0.15963904325859193,"(-2.0, 0.0]",61.0,0.112896,0.8554216867469879,1.165481201916098,0.29705936768761787,3,1.0
1833,2020-01-01 00:41:37,gw_main,devA,1,867300000.0,7,125.0,-96.38828240822247,8.027295401714078,"(8.0, 10.0]",49.0,0.097536,0.9811320754716981,1.0192239231043076,0.1186349476682094,3,1.0
1834,2020-01-01 00:41:39,gw_main,devA,0,867900000.0,7,125.0,-104.82659006863753,-7.02647067039287,"(-8.0, -6.0]",21.0,0.056575999999999994,0.5533980582524272,1.6460552361202754,0.7391824571590161,3,1.0
1835,2020-01-01 00:41:40,gw_main,devC,1,867900000.0,9,125.0,-94.19451464101573,-1.1893422433966951,"(-2.0, 0.0]",36.0,0.267264,0.826530612244898,1.203561016243232,0.5252295476884632,3,1.0
1836,2020-01-01 00:41:41,gw_main,devC,1,867300000.0,7,125.0,-109.34882308994915,-5.303001459061712,"(-6.0, -4.0]",23.0,0.061695999999999994,0.6124031007751938,1.537828255513491,0.6327061075656514,3,1.0
1837,2020-01-01 00:41:42,gw_main,devA,1,868300000.0,8,125.0,-109.9202399182903,12.601256299796315,"(12.0, 14.0]",59.0,0.205312,0.9375,1.06640625,0.28535225,3,1.0
1838,2020-01-01 00:41:43,gw_main,devA,0,868300000.0,12,125.0,-92.77713939423272,2.9861096855000397,"(2.0, 4.0]",51.0,2.465792,0.782608695652174,1.2646502835538753,3.383014835538753,3,1.0
1839,2020-01-01 00:41:44,gw_main,devC,0,868300000.0,10,125.0,-99.95167603320805,-9.412267047864505,"(-10.0, -8.0]",59.0,0.657408,0.18181818181818182,2.487603305785124,3.1229736198347107,3,1.0
1840,2020-01-01 00:41:45,gw_main,devB,1,867300000.0,11,125.0,-119.83230845631748,3.2769872782131833,"(2.0, 4.0]",23.0,0.8232959999999999,0.9523809523809523,1.0498866213151927,0.9142540770975055,3,1.0
1841,2020-01-01 00:41:46,gw_main,devC,1,867100000.0,8,125.0,-105.71111076760292,-2.392439728927514,"(-4.0, -2.0]",43.0,0.164352,0.7203389830508474,1.3578713013501866,0.5810401654696925,3,1.0
1842,2020-01-01 00:41:49,gw_main,devC,0,868300000.0,9,125.0,-107.67804169721336,-13.482177019927967,"(-14.0, -12.0]",29.0,0.22630399999999998,0.06666666666666667,2.8044444444444445,2.43910144,3,1.0
1843,2020-01-01 00:41:50,gw_main,devA,1,867900000.0,7,125.0,-120.27574523016834,0.39521507836752817,"(0.0, 2.0]",73.0,0.133376,0.9215686274509803,1.0845828527489427,0.2292401753171857,3,1.0
1844,2020-01-01 00:41:51,gw_main,devB,1,868300000.0,9,125.0,-112.04570060463202,-2.088164097298315,"(-4.0, -2.0]",51.0,0.328704,0.7241379310344828,1.351961950059453,0.7963572508917955,3,1.0
1845,2020-01-01 00:41:52,gw_main,devB,1,867900000.0,7,125.0,-89.22477261791974,-2.499514409392064,"(-4.0, -2.0]",59.0,0.112896,0.8152866242038217,1.2188324069941985,0.3564337104142155,3,1.0
1846,2020-01-01 00:41:54,gw_main,devB,1,867900000.0,8,125.0,-109.85138250259004,2.5608561071846747,"(2.0, 4.0]",45.0,0.164352,0.9166666666666666,1.0902777777777777,0.269467111111111,3,1.0
1847,2020-01-01 00:41:55,gw_main,devB,1,868300000.0,7,125.0,-96.93492158768606,10.040070887055641,"(10.0, 12.0]",28.0,0.066816,0.9696969696969697,1.0312213039485765,0.10012338659320456,3,1.0
1848,2020-01-01 00:41:56,gw_main,devB,0,867300000.0,7,125.0,-117.81171413317979,-11.454294485432506,"(-12.0, -10.0]",51.0,0.102656,0.2,2.4400000000000004,1.6904806400000005,3,1.0
1849,2020-01-01 00:41:57,gw_main,devA,1,867300000.0,8,125.0,-107.61596486131172,7.027342124537272,"(6.0, 8.0]",57.0,0.195072,0.9850746268656716,1.0151481398975275,0.21317511784361798,3,1.0
1850,2020-01-01 00:41:58,gw_main,devB,1,868300000.0,11,125.0,-93.95679133960027,-3.4123011405242876,"(-4.0, -2.0]",58.0,1.396736,0.7407407407407407,1.3264746227709192,2.1792094814814815,3,1.0
1851,2020-01-01 00:41:59,gw_main,devA,1,867900000.0,8,125.0,-105.48119480013186,14.094031632133474,"(14.0, 16.0]",36.0,0.143872,0.9090909090909091,1.0991735537190082,0.2573138512396693,3,1.0
1852,2020-01-01 00:42:03,gw_main,devA,1,867300000.0,8,125.0,-99.22298106286648,3.1561707044983374,"(2.0, 4.0]",68.0,0.225792,0.9166666666666666,1.0902777777777777,0.33645377777777763,3,1.0
1853,2020-01-01 00:42:04,gw_main,devA,1,867100000.0,8,125.0,-107.03511571135286,-3.554735855894974,"(-4.0, -2.0]",67.0,0.225792,0.7203389830508474,1.3578713013501866,0.664467778224648,3,1.0
1854,2020-01-01 00:42:05,gw_main,devA,1,868300000.0,8,125.0,-104.569487776889,4.26130165973385,"(4.0, 6.0]",45.0,0.164352,0.975609756097561,1.0249851279000597,0.1934434836406903,3,1.0
1855,2020-01-01 00:42:06,gw_main,devC,1,867100000.0,7,125.0,-103.27081096213416,-3.0641752220706637,"(-4.0, -2.0]",25.0,0.061695999999999994,0.8152866242038217,1.2188324069941985,0.29402949117611255,3,1.0
1856,2020-01-01 00:42:08,gw_main,devA,1,867100000.0,7,125.0,-97.32314812500842,12.18955315948444,"(12.0, 14.0]",53.0,0.102656,0.9565217391304348,1.0453686200378072,0.1526819810964083,3,1.0
1857,2020-01-01 00:42:09,gw_main,devA,1,867900000.0,7,125.0,-89.17625052837134,-2.0974986044507866,"(-4.0, -2.0]",76.0,0.13849599999999998,0.8152866242038217,1.2188324069941985,0.38763582003326696,3,1.0
1858,2020-01-01 00:42:12,gw_main,devA,0,867100000.0,8,125.0,-108.76418213724662,-9.357791147122256,"(-10.0, -8.0]",56.0,0.195072,0.2653061224489796,2.2744689712619737,1.7181541824239894,3,1.0
1859,2020-01-01 00:42:15,gw_main,devA,1,868300000.0,8,125.0,-92.11398752489215,-3.118330839317201,"(-4.0, -2.0]",28.0,0.12339199999999999,0.7203389830508474,1.3578713013501866,0.5254217569663888,3,1.0
1860,2020-01-01 00:42:17,gw_main,devB,1,867300000.0,8,125.0,-91.77321567842218,6.735346278756175,"(6.0, 8.0]",48.0,0.174592,0.9850746268656716,1.0151481398975275,0.19238488393851663,3,1.0
1861,2020-01-01 00:42:18,gw_main,devC,1,867300000.0,7,125.0,-111.64415909843636,-2.8441618388102174,"(-4.0, -2.0]",23.0,0.061695999999999994,0.8152866242038217,1.2188324069941985,0.29402949117611255,3,1.0
1862,2020-01-01 00:42:19,gw_main,devC,1,867900000.0,9,125.0,-111.15795212166033,2.956790836499192,"(2.0, 4.0]",59.0,0.369664,0.9358974358974359,1.0682117028270874,0.4630911137409599,3,1.0
1863,2020-01-01 00:42:20,gw_main,devC,1,867900000.0,9,125.0,-106.67719282401592,3.6092700054210995,"(2.0, 4.0]",27.0,0.22630399999999998,0.9358974358974359,1.0682117028270874,0.3099522840236686,3,1.0
1864,2020-01-01 00:42:22,gw_main,devB,1,867300000.0,10,125.0,-107.38711359746988,1.3707343374768073,"(0.0, 2.0]",56.0,0.657408,0.8888888888888888,1.1234567901234567,0.862026271604938,3,1.0
1865,2020-01-01 00:42:23,gw_main,devB,0,867900000.0,10,125.0,-96.4447243591195,-5.656004275937774,"(-6.0, -4.0]",67.0,0.739328,0.5,1.75,2.043824,3,1.0
1866,2020-01-01 00:42:24,gw_main,devC,1,867100000.0,10,125.0,-102.6082433085539,6.383392467286702,"(6.0, 8.0]",20.0,0.37068799999999996,0.9666666666666667,1.0344444444444445,0.4179005866666667,3,1.0
1867,2020-01-01 00:42:26,gw_main,devC,1,867300000.0,12,125.0,-117.71933601159634,0.09902468616747925,"(0.0, 2.0]",61.0,2.793472,0.8,1.24,3.70390528,3,1.0
1868,2020-01-01 00:42:27,gw_main,devA,1,867900000.0,8,125.0,-104.30314994529805,-8.038197922506694,"(-10.0, -8.0]",65.0,0.215552,0.2653061224489796,2.2744689712619737,1.7647353069554346,3,1.0
1869,2020-01-01 00:42:29,gw_main,devA,1,868300000.0,9,125.0,-91.57205474246754,-4.602165081460116,"(-6.0, -4.0]",56.0,0.349184,0.4411764705882353,1.871107266435986,1.5244679861591695,3,1.0
1870,2020-01-01 00:42:30,gw_main,devA,1,868300000.0,7,125.0,-123.96917639022516,4.235775842713564,"(4.0, 6.0]",36.0,0.077056,0.976,1.024576,0.10352572825599993,3,1.0
1871,2020-01-01 00:42:31,gw_main,devA,1,868300000.0,7,125.0,-107.40188965664557,-0.7159590141930072,"(-2.0, 0.0]",75.0,0.133376,0.8554216867469879,1.165481201916098,0.32092842270285954,3,1.0
1872,2020-01-01 00:42:35,gw_main,devA,1,867100000.0,7,125.0,-102.35215616193072,-3.5597824736806434,"(-4.0, -2.0]",76.0,0.13849599999999998,0.8152866242038217,1.2188324069941985,0.38763582003326696,3,1.0
1873,2020-01-01 00:42:36,gw_main,devC,1,867100000.0,8,125.0,-96.25992929368067,6.972166996070863,"(6.0, 8.0]",52.0,0.184832,0.9850746268656716,1.0151481398975275,0.2027800008910673,3,1.0
1874,2020-01-01 00:42:37,gw_main,devC,1,868300000.0,9,125.0,-97.50715359975052,-1.7903680511060398,"(-2.0, 0.0]",47.0,0.308224,0.826530612244898,1.203561016243232,0.5745274069137859,3,1.0
1875,2020-01-01 00:42:40,gw_main,devB,1,867900000.0,8,125.0,-77.56126740712284,-4.515802511357724,"(-6.0, -4.0]",66.0,0.215552,0.6025641025641025,1.5553911900065749,0.8906588717948721,3,1.0
1876,2020-01-01 00:42:41,gw_main,devC,0,867900000.0,8,125.0,-109.5774536214303,-2.6498394102749776,"(-4.0, -2.0]",43.0,0.164352,0.7203389830508474,1.3578713013501866,0.5810401654696925,3,1.0
1877,2020-01-01 00:42:43,gw_main,devC,1,867300000.0,8,125.0,-109.6041896150751,9.181698057947132,"(8.0, 10.0]",28.0,0.12339199999999999,0.9722222222222222,1.0285493827160495,0.1554641481481482,3,1.0
1878,2020-01-01 00:42:45,gw_main,devC,1,868300000.0,10,125.0,-112.35463956882192,-1.5532212035429334,"(-2.0, 0.0]",23.0,0.37068799999999996,0.7575757575757576,1.3011937557392104,0.7835306666666667,3,1.0
1879,2020-01-01 00:42:47,gw_main,devC,1,867300000.0,12,125.0,-118.4127551711617,-0.2597204994547163,"(-2.0, 0.0]",24.0,1.4827519999999998,0.7,1.3900000000000001,2.45102528,3,1.0
1880,2020-01-01 00:42:48,gw_main,devC,1,868300000.0,12,125.0,-103.44214148030373,2.2834840668690166,"(2.0, 4.0]",21.0,1.4827519999999998,0.782608695652174,1.2646502835538753,2.1398130207939507,3,1.0
1881,2020-01-01 00:42:52,gw_main,devB,1,867300000.0,7,125.0,-96.91875057628579,1.460077885423075,"(0.0, 2.0]",21.0,0.056575999999999994,0.9215686274509803,1.0845828527489427,0.1459442122260669,3,1.0
1882,2020-01-01 00:42:53,gw_main,devC,1,867900000.0,8,125.0,-114.9608675537526,-7.185535473064945,"(-8.0, -6.0]",67.0,0.225792,0.5087719298245614,1.7325330871037241,1.1237251979070482,3,1.0
1883,2020-01-01 00:42:54,gw_main,devA,1,868300000.0,7,125.0,-125.98243684690442,7.832825847085088,"(6.0, 8.0]",43.0,0.087296,0.9651162790697675,1.0361005949161708,0.12654803244997284,3,1.0
1884,2020-01-01 00:42:55,gw_main,devA,1,867900000.0,8,125.0,-119.92756625232572,-2.4723809610722487,"(-4.0, -2.0]",74.0,0.236032,0.7203389830508474,1.3578713013501866,0.6783723803504739,3,1.0
1885,2020-01-01 00:42:57,gw_main,devA,0,867900000.0,7,125.0,-95.30574990017178,-17.950037301032438,"(-18.0, -16.0]",52.0,0.102656,0.8018720748829953,1.2373825998281742,0.3644073479961353,3,1.0
1886,2020-01-01 00:42:58,gw_main,devB,1,867100000.0,10,125.0,-104.30149711357382,6.005915397920045,"(6.0, 8.0]",54.0,0.616448,0.9666666666666667,1.0344444444444445,0.6721256533333334,3,1.0
1887,2020-01-01 00:42:59,gw_main,devC,1,867100000.0,7,125.0,-104.5353615834023,4.91069487961878,"(4.0, 6.0]",79.0,0.143616,0.976,1.024576,0.1717215068159999,3,1.0
1888,2020-01-01 00:43:02,gw_main,devB,1,867100000.0,7,125.0,-93.11620112799326,10.146001218703885,"(10.0, 12.0]",75.0,0.133376,0.9696969696969697,1.0312213039485765,0.1687614765840218,3,1.0
1889,2020-01-01 00:43:03,gw_main,devA,1,867100000.0,8,125.0,-91.81895011737734,-0.2760110942651466,"(-2.0, 0.0]",72.0,0.236032,0.926605504587156,1.07878124736975,0.33340814274892683,3,1.0
1890,2020-01-01 00:43:04,gw_main,devC,1,867100000.0,7,125.0,-107.94250090824207,5.625698989016388,"(4.0, 6.0]",27.0,0.066816,0.976,1.024576,0.09303407001599993,3,1.0
1891,2020-01-01 00:43:05,gw_main,devC,0,867900000.0,7,125.0,-93.72505216965692,-4.463038871777475,"(-6.0, -4.0]",72.0,0.133376,0.6124031007751938,1.537828255513491,0.7429376369208583,3,1.0
1892,2020-01-01 00:43:06,gw_main,devB,1,867900000.0,10,125.0,-98.81710527920356,-2.12280710198538,"(-4.0, -2.0]",60.0,0.698368,0.6428571428571429,1.4846938775510203,1.5215565714285713,3,1.0
1893,2020-01-01 00:43:08,gw_main,devC,1,867300000.0,11,125.0,-105.28762760752404,2.346742973193787,"(2.0, 4.0]",33.0,0.9871359999999999,0.9523809523809523,1.0498866213151927,1.0862675011337868,3,1.0
1894,2020-01-01 00:43:09,gw_main,devB,0,867100000.0,9,125.0,-95.45960278729976,-8.000491155468518,"(-10.0, -8.0]",30.0,0.22630399999999998,0.36666666666666664,2.034444444444444,1.4948473599999994,3,1.0
1895,2020-01-01 00:43:10,gw_main,devB,0,868300000.0,8,125.0,-116.1796693851716,2.167976277286217,"(2.0, 4.0]",67.0,0.225792,0.9166666666666666,1.0902777777777777,0.33645377777777763,3,1.0
1896,2020-01-01 00:43:11,gw_main,devA,1,867300000.0,7,125.0,-119.3686939783907,-1.0974686451618785,"(-2.0, 0.0]",32.0,0.071936,0.8554216867469879,1.165481201916098,0.24932125765713448,3,1.0
1897,2020-01-01 00:43:12,gw_main,devB,0,867100000.0,10,125.0,-94.6929623338292,-4.911997746884337,"(-6.0, -4.0]",26.0,0.41164799999999996,0.5,1.75,1.470384,3,1.0
1898,2020-01-01 00:43:13,gw_main,devC,1,867100000.0,7,125.0,-87.6152076566587,2.605722301884572,"(2.0, 4.0]",55.0,0.107776,0.952054794520548,1.0502439482079189,0.16343503996997555,3,1.0
1899,2020-01-01 00:43:16,gw_main,devC,0,867900000.0,8,125.0,-119.78098475200396,-6.6669316720291985,"(-8.0, -6.0]",25.0,0.11315199999999999,0.5087719298245614,1.7325330871037241,0.9285726709756847,3,1.0
1900,2020-01-01 00:43:17,gw_main,devA,1,868300000.0,7,125.0,-117.038429701082,10.615020459262114,"(10.0, 12.0]",41.0,0.087296,0.9696969696969697,1.0312213039485765,0.12124279889807141,3,1.0
1901,2020-01-01 00:43:18,gw_main,devA,0,868300000.0,8,125.0,-110.08580869610165,-9.089573496765645,"(-10.0, -8.0]",27.0,0.12339199999999999,0.2653061224489796,2.2744689712619737,1.555120246563931,3,1.0
1902,2020-01-01 00:43:19,gw_main,devC,1,867900000.0,7,125.0,-108.3871777956306,1.336813122482928,"(0.0, 2.0]",61.0,0.112896,0.9215686274509803,1.0845828527489427,0.20702791849288738,3,1.0
1903,2020-01-01 00:43:21,gw_main,devC,1,867900000.0,9,125.0,-109.48667381949795,3.8351342778018895,"(2.0, 4.0]",49.0,0.328704,0.9358974358974359,1.0682117028270874,0.4193371623931624,3,1.0
1904,2020-01-01 00:43:22,gw_main,devA,0,867300000.0,7,125.0,-105.84648471830626,-7.352829951831708,"(-8.0, -6.0]",44.0,0.092416,0.5533980582524272,1.6460552361202754,0.7981770768215668,3,1.0
1905,2020-01-01 00:43:26,gw_main,devA,1,867300000.0,7,125.0,-97.32669801389873,-3.869764987283708,"(-4.0, -2.0]",55.0,0.107776,0.8152866242038217,1.2188324069941985,0.3501932884904052,3,1.0
1906,2020-01-01 00:43:27,gw_main,devA,1,867100000.0,7,125.0,-92.6727580007169,-6.980847027753237,"(-8.0, -6.0]",29.0,0.066816,0.5533980582524272,1.6460552361202754,0.7560380627768877,3,1.0
1907,2020-01-01 00:43:28,gw_main,devB,1,867300000.0,7,125.0,-106.94281177763739,6.015444294963066,"(6.0, 8.0]",54.0,0.102656,0.9651162790697675,1.0361005949161708,0.1424625375878852,3,1.0
1908,2020-01-01 00:43:30,gw_main,devA,1,867300000.0,10,125.0,-122.13026043569724,2.2204353362940923,"(2.0, 4.0]",44.0,0.534528,0.9767441860465116,1.0237966468361277,0.5710446208761494,3,1.0
1909,2020-01-01 00:43:35,gw_main,devA,0,867900000.0,10,125.0,-108.16731652682935,-7.494677795465435,"(-8.0, -6.0]",60.0,0.698368,0.25,2.3125,2.927476,3,1.0
1910,2020-01-01 00:43:37,gw_main,devB,1,867900000.0,10,125.0,-125.13480381058135,-0.9543830919966864,"(-2.0, 0.0]",47.0,0.575488,0.7575757575757576,1.3011937557392104,1.050015147842057,3,1.0
1911,2020-01-01 00:43:39,gw_main,devC,1,867900000.0,7,125.0,-107.70092260900296,1.2938894964500922,"(0.0, 2.0]",42.0,0.087296,0.9215686274509803,1.0845828527489427,0.17926259746251444,3,1.0
1912,2020-01-01 00:43:41,gw_main,devB,1,868300000.0,10,125.0,-93.5192854726595,-2.4621520026660004,"(-4.0, -2.0]",32.0,0.45260799999999995,0.6428571428571429,1.4846938775510203,1.1566782040816324,3,1.0
1913,2020-01-01 00:43:42,gw_main,devC,1,867900000.0,7,125.0,-111.52056993050114,2.3761724993156523,"(2.0, 4.0]",58.0,0.112896,0.952054794520548,1.0502439482079189,0.1688122889848001,3,1.0
1914,2020-01-01 00:43:43,gw_main,devC,0,868300000.0,8,125.0,-101.50646690172503,-8.51278206437679,"(-10.0, -8.0]",64.0,0.215552,0.2653061224489796,2.2744689712619737,1.7647353069554346,3,1.0
1915,2020-01-01 00:43:44,gw_main,devB,1,868300000.0,7,125.0,-93.65937262147249,-0.3218507590291616,"(-2.0, 0.0]",47.0,0.092416,0.8554216867469879,1.165481201916098,0.27319031267237615,3,1.0
1916,2020-01-01 00:43:45,gw_main,devC,1,867900000.0,8,125.0,-91.88740746665553,2.588484994673954,"(2.0, 4.0]",78.0,0.246272,0.9166666666666666,1.0902777777777777,0.3587826666666665,3,1.0
1917,2020-01-01 00:43:46,gw_main,devC,1,868300000.0,8,125.0,-108.20396247046386,1.7041071487540382,"(0.0, 2.0]",37.0,0.143872,0.9338842975206612,1.0704869885936752,0.22450009261662443,3,1.0
1918,2020-01-01 00:43:47,gw_main,devB,1,867300000.0,8,125.0,-96.7039461194021,6.458566691747693,"(6.0, 8.0]",79.0,0.25651199999999996,0.9850746268656716,1.0151481398975275,0.27554581955892204,3,1.0
1919,2020-01-01 00:43:48,gw_main,devC,0,867300000.0,7,125.0,-97.23377351004123,-7.206675445092076,"(-8.0, -6.0]",42.0,0.087296,0.5533980582524272,1.6460552361202754,0.789749274012631,3,1.0
1920,2020-01-01 00:43:49,gw_main,devC,1,868300000.0,7,125.0,-104.91047389095115,-9.047282547796463,"(-10.0, -8.0]",62.0,0.118016,0.32727272727272727,2.1252892561983474,1.3761073930578516,3,1.0
1921,2020-01-01 00:43:50,gw_main,devA,0,867300000.0,7,125.0,-102.52742805519885,1.4344064523495474,"(0.0, 2.0]",70.0,0.12825599999999998,0.9215686274509803,1.0845828527489427,0.22368711111111111,3,1.0
1922,2020-01-01 00:43:51,gw_main,devA,1,867100000.0,9,125.0,-113.38901735615609,2.7309151646159573,"(2.0, 4.0]",45.0,0.308224,0.9358974358974359,1.0682117028270874,0.39746018671926364,3,1.0
1923,2020-01-01 00:43:52,gw_main,devA,1,868300000.0,9,125.0,-103.08494897303127,12.718942759061205,"(12.0, 14.0]",76.0,0.451584,0.9230769230769231,1.0828402366863903,0.5718335621301771,3,1.0
1924,2020-01-01 00:43:54,gw_main,devC,1,867100000.0,9,125.0,-107.43268052055812,-5.243689784215176,"(-6.0, -4.0]",28.0,0.22630399999999998,0.4411764705882353,1.871107266435986,1.2945463252595153,3,1.0
1925,2020-01-01 00:43:57,gw_main,devB,1,867900000.0,7,125.0,-107.60530967067193,-8.915015673937404,"(-10.0, -8.0]",46.0,0.092416,0.32727272727272727,2.1252892561983474,1.3216999880991738,3,1.0
1926,2020-01-01 00:43:58,gw_main,devC,1,867300000.0,7,125.0,-107.86929114318042,15.654605278275175,"(14.0, 16.0]",32.0,0.071936,0.9090909090909091,1.0991735537190082,0.17824370247933874,3,1.0
1927,2020-01-01 00:43:59,gw_main,devA,1,867300000.0,9,125.0,-109.25111788240407,1.9549522763845284,"(0.0, 2.0]",76.0,0.451584,0.8987341772151899,1.1115205896490947,0.6134655036051915,3,1.0
1928,2020-01-01 00:44:00,gw_main,devC,1,867900000.0,8,125.0,-80.71640065332562,4.289703790843221,"(4.0, 6.0]",70.0,0.225792,0.975609756097561,1.0249851279000597,0.25641856989886996,3,1.0
1929,2020-01-01 00:44:01,gw_main,devB,1,867100000.0,7,125.0,-109.25286796882463,3.3813015161860007,"(2.0, 4.0]",66.0,0.123136,0.952054794520548,1.0502439482079189,0.17956678701444917,3,1.0
1930,2020-01-01 00:44:02,gw_main,devA,1,868300000.0,8,125.0,-101.20978573966696,10.872460644537096,"(10.0, 12.0]",36.0,0.143872,0.9583333333333334,1.0434027777777777,0.19351922222222212,3,1.0
1931,2020-01-01 00:44:03,gw_main,devA,1,868300000.0,11,125.0,-119.08064371927162,1.704639098850454,"(0.0, 2.0]",23.0,0.8232959999999999,0.7368421052631579,1.332409972299169,1.4293777728531853,3,1.0
1932,2020-01-01 00:44:04,gw_main,devC,1,867900000.0,9,125.0,-105.01136961674871,7.3061881960775565,"(6.0, 8.0]",30.0,0.22630399999999998,0.9761904761904762,1.02437641723356,0.25619689795918366,3,1.0
1933,2020-01-01 00:44:05,gw_main,devA,1,867900000.0,7,125.0,-116.33549281778372,-6.163703099988198,"(-8.0, -6.0]",67.0,0.123136,0.5533980582524272,1.6460552361202754,0.8487438936751817,3,1.0
1934,2020-01-01 00:44:07,gw_main,devA,1,867900000.0,8,125.0,-98.72712169170026,8.559342061485584,"(8.0, 10.0]",73.0,0.236032,0.9722222222222222,1.0285493827160495,0.27131995061728403,3,1.0
1935,2020-01-01 00:44:09,gw_main,devB,1,867900000.0,7,125.0,-103.92646615064373,3.0643548918813526,"(2.0, 4.0]",37.0,0.082176,0.952054794520548,1.0502439482079189,0.1365487948958528,3,1.0
1936,2020-01-01 00:44:12,gw_main,devA,0,867900000.0,10,125.0,-109.48129994060025,-4.128968570606072,"(-6.0, -4.0]",65.0,0.739328,0.5,1.75,2.043824,3,1.0
1937,2020-01-01 00:44:13,gw_main,devA,1,868300000.0,7,125.0,-104.71919579375866,9.231827399918407,"(8.0, 10.0]",29.0,0.066816,0.9811320754716981,1.0192239231043076,0.08732438875044507,3,1.0
1938,2020-01-01 00:44:15,gw_main,devB,1,868300000.0,7,125.0,-103.63030823353222,3.035432667013257,"(2.0, 4.0]",64.0,0.118016,0.952054794520548,1.0502439482079189,0.17418953799962464,3,1.0
1939,2020-01-01 00:44:16,gw_main,devB,1,868300000.0,7,125.0,-108.91842918257049,2.2567516048308147,"(2.0, 4.0]",44.0,0.092416,0.952054794520548,1.0502439482079189,0.14730329292550193,3,1.0
1940,2020-01-01 00:44:18,gw_main,devB,1,867900000.0,8,125.0,-101.1157217523899,3.0300317991832078,"(2.0, 4.0]",73.0,0.236032,0.9166666666666666,1.0902777777777777,0.3476182222222221,3,1.0
1941,2020-01-01 00:44:19,gw_main,devB,1,868300000.0,9,125.0,-108.44195456350712,4.47215861754719,"(4.0, 6.0]",23.0,0.20582399999999998,0.9516129032258065,1.0507284079084287,0.26699353173777307,3,1.0
1942,2020-01-01 00:44:20,gw_main,devC,0,868300000.0,8,125.0,-97.08758139416963,-7.013585249247411,"(-8.0, -6.0]",40.0,0.154112,0.5087719298245614,1.7325330871037241,0.9995372262234532,3,1.0
1943,2020-01-01 00:44:21,gw_main,devB,1,868300000.0,7,125.0,-118.20381081518494,3.0601979907828056,"(2.0, 4.0]",64.0,0.118016,0.952054794520548,1.0502439482079189,0.17418953799962464,3,1.0
1944,2020-01-01 00:44:24,gw_main,devA,1,867100000.0,8,125.0,-106.15164900682615,-0.7729732104433351,"(-2.0, 0.0]",37.0,0.143872,0.926605504587156,1.07878124736975,0.23398766299133067,3,1.0
1945,2020-01-01 00:44:25,gw_main,devC,1,868300000.0,8,125.0,-86.28164612956013,5.351662253460149,"(4.0, 6.0]",77.0,0.246272,0.975609756097561,1.0249851279000597,0.2774102653182632,3,1.0
1946,2020-01-01 00:44:26,gw_main,devB,1,868300000.0,7,125.0,-96.02471597696683,5.743818993634145,"(4.0, 6.0]",78.0,0.13849599999999998,0.976,1.024576,0.1664756776959999,3,1.0
1947,2020-01-01 00:44:27,gw_main,devA,1,867100000.0,7,125.0,-110.11767709192776,3.746562551954682,"(2.0, 4.0]",31.0,0.071936,0.952054794520548,1.0502439482079189,0.12579429686620375,3,1.0
1948,2020-01-01 00:44:29,gw_main,devB,1,867100000.0,7,125.0,-97.33060429119128,3.010381648307168,"(2.0, 4.0]",45.0,0.092416,0.952054794520548,1.0502439482079189,0.14730329292550193,3,1.0
1949,2020-01-01 00:44:30,gw_main,devB,0,867300000.0,11,125.0,-96.9182362431581,-7.102047089160951,"(-8.0, -6.0]",39.0,1.069056,0.21739130434782608,2.3950850661625713,3.955565126654065,3,1.0
1950,2020-01-01 00:44:31,gw_main,devC,0,867300000.0,9,125.0,-105.69051916516972,-4.948211509828211,"(-6.0, -4.0]",63.0,0.390144,0.4411764705882353,1.871107266435986,1.6011085397923872,3,1.0
1951,2020-01-01 00:44:32,gw_main,devA,1,868300000.0,7,125.0,-98.64580176340677,3.2883227174306735,"(2.0, 4.0]",30.0,0.071936,0.952054794520548,1.0502439482079189,0.12579429686620375,3,1.0
1952,2020-01-01 00:44:34,gw_main,devB,1,867900000.0,7,125.0,-130.37591987685153,4.857737478286612,"(4.0, 6.0]",38.0,0.082176,0.976,1.024576,0.10877155737599993,3,1.0
1953,2020-01-01 00:44:36,gw_main,devA,1,868300000.0,8,125.0,-109.89069709419083,4.663080302303658,"(4.0, 6.0]",25.0,0.11315199999999999,0.975609756097561,1.0249851279000597,0.14096424509220723,3,1.0
1954,2020-01-01 00:44:38,gw_main,devB,1,867900000.0,7,125.0,-107.00791384555983,-5.374364873744117,"(-6.0, -4.0]",71.0,0.12825599999999998,0.6124031007751938,1.537828255513491,0.7350639562526293,3,1.0
1955,2020-01-01 00:44:39,gw_main,devA,0,867900000.0,8,125.0,-108.0202633999528,-3.8577856405908886,"(-4.0, -2.0]",78.0,0.246272,0.7203389830508474,1.3578713013501866,0.6922769824762998,3,1.0
1956,2020-01-01 00:44:41,gw_main,devC,0,867300000.0,8,125.0,-98.51132309450634,-3.195575019157112,"(-4.0, -2.0]",26.0,0.11315199999999999,0.7203389830508474,1.3578713013501866,0.5115171548405629,3,1.0
1957,2020-01-01 00:44:43,gw_main,devC,1,867300000.0,8,125.0,-93.98643786418434,-3.9581401023966594,"(-4.0, -2.0]",76.0,0.246272,0.7203389830508474,1.3578713013501866,0.6922769824762998,3,1.0
1958,2020-01-01 00:44:48,gw_main,devB,1,868300000.0,10,125.0,-101.51608638089647,2.723526674362374,"(2.0, 4.0]",48.0,0.575488,0.9767441860465116,1.0237966468361277,0.6129793315305572,3,1.0
1959,2020-01-01 00:44:49,gw_main,devC,1,867100000.0,7,125.0,-128.01047382114464,0.3584791881717786,"(0.0, 2.0]",21.0,0.056575999999999994,0.9215686274509803,1.0845828527489427,0.1459442122260669,3,1.0
1960,2020-01-01 00:44:51,gw_main,devC,1,867300000.0,8,125.0,-107.05785271368731,6.266635310803213,"(6.0, 8.0]",60.0,0.205312,0.9850746268656716,1.0151481398975275,0.22357023479616867,3,1.0
1961,2020-01-01 00:44:52,gw_main,devA,1,867100000.0,8,125.0,-98.0207891160553,-2.04383353170543,"(-4.0, -2.0]",37.0,0.143872,0.7203389830508474,1.3578713013501866,0.5532309612180407,3,1.0
1962,2020-01-01 00:44:53,gw_main,devB,0,867300000.0,11,125.0,-92.70401812933574,4.020261446427203,"(4.0, 6.0]",62.0,1.478656,0.8571428571428571,1.1632653061224492,1.8833345306122453,3,1.0
1963,2020-01-01 00:44:55,gw_main,devA,1,867300000.0,8,125.0,-112.32922110094327,13.698141222230252,"(12.0, 14.0]",61.0,0.205312,0.9375,1.06640625,0.28535225,3,1.0
1964,2020-01-01 00:44:56,gw_main,devC,1,867100000.0,7,125.0,-104.82048969904952,7.172425795127758,"(6.0, 8.0]",22.0,0.056575999999999994,0.9651162790697675,1.0361005949161708,0.09471902217414807,3,1.0
1965,2020-01-01 00:44:57,gw_main,devC,1,868300000.0,11,125.0,-110.13456462833562,-1.2902003710476455,"(-2.0, 0.0]",27.0,0.8232959999999999,0.7209302325581395,1.3569497025419146,1.4741209648458626,3,1.0
1966,2020-01-01 00:44:59,gw_main,devA,1,867300000.0,7,125.0,-108.67844556310905,2.2802914632117606,"(2.0, 4.0]",38.0,0.082176,0.952054794520548,1.0502439482079189,0.1365487948958528,3,1.0
1967,2020-01-01 00:45:00,gw_main,devB,0,867100000.0,7,125.0,-104.42273242442361,-11.220441170899944,"(-12.0, -10.0]",32.0,0.071936,0.2,2.4400000000000004,1.6155238400000005,3,1.0
1968,2020-01-01 00:45:01,gw_main,devC,0,867300000.0,7,125.0,-98.08786187462242,-4.675814616638134,"(-6.0, -4.0]",28.0,0.066816,0.6124031007751938,1.537828255513491,0.6405797882338804,3,1.0
1969,2020-01-01 00:45:02,gw_main,devB,1,867100000.0,7,125.0,-118.94248080044966,4.49254535402719,"(4.0, 6.0]",23.0,0.061695999999999994,0.976,1.024576,0.08778824089599992,3,1.0
1970,2020-01-01 00:45:03,gw_main,devA,1,867100000.0,11,125.0,-106.67243272875618,0.4526940005642188,"(0.0, 2.0]",69.0,1.642496,0.7368421052631579,1.332409972299169,2.5208880221606647,3,1.0
1971,2020-01-01 00:45:04,gw_main,devB,1,867300000.0,10,125.0,-114.53278636549783,-2.9457883850621274,"(-4.0, -2.0]",44.0,0.534528,0.6428571428571429,1.4846938775510203,1.2783043265306122,3,1.0
1972,2020-01-01 00:45:07,gw_main,devC,1,867300000.0,8,125.0,-109.79559559527209,1.708203694972636,"(0.0, 2.0]",55.0,0.195072,0.9338842975206612,1.0704869885936752,0.27930902643262057,3,1.0
1973,2020-01-01 00:45:08,gw_main,devB,1,867900000.0,8,125.0,-111.95314109092102,-2.9873130080158248,"(-4.0, -2.0]",41.0,0.154112,0.7203389830508474,1.3578713013501866,0.5671355633438666,3,1.0
1974,2020-01-01 00:45:09,gw_main,devC,0,867100000.0,10,125.0,-99.90576791557885,-5.084222740898366,"(-6.0, -4.0]",45.0,0.575488,0.5,1.75,1.757104,3,1.0
1975,2020-01-01 00:45:12,gw_main,devB,1,868300000.0,8,125.0,-109.4321364104216,11.4120386924695,"(10.0, 12.0]",35.0,0.143872,0.9583333333333334,1.0434027777777777,0.19351922222222212,3,1.0
1976,2020-01-01 00:45:13,gw_main,devA,1,867100000.0,7,125.0,-103.08946595990925,-3.5083010728079875,"(-4.0, -2.0]",41.0,0.087296,0.8152866242038217,1.2188324069941985,0.325231600795164,3,1.0
1977,2020-01-01 00:45:14,gw_main,devA,1,867900000.0,11,125.0,-115.119379852754,11.938919897849605,"(10.0, 12.0]",48.0,1.232896,0.9,1.11,1.4785145600000003,3,1.0
1978,2020-01-01 00:45:15,gw_main,devC,1,867100000.0,7,125.0,-91.94408698911919,-6.563824735939077,"(-8.0, -6.0]",21.0,0.056575999999999994,0.5533980582524272,1.6460552361202754,0.7391824571590161,3,1.0
1979,2020-01-01 00:45:16,gw_main,devC,1,868300000.0,12,125.0,-105.18272009651695,3.6357085099748074,"(2.0, 4.0]",43.0,2.138112,0.782608695652174,1.2646502835538753,2.9686142306238192,3,1.0
1980,2020-01-01 00:45:18,gw_main,devB,1,867900000.0,7,125.0,-116.15103293486955,-8.046703847284762,"(-10.0, -8.0]",51.0,0.102656,0.32727272727272727,2.1252892561983474,1.343462950082645,3,1.0
1981,2020-01-01 00:45:19,gw_main,devA,1,867100000.0,8,125.0,-94.45498778396639,0.9582320584420371,"(0.0, 2.0]",50.0,0.174592,0.9338842975206612,1.0704869885936752,0.25738545290622217,3,1.0
1982,2020-01-01 00:45:21,gw_main,devA,1,868300000.0,12,125.0,-112.1830629329035,-7.6455777203449475,"(-8.0, -6.0]",26.0,1.6465919999999998,0.5,1.75,3.6315359999999997,3,1.0
1983,2020-01-01 00:45:23,gw_main,devC,0,868300000.0,10,125.0,-106.82100155913541,-4.785594089858636,"(-6.0, -4.0]",45.0,0.575488,0.5,1.75,1.757104,3,1.0
1984,2020-01-01 00:45:24,gw_main,devC,1,867300000.0,10,125.0,-118.66478263910369,0.7873361403897098,"(0.0, 2.0]",79.0,0.821248,0.8888888888888888,1.1234567901234567,1.0460934320987652,3,1.0
1985,2020-01-01 00:45:25,gw_main,devB,1,867100000.0,12,125.0,-112.7046842252833,2.2786731585074325,"(2.0, 4.0]",74.0,3.121152,0.782608695652174,1.2646502835538753,4.211816045368621,3,1.0
1986,2020-01-01 00:45:26,gw_main,devC,1,867300000.0,8,125.0,-100.27008532322652,3.5680900887692655,"(2.0, 4.0]",62.0,0.205312,0.9166666666666666,1.0902777777777777,0.3141248888888888,3,1.0
1987,2020-01-01 00:45:27,gw_main,devA,0,867100000.0,8,125.0,-106.01136299830118,-10.786873197083592,"(-12.0, -10.0]",59.0,0.205312,0.18181818181818182,2.487603305785124,1.998338115702479,3,1.0
1988,2020-01-01 00:45:28,gw_main,devC,1,867300000.0,7,125.0,-104.54348358553933,9.711375706699442,"(8.0, 10.0]",38.0,0.082176,0.9811320754716981,1.0192239231043076,0.10297966820932723,3,1.0
1989,2020-01-01 00:45:29,gw_main,devC,1,867300000.0,8,125.0,-96.77839770504269,3.3707586099661295,"(2.0, 4.0]",47.0,0.174592,0.9166666666666666,1.0902777777777777,0.2806315555555554,3,1.0
1990,2020-01-01 00:45:30,gw_main,devB,0,867300000.0,8,125.0,-101.56209117705356,-2.5535608852015823,"(-4.0, -2.0]",59.0,0.205312,0.7203389830508474,1.3578713013501866,0.6366585739729962,3,1.0
1991,2020-01-01 00:45:31,gw_main,devC,1,867100000.0,7,125.0,-96.48755797406228,-6.144923416739983,"(-8.0, -6.0]",54.0,0.102656,0.5533980582524272,1.6460552361202754,0.8150326824394384,3,1.0
1992,2020-01-01 00:45:32,gw_main,devB,0,867300000.0,10,125.0,-105.42531196944121,-10.164429175698507,"(-12.0, -10.0]",33.0,0.45260799999999995,0.07692307692307693,2.7751479289940835,3.0312020828402373,3,1.0
1993,2020-01-01 00:45:33,gw_main,devA,0,868300000.0,7,125.0,-113.7446921146577,-8.168539296543866,"(-10.0, -8.0]",52.0,0.102656,0.32727272727272727,2.1252892561983474,1.343462950082645,3,1.0
1994,2020-01-01 00:45:34,gw_main,devB,1,868300000.0,7,125.0,-90.59024788976133,3.2696308744234055,"(2.0, 4.0]",42.0,0.087296,0.952054794520548,1.0502439482079189,0.14192604391067737,3,1.0
1995,2020-01-01 00:45:40,gw_main,devB,0,868300000.0,8,125.0,-95.84693348683221,-3.506689472874113,"(-4.0, -2.0]",40.0,0.154112,0.7203389830508474,1.3578713013501866,0.5671355633438666,3,1.0
1996,2020-01-01 00:45:41,gw_main,devA,1,867900000.0,11,125.0,-119.80862348976893,8.103636409118378,"(8.0, 10.0]",36.0,0.9871359999999999,0.8888888888888888,1.1234567901234567,1.232461432098765,3,1.0
1997,2020-01-01 00:45:42,gw_main,devB,1,867900000.0,8,125.0,-115.63421342992275,2.771350153943001,"(2.0, 4.0]",59.0,0.205312,0.9166666666666666,1.0902777777777777,0.3141248888888888,3,1.0
1998,2020-01-01 00:45:43,gw_main,devC,1,867900000.0,8,125.0,-102.77852518593183,0.26568497451588025,"(0.0, 2.0]",73.0,0.236032,0.9338842975206612,1.0704869885936752,0.32315617348541753,3,1.0
1999,2020-01-01 00:45:44,gw_main,devA,0,867300000.0,9,125.0,-109.84977086343834,-3.646691360633004,"(-4.0, -2.0]",26.0,0.20582399999999998,0.7241379310344828,1.351961950059453,0.6302281664684899,3,1.0
2000,2020-01-01 00:45:46,gw_main,devC,0,868300000.0,10,125.0,-100.15572805301177,-7.023255128933351,"(-8.0, -6.0]",59.0,0.657408,0.25,2.3125,2.832756,3,1.0
2001,2020-01-01 00:45:50,gw_main,devB,1,867300000.0,10,125.0,-107.5064617503384,3.310588364068913,"(2.0, 4.0]",26.0,0.41164799999999996,0.9767441860465116,1.0237966468361277,0.44524048891292595,3,1.0
2002,2020-01-01 00:45:51,gw_main,devB,1,867300000.0,7,125.0,-102.80729122123925,1.3375293569813573,"(0.0, 2.0]",64.0,0.118016,0.9215686274509803,1.0845828527489427,0.21258098269896195,3,1.0
2003,2020-01-01 00:45:52,gw_main,devA,1,867900000.0,10,125.0,-96.82617859932164,1.3224510308598045,"(0.0, 2.0]",56.0,0.657408,0.8888888888888888,1.1234567901234567,0.862026271604938,3,1.0
2004,2020-01-01 00:45:54,gw_main,devB,0,867300000.0,9,125.0,-103.10426376295138,-12.928529659065012,"(-14.0, -12.0]",77.0,0.451584,0.06666666666666667,2.8044444444444445,3.0708866844444445,3,1.0
2005,2020-01-01 00:45:55,gw_main,devB,1,867900000.0,9,125.0,-97.55755737747607,-3.1252549509348206,"(-4.0, -2.0]",66.0,0.390144,0.7241379310344828,1.351961950059453,0.8794217931034484,3,1.0
2006,2020-01-01 00:45:56,gw_main,devB,1,867300000.0,10,125.0,-107.33612870374223,-5.7248953389236386,"(-6.0, -4.0]",68.0,0.739328,0.5,1.75,2.043824,3,1.0
2007,2020-01-01 00:45:59,gw_main,devB,0,867900000.0,7,125.0,-95.42054851709611,-7.46164245138604,"(-8.0, -6.0]",74.0,0.133376,0.5533980582524272,1.6460552361202754,0.8655994992930532,3,1.0
2008,2020-01-01 00:46:00,gw_main,devA,1,867100000.0,7,125.0,-84.81946268382181,-6.663062530358793,"(-8.0, -6.0]",69.0,0.12825599999999998,0.5533980582524272,1.6460552361202754,0.8571716964841174,3,1.0
2009,2020-01-01 00:46:02,gw_main,devA,1,867900000.0,8,125.0,-108.58135854364416,0.6946231358982647,"(0.0, 2.0]",35.0,0.143872,0.9338842975206612,1.0704869885936752,0.22450009261662443,3,1.0
2010,2020-01-01 00:46:03,gw_main,devC,1,867900000.0,7,125.0,-111.84179260900133,-3.935989667490121,"(-4.0, -2.0]",75.0,0.133376,0.8152866242038217,1.2188324069941985,0.38139539810945666,3,1.0
2011,2020-01-01 00:46:04,gw_main,devB,1,868300000.0,8,125.0,-108.16036589807776,2.9897104125888116,"(2.0, 4.0]",73.0,0.236032,0.9166666666666666,1.0902777777777777,0.3476182222222221,3,1.0
2012,2020-01-01 00:46:05,gw_main,devB,1,867900000.0,11,125.0,-97.67479958624976,-1.316728274116807,"(-2.0, 0.0]",44.0,1.150976,0.7209302325581395,1.3569497025419146,1.9187662433747974,3,1.0
2013,2020-01-01 00:46:06,gw_main,devC,0,868300000.0,12,125.0,-136.50422557121834,-6.119478525283199,"(-8.0, -6.0]",27.0,1.6465919999999998,0.5,1.75,3.6315359999999997,3,1.0
2014,2020-01-01 00:46:07,gw_main,devB,1,867100000.0,7,125.0,-105.1016444961951,0.24438400755133555,"(0.0, 2.0]",33.0,0.071936,0.9215686274509803,1.0845828527489427,0.16260340484429067,3,1.0
2015,2020-01-01 00:46:08,gw_main,devB,1,867100000.0,9,125.0,-94.58838013502296,11.294481509914432,"(10.0, 12.0]",60.0,0.369664,0.95,1.0525,0.44157135999999997,3,1.0
2016,2020-01-01 00:46:09,gw_main,devB,1,867900000.0,7,125.0,-105.09914059024005,-4.049557201921935,"(-6.0, -4.0]",78.0,0.13849599999999998,0.6124031007751938,1.537828255513491,0.7508113175890874,3,1.0
2017,2020-01-01 00:46:11,gw_main,devC,1,867300000.0,7,125.0,-107.60941769005035,8.266655355447698,"(8.0, 10.0]",32.0,0.071936,0.9811320754716981,1.0192239231043076,0.09254281523673913,3,1.0
2018,2020-01-01 00:46:13,gw_main,devB,0,867300000.0,7,125.0,-96.92383278257984,-4.935768086407831,"(-6.0, -4.0]",30.0,0.071936,0.6124031007751938,1.537828255513491,0.6484534689021095,3,1.0
2019,2020-01-01 00:46:17,gw_main,devC,1,868300000.0,9,125.0,-87.82695529692299,-1.3820874900163267,"(-2.0, 0.0]",45.0,0.308224,0.826530612244898,1.203561016243232,0.5745274069137859,3,1.0
2020,2020-01-01 00:46:18,gw_main,devB,1,867100000.0,11,125.0,-101.22639482393193,3.609441238581573,"(2.0, 4.0]",40.0,1.069056,0.9523809523809523,1.0498866213151927,1.1722742131519275,3,1.0
2021,2020-01-01 00:46:19,gw_main,devB,1,868300000.0,8,125.0,-101.56641280707527,0.30676519588188084,"(0.0, 2.0]",50.0,0.174592,0.9338842975206612,1.0704869885936752,0.25738545290622217,3,1.0
2022,2020-01-01 00:46:22,gw_main,devB,1,867300000.0,7,125.0,-101.82073201057568,-4.336576026627471,"(-6.0, -4.0]",24.0,0.061695999999999994,0.6124031007751938,1.537828255513491,0.6327061075656514,3,1.0
2023,2020-01-01 00:46:24,gw_main,devC,1,867100000.0,9,125.0,-105.42122656154032,4.7586305959110256,"(4.0, 6.0]",28.0,0.22630399999999998,0.9516129032258065,1.0507284079084287,0.2885124495317377,3,1.0
2024,2020-01-01 00:46:25,gw_main,devA,1,867900000.0,7,125.0,-125.03512225101274,4.221584284766471,"(4.0, 6.0]",75.0,0.133376,0.976,1.024576,0.16122984857599992,3,1.0
2025,2020-01-01 00:46:26,gw_main,devA,1,868300000.0,7,125.0,-112.5225516632532,6.563865213222399,"(6.0, 8.0]",62.0,0.118016,0.9651162790697675,1.0361005949161708,0.1583770427257976,3,1.0
2026,2020-01-01 00:46:27,gw_main,devC,1,867300000.0,9,125.0,-87.9470633508578,-6.4331985581468025,"(-8.0, -6.0]",52.0,0.328704,0.41304347826086957,1.9314744801512285,1.5663578676748577,3,1.0
2027,2020-01-01 00:46:28,gw_main,devC,1,867900000.0,7,125.0,-110.54967373269973,6.488348754433744,"(6.0, 8.0]",36.0,0.077056,0.9651162790697675,1.0361005949161708,0.11593836235803125,3,1.0
2028,2020-01-01 00:46:30,gw_main,devA,1,867100000.0,11,125.0,-122.70158661660085,10.575452613233589,"(10.0, 12.0]",62.0,1.478656,0.9,1.11,1.7513081600000002,3,1.0
2029,2020-01-01 00:46:31,gw_main,devC,0,867300000.0,9,125.0,-110.68536869177152,-7.489725963309808,"(-8.0, -6.0]",39.0,0.267264,0.41304347826086957,1.9314744801512285,1.4476880756143664,3,1.0
2030,2020-01-01 00:46:32,gw_main,devC,1,867900000.0,10,125.0,-113.27407349915626,1.3094420911196631,"(0.0, 2.0]",30.0,0.45260799999999995,0.8888888888888888,1.1234567901234567,0.6319423209876541,3,1.0
2031,2020-01-01 00:46:33,gw_main,devB,0,868300000.0,8,125.0,-98.27653708773482,-1.6654045168562341,"(-2.0, 0.0]",41.0,0.154112,0.926605504587156,1.07878124736975,0.24503438296439692,3,1.0
2032,2020-01-01 00:46:36,gw_main,devA,1,867300000.0,8,125.0,-96.30386804543605,6.762384906606586,"(6.0, 8.0]",43.0,0.164352,0.9850746268656716,1.0151481398975275,0.18198976698596595,3,1.0
2033,2020-01-01 00:46:37,gw_main,devB,1,867900000.0,9,125.0,-109.84991960886515,-2.8137640672611104,"(-4.0, -2.0]",63.0,0.390144,0.7241379310344828,1.351961950059453,0.8794217931034484,3,1.0
2034,2020-01-01 00:46:39,gw_main,devC,1,867100000.0,7,125.0,-107.67039456849427,5.209562351324112,"(4.0, 6.0]",62.0,0.118016,0.976,1.024576,0.1454923612159999,3,1.0
2035,2020-01-01 00:46:40,gw_main,devC,1,867300000.0,7,125.0,-97.15152073209416,5.933260041997667,"(4.0, 6.0]",25.0,0.061695999999999994,0.976,1.024576,0.08778824089599992,3,1.0
2036,2020-01-01 00:46:41,gw_main,devB,1,867300000.0,8,125.0,-86.36273946252349,5.9207037176787605,"(4.0, 6.0]",70.0,0.225792,0.975609756097561,1.0249851279000597,0.25641856989886996,3,1.0
2037,2020-01-01 00:46:43,gw_main,devA,0,867900000.0,9,125.0,-102.06882778907044,-0.34805251754511246,"(-2.0, 0.0]",54.0,0.349184,0.826530612244898,1.203561016243232,0.6238252661391086,3,1.0
2038,2020-01-01 00:46:45,gw_main,devB,0,867100000.0,10,125.0,-104.30931125773901,-3.9362047730929364,"(-4.0, -2.0]",49.0,0.575488,0.6428571428571429,1.4846938775510203,1.339117387755102,3,1.0
2039,2020-01-01 00:46:47,gw_main,devC,0,867900000.0,8,125.0,-106.12946095221058,4.969391861876288,"(4.0, 6.0]",54.0,0.184832,0.975609756097561,1.0249851279000597,0.21443517906008353,3,1.0
2040,2020-01-01 00:46:48,gw_main,devC,1,867100000.0,8,125.0,-105.34488714204373,9.374092164868731,"(8.0, 10.0]",43.0,0.164352,0.9722222222222222,1.0285493827160495,0.19759353086419762,3,1.0
2041,2020-01-01 00:46:49,gw_main,devA,1,868300000.0,10,125.0,-99.07609603270777,-6.9124484632919305,"(-8.0, -6.0]",79.0,0.821248,0.25,2.3125,3.211636,3,1.0
2042,2020-01-01 00:46:50,gw_main,devC,0,867900000.0,7,125.0,-117.4393720897841,-15.585410491507261,"(-16.0, -14.0]",24.0,0.061695999999999994,0.1,2.71,1.87719616,3,1.0
2043,2020-01-01 00:46:51,gw_main,devC,0,867900000.0,9,125.0,-112.14396091785115,-8.701898683546032,"(-10.0, -8.0]",45.0,0.308224,0.36666666666666664,2.034444444444444,1.6615090488888884,3,1.0
2044,2020-01-01 00:46:52,gw_main,devC,0,868300000.0,8,125.0,-109.97397668675244,-6.074714690751842,"(-8.0, -6.0]",25.0,0.11315199999999999,0.5087719298245614,1.7325330871037241,0.9285726709756847,3,1.0
2045,2020-01-01 00:46:53,gw_main,devB,0,868300000.0,9,125.0,-117.91099833403113,-0.8260601908448915,"(-2.0, 0.0]",66.0,0.390144,0.826530612244898,1.203561016243232,0.6731231253644314,3,1.0
2046,2020-01-01 00:46:54,gw_main,devB,1,867900000.0,9,125.0,-102.37611549042124,3.6950952451316192,"(2.0, 4.0]",40.0,0.287744,0.9358974358974359,1.0682117028270874,0.3755832110453649,3,1.0
2047,2020-01-01 00:46:56,gw_main,devB,0,867100000.0,7,125.0,-113.24170151767962,-4.202037097125261,"(-6.0, -4.0]",40.0,0.082176,0.6124031007751938,1.537828255513491,0.6642008302385676,3,1.0
2048,2020-01-01 00:46:57,gw_main,devC,1,867900000.0,7,125.0,-117.79285239505415,0.920218115965504,"(0.0, 2.0]",48.0,0.097536,0.9215686274509803,1.0845828527489427,0.1903687258746636,3,1.0
2049,2020-01-01 00:46:58,gw_main,devA,1,867100000.0,11,125.0,-113.50401223600798,-5.771230519137461,"(-6.0, -4.0]",63.0,1.478656,0.3939393939393939,1.9733700642791552,3.8913055500459137,3,1.0
2050,2020-01-01 00:46:59,gw_main,devC,1,867900000.0,10,125.0,-101.53249019516215,-0.281522050582536,"(-2.0, 0.0]",28.0,0.41164799999999996,0.7575757575757576,1.3011937557392104,0.8368275629017448,3,1.0
2051,2020-01-01 00:47:00,gw_main,devB,1,867300000.0,8,125.0,-116.96515282706156,-3.8494107715983974,"(-4.0, -2.0]",56.0,0.195072,0.7203389830508474,1.3578713013501866,0.6227539718471702,3,1.0
2052,2020-01-01 00:47:02,gw_main,devC,1,867900000.0,7,125.0,-99.84708900837127,4.900721640548774,"(4.0, 6.0]",34.0,0.077056,0.976,1.024576,0.10352572825599993,3,1.0
2053,2020-01-01 00:47:06,gw_main,devA,1,867900000.0,7,125.0,-96.10849441697549,-9.86925071399443,"(-10.0, -8.0]",57.0,0.107776,0.32727272727272727,2.1252892561983474,1.3543444310743804,3,1.0
2054,2020-01-01 00:47:07,gw_main,devB,0,868300000.0,7,125.0,-108.9394813124263,-4.382966768270002,"(-6.0, -4.0]",76.0,0.13849599999999998,0.6124031007751938,1.537828255513491,0.7508113175890874,3,1.0
2055,2020-01-01 00:47:08,gw_main,devC,0,867300000.0,11,125.0,-112.42106882862358,-4.429362702502001,"(-6.0, -4.0]",28.0,0.9052159999999999,0.3939393939393939,1.9733700642791552,2.759696220385675,3,1.0
2056,2020-01-01 00:47:10,gw_main,devC,1,867100000.0,7,125.0,-102.10807757420105,-2.559601897122978,"(-4.0, -2.0]",66.0,0.123136,0.8152866242038217,1.2188324069941985,0.36891455426183606,3,1.0
2057,2020-01-01 00:47:11,gw_main,devB,0,867300000.0,10,125.0,-122.11456294045682,-4.743274686549356,"(-6.0, -4.0]",20.0,0.37068799999999996,0.5,1.75,1.398704,3,1.0
2058,2020-01-01 00:47:12,gw_main,devC,0,867300000.0,10,125.0,-96.31077390864124,-8.042795030191254,"(-10.0, -8.0]",51.0,0.616448,0.18181818181818182,2.487603305785124,3.021081388429752,3,1.0
2059,2020-01-01 00:47:13,gw_main,devA,0,867300000.0,7,125.0,-103.4797573344722,-7.0598312950783395,"(-8.0, -6.0]",72.0,0.133376,0.5533980582524272,1.6460552361202754,0.8655994992930532,3,1.0
2060,2020-01-01 00:47:16,gw_main,devC,1,867100000.0,7,125.0,-130.03128066548635,6.805509766089933,"(6.0, 8.0]",20.0,0.056575999999999994,0.9651162790697675,1.0361005949161708,0.09471902217414807,3,1.0
2061,2020-01-01 00:47:17,gw_main,devC,1,867300000.0,7,125.0,-116.70789551796724,-3.7747836637227934,"(-4.0, -2.0]",24.0,0.061695999999999994,0.8152866242038217,1.2188324069941985,0.29402949117611255,3,1.0
2062,2020-01-01 00:47:18,gw_main,devC,1,867300000.0,8,125.0,-102.81005950638561,6.355105719245895,"(6.0, 8.0]",60.0,0.205312,0.9850746268656716,1.0151481398975275,0.22357023479616867,3,1.0
2063,2020-01-01 00:47:19,gw_main,devC,1,867300000.0,9,125.0,-92.09881376639625,1.5427578731004514,"(0.0, 2.0]",49.0,0.328704,0.8987341772151899,1.1115205896490947,0.4768818535491108,3,1.0
2064,2020-01-01 00:47:20,gw_main,devA,1,867900000.0,8,125.0,-116.33656831702605,-0.027814123312229374,"(-2.0, 0.0]",30.0,0.12339199999999999,0.926605504587156,1.07878124736975,0.2118942230451982,3,1.0
2065,2020-01-01 00:47:21,gw_main,devC,0,867300000.0,7,125.0,-118.38433917552923,-12.049825570141893,"(-14.0, -12.0]",68.0,0.123136,0.2916666666666667,2.210069444444444,1.4822085555555553,3,1.0
2066,2020-01-01 00:47:22,gw_main,devA,0,867300000.0,10,125.0,-106.21598416389845,-7.740349109952788,"(-8.0, -6.0]",44.0,0.534528,0.25,2.3125,2.548596,3,1.0
2067,2020-01-01 00:47:23,gw_main,devC,1,867300000.0,7,125.0,-104.76778659033936,4.448573133055425,"(4.0, 6.0]",70.0,0.12825599999999998,0.976,1.024576,0.1559840194559999,3,1.0
2068,2020-01-01 00:47:24,gw_main,devA,1,867900000.0,7,125.0,-112.50362410662083,8.386919174069991,"(8.0, 10.0]",29.0,0.066816,0.9811320754716981,1.0192239231043076,0.08732438875044507,3,1.0
2069,2020-01-01 00:47:25,gw_main,devB,1,867100000.0,9,125.0,-112.76876438657793,1.238692831040884,"(0.0, 2.0]",38.0,0.267264,0.8987341772151899,1.1115205896490947,0.4085900285210704,3,1.0
2070,2020-01-01 00:47:27,gw_main,devA,1,867900000.0,11,125.0,-114.050115722091,-2.446332851523507,"(-4.0, -2.0]",42.0,1.150976,0.7407407407407407,1.3264746227709192,1.8532150781893006,3,1.0
2071,2020-01-01 00:47:28,gw_main,devA,0,867300000.0,9,125.0,-120.27648776797957,-2.2281055646462002,"(-4.0, -2.0]",38.0,0.267264,0.7241379310344828,1.351961950059453,0.7132927086801428,3,1.0
2072,2020-01-01 00:47:29,gw_main,devA,1,867900000.0,10,125.0,-109.38668465477234,-3.977775742573871,"(-4.0, -2.0]",66.0,0.739328,0.6428571428571429,1.4846938775510203,1.5823696326530612,3,1.0
2073,2020-01-01 00:47:30,gw_main,devA,1,867900000.0,7,125.0,-93.91510924664651,5.848192618654939,"(4.0, 6.0]",28.0,0.066816,0.976,1.024576,0.09303407001599993,3,1.0
2074,2020-01-01 00:47:31,gw_main,devB,1,867300000.0,8,125.0,-99.43881941002907,2.0567843104411594,"(2.0, 4.0]",54.0,0.184832,0.9166666666666666,1.0902777777777777,0.2917959999999999,3,1.0
2075,2020-01-01 00:47:32,gw_main,devC,1,868300000.0,7,125.0,-106.04418402193056,-1.4050158985953463,"(-2.0, 0.0]",22.0,0.056575999999999994,0.8554216867469879,1.165481201916098,0.2314194663957032,3,1.0
2076,2020-01-01 00:47:33,gw_main,devC,1,867900000.0,7,125.0,-117.37518174953446,-1.9703475883348576,"(-2.0, 0.0]",75.0,0.133376,0.8554216867469879,1.165481201916098,0.32092842270285954,3,1.0
2077,2020-01-01 00:47:34,gw_main,devC,1,867100000.0,8,125.0,-106.51399254422783,3.3390335185710676,"(2.0, 4.0]",39.0,0.154112,0.9166666666666666,1.0902777777777777,0.25830266666666657,3,1.0
2078,2020-01-01 00:47:35,gw_main,devB,1,867300000.0,10,125.0,-79.8408859249712,1.9386932666548806,"(0.0, 2.0]",70.0,0.780288,0.8888888888888888,1.1234567901234567,1.0000766419753084,3,1.0
2079,2020-01-01 00:47:37,gw_main,devB,1,867300000.0,10,125.0,-96.23811757740413,10.295915264689885,"(10.0, 12.0]",30.0,0.45260799999999995,0.9,1.11,0.6123948800000001,3,1.0
2080,2020-01-01 00:47:39,gw_main,devC,1,867100000.0,7,125.0,-109.43307556401939,0.06287462564335199,"(0.0, 2.0]",76.0,0.13849599999999998,0.9215686274509803,1.0845828527489427,0.23479323952326028,3,1.0
2081,2020-01-01 00:47:41,gw_main,devB,1,867100000.0,11,125.0,-90.0612972348473,6.144101985702814,"(6.0, 8.0]",57.0,1.396736,0.9473684210526315,1.0554016620498614,1.5295191578947367,3,1.0
2082,2020-01-01 00:47:42,gw_main,devB,1,867100000.0,7,125.0,-108.34319443901592,-0.5278011514777994,"(-2.0, 0.0]",67.0,0.123136,0.8554216867469879,1.165481201916098,0.3089938951952387,3,1.0
2083,2020-01-01 00:47:44,gw_main,devA,0,867300000.0,9,125.0,-110.11428014398116,-6.4198699589456965,"(-8.0, -6.0]",45.0,0.308224,0.41304347826086957,1.9314744801512285,1.5268012703213607,3,1.0
2084,2020-01-01 00:47:47,gw_main,devA,1,868300000.0,12,125.0,-122.85250939617582,7.322202142893833,"(6.0, 8.0]",20.0,1.3189119999999999,0.875,1.140625,1.645009,3,1.0
2085,2020-01-01 00:47:48,gw_main,devC,0,867900000.0,7,125.0,-110.96655520588028,-11.3904687410119,"(-12.0, -10.0]",47.0,0.092416,0.2,2.4400000000000004,1.6654950400000004,3,1.0
2086,2020-01-01 00:47:49,gw_main,devB,1,867100000.0,7,125.0,-119.99571409030814,4.087651403680761,"(4.0, 6.0]",23.0,0.061695999999999994,0.976,1.024576,0.08778824089599992,3,1.0
2087,2020-01-01 00:47:51,gw_main,devA,1,867100000.0,8,125.0,-109.93841024728448,-5.873828806905475,"(-6.0, -4.0]",30.0,0.12339199999999999,0.6025641025641025,1.5553911900065749,0.7473140197238661,3,1.0
2088,2020-01-01 00:47:52,gw_main,devA,1,867900000.0,9,125.0,-110.40283873361876,-1.1701852523234892,"(-2.0, 0.0]",45.0,0.308224,0.826530612244898,1.203561016243232,0.5745274069137859,3,1.0
2089,2020-01-01 00:47:53,gw_main,devA,1,867300000.0,9,125.0,-92.70249132223728,1.5984730785093144,"(0.0, 2.0]",65.0,0.390144,0.8987341772151899,1.1115205896490947,0.5451736785771512,3,1.0
2090,2020-01-01 00:47:54,gw_main,devC,1,867100000.0,11,125.0,-116.61781692709577,3.67263887520183,"(2.0, 4.0]",53.0,1.314816,0.9523809523809523,1.0498866213151927,1.4302943492063491,3,1.0
2091,2020-01-01 00:47:55,gw_main,devC,1,867900000.0,9,125.0,-108.59733745013946,10.62979010996646,"(10.0, 12.0]",28.0,0.22630399999999998,0.95,1.0525,0.29068496,3,1.0
2092,2020-01-01 00:47:56,gw_main,devA,1,867900000.0,7,125.0,-100.8988099061175,2.1516843466298585,"(2.0, 4.0]",30.0,0.071936,0.952054794520548,1.0502439482079189,0.12579429686620375,3,1.0
2093,2020-01-01 00:47:58,gw_main,devC,0,868300000.0,8,125.0,-110.5096222596818,-3.590934059076669,"(-4.0, -2.0]",59.0,0.205312,0.7203389830508474,1.3578713013501866,0.6366585739729962,3,1.0
2094,2020-01-01 00:48:00,gw_main,devA,1,868300000.0,8,125.0,-98.77015792384412,0.9196125181808821,"(0.0, 2.0]",48.0,0.174592,0.9338842975206612,1.0704869885936752,0.25738545290622217,3,1.0
2095,2020-01-01 00:48:01,gw_main,devA,0,867900000.0,7,125.0,-113.36242772992499,-2.7791052236114195,"(-4.0, -2.0]",64.0,0.118016,0.8152866242038217,1.2188324069941985,0.3626741323380258,3,1.0
2096,2020-01-01 00:48:02,gw_main,devA,1,868300000.0,11,125.0,-103.4497525788314,-0.5758758946034097,"(-2.0, 0.0]",37.0,1.069056,0.7209302325581395,1.3569497025419146,1.8076049237425638,3,1.0
2097,2020-01-01 00:48:04,gw_main,devC,1,868300000.0,10,125.0,-101.68757358133668,1.1467155151639126,"(0.0, 2.0]",36.0,0.49356799999999995,0.8888888888888888,1.1234567901234567,0.6779591111111108,3,1.0
2098,2020-01-01 00:48:05,gw_main,devB,1,867100000.0,9,125.0,-118.71694964430769,2.4083470735508827,"(2.0, 4.0]",26.0,0.20582399999999998,0.9358974358974359,1.0682117028270874,0.28807530834976985,3,1.0
2099,2020-01-01 00:48:06,gw_main,devC,1,867900000.0,9,125.0,-98.52298350563153,-3.0533422243607475,"(-4.0, -2.0]",71.0,0.410624,0.7241379310344828,1.351961950059453,0.9071099738406659,3,1.0
2100,2020-01-01 00:48:08,gw_main,devB,1,867900000.0,11,125.0,-102.72217117977998,4.484829509716457,"(4.0, 6.0]",39.0,1.069056,0.8571428571428571,1.1632653061224492,1.4068610612244903,3,1.0
2101,2020-01-01 00:48:09,gw_main,devB,0,867300000.0,10,125.0,-105.837343221742,-10.179306060195533,"(-12.0, -10.0]",21.0,0.37068799999999996,0.07692307692307693,2.7751479289940835,2.803861964497042,3,1.0
2102,2020-01-01 00:48:10,gw_main,devC,1,868300000.0,9,125.0,-103.77535913700734,-3.709239904963277,"(-4.0, -2.0]",56.0,0.349184,0.7241379310344828,1.351961950059453,0.8240454316290131,3,1.0
2103,2020-01-01 00:48:11,gw_main,devA,1,868300000.0,7,125.0,-113.66405070227205,9.315705576474377,"(8.0, 10.0]",45.0,0.092416,0.9811320754716981,1.0192239231043076,0.11341652118191535,3,1.0
2104,2020-01-01 00:48:13,gw_main,devC,1,867100000.0,7,125.0,-100.42388414832553,-4.158312130473565,"(-6.0, -4.0]",33.0,0.071936,0.6124031007751938,1.537828255513491,0.6484534689021095,3,1.0
2105,2020-01-01 00:48:14,gw_main,devA,1,867100000.0,7,125.0,-101.88063141026623,4.126316336021767,"(4.0, 6.0]",40.0,0.082176,0.976,1.024576,0.10877155737599993,3,1.0
2106,2020-01-01 00:48:16,gw_main,devA,1,868300000.0,8,125.0,-100.68621772982232,15.588852728143966,"(14.0, 16.0]",48.0,0.174592,0.9090909090909091,1.0991735537190082,0.29108046280991723,3,1.0
2107,2020-01-01 00:48:18,gw_main,devA,1,867900000.0,7,125.0,-112.43904469882702,8.61935670652839,"(8.0, 10.0]",49.0,0.097536,0.9811320754716981,1.0192239231043076,0.1186349476682094,3,1.0
2108,2020-01-01 00:48:20,gw_main,devC,1,868300000.0,7,125.0,-111.34425001664172,5.498114195497397,"(4.0, 6.0]",60.0,0.112896,0.976,1.024576,0.1402465320959999,3,1.0
2109,2020-01-01 00:48:22,gw_main,devC,1,867300000.0,7,125.0,-99.7226393219854,2.143069215794712,"(2.0, 4.0]",31.0,0.071936,0.952054794520548,1.0502439482079189,0.12579429686620375,3,1.0
2110,2020-01-01 00:48:24,gw_main,devB,1,867300000.0,7,125.0,-101.7954206107031,4.855947954881129,"(4.0, 6.0]",65.0,0.123136,0.976,1.024576,0.15073819033599992,3,1.0
2111,2020-01-01 00:48:26,gw_main,devA,1,867300000.0,7,125.0,-99.09439582726418,-1.6432436013563079,"(-2.0, 0.0]",78.0,0.13849599999999998,0.8554216867469879,1.165481201916098,0.32689568645666994,3,1.0
2112,2020-01-01 00:48:27,gw_main,devA,1,867300000.0,7,125.0,-96.96939517450394,5.977495678015914,"(4.0, 6.0]",37.0,0.082176,0.976,1.024576,0.10877155737599993,3,1.0
2113,2020-01-01 00:48:28,gw_main,devA,0,868300000.0,10,125.0,-112.76017665912292,-6.685817437996178,"(-8.0, -6.0]",28.0,0.41164799999999996,0.25,2.3125,2.264436,3,1.0
2114,2020-01-01 00:48:29,gw_main,devB,1,867900000.0,8,125.0,-116.6476430354821,-2.185611338162624,"(-4.0, -2.0]",24.0,0.11315199999999999,0.7203389830508474,1.3578713013501866,0.5115171548405629,3,1.0
2115,2020-01-01 00:48:32,gw_main,devB,1,867300000.0,7,125.0,-108.63417983352157,6.98623498249967,"(6.0, 8.0]",23.0,0.061695999999999994,0.9651162790697675,1.0361005949161708,0.10002385722011886,3,1.0
2116,2020-01-01 00:48:33,gw_main,devC,1,867900000.0,8,125.0,-107.4743835386946,2.044644543733201,"(2.0, 4.0]",79.0,0.25651199999999996,0.9166666666666666,1.0902777777777777,0.36994711111111095,3,1.0
2117,2020-01-01 00:48:38,gw_main,devA,1,867900000.0,9,125.0,-98.28256523655801,0.4604687808170279,"(0.0, 2.0]",59.0,0.369664,0.8987341772151899,1.1115205896490947,0.5224097369011377,3,1.0
2118,2020-01-01 00:48:40,gw_main,devB,1,867300000.0,7,125.0,-111.77836350712344,5.787069719606706,"(4.0, 6.0]",53.0,0.102656,0.976,1.024576,0.12975487385599993,3,1.0
2119,2020-01-01 00:48:41,gw_main,devA,0,868300000.0,10,125.0,-121.05269839443595,-4.227951133464017,"(-6.0, -4.0]",31.0,0.45260799999999995,0.5,1.75,1.5420639999999999,3,1.0
2120,2020-01-01 00:48:42,gw_main,devA,1,867100000.0,8,125.0,-91.57532444975143,5.890259099985225,"(4.0, 6.0]",26.0,0.11315199999999999,0.975609756097561,1.0249851279000597,0.14096424509220723,3,1.0
2121,2020-01-01 00:48:45,gw_main,devC,1,868300000.0,7,125.0,-112.39955011040027,-3.248007947899623,"(-4.0, -2.0]",25.0,0.061695999999999994,0.8152866242038217,1.2188324069941985,0.29402949117611255,3,1.0
2122,2020-01-01 00:48:46,gw_main,devA,1,867100000.0,10,125.0,-95.55830660997589,-3.031703682500263,"(-4.0, -2.0]",45.0,0.575488,0.6428571428571429,1.4846938775510203,1.339117387755102,3,1.0
2123,2020-01-01 00:48:47,gw_main,devB,0,867100000.0,11,125.0,-90.47822822389088,-6.9147917258808675,"(-8.0, -6.0]",72.0,1.642496,0.21739130434782608,2.3950850661625713,5.32900270699433,3,1.0
2124,2020-01-01 00:48:48,gw_main,devC,1,868300000.0,8,125.0,-113.8629437607797,3.4678729381790903,"(2.0, 4.0]",32.0,0.133632,0.9166666666666666,1.0902777777777777,0.23597377777777767,3,1.0
2125,2020-01-01 00:48:49,gw_main,devA,1,867300000.0,9,125.0,-100.66309922895891,5.62677152118242,"(4.0, 6.0]",56.0,0.349184,0.9516129032258065,1.0507284079084287,0.41762595629552546,3,1.0
2126,2020-01-01 00:48:50,gw_main,devC,1,867900000.0,9,125.0,-99.27678472590847,12.715131376511541,"(12.0, 14.0]",34.0,0.24678399999999998,0.9230769230769231,1.0828402366863903,0.3500678816568044,3,1.0
2127,2020-01-01 00:48:51,gw_main,devA,1,867900000.0,8,125.0,-94.58653720185139,7.743165108802183,"(6.0, 8.0]",24.0,0.11315199999999999,0.9850746268656716,1.0151481398975275,0.13001418222321254,3,1.0
2128,2020-01-01 00:48:52,gw_main,devC,1,867100000.0,8,125.0,-108.7362860829622,1.4986840762145137,"(0.0, 2.0]",31.0,0.133632,0.9338842975206612,1.0704869885936752,0.2135383058534252,3,1.0
2129,2020-01-01 00:48:56,gw_main,devC,1,867100000.0,8,125.0,-96.85504314895604,8.780858996112691,"(8.0, 10.0]",57.0,0.195072,0.9722222222222222,1.0285493827160495,0.22919056790123465,3,1.0
2130,2020-01-01 00:48:57,gw_main,devB,1,867100000.0,8,125.0,-94.48688893181932,5.66366384345394,"(4.0, 6.0]",33.0,0.133632,0.975609756097561,1.0249851279000597,0.16195594051160048,3,1.0
2131,2020-01-01 00:49:01,gw_main,devC,1,867300000.0,9,125.0,-90.6645925620164,1.848480808611051,"(0.0, 2.0]",61.0,0.369664,0.8987341772151899,1.1115205896490947,0.5224097369011377,3,1.0
2132,2020-01-01 00:49:02,gw_main,devA,1,867300000.0,9,125.0,-117.14820607835709,-1.3905550541471277,"(-2.0, 0.0]",61.0,0.369664,0.826530612244898,1.203561016243232,0.6484741957517701,3,1.0
2133,2020-01-01 00:49:03,gw_main,devC,1,867300000.0,7,125.0,-96.31609131766669,7.118016972815859,"(6.0, 8.0]",77.0,0.13849599999999998,0.9651162790697675,1.0361005949161708,0.17959638290968077,3,1.0
2134,2020-01-01 00:49:04,gw_main,devA,1,867900000.0,12,125.0,-87.58305894255153,-2.3255647031147944,"(-4.0, -2.0]",69.0,2.957312,0.5,1.75,5.9252959999999995,3,1.0
2135,2020-01-01 00:49:06,gw_main,devA,0,867300000.0,7,125.0,-100.73240385104117,-2.7670292473945155,"(-4.0, -2.0]",27.0,0.066816,0.8152866242038217,1.2188324069941985,0.30026991309992285,3,1.0
2136,2020-01-01 00:49:07,gw_main,devB,0,867900000.0,7,125.0,-105.38009306055335,-11.770035039496083,"(-12.0, -10.0]",25.0,0.061695999999999994,0.2,2.4400000000000004,1.5905382400000003,3,1.0
2137,2020-01-01 00:49:09,gw_main,devC,1,867100000.0,8,125.0,-94.62248433951804,-7.25450674815953,"(-8.0, -6.0]",45.0,0.164352,0.5087719298245614,1.7325330871037241,1.0172783650353954,3,1.0
2138,2020-01-01 00:49:10,gw_main,devA,0,867300000.0,9,125.0,-120.38850105624837,-3.412156316529387,"(-4.0, -2.0]",51.0,0.328704,0.7241379310344828,1.351961950059453,0.7963572508917955,3,1.0
2139,2020-01-01 00:49:12,gw_main,devA,1,867100000.0,7,125.0,-118.44045404526534,4.361943611804249,"(4.0, 6.0]",41.0,0.087296,0.976,1.024576,0.11401738649599992,3,1.0
2140,2020-01-01 00:49:13,gw_main,devB,1,867900000.0,8,125.0,-108.80445918527938,-0.41149669742353223,"(-2.0, 0.0]",20.0,0.10291199999999999,0.926605504587156,1.07878124736975,0.18980078309906573,3,1.0
2141,2020-01-01 00:49:14,gw_main,devC,1,867100000.0,8,125.0,-89.03104949253728,0.09249930218484174,"(0.0, 2.0]",39.0,0.154112,0.9338842975206612,1.0704869885936752,0.23546187937982366,3,1.0
2142,2020-01-01 00:49:15,gw_main,devC,0,868300000.0,9,125.0,-115.44184625189726,-10.076758763391677,"(-12.0, -10.0]",75.0,0.431104,0.23809523809523808,2.3424036281179133,2.3522232018140583,3,1.0
2143,2020-01-01 00:49:17,gw_main,devC,1,867100000.0,7,125.0,-111.46333537693961,-8.857998599286011,"(-10.0, -8.0]",54.0,0.102656,0.32727272727272727,2.1252892561983474,1.343462950082645,3,1.0
2144,2020-01-01 00:49:19,gw_main,devC,1,867100000.0,7,125.0,-108.8396350873931,2.200337960985835,"(2.0, 4.0]",21.0,0.056575999999999994,0.952054794520548,1.0502439482079189,0.1096625498217301,3,1.0
2145,2020-01-01 00:49:20,gw_main,devC,1,867300000.0,8,125.0,-113.04369092267137,-0.104384896411178,"(-2.0, 0.0]",45.0,0.164352,0.926605504587156,1.07878124736975,0.25608110293746317,3,1.0
2146,2020-01-01 00:49:21,gw_main,devA,1,868300000.0,7,125.0,-112.924413336703,12.258862115138406,"(12.0, 14.0]",33.0,0.071936,0.9565217391304348,1.0453686200378072,0.12056825708884687,3,1.0
2147,2020-01-01 00:49:22,gw_main,devC,1,867900000.0,8,125.0,-107.41676810986304,3.166373485353388,"(2.0, 4.0]",23.0,0.11315199999999999,0.9166666666666666,1.0902777777777777,0.21364488888888877,3,1.0
2148,2020-01-01 00:49:26,gw_main,devA,1,867100000.0,8,125.0,-104.79981792909061,5.795509563937392,"(4.0, 6.0]",20.0,0.10291199999999999,0.975609756097561,1.0249851279000597,0.13046839738251062,3,1.0
2149,2020-01-01 00:49:27,gw_main,devB,1,867100000.0,8,125.0,-111.40050537747616,6.60869725004853,"(6.0, 8.0]",79.0,0.25651199999999996,0.9850746268656716,1.0151481398975275,0.27554581955892204,3,1.0
2150,2020-01-01 00:49:29,gw_main,devA,1,867300000.0,11,125.0,-99.35765273966497,6.326937628692933,"(6.0, 8.0]",25.0,0.8232959999999999,0.9473684210526315,1.0554016620498614,0.924309628808864,3,1.0
2151,2020-01-01 00:49:30,gw_main,devC,1,867100000.0,9,125.0,-113.76365412088325,3.0829392061630623,"(2.0, 4.0]",73.0,0.431104,0.9358974358974359,1.0682117028270874,0.528722040762656,3,1.0
2152,2020-01-01 00:49:31,gw_main,devB,1,867100000.0,11,125.0,-105.72075049058363,5.764200436253603,"(4.0, 6.0]",64.0,1.560576,0.8571428571428571,1.1632653061224492,1.9786292244897963,3,1.0
2153,2020-01-01 00:49:32,gw_main,devC,1,867900000.0,7,125.0,-110.82417978792519,2.7970726844806437,"(2.0, 4.0]",55.0,0.107776,0.952054794520548,1.0502439482079189,0.16343503996997555,3,1.0
2154,2020-01-01 00:49:33,gw_main,devC,0,868300000.0,11,125.0,-94.87402132166727,-7.465618337819249,"(-8.0, -6.0]",38.0,1.069056,0.21739130434782608,2.3950850661625713,3.955565126654065,3,1.0
2155,2020-01-01 00:49:34,gw_main,devB,0,867300000.0,7,125.0,-128.00638212601055,-7.037498704995395,"(-8.0, -6.0]",47.0,0.092416,0.5533980582524272,1.6460552361202754,0.7981770768215668,3,1.0
2156,2020-01-01 00:49:35,gw_main,devA,1,868300000.0,10,125.0,-118.68302759322846,10.947543174869697,"(10.0, 12.0]",41.0,0.534528,0.9,1.11,0.7033260800000002,3,1.0
2157,2020-01-01 00:49:36,gw_main,devA,1,867900000.0,7,125.0,-93.25631004380489,1.5145432118822786,"(0.0, 2.0]",36.0,0.077056,0.9215686274509803,1.0845828527489427,0.16815646905036524,3,1.0
2158,2020-01-01 00:49:37,gw_main,devC,0,867300000.0,10,125.0,-116.78332859719845,-8.503532964953202,"(-10.0, -8.0]",38.0,0.49356799999999995,0.18181818181818182,2.487603305785124,2.7154046942148757,3,1.0
2159,2020-01-01 00:49:38,gw_main,devB,1,867900000.0,9,125.0,-113.16015411891965,2.0887920006486453,"(2.0, 4.0]",52.0,0.328704,0.9358974358974359,1.0682117028270874,0.4193371623931624,3,1.0
2160,2020-01-01 00:49:40,gw_main,devA,0,868300000.0,8,125.0,-127.10292854897702,-11.060483734809967,"(-12.0, -10.0]",27.0,0.12339199999999999,0.18181818181818182,2.487603305785124,1.7945536528925619,3,1.0
2161,2020-01-01 00:49:42,gw_main,devB,1,868300000.0,7,125.0,-99.86293412762868,-9.616000165216873,"(-10.0, -8.0]",63.0,0.118016,0.32727272727272727,2.1252892561983474,1.3761073930578516,3,1.0
2162,2020-01-01 00:49:43,gw_main,devB,1,868300000.0,7,125.0,-103.22832919865981,1.6307552557719336,"(0.0, 2.0]",58.0,0.112896,0.9215686274509803,1.0845828527489427,0.20702791849288738,3,1.0
2163,2020-01-01 00:49:44,gw_main,devC,1,867900000.0,9,125.0,-117.23603652145334,-0.28843330868081335,"(-2.0, 0.0]",21.0,0.18534399999999998,0.826530612244898,1.203561016243232,0.42663382923781756,3,1.0
2164,2020-01-01 00:49:47,gw_main,devA,1,868300000.0,7,125.0,-107.75560355253727,3.6067825608780293,"(2.0, 4.0]",64.0,0.118016,0.952054794520548,1.0502439482079189,0.17418953799962464,3,1.0
2165,2020-01-01 00:49:48,gw_main,devB,0,868300000.0,7,125.0,-114.48520321956008,-12.615044637209973,"(-14.0, -12.0]",25.0,0.061695999999999994,0.2916666666666667,2.210069444444444,1.3464218888888886,3,1.0
2166,2020-01-01 00:49:49,gw_main,devA,1,868300000.0,7,125.0,-98.00686933480509,-1.8069070928699031,"(-2.0, 0.0]",55.0,0.107776,0.8554216867469879,1.165481201916098,0.29109210393380747,3,1.0
2167,2020-01-01 00:49:50,gw_main,devA,0,867900000.0,8,125.0,-108.73749425399615,-4.967487902125707,"(-6.0, -4.0]",65.0,0.215552,0.6025641025641025,1.5553911900065749,0.8906588717948721,3,1.0
2168,2020-01-01 00:49:52,gw_main,devC,1,867900000.0,8,125.0,-113.82211213607167,-3.2832076683540024,"(-4.0, -2.0]",64.0,0.215552,0.7203389830508474,1.3578713013501866,0.650563176098822,3,1.0
2169,2020-01-01 00:49:53,gw_main,devA,1,867100000.0,9,125.0,-97.76501098985744,-0.7372325867656271,"(-2.0, 0.0]",57.0,0.349184,0.826530612244898,1.203561016243232,0.6238252661391086,3,1.0
2170,2020-01-01 00:49:54,gw_main,devB,1,867900000.0,7,125.0,-107.57873558518685,-1.5981387393576942,"(-2.0, 0.0]",46.0,0.092416,0.8554216867469879,1.165481201916098,0.27319031267237615,3,1.0
2171,2020-01-01 00:49:56,gw_main,devA,1,867100000.0,10,125.0,-100.27266641829254,-2.8988970878556315,"(-4.0, -2.0]",49.0,0.575488,0.6428571428571429,1.4846938775510203,1.339117387755102,3,1.0
2172,2020-01-01 00:49:59,gw_main,devC,0,867100000.0,9,125.0,-106.24950067821204,-10.122557870987462,"(-12.0, -10.0]",63.0,0.390144,0.23809523809523808,2.3424036281179133,2.2562783492063483,3,1.0
2173,2020-01-01 00:50:00,gw_main,devB,0,867100000.0,11,125.0,-111.82329283308087,1.6514494164724307,"(0.0, 2.0]",50.0,1.314816,0.7368421052631579,1.332409972299169,2.084283922437673,3,1.0
2174,2020-01-01 00:50:02,gw_main,devA,1,867900000.0,10,125.0,-112.70898540673646,2.7842646125711616,"(2.0, 4.0]",34.0,0.45260799999999995,0.9767441860465116,1.0237966468361277,0.48717519956733374,3,1.0
2175,2020-01-01 00:50:04,gw_main,devC,1,867300000.0,9,125.0,-118.92514400970208,5.98856955145248,"(4.0, 6.0]",62.0,0.369664,0.9516129032258065,1.0507284079084287,0.4391448740894901,3,1.0
2176,2020-01-01 00:50:08,gw_main,devC,1,867900000.0,9,125.0,-95.62187563091506,-0.6522030403243491,"(-2.0, 0.0]",67.0,0.410624,0.826530612244898,1.203561016243232,0.6977720549770928,3,1.0
2177,2020-01-01 00:50:10,gw_main,devB,1,867900000.0,11,125.0,-111.92401889730905,3.7429909541300708,"(2.0, 4.0]",40.0,1.069056,0.9523809523809523,1.0498866213151927,1.1722742131519275,3,1.0
2178,2020-01-01 00:50:11,gw_main,devA,0,867900000.0,7,125.0,-115.26531067013106,-0.13499562635094595,"(-2.0, 0.0]",28.0,0.066816,0.8554216867469879,1.165481201916098,0.24335399390332407,3,1.0
2179,2020-01-01 00:50:12,gw_main,devA,1,867300000.0,10,125.0,-101.18499449252786,5.597433334073834,"(4.0, 6.0]",68.0,0.739328,0.9736842105263158,1.0270083102493075,0.7863043102493075,3,1.0
2180,2020-01-01 00:50:14,gw_main,devB,1,867300000.0,7,125.0,-108.6275352195786,5.375903422802797,"(4.0, 6.0]",62.0,0.118016,0.976,1.024576,0.1454923612159999,3,1.0
2181,2020-01-01 00:50:16,gw_main,devC,0,868300000.0,8,125.0,-88.73903348817863,-9.445043956302746,"(-10.0, -8.0]",68.0,0.225792,0.2653061224489796,2.2744689712619737,1.7880258692211572,3,1.0
2182,2020-01-01 00:50:17,gw_main,devA,1,867300000.0,8,125.0,-120.63209657584828,4.654322679699211,"(4.0, 6.0]",58.0,0.195072,0.975609756097561,1.0249851279000597,0.22493102676978013,3,1.0
2183,2020-01-01 00:50:18,gw_main,devB,0,867100000.0,7,125.0,-102.08558839872362,-8.340494676756022,"(-10.0, -8.0]",35.0,0.077056,0.32727272727272727,2.1252892561983474,1.2890555451239674,3,1.0
2184,2020-01-01 00:50:20,gw_main,devA,1,868300000.0,12,125.0,-104.51966602704702,-0.5886165120925914,"(-2.0, 0.0]",35.0,1.8104319999999998,0.7,1.3900000000000001,2.90650048,3,1.0
2185,2020-01-01 00:50:21,gw_main,devB,1,867300000.0,8,125.0,-86.58346171972823,-2.927705043926779,"(-4.0, -2.0]",52.0,0.184832,0.7203389830508474,1.3578713013501866,0.6088493697213444,3,1.0
2186,2020-01-01 00:50:22,gw_main,devC,1,867300000.0,9,125.0,-105.95859595080167,-2.7209368430926997,"(-4.0, -2.0]",25.0,0.20582399999999998,0.7241379310344828,1.351961950059453,0.6302281664684899,3,1.0
2187,2020-01-01 00:50:23,gw_main,devA,1,867100000.0,9,125.0,-104.45387446343598,8.355759271068859,"(8.0, 10.0]",27.0,0.22630399999999998,0.9655172413793104,1.0356718192627823,0.270048494649227,3,1.0
2188,2020-01-01 00:50:24,gw_main,devB,0,867300000.0,7,125.0,-98.87454271794208,-15.177609050998196,"(-16.0, -14.0]",25.0,0.061695999999999994,0.1,2.71,1.87719616,3,1.0
2189,2020-01-01 00:50:25,gw_main,devC,1,867300000.0,11,125.0,-112.48885507338245,5.303241808336974,"(4.0, 6.0]",73.0,1.724416,0.8571428571428571,1.1632653061224492,2.169218612244898,3,1.0
2190,2020-01-01 00:50:26,gw_main,devA,1,867100000.0,7,125.0,-105.65714681877083,13.771034056761394,"(12.0, 14.0]",47.0,0.092416,0.9565217391304348,1.0453686200378072,0.14197740642722118,3,1.0
2191,2020-01-01 00:50:28,gw_main,devA,1,867900000.0,7,125.0,-111.97579560240649,-0.11384877287650635,"(-2.0, 0.0]",78.0,0.13849599999999998,0.8554216867469879,1.165481201916098,0.32689568645666994,3,1.0
2192,2020-01-01 00:50:30,gw_main,devC,1,867300000.0,7,125.0,-96.02386983810722,10.973127243408115,"(10.0, 12.0]",43.0,0.087296,0.9696969696969697,1.0312213039485765,0.12124279889807141,3,1.0
2193,2020-01-01 00:50:31,gw_main,devB,1,868300000.0,9,125.0,-116.47452788969807,-7.128293694714016,"(-8.0, -6.0]",51.0,0.328704,0.41304347826086957,1.9314744801512285,1.5663578676748577,3,1.0
2194,2020-01-01 00:50:32,gw_main,devB,1,867300000.0,8,125.0,-107.00411563118625,0.5261360013313563,"(0.0, 2.0]",24.0,0.11315199999999999,0.9338842975206612,1.0704869885936752,0.19161473232702672,3,1.0
2195,2020-01-01 00:50:34,gw_main,devA,1,867900000.0,11,125.0,-112.40801201953656,3.3562876610387917,"(2.0, 4.0]",34.0,0.9871359999999999,0.9523809523809523,1.0498866213151927,1.0862675011337868,3,1.0
2196,2020-01-01 00:50:35,gw_main,devC,1,868300000.0,9,125.0,-96.70534163253903,0.9551201785770744,"(0.0, 2.0]",70.0,0.410624,0.8987341772151899,1.1115205896490947,0.5679376202531645,3,1.0
2197,2020-01-01 00:50:36,gw_main,devA,1,867100000.0,8,125.0,-94.7054149280255,3.957918694505281,"(2.0, 4.0]",60.0,0.205312,0.9166666666666666,1.0902777777777777,0.3141248888888888,3,1.0
2198,2020-01-01 00:50:37,gw_main,devB,1,867100000.0,11,125.0,-110.9691797065282,-2.529796091529257,"(-4.0, -2.0]",72.0,1.642496,0.7407407407407407,1.3264746227709192,2.505203884773663,3,1.0
2199,2020-01-01 00:50:38,gw_main,devB,1,867300000.0,8,125.0,-103.6159671291902,0.294012933411125,"(0.0, 2.0]",53.0,0.184832,0.9338842975206612,1.0704869885936752,0.26834723966942137,3,1.0
2200,2020-01-01 00:50:41,gw_main,devB,0,867100000.0,11,125.0,-101.57688641317974,-0.8492390440374684,"(-2.0, 0.0]",60.0,1.478656,0.7209302325581395,1.3569497025419146,2.363411521903732,3,1.0
2201,2020-01-01 00:50:42,gw_main,devC,0,867100000.0,7,125.0,-107.21773542719312,-0.8520594304763045,"(-2.0, 0.0]",30.0,0.071936,0.8554216867469879,1.165481201916098,0.24932125765713448,3,1.0
2202,2020-01-01 00:50:43,gw_main,devA,1,868300000.0,8,125.0,-104.24472073988449,-7.03490245341617,"(-8.0, -6.0]",42.0,0.154112,0.5087719298245614,1.7325330871037241,0.9995372262234532,3,1.0
2203,2020-01-01 00:50:44,gw_main,devC,1,867900000.0,7,125.0,-109.83877361670815,9.420350275852657,"(8.0, 10.0]",64.0,0.118016,0.9811320754716981,1.0192239231043076,0.1395086536133856,3,1.0
2204,2020-01-01 00:50:45,gw_main,devC,1,867900000.0,11,125.0,-95.00396003280413,-0.8105045413174146,"(-2.0, 0.0]",23.0,0.8232959999999999,0.7209302325581395,1.3569497025419146,1.4741209648458626,3,1.0
2205,2020-01-01 00:50:46,gw_main,devA,0,867100000.0,7,125.0,-97.34321893357672,-8.302204577481296,"(-10.0, -8.0]",32.0,0.071936,0.32727272727272727,2.1252892561983474,1.2781740641322317,3,1.0
2206,2020-01-01 00:50:47,gw_main,devC,1,868300000.0,10,125.0,-111.39888512896083,6.60920755572535,"(6.0, 8.0]",56.0,0.657408,0.9666666666666667,1.0344444444444445,0.7144964977777779,3,1.0
2207,2020-01-01 00:50:48,gw_main,devC,0,867100000.0,7,125.0,-100.7302623934041,-4.489696922466939,"(-6.0, -4.0]",60.0,0.112896,0.6124031007751938,1.537828255513491,0.7114429142479421,3,1.0
2208,2020-01-01 00:50:49,gw_main,devA,1,867300000.0,9,125.0,-81.86415202536921,3.049688008467987,"(2.0, 4.0]",38.0,0.267264,0.9358974358974359,1.0682117028270874,0.3537062353714661,3,1.0
2209,2020-01-01 00:50:52,gw_main,devA,1,867900000.0,7,125.0,-81.51175908392557,1.0261265170888174,"(0.0, 2.0]",63.0,0.118016,0.9215686274509803,1.0845828527489427,0.21258098269896195,3,1.0
2210,2020-01-01 00:50:54,gw_main,devA,1,867300000.0,7,125.0,-98.39479905132453,0.24567772303284824,"(0.0, 2.0]",64.0,0.118016,0.9215686274509803,1.0845828527489427,0.21258098269896195,3,1.0
2211,2020-01-01 00:50:55,gw_main,devA,1,868300000.0,7,125.0,-125.52204721049897,12.198552322311166,"(12.0, 14.0]",44.0,0.092416,0.9565217391304348,1.0453686200378072,0.14197740642722118,3,1.0
2212,2020-01-01 00:50:57,gw_main,devB,1,867900000.0,7,125.0,-99.76907099828973,0.39574264009622545,"(0.0, 2.0]",69.0,0.12825599999999998,0.9215686274509803,1.0845828527489427,0.22368711111111111,3,1.0
2213,2020-01-01 00:50:58,gw_main,devA,1,867300000.0,11,125.0,-98.03685399780096,2.6098888356749494,"(2.0, 4.0]",67.0,1.560576,0.9523809523809523,1.0498866213151927,1.688314485260771,3,1.0
2214,2020-01-01 00:51:01,gw_main,devB,1,867100000.0,8,125.0,-95.47923141234256,12.953495474029765,"(12.0, 14.0]",43.0,0.164352,0.9375,1.06640625,0.24167225,3,1.0
2215,2020-01-01 00:51:02,gw_main,devC,1,868300000.0,7,125.0,-99.1561081706535,-2.2290224051568734,"(-4.0, -2.0]",47.0,0.092416,0.8152866242038217,1.2188324069941985,0.33147202271897436,3,1.0
2216,2020-01-01 00:51:03,gw_main,devB,1,867900000.0,7,125.0,-108.08355624393084,12.473970969616449,"(12.0, 14.0]",60.0,0.112896,0.9565217391304348,1.0453686200378072,0.16338655576559546,3,1.0
2217,2020-01-01 00:51:04,gw_main,devB,1,868300000.0,9,125.0,-107.06010765489842,3.214579861777356,"(2.0, 4.0]",77.0,0.451584,0.9358974358974359,1.0682117028270874,0.5505990164365548,3,1.0
2218,2020-01-01 00:51:05,gw_main,devC,1,868300000.0,9,125.0,-105.23768466133413,0.45684636217267643,"(0.0, 2.0]",25.0,0.20582399999999998,0.8987341772151899,1.1115205896490947,0.34029820349302997,3,1.0
2219,2020-01-01 00:51:06,gw_main,devA,1,868300000.0,9,125.0,-107.53413281469663,2.855823072290667,"(2.0, 4.0]",63.0,0.390144,0.9358974358974359,1.0682117028270874,0.48496808941485864,3,1.0
2220,2020-01-01 00:51:07,gw_main,devA,1,867100000.0,12,125.0,-113.09903087172866,3.8100326727364004,"(2.0, 4.0]",58.0,2.629632,0.782608695652174,1.2646502835538753,3.5902151379962195,3,1.0
2221,2020-01-01 00:51:09,gw_main,devC,1,868300000.0,10,125.0,-106.49817934322067,2.6148950729818,"(2.0, 4.0]",53.0,0.616448,0.9767441860465116,1.0237966468361277,0.654914042184965,3,1.0
2222,2020-01-01 00:51:10,gw_main,devC,1,868300000.0,8,125.0,-113.91371458517085,0.8676637647011127,"(0.0, 2.0]",72.0,0.236032,0.9338842975206612,1.0704869885936752,0.32315617348541753,3,1.0
2223,2020-01-01 00:51:11,gw_main,devC,1,868300000.0,9,125.0,-108.89488163191447,1.057725101602674,"(0.0, 2.0]",70.0,0.410624,0.8987341772151899,1.1115205896490947,0.5679376202531645,3,1.0
2224,2020-01-01 00:51:12,gw_main,devA,1,867300000.0,7,125.0,-117.14942792901797,8.111479932473873,"(8.0, 10.0]",41.0,0.087296,0.9811320754716981,1.0192239231043076,0.10819809469562129,3,1.0
2225,2020-01-01 00:51:14,gw_main,devB,1,867900000.0,7,125.0,-109.39520340276137,-6.012129319935619,"(-8.0, -6.0]",62.0,0.118016,0.5533980582524272,1.6460552361202754,0.8403160908662458,3,1.0
2226,2020-01-01 00:51:15,gw_main,devA,0,868300000.0,12,125.0,-107.72476429246042,-3.813772783555775,"(-4.0, -2.0]",62.0,2.793472,0.5,1.75,5.638576,3,1.0
2227,2020-01-01 00:51:16,gw_main,devB,1,867300000.0,7,125.0,-85.9579021220822,1.984492944464253,"(0.0, 2.0]",37.0,0.082176,0.9215686274509803,1.0845828527489427,0.17370953325643984,3,1.0
2228,2020-01-01 00:51:18,gw_main,devA,1,867900000.0,8,125.0,-96.11059246553826,-2.2589221163877724,"(-4.0, -2.0]",27.0,0.12339199999999999,0.7203389830508474,1.3578713013501866,0.5254217569663888,3,1.0
2229,2020-01-01 00:51:19,gw_main,devB,0,867300000.0,10,125.0,-101.09358323192731,-5.735517490314021,"(-6.0, -4.0]",61.0,0.698368,0.5,1.75,1.972144,3,1.0
2230,2020-01-01 00:51:20,gw_main,devC,1,867300000.0,8,125.0,-102.85846411078352,-1.5698571571308397,"(-2.0, 0.0]",60.0,0.205312,0.926605504587156,1.07878124736975,0.3002679828297281,3,1.0
2231,2020-01-01 00:51:22,gw_main,devB,1,868300000.0,9,125.0,-99.76512852579705,5.970969698325627,"(4.0, 6.0]",27.0,0.22630399999999998,0.9516129032258065,1.0507284079084287,0.2885124495317377,3,1.0
2232,2020-01-01 00:51:25,gw_main,devC,1,867100000.0,7,125.0,-99.5369028225552,-0.45848032433279395,"(-2.0, 0.0]",73.0,0.133376,0.8554216867469879,1.165481201916098,0.32092842270285954,3,1.0
2233,2020-01-01 00:51:27,gw_main,devB,1,867300000.0,8,125.0,-120.01841530102132,6.009912534602285,"(6.0, 8.0]",75.0,0.246272,0.9850746268656716,1.0151481398975275,0.26515070260637136,3,1.0
2234,2020-01-01 00:51:28,gw_main,devB,1,867300000.0,9,125.0,-112.60999142816259,2.980334590934724,"(2.0, 4.0]",33.0,0.24678399999999998,0.9358974358974359,1.0682117028270874,0.3318292596975674,3,1.0
2235,2020-01-01 00:51:30,gw_main,devB,0,868300000.0,8,125.0,-97.1151670019336,-16.946964121427587,"(-18.0, -16.0]",45.0,0.164352,0.793416572077185,1.249260140615156,0.45457854324553815,3,1.0
2236,2020-01-01 00:51:32,gw_main,devA,1,867100000.0,12,125.0,-94.56993469468037,1.0693097661758502,"(0.0, 2.0]",56.0,2.629632,0.8,1.24,3.5007436800000002,3,1.0
2237,2020-01-01 00:51:33,gw_main,devA,1,868300000.0,8,125.0,-98.42861725834948,11.53471922973017,"(10.0, 12.0]",76.0,0.246272,0.9583333333333334,1.0434027777777777,0.30036366666666653,3,1.0
2238,2020-01-01 00:51:34,gw_main,devA,0,868300000.0,11,125.0,-119.60087298408428,-8.278497306150257,"(-10.0, -8.0]",68.0,1.642496,0.23809523809523808,2.3424036281179133,5.1897922176870726,3,1.0
2239,2020-01-01 00:51:36,gw_main,devC,1,867300000.0,8,125.0,-102.4644401645132,-1.5074664335245016,"(-2.0, 0.0]",37.0,0.143872,0.926605504587156,1.07878124736975,0.23398766299133067,3,1.0
2240,2020-01-01 00:51:38,gw_main,devB,0,868300000.0,8,125.0,-111.29510427370354,-15.23907849317682,"(-16.0, -14.0]",20.0,0.10291199999999999,0.125,2.640625,1.912377,3,1.0
2241,2020-01-01 00:51:39,gw_main,devA,1,867300000.0,7,125.0,-102.93219771701432,0.8341822890564914,"(0.0, 2.0]",78.0,0.13849599999999998,0.9215686274509803,1.0845828527489427,0.23479323952326028,3,1.0
2242,2020-01-01 00:51:40,gw_main,devC,1,868300000.0,10,125.0,-108.25779360150781,-2.0623923235864687,"(-4.0, -2.0]",41.0,0.534528,0.6428571428571429,1.4846938775510203,1.2783043265306122,3,1.0
2243,2020-01-01 00:51:41,gw_main,devB,1,867300000.0,9,125.0,-111.92456286924467,4.094576460928692,"(4.0, 6.0]",23.0,0.20582399999999998,0.9516129032258065,1.0507284079084287,0.26699353173777307,3,1.0
2244,2020-01-01 00:51:42,gw_main,devB,1,867900000.0,8,125.0,-118.3622515060022,0.5473517265406358,"(0.0, 2.0]",45.0,0.164352,0.9338842975206612,1.0704869885936752,0.24642366614302288,3,1.0
2245,2020-01-01 00:51:44,gw_main,devA,1,867900000.0,10,125.0,-118.27481051220244,5.681925823734171,"(4.0, 6.0]",34.0,0.45260799999999995,0.9736842105263158,1.0270083102493075,0.491840487534626,3,1.0
2246,2020-01-01 00:51:45,gw_main,devA,1,867300000.0,9,125.0,-109.54801804488348,4.167772435809529,"(4.0, 6.0]",34.0,0.24678399999999998,0.9516129032258065,1.0507284079084287,0.31003136732570236,3,1.0
2247,2020-01-01 00:51:46,gw_main,devB,1,867900000.0,10,125.0,-95.76405249400472,3.580609176775975,"(2.0, 4.0]",75.0,0.821248,0.9767441860465116,1.0237966468361277,0.8645875954570039,3,1.0
2248,2020-01-01 00:51:48,gw_main,devC,1,867900000.0,7,125.0,-114.28982303081035,6.605804647505907,"(6.0, 8.0]",33.0,0.071936,0.9651162790697675,1.0361005949161708,0.11063352731206046,3,1.0
2249,2020-01-01 00:51:49,gw_main,devB,1,867300000.0,9,125.0,-116.03880392590587,-0.1308700134354462,"(-2.0, 0.0]",30.0,0.22630399999999998,0.826530612244898,1.203561016243232,0.4759316884631403,3,1.0
2250,2020-01-01 00:51:50,gw_main,devC,0,867300000.0,8,125.0,-95.21183930516577,-8.145944836611283,"(-10.0, -8.0]",21.0,0.10291199999999999,0.2653061224489796,2.2744689712619737,1.508539122032486,3,1.0
2251,2020-01-01 00:51:51,gw_main,devB,0,867100000.0,8,125.0,-98.64114869488174,-8.309773632893359,"(-10.0, -8.0]",67.0,0.225792,0.2653061224489796,2.2744689712619737,1.7880258692211572,3,1.0
2252,2020-01-01 00:51:53,gw_main,devB,1,867300000.0,9,125.0,-118.2651437765051,4.262684634966533,"(4.0, 6.0]",59.0,0.369664,0.9516129032258065,1.0507284079084287,0.4391448740894901,3,1.0
2253,2020-01-01 00:51:54,gw_main,devC,1,868300000.0,12,125.0,-99.91649473737353,0.6121760852579595,"(0.0, 2.0]",52.0,2.465792,0.8,1.24,3.2975820799999997,3,1.0
2254,2020-01-01 00:51:55,gw_main,devC,1,867300000.0,8,125.0,-90.97046180855857,-2.607889531197456,"(-4.0, -2.0]",26.0,0.11315199999999999,0.7203389830508474,1.3578713013501866,0.5115171548405629,3,1.0
2255,2020-01-01 00:51:56,gw_main,devC,1,867300000.0,8,125.0,-110.6587140787885,0.18934258764159173,"(0.0, 2.0]",77.0,0.246272,0.9338842975206612,1.0704869885936752,0.3341179602486168,3,1.0
2256,2020-01-01 00:51:57,gw_main,devB,1,867100000.0,9,125.0,-97.03646392926635,0.14876526036275542,"(0.0, 2.0]",45.0,0.308224,0.8987341772151899,1.1115205896490947,0.4541179118730973,3,1.0
2257,2020-01-01 00:51:58,gw_main,devA,1,867300000.0,9,125.0,-120.25768778800895,-2.020552237546872,"(-4.0, -2.0]",41.0,0.287744,0.7241379310344828,1.351961950059453,0.7409808894173604,3,1.0
2258,2020-01-01 00:51:59,gw_main,devB,1,867100000.0,8,125.0,-120.9419303976704,-4.194149561125554,"(-6.0, -4.0]",67.0,0.225792,0.6025641025641025,1.5553911900065749,0.9065860775805394,3,1.0
2259,2020-01-01 00:52:00,gw_main,devC,1,867100000.0,9,125.0,-117.12192355369848,12.985901114929284,"(12.0, 14.0]",44.0,0.287744,0.9230769230769231,1.0828402366863903,0.394421017751479,3,1.0
2260,2020-01-01 00:52:01,gw_main,devB,1,868300000.0,9,125.0,-101.1928785359597,1.3713596301135746,"(0.0, 2.0]",37.0,0.267264,0.8987341772151899,1.1115205896490947,0.4085900285210704,3,1.0
2261,2020-01-01 00:52:04,gw_main,devB,0,868300000.0,9,125.0,-121.8299189975592,-4.354162018159683,"(-6.0, -4.0]",72.0,0.431104,0.4411764705882353,1.871107266435986,1.6777490934256054,3,1.0
2262,2020-01-01 00:52:06,gw_main,devC,1,867100000.0,10,125.0,-109.46856525272958,4.550302311110022,"(4.0, 6.0]",28.0,0.41164799999999996,0.9736842105263158,1.0270083102493075,0.44977422714681436,3,1.0
2263,2020-01-01 00:52:07,gw_main,devA,1,867100000.0,9,125.0,-81.4988107396947,-1.3101212708300853,"(-2.0, 0.0]",31.0,0.24678399999999998,0.826530612244898,1.203561016243232,0.5005806180758017,3,1.0
2264,2020-01-01 00:52:08,gw_main,devC,0,867900000.0,10,125.0,-103.39458880450174,0.3102641633853272,"(0.0, 2.0]",57.0,0.657408,0.8888888888888888,1.1234567901234567,0.862026271604938,3,1.0
2265,2020-01-01 00:52:10,gw_main,devA,1,867900000.0,7,125.0,-106.10676239384551,-6.647017797815845,"(-8.0, -6.0]",33.0,0.071936,0.5533980582524272,1.6460552361202754,0.7644658655858235,3,1.0
2266,2020-01-01 00:52:12,gw_main,devA,1,868300000.0,9,125.0,-91.66484377921361,2.2358118617864076,"(2.0, 4.0]",40.0,0.287744,0.9358974358974359,1.0682117028270874,0.3755832110453649,3,1.0
2267,2020-01-01 00:52:13,gw_main,devC,1,867300000.0,7,125.0,-103.74954464200621,14.858131518178844,"(14.0, 16.0]",54.0,0.102656,0.9090909090909091,1.0991735537190082,0.21201031404958665,3,1.0
2268,2020-01-01 00:52:14,gw_main,devB,1,867900000.0,11,125.0,-94.33863828023378,-4.537021724047446,"(-6.0, -4.0]",24.0,0.8232959999999999,0.3939393939393939,1.9733700642791552,2.5980377447199263,3,1.0
2269,2020-01-01 00:52:15,gw_main,devC,1,868300000.0,9,125.0,-113.08244244042523,-0.8252002101788021,"(-2.0, 0.0]",54.0,0.349184,0.826530612244898,1.203561016243232,0.6238252661391086,3,1.0
2270,2020-01-01 00:52:16,gw_main,devC,1,867300000.0,8,125.0,-112.79819067168663,5.29782131072456,"(4.0, 6.0]",59.0,0.205312,0.975609756097561,1.0249851279000597,0.23542687447947674,3,1.0
2271,2020-01-01 00:52:17,gw_main,devC,1,867300000.0,9,125.0,-104.4345473507813,-1.470568365400115,"(-2.0, 0.0]",61.0,0.369664,0.826530612244898,1.203561016243232,0.6484741957517701,3,1.0
2272,2020-01-01 00:52:18,gw_main,devC,1,867100000.0,7,125.0,-105.0954452062669,-8.32617016737678,"(-10.0, -8.0]",46.0,0.092416,0.32727272727272727,2.1252892561983474,1.3216999880991738,3,1.0
2273,2020-01-01 00:52:19,gw_main,devC,0,867300000.0,9,125.0,-114.3047976165644,-5.693217731392985,"(-6.0, -4.0]",57.0,0.349184,0.4411764705882353,1.871107266435986,1.5244679861591695,3,1.0
2274,2020-01-01 00:52:20,gw_main,devA,1,867100000.0,11,125.0,-101.0090735114097,0.6045003938444636,"(0.0, 2.0]",22.0,0.7413759999999999,0.7368421052631579,1.332409972299169,1.3202267479224374,3,1.0
2275,2020-01-01 00:52:21,gw_main,devC,1,867900000.0,7,125.0,-95.09034500188969,2.060203973443252,"(2.0, 4.0]",60.0,0.112896,0.952054794520548,1.0502439482079189,0.1688122889848001,3,1.0
2276,2020-01-01 00:52:22,gw_main,devB,1,867100000.0,11,125.0,-109.01935105928928,-0.567631959525019,"(-2.0, 0.0]",21.0,0.7413759999999999,0.7209302325581395,1.3569497025419146,1.362959645213629,3,1.0
2277,2020-01-01 00:52:23,gw_main,devB,1,867300000.0,7,125.0,-110.36221770359494,6.0209107371715,"(6.0, 8.0]",78.0,0.13849599999999998,0.9651162790697675,1.0361005949161708,0.17959638290968077,3,1.0
2278,2020-01-01 00:52:25,gw_main,devC,1,867100000.0,11,125.0,-100.8979693490185,1.9366748632783395,"(0.0, 2.0]",79.0,1.806336,0.7368421052631579,1.332409972299169,2.7391900720221605,3,1.0
2279,2020-01-01 00:52:26,gw_main,devB,1,868300000.0,10,125.0,-106.96327131387706,0.1613514321109656,"(0.0, 2.0]",60.0,0.698368,0.8888888888888888,1.1234567901234567,0.9080430617283949,3,1.0
2280,2020-01-01 00:52:27,gw_main,devA,0,868300000.0,8,125.0,-101.8064866940699,-1.517353953657811,"(-2.0, 0.0]",57.0,0.195072,0.926605504587156,1.07878124736975,0.2892212628566619,3,1.0
2281,2020-01-01 00:52:28,gw_main,devB,1,868300000.0,12,125.0,-95.65318838348739,3.306150788554248,"(2.0, 4.0]",78.0,3.284992,0.782608695652174,1.2646502835538753,4.419016347826087,3,1.0
2282,2020-01-01 00:52:29,gw_main,devB,1,867100000.0,7,125.0,-108.61399873143375,5.517755482866679,"(4.0, 6.0]",42.0,0.087296,0.976,1.024576,0.11401738649599992,3,1.0
2283,2020-01-01 00:52:31,gw_main,devA,1,867900000.0,8,125.0,-108.59107515217617,2.699989400540368,"(2.0, 4.0]",72.0,0.236032,0.9166666666666666,1.0902777777777777,0.3476182222222221,3,1.0
2284,2020-01-01 00:52:32,gw_main,devB,1,867300000.0,10,125.0,-92.2855193507593,-1.9458790937170916,"(-2.0, 0.0]",61.0,0.698368,0.7575757575757576,1.3011937557392104,1.2099058365472912,3,1.0
2285,2020-01-01 00:52:33,gw_main,devC,0,867100000.0,7,125.0,-106.93143573574217,-8.469297475719465,"(-10.0, -8.0]",63.0,0.118016,0.32727272727272727,2.1252892561983474,1.3761073930578516,3,1.0
2286,2020-01-01 00:52:35,gw_main,devA,1,867100000.0,8,125.0,-108.66153965002214,4.594596032398782,"(4.0, 6.0]",75.0,0.246272,0.975609756097561,1.0249851279000597,0.2774102653182632,3,1.0
2287,2020-01-01 00:52:36,gw_main,devA,1,867900000.0,7,125.0,-97.69091900052253,2.682018091444254,"(2.0, 4.0]",30.0,0.071936,0.952054794520548,1.0502439482079189,0.12579429686620375,3,1.0
2288,2020-01-01 00:52:39,gw_main,devB,1,867100000.0,11,125.0,-97.22391894767019,5.188642427266663,"(4.0, 6.0]",23.0,0.8232959999999999,0.8571428571428571,1.1632653061224492,1.120976979591837,3,1.0
2289,2020-01-01 00:52:41,gw_main,devB,1,867900000.0,8,125.0,-94.87479613031985,5.966700988589145,"(4.0, 6.0]",46.0,0.164352,0.975609756097561,1.0249851279000597,0.1934434836406903,3,1.0
2290,2020-01-01 00:52:42,gw_main,devB,1,867300000.0,12,125.0,-101.05423327231757,-3.6512816802183536,"(-4.0, -2.0]",24.0,1.4827519999999998,0.5,1.75,3.344816,3,1.0
2291,2020-01-01 00:52:43,gw_main,devB,0,867900000.0,7,125.0,-106.44343024164412,-1.1073949665572491,"(-2.0, 0.0]",46.0,0.092416,0.8554216867469879,1.165481201916098,0.27319031267237615,3,1.0
2292,2020-01-01 00:52:44,gw_main,devC,0,867100000.0,9,125.0,-115.12014357182078,0.7786364382141325,"(0.0, 2.0]",79.0,0.451584,0.8987341772151899,1.1115205896490947,0.6134655036051915,3,1.0
2293,2020-01-01 00:52:45,gw_main,devB,1,868300000.0,7,125.0,-96.85429339624956,-5.91521214178174,"(-6.0, -4.0]",52.0,0.102656,0.6124031007751938,1.537828255513491,0.6956955529114839,3,1.0
2294,2020-01-01 00:52:46,gw_main,devA,1,867100000.0,11,125.0,-94.5156163256554,2.8457310906259523,"(2.0, 4.0]",38.0,1.069056,0.9523809523809523,1.0498866213151927,1.1722742131519275,3,1.0
2295,2020-01-01 00:52:49,gw_main,devB,1,867100000.0,7,125.0,-101.64221879107323,11.835325299615512,"(10.0, 12.0]",69.0,0.12825599999999998,0.9696969696969697,1.0312213039485765,0.16348162350780507,3,1.0
2296,2020-01-01 00:52:51,gw_main,devB,1,867300000.0,8,125.0,-102.3617968769361,-1.2177478544158271,"(-2.0, 0.0]",70.0,0.225792,0.926605504587156,1.07878124736975,0.3223614227758606,3,1.0
2297,2020-01-01 00:52:53,gw_main,devA,0,868300000.0,8,125.0,-111.82137094070491,-4.249656317480109,"(-6.0, -4.0]",62.0,0.205312,0.6025641025641025,1.5553911900065749,0.8747316660092048,3,1.0
2298,2020-01-01 00:52:54,gw_main,devB,1,867100000.0,9,125.0,-94.7759602573811,2.507148956944262,"(2.0, 4.0]",50.0,0.328704,0.9358974358974359,1.0682117028270874,0.4193371623931624,3,1.0
2299,2020-01-01 00:52:55,gw_main,devC,1,868300000.0,8,125.0,-121.53806270117592,0.12015528357375739,"(0.0, 2.0]",32.0,0.133632,0.9338842975206612,1.0704869885936752,0.2135383058534252,3,1.0
2300,2020-01-01 00:52:57,gw_main,devC,0,867300000.0,7,125.0,-113.18208349406842,3.6438595774288673,"(2.0, 4.0]",34.0,0.077056,0.952054794520548,1.0502439482079189,0.13117154588102828,3,1.0
2301,2020-01-01 00:52:58,gw_main,devC,1,868300000.0,8,125.0,-105.65749257226634,3.226136938183526,"(2.0, 4.0]",38.0,0.143872,0.9166666666666666,1.0902777777777777,0.24713822222222212,3,1.0
2302,2020-01-01 00:52:59,gw_main,devB,1,867100000.0,8,125.0,-112.11039403115944,-1.3292270764167458,"(-2.0, 0.0]",49.0,0.174592,0.926605504587156,1.07878124736975,0.2671278229105294,3,1.0
2303,2020-01-01 00:53:00,gw_main,devA,0,867900000.0,11,125.0,-104.55724155271692,-8.485396286966274,"(-10.0, -8.0]",29.0,0.9052159999999999,0.23809523809523808,2.3424036281179133,3.462784870748298,3,1.0
2304,2020-01-01 00:53:01,gw_main,devB,1,867100000.0,10,125.0,-111.64542331888613,-0.537020392007707,"(-2.0, 0.0]",40.0,0.534528,0.7575757575757576,1.3011937557392104,0.996718251606979,3,1.0
2305,2020-01-01 00:53:02,gw_main,devA,0,868300000.0,8,125.0,-103.47842859902329,-5.101751648383084,"(-6.0, -4.0]",70.0,0.225792,0.6025641025641025,1.5553911900065749,0.9065860775805394,3,1.0
2306,2020-01-01 00:53:05,gw_main,devA,1,868300000.0,8,125.0,-107.2542023221559,9.994457118402009,"(8.0, 10.0]",40.0,0.154112,0.9722222222222222,1.0285493827160495,0.18706118518518527,3,1.0
2307,2020-01-01 00:53:06,gw_main,devC,1,867900000.0,7,125.0,-100.25157316394393,4.4118618651488735,"(4.0, 6.0]",34.0,0.077056,0.976,1.024576,0.10352572825599993,3,1.0
2308,2020-01-01 00:53:07,gw_main,devC,1,867900000.0,11,125.0,-113.69378542954144,5.0132157338886145,"(4.0, 6.0]",29.0,0.9052159999999999,0.8571428571428571,1.1632653061224492,1.216271673469388,3,1.0
2309,2020-01-01 00:53:08,gw_main,devC,1,867900000.0,8,125.0,-88.17501314381983,1.383942884665266,"(0.0, 2.0]",36.0,0.143872,0.9338842975206612,1.0704869885936752,0.22450009261662443,3,1.0
2310,2020-01-01 00:53:09,gw_main,devB,1,867900000.0,7,125.0,-109.50641925816103,1.2520340064759004,"(0.0, 2.0]",26.0,0.061695999999999994,0.9215686274509803,1.0845828527489427,0.1514972764321415,3,1.0
2311,2020-01-01 00:53:10,gw_main,devC,1,867300000.0,7,125.0,-98.84339624595597,3.9196372031718534,"(2.0, 4.0]",41.0,0.087296,0.952054794520548,1.0502439482079189,0.14192604391067737,3,1.0
2312,2020-01-01 00:53:11,gw_main,devB,1,868300000.0,11,125.0,-122.67773261441985,5.536012901482923,"(4.0, 6.0]",27.0,0.8232959999999999,0.8571428571428571,1.1632653061224492,1.120976979591837,3,1.0
2313,2020-01-01 00:53:12,gw_main,devA,0,867100000.0,7,125.0,-115.14367374597037,-4.263421573763141,"(-6.0, -4.0]",29.0,0.066816,0.6124031007751938,1.537828255513491,0.6405797882338804,3,1.0
2314,2020-01-01 00:53:13,gw_main,devA,1,867900000.0,8,125.0,-115.2325882883905,2.953684063851877,"(2.0, 4.0]",30.0,0.12339199999999999,0.9166666666666666,1.0902777777777777,0.22480933333333322,3,1.0
2315,2020-01-01 00:53:14,gw_main,devA,1,867900000.0,12,125.0,-116.74081361932939,15.726523339476403,"(14.0, 16.0]",24.0,1.4827519999999998,0.6788990825688074,1.4242067166063461,2.535952074067839,3,1.0
2316,2020-01-01 00:53:15,gw_main,devB,1,867300000.0,10,125.0,-120.51618435030049,-0.538140161372726,"(-2.0, 0.0]",53.0,0.616448,0.7575757575757576,1.3011937557392104,1.1033120440771351,3,1.0
2317,2020-01-01 00:53:16,gw_main,devB,1,868300000.0,8,125.0,-110.03323443095522,-1.533260493624688,"(-2.0, 0.0]",55.0,0.195072,0.926605504587156,1.07878124736975,0.2892212628566619,3,1.0
2318,2020-01-01 00:53:17,gw_main,devB,1,867900000.0,7,125.0,-113.85930060831852,-4.154819600415621,"(-6.0, -4.0]",63.0,0.118016,0.6124031007751938,1.537828255513491,0.7193165949161712,3,1.0
2319,2020-01-01 00:53:18,gw_main,devA,0,867100000.0,8,125.0,-91.19483108337948,-8.691385346659201,"(-10.0, -8.0]",50.0,0.174592,0.2653061224489796,2.2744689712619737,1.671573057892544,3,1.0
2320,2020-01-01 00:53:20,gw_main,devB,1,867300000.0,10,125.0,-103.4906077706241,0.36579250981570327,"(0.0, 2.0]",40.0,0.534528,0.8888888888888888,1.1234567901234567,0.7239759012345677,3,1.0
2321,2020-01-01 00:53:21,gw_main,devC,1,867900000.0,8,125.0,-125.21344611012749,1.7977656038494887,"(0.0, 2.0]",44.0,0.164352,0.9338842975206612,1.0704869885936752,0.24642366614302288,3,1.0
2322,2020-01-01 00:53:22,gw_main,devA,1,868300000.0,11,125.0,-92.34864976579212,11.069005619306282,"(10.0, 12.0]",60.0,1.478656,0.9,1.11,1.7513081600000002,3,1.0
2323,2020-01-01 00:53:23,gw_main,devA,1,867300000.0,12,125.0,-91.90680382697417,15.055135461100942,"(14.0, 16.0]",48.0,2.301952,0.6788990825688074,1.4242067166063461,3.702662216311758,3,1.0
2324,2020-01-01 00:53:24,gw_main,devA,1,868300000.0,10,125.0,-116.20789796177006,-5.331275515201302,"(-6.0, -4.0]",71.0,0.780288,0.5,1.75,2.115504,3,1.0
2325,2020-01-01 00:53:25,gw_main,devA,1,867300000.0,8,125.0,-115.85378300528824,6.3273510656533,"(6.0, 8.0]",38.0,0.143872,0.9850746268656716,1.0151481398975275,0.16119953308086457,3,1.0
2326,2020-01-01 00:53:29,gw_main,devA,1,867900000.0,10,125.0,-115.47665941851162,-0.12922710189797057,"(-2.0, 0.0]",46.0,0.575488,0.7575757575757576,1.3011937557392104,1.050015147842057,3,1.0
2327,2020-01-01 00:53:30,gw_main,devB,1,867100000.0,10,125.0,-120.65672635584855,9.547698822882742,"(8.0, 10.0]",34.0,0.45260799999999995,0.9473684210526315,1.0554016620498614,0.5330848975069251,3,1.0
2328,2020-01-01 00:53:31,gw_main,devA,1,867300000.0,7,125.0,-103.5204049330568,3.6998902663166646,"(2.0, 4.0]",77.0,0.13849599999999998,0.952054794520548,1.0502439482079189,0.1956985340589228,3,1.0
2329,2020-01-01 00:53:32,gw_main,devC,1,867900000.0,9,125.0,-98.32672091847792,2.0821786816799865,"(2.0, 4.0]",60.0,0.369664,0.9358974358974359,1.0682117028270874,0.4630911137409599,3,1.0
2330,2020-01-01 00:53:33,gw_main,devC,1,868300000.0,8,125.0,-114.98503632468521,7.496545237171567,"(6.0, 8.0]",73.0,0.236032,0.9850746268656716,1.0151481398975275,0.2547555856538207,3,1.0
2331,2020-01-01 00:53:34,gw_main,devC,1,867300000.0,9,125.0,-95.59418978822201,5.39447418777063,"(4.0, 6.0]",52.0,0.328704,0.9516129032258065,1.0507284079084287,0.3961070385015608,3,1.0
2332,2020-01-01 00:53:35,gw_main,devA,1,868300000.0,7,125.0,-104.6457386210122,2.776759557940759,"(2.0, 4.0]",42.0,0.087296,0.952054794520548,1.0502439482079189,0.14192604391067737,3,1.0
2333,2020-01-01 00:53:36,gw_main,devA,1,867300000.0,10,125.0,-113.7655793765951,1.9773304841205137,"(0.0, 2.0]",27.0,0.41164799999999996,0.8888888888888888,1.1234567901234567,0.5859255308641973,3,1.0
2334,2020-01-01 00:53:37,gw_main,devB,1,868300000.0,9,125.0,-100.94888244154784,10.550723313445944,"(10.0, 12.0]",42.0,0.287744,0.95,1.0525,0.35535056,3,1.0
2335,2020-01-01 00:53:38,gw_main,devA,1,867300000.0,7,125.0,-94.37795716478338,3.0738155058475924,"(2.0, 4.0]",59.0,0.112896,0.952054794520548,1.0502439482079189,0.1688122889848001,3,1.0
2336,2020-01-01 00:53:40,gw_main,devB,0,867300000.0,7,125.0,-101.21940619577171,-5.126091319158645,"(-6.0, -4.0]",58.0,0.112896,0.6124031007751938,1.537828255513491,0.7114429142479421,3,1.0
2337,2020-01-01 00:53:41,gw_main,devC,1,867900000.0,8,125.0,-93.88477305491253,-2.047224021503823,"(-4.0, -2.0]",51.0,0.184832,0.7203389830508474,1.3578713013501866,0.6088493697213444,3,1.0
2338,2020-01-01 00:53:42,gw_main,devC,0,867300000.0,11,125.0,-105.9658367217468,-6.281404985646146,"(-8.0, -6.0]",33.0,0.9871359999999999,0.21739130434782608,2.3950850661625713,3.759359758034027,3,1.0
2339,2020-01-01 00:53:44,gw_main,devB,1,867900000.0,9,125.0,-89.56641025561083,1.5590208136226393,"(0.0, 2.0]",31.0,0.24678399999999998,0.8987341772151899,1.1115205896490947,0.38582608684505687,3,1.0
2340,2020-01-01 00:53:45,gw_main,devB,0,868300000.0,7,125.0,-107.01617131696635,-12.287485451669385,"(-14.0, -12.0]",72.0,0.133376,0.2916666666666667,2.210069444444444,1.5048396666666664,3,1.0
2341,2020-01-01 00:53:46,gw_main,devB,1,867900000.0,12,125.0,-113.39428501540239,0.12669792014891354,"(0.0, 2.0]",43.0,2.138112,0.8,1.24,2.8912588799999996,3,1.0
2342,2020-01-01 00:53:48,gw_main,devB,1,867900000.0,7,125.0,-110.74484878029244,1.0157266728158578,"(0.0, 2.0]",50.0,0.097536,0.9215686274509803,1.0845828527489427,0.1903687258746636,3,1.0
2343,2020-01-01 00:53:49,gw_main,devC,0,867300000.0,9,125.0,-123.15175039572307,-5.711686126863589,"(-6.0, -4.0]",24.0,0.20582399999999998,0.4411764705882353,1.871107266435986,1.2562260484429064,3,1.0
2344,2020-01-01 00:53:50,gw_main,devC,1,867900000.0,9,125.0,-114.56058008182393,7.62855185391615,"(6.0, 8.0]",36.0,0.267264,0.9761904761904762,1.02437641723356,0.2981553560090703,3,1.0
2345,2020-01-01 00:53:51,gw_main,devA,1,867900000.0,9,125.0,-116.51511915650796,-4.162425023083692,"(-6.0, -4.0]",72.0,0.431104,0.4411764705882353,1.871107266435986,1.6777490934256054,3,1.0
2346,2020-01-01 00:53:54,gw_main,devA,1,867100000.0,7,125.0,-107.04758103543826,-0.07193167042846857,"(-2.0, 0.0]",42.0,0.087296,0.8554216867469879,1.165481201916098,0.26722304891856574,3,1.0
2347,2020-01-01 00:53:55,gw_main,devB,1,867300000.0,7,125.0,-106.04333286487598,5.912309319544652,"(4.0, 6.0]",25.0,0.061695999999999994,0.976,1.024576,0.08778824089599992,3,1.0
2348,2020-01-01 00:53:56,gw_main,devC,1,867300000.0,9,125.0,-98.68749862253908,7.007865704813746,"(6.0, 8.0]",77.0,0.451584,0.9761904761904762,1.02437641723356,0.4869684172335601,3,1.0
2349,2020-01-01 00:53:57,gw_main,devB,1,868300000.0,7,125.0,-96.44621453490389,1.2723897809046079,"(0.0, 2.0]",53.0,0.102656,0.9215686274509803,1.0845828527489427,0.19592179008073818,3,1.0
2350,2020-01-01 00:53:58,gw_main,devA,1,867900000.0,7,125.0,-91.5501846327526,-7.14841928852074,"(-8.0, -6.0]",37.0,0.082176,0.5533980582524272,1.6460552361202754,0.7813214712036951,3,1.0
2351,2020-01-01 00:54:01,gw_main,devC,1,867300000.0,8,125.0,-98.8275877997854,-1.0591870374869896,"(-2.0, 0.0]",42.0,0.154112,0.926605504587156,1.07878124736975,0.24503438296439692,3,1.0
2352,2020-01-01 00:54:02,gw_main,devC,0,868300000.0,7,125.0,-102.190857560774,-10.634240124212504,"(-12.0, -10.0]",64.0,0.118016,0.2,2.4400000000000004,1.7279590400000004,3,1.0
2353,2020-01-01 00:54:03,gw_main,devC,1,867900000.0,8,125.0,-109.92562025021324,0.676500473233902,"(0.0, 2.0]",30.0,0.12339199999999999,0.9338842975206612,1.0704869885936752,0.20257651909022595,3,1.0
2354,2020-01-01 00:54:04,gw_main,devB,1,867100000.0,7,125.0,-98.36193766207717,3.8792663957213476,"(2.0, 4.0]",60.0,0.112896,0.952054794520548,1.0502439482079189,0.1688122889848001,3,1.0
2355,2020-01-01 00:54:08,gw_main,devA,1,867300000.0,9,125.0,-103.94526125278739,-8.721956463392708,"(-10.0, -8.0]",26.0,0.20582399999999998,0.36666666666666664,2.034444444444444,1.4531819377777773,3,1.0
2356,2020-01-01 00:54:09,gw_main,devA,1,867100000.0,7,125.0,-114.23960049734367,-3.816097683403629,"(-4.0, -2.0]",58.0,0.112896,0.8152866242038217,1.2188324069941985,0.3564337104142155,3,1.0
2357,2020-01-01 00:54:10,gw_main,devC,1,867300000.0,8,125.0,-87.62300818047385,6.948351915534749,"(6.0, 8.0]",49.0,0.174592,0.9850746268656716,1.0151481398975275,0.19238488393851663,3,1.0
2358,2020-01-01 00:54:11,gw_main,devB,1,867300000.0,8,125.0,-116.95456187325186,6.18542786213389,"(6.0, 8.0]",74.0,0.236032,0.9850746268656716,1.0151481398975275,0.2547555856538207,3,1.0
2359,2020-01-01 00:54:12,gw_main,devA,1,868300000.0,8,125.0,-115.21455899587264,-2.735771043117532,"(-4.0, -2.0]",53.0,0.184832,0.7203389830508474,1.3578713013501866,0.6088493697213444,3,1.0
2360,2020-01-01 00:54:13,gw_main,devC,1,868300000.0,9,125.0,-96.47317408295203,7.22776246539529,"(6.0, 8.0]",72.0,0.431104,0.9761904761904762,1.02437641723356,0.4659891882086168,3,1.0
2361,2020-01-01 00:54:15,gw_main,devA,1,867900000.0,7,125.0,-117.09725455167538,9.076025321043668,"(8.0, 10.0]",73.0,0.133376,0.9811320754716981,1.0192239231043076,0.15516393307226778,3,1.0
2362,2020-01-01 00:54:17,gw_main,devC,0,867100000.0,7,125.0,-95.21884152643099,-2.707542216248114,"(-4.0, -2.0]",34.0,0.077056,0.8152866242038217,1.2188324069941985,0.31275075694754345,3,1.0
2363,2020-01-01 00:54:18,gw_main,devC,1,867300000.0,10,125.0,-120.7595306910922,4.775653514934859,"(4.0, 6.0]",58.0,0.657408,0.9736842105263158,1.0270083102493075,0.7021717894736842,3,1.0
2364,2020-01-01 00:54:19,gw_main,devB,1,867900000.0,8,125.0,-99.85858888146257,-4.644496123475273,"(-6.0, -4.0]",45.0,0.164352,0.6025641025641025,1.5553911900065749,0.8110228428665355,3,1.0
2365,2020-01-01 00:54:22,gw_main,devA,1,867900000.0,7,125.0,-101.40548482650678,1.55150825484899,"(0.0, 2.0]",76.0,0.13849599999999998,0.9215686274509803,1.0845828527489427,0.23479323952326028,3,1.0
2366,2020-01-01 00:54:23,gw_main,devC,1,867300000.0,12,125.0,-98.86639180867904,-0.31895427464208187,"(-2.0, 0.0]",49.0,2.301952,0.7,1.3900000000000001,3.5897132800000002,3,1.0
2367,2020-01-01 00:54:24,gw_main,devC,1,867100000.0,11,125.0,-104.7850420402111,-0.462679564484236,"(-2.0, 0.0]",63.0,1.478656,0.7209302325581395,1.3569497025419146,2.363411521903732,3,1.0
2368,2020-01-01 00:54:25,gw_main,devB,0,867900000.0,10,125.0,-99.23449628847744,-2.459112785816241,"(-4.0, -2.0]",44.0,0.534528,0.6428571428571429,1.4846938775510203,1.2783043265306122,3,1.0
2369,2020-01-01 00:54:26,gw_main,devB,1,867900000.0,10,125.0,-89.93691828866858,8.627308074493326,"(8.0, 10.0]",44.0,0.534528,0.9473684210526315,1.0554016620498614,0.6195434016620497,3,1.0
2370,2020-01-01 00:54:27,gw_main,devA,1,867100000.0,7,125.0,-99.17522040813766,-2.5416357325596306,"(-4.0, -2.0]",57.0,0.107776,0.8152866242038217,1.2188324069941985,0.3501932884904052,3,1.0
2371,2020-01-01 00:54:28,gw_main,devB,0,867900000.0,7,125.0,-111.3833780116072,-4.340474644724531,"(-6.0, -4.0]",33.0,0.071936,0.6124031007751938,1.537828255513491,0.6484534689021095,3,1.0
2372,2020-01-01 00:54:29,gw_main,devC,1,868300000.0,8,125.0,-106.41340949815721,7.476673876412866,"(6.0, 8.0]",60.0,0.205312,0.9850746268656716,1.0151481398975275,0.22357023479616867,3,1.0
2373,2020-01-01 00:54:32,gw_main,devB,0,867900000.0,8,125.0,-111.25496746307132,-10.440166800832735,"(-12.0, -10.0]",57.0,0.195072,0.18181818181818182,2.487603305785124,1.9728650578512394,3,1.0
2374,2020-01-01 00:54:33,gw_main,devA,1,867100000.0,10,125.0,-111.83250225035366,-3.5982659414932616,"(-4.0, -2.0]",35.0,0.49356799999999995,0.6428571428571429,1.4846938775510203,1.2174912653061223,3,1.0
2375,2020-01-01 00:54:34,gw_main,devB,1,867900000.0,10,125.0,-93.68887801401677,3.677418895314332,"(2.0, 4.0]",24.0,0.37068799999999996,0.9767441860465116,1.0237966468361277,0.40330577825851815,3,1.0
2376,2020-01-01 00:54:35,gw_main,devC,1,867900000.0,11,125.0,-113.80979155785283,0.10634105522860682,"(0.0, 2.0]",46.0,1.232896,0.7368421052631579,1.332409972299169,1.9751328975069251,3,1.0
2377,2020-01-01 00:54:36,gw_main,devB,1,867900000.0,9,125.0,-109.60226123477,9.32445346873333,"(8.0, 10.0]",61.0,0.369664,0.9655172413793104,1.0356718192627823,0.4185224066587394,3,1.0
2378,2020-01-01 00:54:38,gw_main,devA,1,868300000.0,7,125.0,-100.62947029116171,4.070285851966581,"(4.0, 6.0]",22.0,0.056575999999999994,0.976,1.024576,0.08254241177599991,3,1.0
2379,2020-01-01 00:54:40,gw_main,devC,1,868300000.0,8,125.0,-116.23891139781603,7.938248509626286,"(6.0, 8.0]",24.0,0.11315199999999999,0.9850746268656716,1.0151481398975275,0.13001418222321254,3,1.0
2380,2020-01-01 00:54:41,gw_main,devB,1,868300000.0,10,125.0,-116.24036043585983,-0.45070177646848897,"(-2.0, 0.0]",32.0,0.45260799999999995,0.7575757575757576,1.3011937557392104,0.8901244591368228,3,1.0
2381,2020-01-01 00:54:42,gw_main,devB,1,867300000.0,8,125.0,-118.88874798717364,6.183874798363529,"(6.0, 8.0]",71.0,0.236032,0.9850746268656716,1.0151481398975275,0.2547555856538207,3,1.0
2382,2020-01-01 00:54:44,gw_main,devB,0,868300000.0,7,125.0,-108.06954972929596,-8.456992869233714,"(-10.0, -8.0]",50.0,0.097536,0.32727272727272727,2.1252892561983474,1.3325814690909095,3,1.0
2383,2020-01-01 00:54:45,gw_main,devC,0,867100000.0,7,125.0,-104.12471753491133,-6.662298515788105,"(-8.0, -6.0]",42.0,0.087296,0.5533980582524272,1.6460552361202754,0.789749274012631,3,1.0
2384,2020-01-01 00:54:46,gw_main,devC,1,867300000.0,10,125.0,-105.77253986474253,-3.6401942526343554,"(-4.0, -2.0]",64.0,0.698368,0.6428571428571429,1.4846938775510203,1.5215565714285713,3,1.0
2385,2020-01-01 00:54:47,gw_main,devA,1,868300000.0,7,125.0,-119.38074295678112,-6.14888184021655,"(-8.0, -6.0]",35.0,0.077056,0.5533980582524272,1.6460552361202754,0.7728936683947594,3,1.0
2386,2020-01-01 00:54:48,gw_main,devC,1,867300000.0,10,125.0,-120.86135080954315,7.202768009713077,"(6.0, 8.0]",57.0,0.657408,0.9666666666666667,1.0344444444444445,0.7144964977777779,3,1.0
2387,2020-01-01 00:54:50,gw_main,devC,1,867300000.0,9,125.0,-87.95384945932025,1.6382788755365583,"(0.0, 2.0]",54.0,0.349184,0.8987341772151899,1.1115205896490947,0.4996457952251242,3,1.0
2388,2020-01-01 00:54:51,gw_main,devC,0,867900000.0,11,125.0,-109.36103808380021,-6.205170510985365,"(-8.0, -6.0]",63.0,1.478656,0.21739130434782608,2.3950850661625713,4.936591969754254,3,1.0
2389,2020-01-01 00:54:54,gw_main,devA,1,868300000.0,7,125.0,-81.99817700940511,8.724446770945493,"(8.0, 10.0]",46.0,0.092416,0.9811320754716981,1.0192239231043076,0.11341652118191535,3,1.0
2390,2020-01-01 00:54:55,gw_main,devA,1,868300000.0,7,125.0,-104.96871509375187,1.8956610882491574,"(0.0, 2.0]",78.0,0.13849599999999998,0.9215686274509803,1.0845828527489427,0.23479323952326028,3,1.0
2391,2020-01-01 00:54:56,gw_main,devB,1,867900000.0,11,125.0,-120.20571984311452,2.93661924083811,"(2.0, 4.0]",76.0,1.724416,0.9523809523809523,1.0498866213151927,1.860327909297052,3,1.0
2392,2020-01-01 00:54:57,gw_main,devB,1,867900000.0,7,125.0,-110.2852757915511,-2.3980987123388955,"(-4.0, -2.0]",37.0,0.082176,0.8152866242038217,1.2188324069941985,0.31899117887135375,3,1.0
2393,2020-01-01 00:54:59,gw_main,devA,0,867300000.0,7,125.0,-96.6398986328059,-4.626806098599234,"(-6.0, -4.0]",51.0,0.102656,0.6124031007751938,1.537828255513491,0.6956955529114839,3,1.0
2394,2020-01-01 00:55:00,gw_main,devA,0,867300000.0,8,125.0,-109.05621389990708,-6.699793072765111,"(-8.0, -6.0]",51.0,0.184832,0.5087719298245614,1.7325330871037241,1.0527606426592797,3,1.0
2395,2020-01-01 00:55:01,gw_main,devA,1,867100000.0,8,125.0,-99.77888300327567,2.22152882080845,"(2.0, 4.0]",23.0,0.11315199999999999,0.9166666666666666,1.0902777777777777,0.21364488888888877,3,1.0
2396,2020-01-01 00:55:02,gw_main,devC,1,867900000.0,9,125.0,-103.18354820423907,0.5792416546922731,"(0.0, 2.0]",28.0,0.22630399999999998,0.8987341772151899,1.1115205896490947,0.36306214516904345,3,1.0
2397,2020-01-01 00:55:03,gw_main,devC,1,867900000.0,7,125.0,-103.86483173989994,-4.8097637886454185,"(-6.0, -4.0]",41.0,0.087296,0.6124031007751938,1.537828255513491,0.6720745109067967,3,1.0
2398,2020-01-01 00:55:04,gw_main,devB,1,867900000.0,7,125.0,-109.61997806148469,-2.3316533850618817,"(-4.0, -2.0]",53.0,0.102656,0.8152866242038217,1.2188324069941985,0.3439528665665949,3,1.0
2399,2020-01-01 00:55:05,gw_main,devC,1,868300000.0,7,125.0,-102.32537069228461,9.398860513133975,"(8.0, 10.0]",68.0,0.123136,0.9811320754716981,1.0192239231043076,0.14472708009967966,3,1.0
2400,2020-01-01 00:55:06,gw_main,devA,1,868300000.0,7,125.0,-95.71844009229747,-5.7560583561709135,"(-6.0, -4.0]",21.0,0.056575999999999994,0.6124031007751938,1.537828255513491,0.6248324268974222,3,1.0
2401,2020-01-01 00:55:09,gw_main,devA,0,868300000.0,7,125.0,-80.40637699397176,-4.194821574773642,"(-6.0, -4.0]",70.0,0.12825599999999998,0.6124031007751938,1.537828255513491,0.7350639562526293,3,1.0
2402,2020-01-01 00:55:10,gw_main,devC,1,868300000.0,10,125.0,-99.53672155655099,-2.5724841384951307,"(-4.0, -2.0]",52.0,0.616448,0.6428571428571429,1.4846938775510203,1.3999304489795916,3,1.0
2403,2020-01-01 00:55:11,gw_main,devB,1,868300000.0,9,125.0,-99.83953360374963,3.188692223784898,"(2.0, 4.0]",43.0,0.287744,0.9358974358974359,1.0682117028270874,0.3755832110453649,3,1.0
2404,2020-01-01 00:55:13,gw_main,devB,0,867300000.0,7,125.0,-95.87455056681938,-10.676963443716335,"(-12.0, -10.0]",38.0,0.082176,0.2,2.4400000000000004,1.6405094400000004,3,1.0
2405,2020-01-01 00:55:14,gw_main,devA,1,867900000.0,10,125.0,-120.45910925615617,-0.1094661055567329,"(-2.0, 0.0]",53.0,0.616448,0.7575757575757576,1.3011937557392104,1.1033120440771351,3,1.0
2406,2020-01-01 00:55:15,gw_main,devC,1,867100000.0,7,125.0,-94.95012923547606,0.24863113779235435,"(0.0, 2.0]",21.0,0.056575999999999994,0.9215686274509803,1.0845828527489427,0.1459442122260669,3,1.0
2407,2020-01-01 00:55:17,gw_main,devB,1,867300000.0,8,125.0,-110.25748979947429,-1.1226657310442003,"(-2.0, 0.0]",23.0,0.11315199999999999,0.926605504587156,1.07878124736975,0.20084750307213195,3,1.0
2408,2020-01-01 00:55:18,gw_main,devC,0,868300000.0,12,125.0,-112.13304896831842,-2.042222735430754,"(-4.0, -2.0]",49.0,2.301952,0.5,1.75,4.778416,3,1.0
2409,2020-01-01 00:55:19,gw_main,devA,1,867900000.0,8,125.0,-104.29970026804274,6.025156898519336,"(6.0, 8.0]",61.0,0.205312,0.9850746268656716,1.0151481398975275,0.22357023479616867,3,1.0
2410,2020-01-01 00:55:20,gw_main,devB,1,867100000.0,7,125.0,-109.45357654869977,-2.7908257681340847,"(-4.0, -2.0]",42.0,0.087296,0.8152866242038217,1.2188324069941985,0.325231600795164,3,1.0
2411,2020-01-01 00:55:21,gw_main,devC,1,867100000.0,9,125.0,-121.52659848182205,-0.7638955939444411,"(-2.0, 0.0]",45.0,0.308224,0.826530612244898,1.203561016243232,0.5745274069137859,3,1.0
2412,2020-01-01 00:55:23,gw_main,devC,1,868300000.0,7,125.0,-119.76817375717992,0.6449734843312516,"(0.0, 2.0]",59.0,0.112896,0.9215686274509803,1.0845828527489427,0.20702791849288738,3,1.0
2413,2020-01-01 00:55:24,gw_main,devB,0,868300000.0,10,125.0,-107.447301211272,-1.0251826605175316,"(-2.0, 0.0]",29.0,0.41164799999999996,0.7575757575757576,1.3011937557392104,0.8368275629017448,3,1.0
2414,2020-01-01 00:55:25,gw_main,devB,1,867300000.0,10,125.0,-110.25640474819934,5.995475496596322,"(4.0, 6.0]",35.0,0.49356799999999995,0.9736842105263158,1.0270083102493075,0.5339067479224376,3,1.0
2415,2020-01-01 00:55:27,gw_main,devB,1,867100000.0,9,125.0,-119.85352767941875,1.0443653116162162,"(0.0, 2.0]",42.0,0.287744,0.8987341772151899,1.1115205896490947,0.4313539701970838,3,1.0
2416,2020-01-01 00:55:28,gw_main,devC,1,867100000.0,8,125.0,-96.81627453348577,-0.3087189206540076,"(-2.0, 0.0]",39.0,0.154112,0.926605504587156,1.07878124736975,0.24503438296439692,3,1.0
2417,2020-01-01 00:55:29,gw_main,devA,1,867900000.0,7,125.0,-101.66105382420848,-6.018146528621619,"(-8.0, -6.0]",41.0,0.087296,0.5533980582524272,1.6460552361202754,0.789749274012631,3,1.0
2418,2020-01-01 00:55:30,gw_main,devC,1,868300000.0,11,125.0,-132.31466546379843,-4.979803416445018,"(-6.0, -4.0]",30.0,0.9052159999999999,0.3939393939393939,1.9733700642791552,2.759696220385675,3,1.0
2419,2020-01-01 00:55:33,gw_main,devC,1,867100000.0,9,125.0,-115.53602783757582,-4.280960368997198,"(-6.0, -4.0]",41.0,0.287744,0.4411764705882353,1.871107266435986,1.4095071557093424,3,1.0
2420,2020-01-01 00:55:34,gw_main,devC,1,868300000.0,10,125.0,-103.9692261361607,-6.368327341751259,"(-8.0, -6.0]",78.0,0.821248,0.25,2.3125,3.211636,3,1.0
2421,2020-01-01 00:55:36,gw_main,devC,1,868300000.0,7,125.0,-96.39658860453326,3.150190326164232,"(2.0, 4.0]",78.0,0.13849599999999998,0.952054794520548,1.0502439482079189,0.1956985340589228,3,1.0
2422,2020-01-01 00:55:39,gw_main,devC,1,868300000.0,7,125.0,-108.07697476221031,0.19368680515009354,"(0.0, 2.0]",42.0,0.087296,0.9215686274509803,1.0845828527489427,0.17926259746251444,3,1.0
2423,2020-01-01 00:55:40,gw_main,devA,1,867900000.0,8,125.0,-101.28805176757389,-0.6310040899083929,"(-2.0, 0.0]",40.0,0.154112,0.926605504587156,1.07878124736975,0.24503438296439692,3,1.0
2424,2020-01-01 00:55:41,gw_main,devC,1,867300000.0,7,125.0,-106.53030154222529,6.400651149747371,"(6.0, 8.0]",44.0,0.092416,0.9651162790697675,1.0361005949161708,0.13185286749594363,3,1.0
2425,2020-01-01 00:55:43,gw_main,devB,1,867300000.0,10,125.0,-108.9775397847071,-3.62315375896491,"(-4.0, -2.0]",67.0,0.739328,0.6428571428571429,1.4846938775510203,1.5823696326530612,3,1.0
2426,2020-01-01 00:55:44,gw_main,devC,1,867100000.0,9,125.0,-101.28108236751007,13.167446174555241,"(12.0, 14.0]",57.0,0.349184,0.9230769230769231,1.0828402366863903,0.4609507218934908,3,1.0
2427,2020-01-01 00:55:45,gw_main,devA,0,867100000.0,8,125.0,-104.91519925469962,-6.446374762378591,"(-8.0, -6.0]",66.0,0.215552,0.5087719298245614,1.7325330871037241,1.105984059095106,3,1.0
2428,2020-01-01 00:55:47,gw_main,devC,1,867300000.0,8,125.0,-124.95703468011834,5.083168531709976,"(4.0, 6.0]",38.0,0.143872,0.975609756097561,1.0249851279000597,0.1724517882212971,3,1.0
2429,2020-01-01 00:55:48,gw_main,devA,0,867300000.0,7,125.0,-96.8222446416832,-6.417872886258619,"(-8.0, -6.0]",22.0,0.056575999999999994,0.5533980582524272,1.6460552361202754,0.7391824571590161,3,1.0
2430,2020-01-01 00:55:49,gw_main,devB,1,867300000.0,8,125.0,-98.975678144335,-0.6121678457330664,"(-2.0, 0.0]",72.0,0.236032,0.926605504587156,1.07878124736975,0.33340814274892683,3,1.0
2431,2020-01-01 00:55:50,gw_main,devB,1,867300000.0,8,125.0,-106.6895107869004,2.3193894580145686,"(2.0, 4.0]",66.0,0.215552,0.9166666666666666,1.0902777777777777,0.3252893333333332,3,1.0
2432,2020-01-01 00:55:52,gw_main,devA,1,868300000.0,7,125.0,-106.40691756073555,-5.356783083373545,"(-6.0, -4.0]",21.0,0.056575999999999994,0.6124031007751938,1.537828255513491,0.6248324268974222,3,1.0
2433,2020-01-01 00:55:53,gw_main,devA,0,867300000.0,10,125.0,-107.04061716130576,-0.28596976999177215,"(-2.0, 0.0]",59.0,0.657408,0.7575757575757576,1.3011937557392104,1.1566089403122133,3,1.0
2434,2020-01-01 00:55:54,gw_main,devB,1,867900000.0,8,125.0,-109.78800576491874,3.9522427838184337,"(2.0, 4.0]",63.0,0.215552,0.9166666666666666,1.0902777777777777,0.3252893333333332,3,1.0
2435,2020-01-01 00:55:55,gw_main,devB,1,867100000.0,11,125.0,-94.28485380614883,0.48627212645972084,"(0.0, 2.0]",34.0,0.9871359999999999,0.7368421052631579,1.332409972299169,1.6476798227146812,3,1.0
2436,2020-01-01 00:55:56,gw_main,devA,0,867300000.0,7,125.0,-89.41677655796097,-7.217083720003403,"(-8.0, -6.0]",66.0,0.123136,0.5533980582524272,1.6460552361202754,0.8487438936751817,3,1.0
2437,2020-01-01 00:55:57,gw_main,devA,1,867100000.0,7,125.0,-107.75925687413414,2.4487738122937035,"(2.0, 4.0]",49.0,0.097536,0.952054794520548,1.0502439482079189,0.15268054194032646,3,1.0
2438,2020-01-01 00:55:58,gw_main,devA,1,867900000.0,8,125.0,-111.59872739320724,0.645299672710284,"(0.0, 2.0]",59.0,0.205312,0.9338842975206612,1.0704869885936752,0.2902708131958198,3,1.0
2439,2020-01-01 00:55:59,gw_main,devB,1,867900000.0,10,125.0,-96.16338036136773,2.673787239275917,"(2.0, 4.0]",33.0,0.45260799999999995,0.9767441860465116,1.0237966468361277,0.48717519956733374,3,1.0
2440,2020-01-01 00:56:00,gw_main,devC,1,867300000.0,8,125.0,-97.70595022903281,6.788796730618381,"(6.0, 8.0]",42.0,0.154112,0.9850746268656716,1.0151481398975275,0.17159465003341526,3,1.0
2441,2020-01-01 00:56:01,gw_main,devA,1,867100000.0,10,125.0,-100.03412908040603,6.07917823598615,"(6.0, 8.0]",53.0,0.616448,0.9666666666666667,1.0344444444444445,0.6721256533333334,3,1.0
2442,2020-01-01 00:56:02,gw_main,devA,1,867900000.0,9,125.0,-118.89071939340988,2.4465742570879816,"(2.0, 4.0]",61.0,0.369664,0.9358974358974359,1.0682117028270874,0.4630911137409599,3,1.0
2443,2020-01-01 00:56:03,gw_main,devB,1,867100000.0,7,125.0,-103.12465595461993,1.8635170894456325,"(0.0, 2.0]",59.0,0.112896,0.9215686274509803,1.0845828527489427,0.20702791849288738,3,1.0
2444,2020-01-01 00:56:04,gw_main,devC,0,867900000.0,7,125.0,-104.09597650390062,-6.590830292354013,"(-8.0, -6.0]",61.0,0.112896,0.5533980582524272,1.6460552361202754,0.83188828805731,3,1.0
2445,2020-01-01 00:56:06,gw_main,devC,1,867300000.0,8,125.0,-101.69751165909163,1.3219295841412286,"(0.0, 2.0]",49.0,0.174592,0.9338842975206612,1.0704869885936752,0.25738545290622217,3,1.0
2446,2020-01-01 00:56:07,gw_main,devB,1,868300000.0,9,125.0,-107.2175683539257,-2.4060915020587474,"(-4.0, -2.0]",39.0,0.267264,0.7241379310344828,1.351961950059453,0.7132927086801428,3,1.0
2447,2020-01-01 00:56:08,gw_main,devA,1,868300000.0,7,125.0,-102.19072255384883,0.585652340666564,"(0.0, 2.0]",79.0,0.143616,0.9215686274509803,1.0845828527489427,0.24034630372933488,3,1.0
2448,2020-01-01 00:56:09,gw_main,devA,0,867100000.0,11,125.0,-105.9079680855352,-4.951919511929571,"(-6.0, -4.0]",25.0,0.8232959999999999,0.3939393939393939,1.9733700642791552,2.5980377447199263,3,1.0
2449,2020-01-01 00:56:10,gw_main,devC,1,867900000.0,7,125.0,-108.34317407690817,9.205958398729406,"(8.0, 10.0]",33.0,0.071936,0.9811320754716981,1.0192239231043076,0.09254281523673913,3,1.0
2450,2020-01-01 00:56:11,gw_main,devC,1,867100000.0,10,125.0,-90.25504504335481,12.91247524228552,"(12.0, 14.0]",71.0,0.780288,0.8,1.24,1.20755712,3,1.0
2451,2020-01-01 00:56:12,gw_main,devC,0,868300000.0,7,125.0,-106.1450477358214,-2.3372769729319756,"(-4.0, -2.0]",57.0,0.107776,0.8152866242038217,1.2188324069941985,0.3501932884904052,3,1.0
2452,2020-01-01 00:56:13,gw_main,devA,1,867300000.0,12,125.0,-100.16674872884809,2.4021510713934977,"(2.0, 4.0]",68.0,2.957312,0.782608695652174,1.2646502835538753,4.004615742911153,3,1.0
2453,2020-01-01 00:56:15,gw_main,devB,1,867300000.0,11,125.0,-114.36406241089563,7.57716630564345,"(6.0, 8.0]",34.0,0.9871359999999999,0.9473684210526315,1.0554016620498614,1.0972266371191133,3,1.0
2454,2020-01-01 00:56:16,gw_main,devC,1,867100000.0,8,125.0,-107.40666577858,2.6099813475129308,"(2.0, 4.0]",20.0,0.10291199999999999,0.9166666666666666,1.0902777777777777,0.20248044444444432,3,1.0
2455,2020-01-01 00:56:17,gw_main,devA,1,867900000.0,7,125.0,-113.64485715545602,0.46400104743956627,"(0.0, 2.0]",78.0,0.13849599999999998,0.9215686274509803,1.0845828527489427,0.23479323952326028,3,1.0
2456,2020-01-01 00:56:18,gw_main,devA,1,868300000.0,7,125.0,-107.27626153055532,-1.3419780192540849,"(-2.0, 0.0]",25.0,0.061695999999999994,0.8554216867469879,1.165481201916098,0.23738673014951361,3,1.0
2457,2020-01-01 00:56:19,gw_main,devC,1,867100000.0,7,125.0,-116.39166207859213,0.7567640852906077,"(0.0, 2.0]",28.0,0.066816,0.9215686274509803,1.0845828527489427,0.1570503406382161,3,1.0
2458,2020-01-01 00:56:20,gw_main,devB,1,868300000.0,8,125.0,-97.8337297778573,-6.002223271229754,"(-8.0, -6.0]",20.0,0.10291199999999999,0.5087719298245614,1.7325330871037241,0.9108315321637426,3,1.0
2459,2020-01-01 00:56:21,gw_main,devA,1,868300000.0,11,125.0,-105.72819052681292,4.053194948967961,"(4.0, 6.0]",60.0,1.478656,0.8571428571428571,1.1632653061224492,1.8833345306122453,3,1.0
2460,2020-01-01 00:56:22,gw_main,devC,0,868300000.0,11,125.0,-116.9165019441649,-4.283969439702249,"(-6.0, -4.0]",40.0,1.069056,0.3939393939393939,1.9733700642791552,3.0830131717171714,3,1.0
2461,2020-01-01 00:56:23,gw_main,devA,1,867100000.0,7,125.0,-101.4836260112925,3.209291275151756,"(2.0, 4.0]",62.0,0.118016,0.952054794520548,1.0502439482079189,0.17418953799962464,3,1.0
2462,2020-01-01 00:56:24,gw_main,devC,1,867100000.0,8,125.0,-114.78615657114001,0.7778108299100102,"(0.0, 2.0]",29.0,0.12339199999999999,0.9338842975206612,1.0704869885936752,0.20257651909022595,3,1.0
2463,2020-01-01 00:56:25,gw_main,devC,1,868300000.0,7,125.0,-118.77082011667211,6.569658757486582,"(6.0, 8.0]",26.0,0.061695999999999994,0.9651162790697675,1.0361005949161708,0.10002385722011886,3,1.0
2464,2020-01-01 00:56:26,gw_main,devC,1,867300000.0,7,125.0,-101.9369860609758,-0.10195696613992475,"(-2.0, 0.0]",71.0,0.12825599999999998,0.8554216867469879,1.165481201916098,0.3149611589490491,3,1.0
2465,2020-01-01 00:56:27,gw_main,devB,1,867300000.0,9,125.0,-105.30166761565197,6.1384259169973685,"(6.0, 8.0]",41.0,0.287744,0.9761904761904762,1.02437641723356,0.3191345850340136,3,1.0
2466,2020-01-01 00:56:28,gw_main,devC,0,867100000.0,8,125.0,-112.34229298359632,-5.534116390668363,"(-6.0, -4.0]",32.0,0.133632,0.6025641025641025,1.5553911900065749,0.7632412255095335,3,1.0
2467,2020-01-01 00:56:29,gw_main,devC,1,867900000.0,11,125.0,-99.26111874195469,3.656668300071286,"(2.0, 4.0]",60.0,1.478656,0.9523809523809523,1.0498866213151927,1.6023077732426303,3,1.0
2468,2020-01-01 00:56:30,gw_main,devB,1,868300000.0,11,125.0,-101.60427631708352,-1.344579140030365,"(-2.0, 0.0]",79.0,1.806336,0.7209302325581395,1.3569497025419146,2.8080568004326665,3,1.0
2469,2020-01-01 00:56:33,gw_main,devA,1,867100000.0,10,125.0,-103.01502226129519,5.617746730648727,"(4.0, 6.0]",20.0,0.37068799999999996,0.9736842105263158,1.0270083102493075,0.4077079667590028,3,1.0
2470,2020-01-01 00:56:34,gw_main,devC,0,867300000.0,9,125.0,-94.40104170376692,-12.117675009629234,"(-14.0, -12.0]",24.0,0.20582399999999998,0.06666666666666667,2.8044444444444445,2.3816664177777778,3,1.0
2471,2020-01-01 00:56:35,gw_main,devB,1,867100000.0,8,125.0,-102.57620027181447,1.938490450675791,"(0.0, 2.0]",20.0,0.10291199999999999,0.9338842975206612,1.0704869885936752,0.1806529455638275,3,1.0
2472,2020-01-01 00:56:36,gw_main,devA,0,867900000.0,8,125.0,-102.65417567392966,-8.966991844874265,"(-10.0, -8.0]",79.0,0.25651199999999996,0.2653061224489796,2.2744689712619737,1.857897556018325,3,1.0
2473,2020-01-01 00:56:38,gw_main,devB,0,868300000.0,8,125.0,-108.8261437775306,-11.836459167365458,"(-12.0, -10.0]",48.0,0.174592,0.18181818181818182,2.487603305785124,1.9219189421487601,3,1.0
2474,2020-01-01 00:56:40,gw_main,devA,0,867900000.0,10,125.0,-110.87313328027977,-10.0432749882402,"(-12.0, -10.0]",71.0,0.780288,0.07692307692307693,2.7751479289940835,3.9405625562130187,3,1.0
2475,2020-01-01 00:56:41,gw_main,devB,1,867100000.0,7,125.0,-106.90426673542693,9.835416594527164,"(8.0, 10.0]",42.0,0.087296,0.9811320754716981,1.0192239231043076,0.10819809469562129,3,1.0
2476,2020-01-01 00:56:42,gw_main,devC,0,867100000.0,8,125.0,-109.68457848302693,-7.733991136733559,"(-8.0, -6.0]",60.0,0.205312,0.5087719298245614,1.7325330871037241,1.0882429202831638,3,1.0
2477,2020-01-01 00:56:44,gw_main,devA,1,867900000.0,10,125.0,-100.29475259004928,-3.2147559242141828,"(-4.0, -2.0]",76.0,0.821248,0.6428571428571429,1.4846938775510203,1.7039957551020406,3,1.0
2478,2020-01-01 00:56:46,gw_main,devA,1,868300000.0,8,125.0,-90.6093255517855,-2.023727970105589,"(-4.0, -2.0]",32.0,0.133632,0.7203389830508474,1.3578713013501866,0.5393263590922148,3,1.0
2479,2020-01-01 00:56:47,gw_main,devA,1,867100000.0,9,125.0,-107.77639295045692,3.976411505157073,"(2.0, 4.0]",59.0,0.369664,0.9358974358974359,1.0682117028270874,0.4630911137409599,3,1.0
2480,2020-01-01 00:56:48,gw_main,devC,1,867900000.0,8,125.0,-113.75992830707536,-1.1056099152649186,"(-2.0, 0.0]",66.0,0.215552,0.926605504587156,1.07878124736975,0.3113147028027944,3,1.0
2481,2020-01-01 00:56:52,gw_main,devA,0,867300000.0,8,125.0,-98.62453464184405,-2.3087925241177287,"(-4.0, -2.0]",73.0,0.236032,0.7203389830508474,1.3578713013501866,0.6783723803504739,3,1.0
2482,2020-01-01 00:56:54,gw_main,devA,1,867300000.0,8,125.0,-116.84848027498883,11.393470799711462,"(10.0, 12.0]",77.0,0.246272,0.9583333333333334,1.0434027777777777,0.30036366666666653,3,1.0
2483,2020-01-01 00:56:56,gw_main,devA,1,867100000.0,7,125.0,-98.08302611353928,1.16664758448101,"(0.0, 2.0]",38.0,0.082176,0.9215686274509803,1.0845828527489427,0.17370953325643984,3,1.0
2484,2020-01-01 00:56:57,gw_main,devA,1,868300000.0,10,125.0,-98.03091347856315,-3.710487962611456,"(-4.0, -2.0]",70.0,0.780288,0.6428571428571429,1.4846938775510203,1.643182693877551,3,1.0
2485,2020-01-01 00:56:58,gw_main,devC,0,867100000.0,10,125.0,-105.57506478102633,-4.5328822833879485,"(-6.0, -4.0]",67.0,0.739328,0.5,1.75,2.043824,3,1.0
2486,2020-01-01 00:56:59,gw_main,devC,1,867300000.0,9,125.0,-92.40074608694238,8.784415809578837,"(8.0, 10.0]",71.0,0.410624,0.9655172413793104,1.0356718192627823,0.460943524375743,3,1.0
2487,2020-01-01 00:57:00,gw_main,devC,0,867300000.0,9,125.0,-106.24472756261765,-6.673430712775028,"(-8.0, -6.0]",51.0,0.328704,0.41304347826086957,1.9314744801512285,1.5663578676748577,3,1.0
2488,2020-01-01 00:57:01,gw_main,devA,0,867100000.0,10,125.0,-108.32801783100912,-5.478851083515595,"(-6.0, -4.0]",22.0,0.37068799999999996,0.5,1.75,1.398704,3,1.0
2489,2020-01-01 00:57:02,gw_main,devC,1,868300000.0,11,125.0,-106.07283980273381,-0.5847069500701163,"(-2.0, 0.0]",31.0,0.9052159999999999,0.7209302325581395,1.3569497025419146,1.5852822844780963,3,1.0
2490,2020-01-01 00:57:03,gw_main,devC,1,867900000.0,7,125.0,-100.71075992598657,-2.5578625931752095,"(-4.0, -2.0]",65.0,0.123136,0.8152866242038217,1.2188324069941985,0.36891455426183606,3,1.0
2491,2020-01-01 00:57:04,gw_main,devA,1,867100000.0,10,125.0,-126.39952200100171,11.737134314908431,"(10.0, 12.0]",46.0,0.575488,0.9,1.11,0.7487916800000002,3,1.0
2492,2020-01-01 00:57:05,gw_main,devC,0,867100000.0,7,125.0,-104.45871460701223,-14.197391560435513,"(-16.0, -14.0]",63.0,0.118016,0.1,2.71,2.02982336,3,1.0
2493,2020-01-01 00:57:06,gw_main,devA,1,867900000.0,7,125.0,-104.35655162256062,2.1681727567661504,"(2.0, 4.0]",35.0,0.077056,0.952054794520548,1.0502439482079189,0.13117154588102828,3,1.0
2494,2020-01-01 00:57:07,gw_main,devB,1,867300000.0,10,125.0,-113.31567495735882,4.276262718617986,"(4.0, 6.0]",33.0,0.45260799999999995,0.9736842105263158,1.0270083102493075,0.491840487534626,3,1.0
2495,2020-01-01 00:57:08,gw_main,devC,1,867900000.0,7,125.0,-113.40518943438062,-6.722961493869766,"(-8.0, -6.0]",30.0,0.071936,0.5533980582524272,1.6460552361202754,0.7644658655858235,3,1.0
2496,2020-01-01 00:57:09,gw_main,devB,0,867300000.0,11,125.0,-94.56352515368096,-3.8674627624385955,"(-4.0, -2.0]",42.0,1.150976,0.7407407407407407,1.3264746227709192,1.8532150781893006,3,1.0
2497,2020-01-01 00:57:10,gw_main,devA,1,868300000.0,11,125.0,-109.94537668857025,2.5956597900163643,"(2.0, 4.0]",50.0,1.314816,0.9523809523809523,1.0498866213151927,1.4302943492063491,3,1.0
2498,2020-01-01 00:57:11,gw_main,devA,1,867300000.0,7,125.0,-108.42222106113117,9.77707860031788,"(8.0, 10.0]",63.0,0.118016,0.9811320754716981,1.0192239231043076,0.1395086536133856,3,1.0
2499,2020-01-01 00:57:12,gw_main,devB,1,868300000.0,9,125.0,-97.34845936693989,-5.523080236707001,"(-6.0, -4.0]",52.0,0.328704,0.4411764705882353,1.871107266435986,1.4861477093425604,3,1.0
2500,2020-01-01 00:57:13,gw_main,devB,0,867100000.0,11,125.0,-116.83775526205551,-9.475333561138019,"(-10.0, -8.0]",68.0,1.642496,0.23809523809523808,2.3424036281179133,5.1897922176870726,3,1.0
2501,2020-01-01 00:57:15,gw_main,devA,1,867100000.0,8,125.0,-112.43387874679053,9.14245955200302,"(8.0, 10.0]",59.0,0.205312,0.9722222222222222,1.0285493827160495,0.239722913580247,3,1.0
2502,2020-01-01 00:57:16,gw_main,devC,1,867900000.0,8,125.0,-111.48091230504092,-2.010189548132666,"(-4.0, -2.0]",20.0,0.10291199999999999,0.7203389830508474,1.3578713013501866,0.49761255271473703,3,1.0
2503,2020-01-01 00:57:17,gw_main,devC,0,867300000.0,8,125.0,-118.79370315816499,-13.282720650529413,"(-14.0, -12.0]",23.0,0.11315199999999999,0.08333333333333333,2.756944444444444,2.068898222222222,3,1.0
2504,2020-01-01 00:57:18,gw_main,devB,1,867900000.0,8,125.0,-111.30413043496468,8.71118681481957,"(8.0, 10.0]",24.0,0.11315199999999999,0.9722222222222222,1.0285493827160495,0.14493180246913587,3,1.0
2505,2020-01-01 00:57:20,gw_main,devC,1,867300000.0,11,125.0,-109.95966961938367,6.743389663056462,"(6.0, 8.0]",51.0,1.314816,0.9473684210526315,1.0554016620498614,1.443060653739612,3,1.0
2506,2020-01-01 00:57:21,gw_main,devB,1,867900000.0,7,125.0,-115.79286281683318,-0.2608912033297116,"(-2.0, 0.0]",39.0,0.082176,0.8554216867469879,1.165481201916098,0.26125578516475534,3,1.0
2507,2020-01-01 00:57:22,gw_main,devA,1,867300000.0,7,125.0,-127.44095435338757,-2.2538792773843266,"(-4.0, -2.0]",38.0,0.082176,0.8152866242038217,1.2188324069941985,0.31899117887135375,3,1.0
2508,2020-01-01 00:57:23,gw_main,devC,0,868300000.0,7,125.0,-95.16163212639316,-2.7114761225385,"(-4.0, -2.0]",36.0,0.077056,0.8152866242038217,1.2188324069941985,0.31275075694754345,3,1.0
2509,2020-01-01 00:57:24,gw_main,devB,1,867300000.0,7,125.0,-98.98106708878456,8.840670107590071,"(8.0, 10.0]",74.0,0.133376,0.9811320754716981,1.0192239231043076,0.15516393307226778,3,1.0
2510,2020-01-01 00:57:25,gw_main,devC,1,867300000.0,7,125.0,-99.84686172650405,8.606707667991333,"(8.0, 10.0]",60.0,0.112896,0.9811320754716981,1.0192239231043076,0.13429022712709154,3,1.0
2511,2020-01-01 00:57:26,gw_main,devB,0,867100000.0,11,125.0,-100.91485655234516,-12.827097712673513,"(-14.0, -12.0]",66.0,1.560576,0.68,1.4223999999999999,2.6421633023999993,3,1.0
2512,2020-01-01 00:57:27,gw_main,devA,1,867100000.0,7,125.0,-100.39430026691778,-5.617529886889776,"(-6.0, -4.0]",41.0,0.087296,0.6124031007751938,1.537828255513491,0.6720745109067967,3,1.0
2513,2020-01-01 00:57:29,gw_main,devC,1,867100000.0,7,125.0,-79.74882078411139,-2.203760723825938,"(-4.0, -2.0]",64.0,0.118016,0.8152866242038217,1.2188324069941985,0.3626741323380258,3,1.0
2514,2020-01-01 00:57:30,gw_main,devC,1,867100000.0,12,125.0,-111.19866825534142,-8.162840421825512,"(-10.0, -8.0]",32.0,1.8104319999999998,0.25,2.3125,5.499123999999999,3,1.0
2515,2020-01-01 00:57:31,gw_main,devC,1,867300000.0,7,125.0,-116.77716982845783,0.02679442391598308,"(0.0, 2.0]",53.0,0.102656,0.9215686274509803,1.0845828527489427,0.19592179008073818,3,1.0
2516,2020-01-01 00:57:32,gw_main,devC,1,868300000.0,8,125.0,-87.37009981044919,-0.6502007832701286,"(-2.0, 0.0]",56.0,0.195072,0.926605504587156,1.07878124736975,0.2892212628566619,3,1.0
2517,2020-01-01 00:57:33,gw_main,devA,1,868300000.0,8,125.0,-109.42945289591084,-0.5840702117620281,"(-2.0, 0.0]",53.0,0.184832,0.926605504587156,1.07878124736975,0.27817454288359567,3,1.0
2518,2020-01-01 00:57:34,gw_main,devA,1,867900000.0,7,125.0,-105.33652664669056,-2.877377298817417,"(-4.0, -2.0]",63.0,0.118016,0.8152866242038217,1.2188324069941985,0.3626741323380258,3,1.0
2519,2020-01-01 00:57:35,gw_main,devB,1,868300000.0,7,125.0,-114.94137002541571,-1.8604619684356973,"(-2.0, 0.0]",75.0,0.133376,0.8554216867469879,1.165481201916098,0.32092842270285954,3,1.0
2520,2020-01-01 00:57:36,gw_main,devB,1,867100000.0,8,125.0,-108.1763435758585,-2.735446533306137,"(-4.0, -2.0]",61.0,0.205312,0.7203389830508474,1.3578713013501866,0.6366585739729962,3,1.0
2521,2020-01-01 00:57:38,gw_main,devB,0,867900000.0,7,125.0,-102.88040785420324,-4.876439204674922,"(-6.0, -4.0]",62.0,0.118016,0.6124031007751938,1.537828255513491,0.7193165949161712,3,1.0
2522,2020-01-01 00:57:39,gw_main,devB,1,867300000.0,10,125.0,-116.88134899717636,-1.7378657925038898,"(-2.0, 0.0]",25.0,0.41164799999999996,0.7575757575757576,1.3011937557392104,0.8368275629017448,3,1.0
2523,2020-01-01 00:57:40,gw_main,devB,1,867300000.0,7,125.0,-99.00610947102155,-0.8644433733595409,"(-2.0, 0.0]",62.0,0.118016,0.8554216867469879,1.165481201916098,0.3030266314414283,3,1.0
2524,2020-01-01 00:57:41,gw_main,devB,1,867300000.0,7,125.0,-112.88271663906127,7.834445438124723,"(6.0, 8.0]",57.0,0.107776,0.9651162790697675,1.0361005949161708,0.14776737263385603,3,1.0
2525,2020-01-01 00:57:43,gw_main,devB,1,867300000.0,8,125.0,-97.67273135966414,-0.6582016808681557,"(-2.0, 0.0]",71.0,0.236032,0.926605504587156,1.07878124736975,0.33340814274892683,3,1.0
2526,2020-01-01 00:57:44,gw_main,devA,1,868300000.0,9,125.0,-102.85953746027069,3.217127823927576,"(2.0, 4.0]",36.0,0.267264,0.9358974358974359,1.0682117028270874,0.3537062353714661,3,1.0
2527,2020-01-01 00:57:45,gw_main,devB,1,868300000.0,8,125.0,-107.9216342106504,2.4367097212563245,"(2.0, 4.0]",44.0,0.164352,0.9166666666666666,1.0902777777777777,0.269467111111111,3,1.0
2528,2020-01-01 00:57:48,gw_main,devB,1,867100000.0,8,125.0,-108.28348998023327,10.763464173307579,"(10.0, 12.0]",66.0,0.215552,0.9583333333333334,1.0434027777777777,0.2683103333333332,3,1.0
2529,2020-01-01 00:57:49,gw_main,devB,1,868300000.0,10,125.0,-112.12928816823667,8.06770227799865,"(8.0, 10.0]",44.0,0.534528,0.9473684210526315,1.0554016620498614,0.6195434016620497,3,1.0
2530,2020-01-01 00:57:50,gw_main,devC,1,867100000.0,7,125.0,-100.7965197536384,-0.24600845493818355,"(-2.0, 0.0]",68.0,0.123136,0.8554216867469879,1.165481201916098,0.3089938951952387,3,1.0
2531,2020-01-01 00:57:51,gw_main,devA,1,867300000.0,7,125.0,-103.29218395931836,-2.487057851232619,"(-4.0, -2.0]",48.0,0.097536,0.8152866242038217,1.2188324069941985,0.3377124446427846,3,1.0
2532,2020-01-01 00:57:52,gw_main,devA,1,868300000.0,7,125.0,-116.7632309692915,5.2953345205494236,"(4.0, 6.0]",62.0,0.118016,0.976,1.024576,0.1454923612159999,3,1.0
2533,2020-01-01 00:57:53,gw_main,devA,0,868300000.0,7,125.0,-94.5574839417648,3.0997741943356454,"(2.0, 4.0]",56.0,0.107776,0.952054794520548,1.0502439482079189,0.16343503996997555,3,1.0
2534,2020-01-01 00:57:56,gw_main,devA,0,867100000.0,8,125.0,-102.59905485501903,-10.994243054042395,"(-12.0, -10.0]",73.0,0.236032,0.18181818181818182,2.487603305785124,2.0747572892561985,3,1.0
2535,2020-01-01 00:57:59,gw_main,devB,1,868300000.0,11,125.0,-100.64638136754965,4.820612892552571,"(4.0, 6.0]",75.0,1.724416,0.8571428571428571,1.1632653061224492,2.169218612244898,3,1.0
2536,2020-01-01 00:58:01,gw_main,devA,1,867900000.0,8,125.0,-93.88084051287808,6.224063054659011,"(6.0, 8.0]",49.0,0.174592,0.9850746268656716,1.0151481398975275,0.19238488393851663,3,1.0
2537,2020-01-01 00:58:02,gw_main,devC,1,867900000.0,11,125.0,-110.38734703311802,-3.2049438934096592,"(-4.0, -2.0]",71.0,1.642496,0.7407407407407407,1.3264746227709192,2.505203884773663,3,1.0
2538,2020-01-01 00:58:03,gw_main,devA,1,867300000.0,10,125.0,-105.86523516726054,2.330529130642852,"(2.0, 4.0]",65.0,0.739328,0.9767441860465116,1.0237966468361277,0.7807181741481883,3,1.0
2539,2020-01-01 00:58:04,gw_main,devB,1,868300000.0,11,125.0,-112.7356450608182,2.5001482480099897,"(2.0, 4.0]",25.0,0.8232959999999999,0.9523809523809523,1.0498866213151927,0.9142540770975055,3,1.0
2540,2020-01-01 00:58:05,gw_main,devC,0,867900000.0,8,125.0,-115.62165300268079,-4.814918613418318,"(-6.0, -4.0]",22.0,0.10291199999999999,0.6025641025641025,1.5553911900065749,0.7154596081525315,3,1.0
2541,2020-01-01 00:58:06,gw_main,devB,1,867100000.0,7,125.0,-100.071414292934,-3.5479502939009935,"(-4.0, -2.0]",72.0,0.133376,0.8152866242038217,1.2188324069941985,0.38139539810945666,3,1.0
2542,2020-01-01 00:58:07,gw_main,devB,0,867100000.0,9,125.0,-101.55663719073202,-12.438316459341088,"(-14.0, -12.0]",79.0,0.451584,0.06666666666666667,2.8044444444444445,3.0708866844444445,3,1.0
2543,2020-01-01 00:58:10,gw_main,devA,1,867900000.0,7,125.0,-91.62040276675826,2.6241427888073594,"(2.0, 4.0]",77.0,0.13849599999999998,0.952054794520548,1.0502439482079189,0.1956985340589228,3,1.0
2544,2020-01-01 00:58:11,gw_main,devC,0,867100000.0,11,125.0,-102.41276636444002,0.36850149636981555,"(0.0, 2.0]",34.0,0.9871359999999999,0.7368421052631579,1.332409972299169,1.6476798227146812,3,1.0
2545,2020-01-01 00:58:12,gw_main,devC,1,867900000.0,9,125.0,-100.48254130566892,5.484312414435875,"(4.0, 6.0]",51.0,0.328704,0.9516129032258065,1.0507284079084287,0.3961070385015608,3,1.0
2546,2020-01-01 00:58:13,gw_main,devB,1,867900000.0,10,125.0,-105.02224472210987,2.139253387135912,"(2.0, 4.0]",61.0,0.698368,0.9767441860465116,1.0237966468361277,0.7387834634937805,3,1.0
2547,2020-01-01 00:58:15,gw_main,devA,1,868300000.0,12,125.0,-95.31331128492667,2.0772063944901156,"(2.0, 4.0]",42.0,2.138112,0.782608695652174,1.2646502835538753,2.9686142306238192,3,1.0
2548,2020-01-01 00:58:16,gw_main,devB,1,868300000.0,7,125.0,-96.31545990472198,-2.3425506824993065,"(-4.0, -2.0]",21.0,0.056575999999999994,0.8152866242038217,1.2188324069941985,0.28778906925230224,3,1.0
2549,2020-01-01 00:58:17,gw_main,devA,1,867100000.0,7,125.0,-95.73311560398656,3.6543701438086336,"(2.0, 4.0]",23.0,0.061695999999999994,0.952054794520548,1.0502439482079189,0.11503979883655464,3,1.0
2550,2020-01-01 00:58:19,gw_main,devB,0,867300000.0,8,125.0,-104.53094422003255,-5.931439370565619,"(-6.0, -4.0]",50.0,0.174592,0.6025641025641025,1.5553911900065749,0.8269500486522028,3,1.0
2551,2020-01-01 00:58:20,gw_main,devC,1,867100000.0,7,125.0,-116.21296114301254,0.013194477979048911,"(0.0, 2.0]",27.0,0.066816,0.9215686274509803,1.0845828527489427,0.1570503406382161,3,1.0
2552,2020-01-01 00:58:21,gw_main,devC,1,867300000.0,10,125.0,-107.48504083366505,0.3320042805052416,"(0.0, 2.0]",47.0,0.575488,0.8888888888888888,1.1234567901234567,0.7699926913580245,3,1.0
2553,2020-01-01 00:58:22,gw_main,devA,1,867100000.0,10,125.0,-110.79582782249237,-1.8462657135384153,"(-2.0, 0.0]",76.0,0.821248,0.7575757575757576,1.3011937557392104,1.3697965252525253,3,1.0
2554,2020-01-01 00:58:23,gw_main,devA,1,867100000.0,7,125.0,-113.23540417365467,5.369439455986904,"(4.0, 6.0]",61.0,0.112896,0.976,1.024576,0.1402465320959999,3,1.0
2555,2020-01-01 00:58:25,gw_main,devB,1,867900000.0,10,125.0,-105.06787924708547,-2.2064022782981025,"(-4.0, -2.0]",54.0,0.616448,0.6428571428571429,1.4846938775510203,1.3999304489795916,3,1.0
2556,2020-01-01 00:58:26,gw_main,devA,1,867900000.0,8,125.0,-112.16249823848464,-2.1041908984016144,"(-4.0, -2.0]",59.0,0.205312,0.7203389830508474,1.3578713013501866,0.6366585739729962,3,1.0
2557,2020-01-01 00:58:29,gw_main,devA,1,867900000.0,8,125.0,-105.72631685820113,-2.6170962010474446,"(-4.0, -2.0]",49.0,0.174592,0.7203389830508474,1.3578713013501866,0.5949447675955184,3,1.0
2558,2020-01-01 00:58:31,gw_main,devC,1,867100000.0,10,125.0,-113.79062813742782,1.7309620152670848,"(0.0, 2.0]",26.0,0.41164799999999996,0.8888888888888888,1.1234567901234567,0.5859255308641973,3,1.0
2559,2020-01-01 00:58:32,gw_main,devC,1,868300000.0,7,125.0,-117.60220330859494,3.54607922870996,"(2.0, 4.0]",64.0,0.118016,0.952054794520548,1.0502439482079189,0.17418953799962464,3,1.0
2560,2020-01-01 00:58:33,gw_main,devB,1,867100000.0,7,125.0,-122.42752956471875,-4.404640423134574,"(-6.0, -4.0]",27.0,0.066816,0.6124031007751938,1.537828255513491,0.6405797882338804,3,1.0
2561,2020-01-01 00:58:34,gw_main,devB,0,868300000.0,11,125.0,-105.96627201434464,-2.2356739755603328,"(-4.0, -2.0]",57.0,1.396736,0.7407407407407407,1.3264746227709192,2.1792094814814815,3,1.0
2562,2020-01-01 00:58:36,gw_main,devA,1,867300000.0,8,125.0,-100.55888029074,4.575252750868432,"(4.0, 6.0]",55.0,0.195072,0.975609756097561,1.0249851279000597,0.22493102676978013,3,1.0
2563,2020-01-01 00:58:37,gw_main,devC,0,867900000.0,9,125.0,-118.7240714895419,-9.104663948744593,"(-10.0, -8.0]",59.0,0.369664,0.36666666666666664,2.034444444444444,1.786505315555555,3,1.0
2564,2020-01-01 00:58:38,gw_main,devB,1,867300000.0,7,125.0,-93.94593247254102,-1.8795677426292696,"(-2.0, 0.0]",25.0,0.061695999999999994,0.8554216867469879,1.165481201916098,0.23738673014951361,3,1.0
2565,2020-01-01 00:58:39,gw_main,devA,1,867300000.0,11,125.0,-107.61463909365801,11.706433006723655,"(10.0, 12.0]",66.0,1.560576,0.9,1.11,1.8422393600000002,3,1.0
2566,2020-01-01 00:58:42,gw_main,devB,1,867100000.0,7,125.0,-99.58773102749122,-0.8799247616520123,"(-2.0, 0.0]",59.0,0.112896,0.8554216867469879,1.165481201916098,0.29705936768761787,3,1.0
2567,2020-01-01 00:58:43,gw_main,devA,1,867300000.0,10,125.0,-98.71125009157393,-7.046555200401565,"(-8.0, -6.0]",39.0,0.49356799999999995,0.25,2.3125,2.453876,3,1.0
2568,2020-01-01 00:58:44,gw_main,devA,1,867100000.0,7,125.0,-122.54970168461895,-0.1960277233177556,"(-2.0, 0.0]",55.0,0.107776,0.8554216867469879,1.165481201916098,0.29109210393380747,3,1.0
2569,2020-01-01 00:58:45,gw_main,devA,1,868300000.0,10,125.0,-111.05461924270479,2.438842057259056,"(2.0, 4.0]",29.0,0.41164799999999996,0.9767441860465116,1.0237966468361277,0.44524048891292595,3,1.0
2570,2020-01-01 00:58:47,gw_main,devB,1,868300000.0,11,125.0,-100.71375969644423,2.049683496799482,"(2.0, 4.0]",46.0,1.232896,0.9523809523809523,1.0498866213151927,1.3442876371882087,3,1.0
2571,2020-01-01 00:58:48,gw_main,devA,1,867100000.0,7,125.0,-103.93608688736049,7.469460174025304,"(6.0, 8.0]",49.0,0.097536,0.9651162790697675,1.0361005949161708,0.13715770254191442,3,1.0
2572,2020-01-01 00:58:51,gw_main,devC,1,868300000.0,9,125.0,-107.57258038053332,-5.851677534328317,"(-6.0, -4.0]",60.0,0.369664,0.4411764705882353,1.871107266435986,1.5627882629757783,3,1.0
2573,2020-01-01 00:58:52,gw_main,devA,0,868300000.0,7,125.0,-105.90723509330243,-9.68207593329692,"(-10.0, -8.0]",47.0,0.092416,0.32727272727272727,2.1252892561983474,1.3216999880991738,3,1.0
2574,2020-01-01 00:58:53,gw_main,devA,1,867300000.0,12,125.0,-94.92284180590745,6.4269312374274055,"(6.0, 8.0]",65.0,2.793472,0.875,1.140625,3.326929,3,1.0
2575,2020-01-01 00:58:57,gw_main,devC,0,867300000.0,7,125.0,-96.89883366254146,-6.999995757602617,"(-8.0, -6.0]",66.0,0.123136,0.5533980582524272,1.6460552361202754,0.8487438936751817,3,1.0
2576,2020-01-01 00:59:00,gw_main,devA,1,868300000.0,8,125.0,-123.9015655756531,-5.125520465981209,"(-6.0, -4.0]",22.0,0.10291199999999999,0.6025641025641025,1.5553911900065749,0.7154596081525315,3,1.0
2577,2020-01-01 00:59:02,gw_main,devC,1,867100000.0,7,125.0,-107.48226928006561,3.8674083043061254,"(2.0, 4.0]",21.0,0.056575999999999994,0.952054794520548,1.0502439482079189,0.1096625498217301,3,1.0
2578,2020-01-01 00:59:03,gw_main,devA,1,867300000.0,8,125.0,-110.79630863603255,1.3680946715402427,"(0.0, 2.0]",27.0,0.12339199999999999,0.9338842975206612,1.0704869885936752,0.20257651909022595,3,1.0
2579,2020-01-01 00:59:04,gw_main,devC,1,867300000.0,10,125.0,-106.69367222274806,-6.23627722009589,"(-8.0, -6.0]",61.0,0.698368,0.25,2.3125,2.927476,3,1.0
2580,2020-01-01 00:59:05,gw_main,devC,1,867100000.0,7,125.0,-116.46563311225049,-12.675972969079842,"(-14.0, -12.0]",55.0,0.107776,0.2916666666666667,2.210069444444444,1.4482618888888885,3,1.0
2581,2020-01-01 00:59:06,gw_main,devB,1,867300000.0,9,125.0,-100.84759020574398,-1.5532796823391977,"(-2.0, 0.0]",72.0,0.431104,0.826530612244898,1.203561016243232,0.7224209845897542,3,1.0
2582,2020-01-01 00:59:07,gw_main,devC,1,867100000.0,7,125.0,-113.94233333543248,0.9861294659369313,"(0.0, 2.0]",45.0,0.092416,0.9215686274509803,1.0845828527489427,0.184815661668589,3,1.0
2583,2020-01-01 00:59:09,gw_main,devA,1,867300000.0,7,125.0,-103.5721189915397,-2.5701008193300887,"(-4.0, -2.0]",59.0,0.112896,0.8152866242038217,1.2188324069941985,0.3564337104142155,3,1.0
2584,2020-01-01 00:59:10,gw_main,devC,0,867300000.0,7,125.0,-106.49036877252959,-4.148671178327313,"(-6.0, -4.0]",36.0,0.077056,0.6124031007751938,1.537828255513491,0.6563271495703386,3,1.0
2585,2020-01-01 00:59:11,gw_main,devC,1,868300000.0,7,125.0,-100.92256023614755,4.293828069893664,"(4.0, 6.0]",67.0,0.123136,0.976,1.024576,0.15073819033599992,3,1.0
2586,2020-01-01 00:59:12,gw_main,devA,1,867900000.0,8,125.0,-108.1408116035605,-0.3142480692630825,"(-2.0, 0.0]",53.0,0.184832,0.926605504587156,1.07878124736975,0.27817454288359567,3,1.0
2587,2020-01-01 00:59:15,gw_main,devC,1,868300000.0,7,125.0,-90.8287659989315,-3.7225300400881753,"(-4.0, -2.0]",36.0,0.077056,0.8152866242038217,1.2188324069941985,0.31275075694754345,3,1.0
2588,2020-01-01 00:59:16,gw_main,devB,1,867900000.0,12,125.0,-100.92923154375946,0.9827873678876833,"(0.0, 2.0]",57.0,2.629632,0.8,1.24,3.5007436800000002,3,1.0
2589,2020-01-01 00:59:17,gw_main,devC,0,868300000.0,7,125.0,-93.31483882836059,-6.032507016928864,"(-8.0, -6.0]",64.0,0.118016,0.5533980582524272,1.6460552361202754,0.8403160908662458,3,1.0
2590,2020-01-01 00:59:20,gw_main,devB,1,867100000.0,7,125.0,-106.01309496022601,7.205824635198354,"(6.0, 8.0]",68.0,0.123136,0.9651162790697675,1.0361005949161708,0.1636818777717684,3,1.0
2591,2020-01-01 00:59:21,gw_main,devB,1,867900000.0,7,125.0,-110.07154797383404,1.1457106695655837,"(0.0, 2.0]",30.0,0.071936,0.9215686274509803,1.0845828527489427,0.16260340484429067,3,1.0
2592,2020-01-01 00:59:22,gw_main,devB,1,867900000.0,8,125.0,-101.04954993287988,8.757597049366433,"(8.0, 10.0]",50.0,0.174592,0.9722222222222222,1.0285493827160495,0.20812587654320996,3,1.0
2593,2020-01-01 00:59:24,gw_main,devC,0,867300000.0,10,125.0,-101.16803285933877,-1.8603921651491406,"(-2.0, 0.0]",54.0,0.616448,0.7575757575757576,1.3011937557392104,1.1033120440771351,3,1.0
2594,2020-01-01 00:59:25,gw_main,devB,0,867900000.0,7,125.0,-95.71748788621352,-8.353424308131842,"(-10.0, -8.0]",65.0,0.123136,0.32727272727272727,2.1252892561983474,1.386988874049587,3,1.0
2595,2020-01-01 00:59:28,gw_main,devC,1,867300000.0,10,125.0,-105.04440742887334,1.965301635009138,"(0.0, 2.0]",34.0,0.45260799999999995,0.8888888888888888,1.1234567901234567,0.6319423209876541,3,1.0
2596,2020-01-01 00:59:29,gw_main,devC,1,868300000.0,9,125.0,-111.13480087510989,4.39872661343783,"(4.0, 6.0]",71.0,0.410624,0.9516129032258065,1.0507284079084287,0.48218270967741933,3,1.0
2597,2020-01-01 00:59:31,gw_main,devC,1,867900000.0,7,125.0,-97.83799891744872,-0.05727263981540136,"(-2.0, 0.0]",52.0,0.102656,0.8554216867469879,1.165481201916098,0.285124840179997,3,1.0
2598,2020-01-01 00:59:32,gw_main,devC,1,867300000.0,8,125.0,-109.69888102046146,-1.2288359193814036,"(-2.0, 0.0]",68.0,0.225792,0.926605504587156,1.07878124736975,0.3223614227758606,3,1.0
2599,2020-01-01 00:59:36,gw_main,devB,1,867100000.0,9,125.0,-106.13928965815195,2.9518332706015946,"(2.0, 4.0]",45.0,0.308224,0.9358974358974359,1.0682117028270874,0.39746018671926364,3,1.0
2600,2020-01-01 00:59:37,gw_main,devA,1,867900000.0,10,125.0,-117.34776505275029,0.9248650525208572,"(0.0, 2.0]",40.0,0.534528,0.8888888888888888,1.1234567901234567,0.7239759012345677,3,1.0
2601,2020-01-01 00:59:38,gw_main,devA,1,867300000.0,7,125.0,-106.98235727454471,-4.619603512144498,"(-6.0, -4.0]",26.0,0.061695999999999994,0.6124031007751938,1.537828255513491,0.6327061075656514,3,1.0
2602,2020-01-01 00:59:39,gw_main,devC,1,868300000.0,9,125.0,-106.13793884780976,-1.5695725247300274,"(-2.0, 0.0]",20.0,0.18534399999999998,0.826530612244898,1.203561016243232,0.42663382923781756,3,1.0
2603,2020-01-01 00:59:41,gw_main,devB,1,867100000.0,7,125.0,-104.98544086578755,6.027947193370597,"(6.0, 8.0]",30.0,0.071936,0.9651162790697675,1.0361005949161708,0.11063352731206046,3,1.0
2604,2020-01-01 00:59:42,gw_main,devB,0,867100000.0,7,125.0,-116.83918503669427,-12.61226350542896,"(-14.0, -12.0]",28.0,0.066816,0.2916666666666667,2.210069444444444,1.357737444444444,3,1.0
2605,2020-01-01 00:59:43,gw_main,devB,1,867900000.0,10,125.0,-125.80905827552525,-1.3071834924058143,"(-2.0, 0.0]",50.0,0.616448,0.7575757575757576,1.3011937557392104,1.1033120440771351,3,1.0
2606,2020-01-01 00:59:45,gw_main,devA,1,867900000.0,7,125.0,-97.36241779845795,-2.0492073014262315,"(-4.0, -2.0]",47.0,0.092416,0.8152866242038217,1.2188324069941985,0.33147202271897436,3,1.0
2607,2020-01-01 00:59:47,gw_main,devA,1,867100000.0,9,125.0,-109.24664791618383,-0.10772945826879834,"(-2.0, 0.0]",51.0,0.328704,0.826530612244898,1.203561016243232,0.5991763365264473,3,1.0
2608,2020-01-01 00:59:48,gw_main,devC,1,868300000.0,7,125.0,-101.55564118203357,7.736258184873197,"(6.0, 8.0]",35.0,0.077056,0.9651162790697675,1.0361005949161708,0.11593836235803125,3,1.0
2609,2020-01-01 00:59:49,gw_main,devB,1,867100000.0,7,125.0,-108.57645300162275,-0.9627025065563091,"(-2.0, 0.0]",45.0,0.092416,0.8554216867469879,1.165481201916098,0.27319031267237615,3,1.0
2610,2020-01-01 00:59:52,gw_main,devA,1,867100000.0,9,125.0,-103.02788307550668,-2.2372383714052386,"(-4.0, -2.0]",20.0,0.18534399999999998,0.7241379310344828,1.351961950059453,0.6025399857312723,3,1.0
2611,2020-01-01 00:59:54,gw_main,devB,1,867100000.0,7,125.0,-99.29475619101922,0.4269038258317547,"(0.0, 2.0]",75.0,0.133376,0.9215686274509803,1.0845828527489427,0.2292401753171857,3,1.0
2612,2020-01-01 00:59:55,gw_main,devC,0,867900000.0,8,125.0,-104.95173015359056,-3.2229464357443156,"(-4.0, -2.0]",72.0,0.236032,0.7203389830508474,1.3578713013501866,0.6783723803504739,3,1.0
2613,2020-01-01 00:59:56,gw_main,devB,1,867100000.0,8,125.0,-121.4062157701937,-2.9398999786470963,"(-4.0, -2.0]",70.0,0.225792,0.7203389830508474,1.3578713013501866,0.664467778224648,3,1.0
2614,2020-01-01 00:59:57,gw_main,devB,1,868300000.0,8,125.0,-108.44179807680825,2.2834469906281054,"(2.0, 4.0]",49.0,0.174592,0.9166666666666666,1.0902777777777777,0.2806315555555554,3,1.0
2615,2020-01-01 00:59:59,gw_main,devA,1,867900000.0,10,125.0,-101.52614229131787,4.632069678490751,"(4.0, 6.0]",37.0,0.49356799999999995,0.9736842105263158,1.0270083102493075,0.5339067479224376,3,1.0
2616,2020-01-01 01:00:00,gw_main,devB,1,867900000.0,7,125.0,-97.96288610250828,0.8468641981072346,"(0.0, 2.0]",26.0,0.061695999999999994,0.9215686274509803,1.0845828527489427,0.1514972764321415,3,1.0
2617,2020-01-01 01:00:01,gw_main,devB,0,867900000.0,8,125.0,-116.24466750997033,-8.589709019718828,"(-10.0, -8.0]",41.0,0.154112,0.2653061224489796,2.2744689712619737,1.624991933361099,3,1.0
2618,2020-01-01 01:00:02,gw_main,devC,1,867900000.0,8,125.0,-101.806021807408,3.1915317477829395,"(2.0, 4.0]",39.0,0.154112,0.9166666666666666,1.0902777777777777,0.25830266666666657,3,1.0
2619,2020-01-01 01:00:03,gw_main,devA,1,867100000.0,12,125.0,-114.57914889074958,-1.8537800335725196,"(-2.0, 0.0]",75.0,3.121152,0.7,1.3900000000000001,4.72840128,3,1.0
2620,2020-01-01 01:00:04,gw_main,devA,0,867100000.0,7,125.0,-110.05200939481787,-1.7166009820008274,"(-2.0, 0.0]",78.0,0.13849599999999998,0.8554216867469879,1.165481201916098,0.32689568645666994,3,1.0
2621,2020-01-01 01:00:05,gw_main,devC,0,868300000.0,9,125.0,-104.17565281160282,-8.897462688832539,"(-10.0, -8.0]",22.0,0.20582399999999998,0.36666666666666664,2.034444444444444,1.4531819377777773,3,1.0
2622,2020-01-01 01:00:06,gw_main,devA,1,867100000.0,7,125.0,-94.80147791392915,-3.4411484444775127,"(-4.0, -2.0]",64.0,0.118016,0.8152866242038217,1.2188324069941985,0.3626741323380258,3,1.0
2623,2020-01-01 01:00:07,gw_main,devC,0,867900000.0,10,125.0,-101.43034903587694,-4.361029285773822,"(-6.0, -4.0]",44.0,0.534528,0.5,1.75,1.685424,3,1.0
2624,2020-01-01 01:00:08,gw_main,devB,1,867100000.0,8,125.0,-99.82273519582375,-0.21878305832147404,"(-2.0, 0.0]",20.0,0.10291199999999999,0.926605504587156,1.07878124736975,0.18980078309906573,3,1.0
2625,2020-01-01 01:00:09,gw_main,devA,0,867100000.0,7,125.0,-109.88526919455917,-8.72051427707159,"(-10.0, -8.0]",55.0,0.107776,0.32727272727272727,2.1252892561983474,1.3543444310743804,3,1.0
2626,2020-01-01 01:00:10,gw_main,devA,1,868300000.0,8,125.0,-106.86690391369333,0.30393775570424153,"(0.0, 2.0]",68.0,0.225792,0.9338842975206612,1.0704869885936752,0.31219438672221833,3,1.0
2627,2020-01-01 01:00:11,gw_main,devA,1,868300000.0,7,125.0,-100.07708788781946,0.7460159446958522,"(0.0, 2.0]",75.0,0.133376,0.9215686274509803,1.0845828527489427,0.2292401753171857,3,1.0
2628,2020-01-01 01:00:12,gw_main,devC,0,867900000.0,7,125.0,-104.12509330418878,-6.718607110218175,"(-8.0, -6.0]",40.0,0.082176,0.5533980582524272,1.6460552361202754,0.7813214712036951,3,1.0
2629,2020-01-01 01:00:13,gw_main,devB,1,868300000.0,7,125.0,-104.14755029368872,-3.747938197788754,"(-4.0, -2.0]",60.0,0.112896,0.8152866242038217,1.2188324069941985,0.3564337104142155,3,1.0
2630,2020-01-01 01:00:14,gw_main,devB,1,867300000.0,7,125.0,-102.02505569840699,-5.145321381247495,"(-6.0, -4.0]",23.0,0.061695999999999994,0.6124031007751938,1.537828255513491,0.6327061075656514,3,1.0
2631,2020-01-01 01:00:16,gw_main,devB,0,868300000.0,8,125.0,-93.39710978297795,-15.169583393041258,"(-16.0, -14.0]",38.0,0.143872,0.125,2.640625,2.020537,3,1.0
2632,2020-01-01 01:00:17,gw_main,devA,1,867300000.0,9,125.0,-92.9175883184852,-2.0599492351649937,"(-4.0, -2.0]",24.0,0.20582399999999998,0.7241379310344828,1.351961950059453,0.6302281664684899,3,1.0
2633,2020-01-01 01:00:18,gw_main,devA,0,867300000.0,8,125.0,-102.07143539313917,-9.963160513452115,"(-10.0, -8.0]",49.0,0.174592,0.2653061224489796,2.2744689712619737,1.671573057892544,3,1.0
2634,2020-01-01 01:00:19,gw_main,devA,1,867900000.0,8,125.0,-112.35122712866038,-2.5900295881476043,"(-4.0, -2.0]",24.0,0.11315199999999999,0.7203389830508474,1.3578713013501866,0.5115171548405629,3,1.0
2635,2020-01-01 01:00:20,gw_main,devC,1,867900000.0,8,125.0,-115.89978957801722,5.080445018421825,"(4.0, 6.0]",30.0,0.12339199999999999,0.975609756097561,1.0249851279000597,0.15146009280190384,3,1.0
2636,2020-01-01 01:00:21,gw_main,devB,1,867900000.0,8,125.0,-104.19350130162552,-3.783667676392445,"(-4.0, -2.0]",48.0,0.174592,0.7203389830508474,1.3578713013501866,0.5949447675955184,3,1.0
2637,2020-01-01 01:00:23,gw_main,devB,1,867300000.0,7,125.0,-122.7128546373557,-5.0686488615007645,"(-6.0, -4.0]",61.0,0.112896,0.6124031007751938,1.537828255513491,0.7114429142479421,3,1.0
2638,2020-01-01 01:00:24,gw_main,devC,1,868300000.0,7,125.0,-108.17093477844688,11.636895643470183,"(10.0, 12.0]",66.0,0.123136,0.9696969696969697,1.0312213039485765,0.15820177043158837,3,1.0
2639,2020-01-01 01:00:25,gw_main,devA,1,867100000.0,7,125.0,-85.70915800930263,5.479177974514364,"(4.0, 6.0]",64.0,0.118016,0.976,1.024576,0.1454923612159999,3,1.0
2640,2020-01-01 01:00:26,gw_main,devA,1,867900000.0,7,125.0,-105.33584867584871,6.763148318910606,"(6.0, 8.0]",57.0,0.107776,0.9651162790697675,1.0361005949161708,0.14776737263385603,3,1.0
2641,2020-01-01 01:00:27,gw_main,devB,1,867300000.0,8,125.0,-104.13435283837424,-7.969088612044441,"(-8.0, -6.0]",58.0,0.195072,0.5087719298245614,1.7325330871037241,1.0705017814712217,3,1.0
2642,2020-01-01 01:00:28,gw_main,devC,1,867300000.0,8,125.0,-106.0125485250315,-6.6064732245530875,"(-8.0, -6.0]",58.0,0.195072,0.5087719298245614,1.7325330871037241,1.0705017814712217,3,1.0
2643,2020-01-01 01:00:29,gw_main,devA,1,867100000.0,9,125.0,-104.01126399829711,6.478545285540699,"(6.0, 8.0]",40.0,0.287744,0.9761904761904762,1.02437641723356,0.3191345850340136,3,1.0
2644,2020-01-01 01:00:31,gw_main,devA,1,867100000.0,7,125.0,-103.06117334278082,-1.547532307570433,"(-2.0, 0.0]",52.0,0.102656,0.8554216867469879,1.165481201916098,0.285124840179997,3,1.0
2645,2020-01-01 01:00:32,gw_main,devA,0,867300000.0,8,125.0,-98.35224207347132,2.0026998738164496,"(2.0, 4.0]",71.0,0.236032,0.9166666666666666,1.0902777777777777,0.3476182222222221,3,1.0
2646,2020-01-01 01:00:33,gw_main,devB,0,867900000.0,8,125.0,-103.08324057133264,-7.531062107690687,"(-8.0, -6.0]",25.0,0.11315199999999999,0.5087719298245614,1.7325330871037241,0.9285726709756847,3,1.0
2647,2020-01-01 01:00:34,gw_main,devA,1,867300000.0,7,125.0,-102.77707351461592,4.63720113767079,"(4.0, 6.0]",41.0,0.087296,0.976,1.024576,0.11401738649599992,3,1.0
2648,2020-01-01 01:00:35,gw_main,devC,1,868300000.0,8,125.0,-105.09324538834737,0.1099437760944205,"(0.0, 2.0]",26.0,0.11315199999999999,0.9338842975206612,1.0704869885936752,0.19161473232702672,3,1.0
2649,2020-01-01 01:00:36,gw_main,devA,1,867300000.0,9,125.0,-98.96908164106468,2.875440873341733,"(2.0, 4.0]",72.0,0.431104,0.9358974358974359,1.0682117028270874,0.528722040762656,3,1.0
2650,2020-01-01 01:00:37,gw_main,devA,1,868300000.0,7,125.0,-115.4515366063319,-4.023684107299541,"(-6.0, -4.0]",22.0,0.056575999999999994,0.6124031007751938,1.537828255513491,0.6248324268974222,3,1.0
2651,2020-01-01 01:00:39,gw_main,devA,1,868300000.0,7,125.0,-109.73200430699205,-4.229289776694105,"(-6.0, -4.0]",23.0,0.061695999999999994,0.6124031007751938,1.537828255513491,0.6327061075656514,3,1.0
2652,2020-01-01 01:00:40,gw_main,devC,1,868300000.0,9,125.0,-105.59711849906662,5.726283581427513,"(4.0, 6.0]",73.0,0.431104,0.9516129032258065,1.0507284079084287,0.5037016274713839,3,1.0
2653,2020-01-01 01:00:41,gw_main,devA,1,867300000.0,8,125.0,-99.97269810382063,6.777877122626246,"(6.0, 8.0]",67.0,0.225792,0.9850746268656716,1.0151481398975275,0.24436046870127,3,1.0
2654,2020-01-01 01:00:42,gw_main,devC,1,867100000.0,7,125.0,-111.99824895844378,5.471313709588832,"(4.0, 6.0]",69.0,0.12825599999999998,0.976,1.024576,0.1559840194559999,3,1.0
2655,2020-01-01 01:00:43,gw_main,devA,1,867100000.0,8,125.0,-103.8784170947744,3.0987819952793973,"(2.0, 4.0]",36.0,0.143872,0.9166666666666666,1.0902777777777777,0.24713822222222212,3,1.0
2656,2020-01-01 01:00:44,gw_main,devB,1,867900000.0,7,125.0,-105.77811526422012,3.8028975276085957,"(2.0, 4.0]",31.0,0.071936,0.952054794520548,1.0502439482079189,0.12579429686620375,3,1.0
2657,2020-01-01 01:00:45,gw_main,devA,0,867300000.0,7,125.0,-98.99202157135602,-16.235564370518915,"(-18.0, -16.0]",67.0,0.123136,0.8018720748829953,1.2373825998281742,0.3897489436406163,3,1.0
2658,2020-01-01 01:00:46,gw_main,devA,1,867100000.0,9,125.0,-109.53897311638417,5.009305234596637,"(4.0, 6.0]",65.0,0.390144,0.9516129032258065,1.0507284079084287,0.4606637918834547,3,1.0
2659,2020-01-01 01:00:48,gw_main,devC,1,867100000.0,11,125.0,-98.83127648265452,0.5696699586949585,"(0.0, 2.0]",51.0,1.314816,0.7368421052631579,1.332409972299169,2.084283922437673,3,1.0
2660,2020-01-01 01:00:49,gw_main,devA,1,868300000.0,11,125.0,-107.85931949241478,-1.702236853915527,"(-2.0, 0.0]",27.0,0.8232959999999999,0.7209302325581395,1.3569497025419146,1.4741209648458626,3,1.0
2661,2020-01-01 01:00:50,gw_main,devC,1,868300000.0,10,125.0,-106.75448476383045,-8.346822081608343,"(-10.0, -8.0]",32.0,0.45260799999999995,0.18181818181818182,2.487603305785124,2.613512462809917,3,1.0
2662,2020-01-01 01:00:51,gw_main,devB,0,867300000.0,8,125.0,-109.49283269689955,-3.2318002019655214,"(-4.0, -2.0]",22.0,0.10291199999999999,0.7203389830508474,1.3578713013501866,0.49761255271473703,3,1.0
2663,2020-01-01 01:00:54,gw_main,devB,1,867900000.0,9,125.0,-114.9862337772783,-3.7375335570305612,"(-4.0, -2.0]",67.0,0.410624,0.7241379310344828,1.351961950059453,0.9071099738406659,3,1.0
2664,2020-01-01 01:00:56,gw_main,devC,1,867300000.0,10,125.0,-101.86479697396801,8.710573719048604,"(8.0, 10.0]",38.0,0.49356799999999995,0.9473684210526315,1.0554016620498614,0.5763141495844873,3,1.0
2665,2020-01-01 01:00:57,gw_main,devB,1,867300000.0,7,125.0,-106.57259661518691,-5.295415766430011,"(-6.0, -4.0]",41.0,0.087296,0.6124031007751938,1.537828255513491,0.6720745109067967,3,1.0
2666,2020-01-01 01:00:58,gw_main,devA,1,867900000.0,8,125.0,-104.52376965873427,12.441815766370993,"(12.0, 14.0]",49.0,0.174592,0.9375,1.06640625,0.25259224999999996,3,1.0
2667,2020-01-01 01:00:59,gw_main,devC,1,867100000.0,7,125.0,-105.13996797720819,0.3038918567301197,"(0.0, 2.0]",38.0,0.082176,0.9215686274509803,1.0845828527489427,0.17370953325643984,3,1.0
2668,2020-01-01 01:01:00,gw_main,devC,1,868300000.0,7,125.0,-92.22569591788032,-5.3004542093803675,"(-6.0, -4.0]",49.0,0.097536,0.6124031007751938,1.537828255513491,0.6878218722432549,3,1.0
2669,2020-01-01 01:01:01,gw_main,devA,1,867900000.0,8,125.0,-97.70423900035878,5.906025642489521,"(4.0, 6.0]",60.0,0.205312,0.975609756097561,1.0249851279000597,0.23542687447947674,3,1.0
2670,2020-01-01 01:01:02,gw_main,devB,1,868300000.0,7,125.0,-108.39980696352522,10.160093197707916,"(10.0, 12.0]",66.0,0.123136,0.9696969696969697,1.0312213039485765,0.15820177043158837,3,1.0
2671,2020-01-01 01:01:03,gw_main,devC,1,867300000.0,9,125.0,-99.39140477892421,-8.608485572243103,"(-10.0, -8.0]",44.0,0.287744,0.36666666666666664,2.034444444444444,1.619843626666666,3,1.0
2672,2020-01-01 01:01:05,gw_main,devB,1,868300000.0,7,125.0,-109.84693439189839,-1.6884311442207305,"(-2.0, 0.0]",61.0,0.112896,0.8554216867469879,1.165481201916098,0.29705936768761787,3,1.0
2673,2020-01-01 01:01:07,gw_main,devA,1,867900000.0,8,125.0,-102.67120725103783,-2.2827865948708834,"(-4.0, -2.0]",38.0,0.143872,0.7203389830508474,1.3578713013501866,0.5532309612180407,3,1.0
2674,2020-01-01 01:01:08,gw_main,devC,0,867300000.0,7,125.0,-110.3702747980465,-9.46315895081401,"(-10.0, -8.0]",21.0,0.056575999999999994,0.32727272727272727,2.1252892561983474,1.245529621157025,3,1.0
2675,2020-01-01 01:01:09,gw_main,devC,1,867900000.0,9,125.0,-112.47872214755252,3.0118026702314156,"(2.0, 4.0]",47.0,0.308224,0.9358974358974359,1.0682117028270874,0.39746018671926364,3,1.0
2676,2020-01-01 01:01:12,gw_main,devB,1,868300000.0,11,125.0,-117.21496476649342,10.341586380174597,"(10.0, 12.0]",24.0,0.8232959999999999,0.9,1.11,1.02385856,3,1.0
2677,2020-01-01 01:01:13,gw_main,devA,1,867300000.0,8,125.0,-114.22593746087513,4.171452356751553,"(4.0, 6.0]",30.0,0.12339199999999999,0.975609756097561,1.0249851279000597,0.15146009280190384,3,1.0
2678,2020-01-01 01:01:15,gw_main,devB,1,867100000.0,9,125.0,-103.29370520440055,-3.1239097840633008,"(-4.0, -2.0]",32.0,0.24678399999999998,0.7241379310344828,1.351961950059453,0.685604527942925,3,1.0
2679,2020-01-01 01:01:17,gw_main,devB,1,867900000.0,9,125.0,-90.88085552468414,-4.985593360815785,"(-6.0, -4.0]",29.0,0.22630399999999998,0.4411764705882353,1.871107266435986,1.2945463252595153,3,1.0
2680,2020-01-01 01:01:18,gw_main,devC,1,867900000.0,7,125.0,-97.61671601409856,-1.6473121836314928,"(-2.0, 0.0]",30.0,0.071936,0.8554216867469879,1.165481201916098,0.24932125765713448,3,1.0
2681,2020-01-01 01:01:19,gw_main,devA,0,867100000.0,8,125.0,-121.6459934392088,-15.267164543256557,"(-16.0, -14.0]",26.0,0.11315199999999999,0.125,2.640625,1.939417,3,1.0
2682,2020-01-01 01:01:20,gw_main,devB,1,868300000.0,9,125.0,-111.13761959968744,1.0732083957575427,"(0.0, 2.0]",48.0,0.308224,0.8987341772151899,1.1115205896490947,0.4541179118730973,3,1.0
2683,2020-01-01 01:01:21,gw_main,devB,1,867900000.0,8,125.0,-92.30240923303201,-0.17361059632577394,"(-2.0, 0.0]",77.0,0.246272,0.926605504587156,1.07878124736975,0.34445486272199305,3,1.0
2684,2020-01-01 01:01:22,gw_main,devC,1,867100000.0,7,125.0,-104.23569346236769,15.395246333157804,"(14.0, 16.0]",48.0,0.097536,0.9090909090909091,1.0991735537190082,0.20638254545454532,3,1.0
2685,2020-01-01 01:01:28,gw_main,devB,1,867100000.0,11,125.0,-114.39819928964906,-11.205568278992008,"(-12.0, -10.0]",72.0,1.642496,0.25,2.3125,5.110772,3,1.0
2686,2020-01-01 01:01:29,gw_main,devC,1,867100000.0,9,125.0,-102.41161753744137,8.617557137212795,"(8.0, 10.0]",49.0,0.328704,0.9655172413793104,1.0356718192627823,0.3761012889417359,3,1.0
2687,2020-01-01 01:01:31,gw_main,devC,0,867100000.0,9,125.0,-107.32435845230434,-7.053505662804756,"(-8.0, -6.0]",46.0,0.308224,0.41304347826086957,1.9314744801512285,1.5268012703213607,3,1.0
2688,2020-01-01 01:01:33,gw_main,devA,0,868300000.0,9,125.0,-106.81811289649082,5.698609188226713,"(4.0, 6.0]",69.0,0.410624,0.9516129032258065,1.0507284079084287,0.48218270967741933,3,1.0
2689,2020-01-01 01:01:35,gw_main,devC,1,867300000.0,7,125.0,-127.03858646103575,2.2936622211638205,"(2.0, 4.0]",21.0,0.056575999999999994,0.952054794520548,1.0502439482079189,0.1096625498217301,3,1.0
2690,2020-01-01 01:01:36,gw_main,devA,1,867300000.0,9,125.0,-110.06576005540589,-5.147053106445959,"(-6.0, -4.0]",58.0,0.369664,0.4411764705882353,1.871107266435986,1.5627882629757783,3,1.0
2691,2020-01-01 01:01:37,gw_main,devB,1,868300000.0,7,125.0,-102.41209368787312,-3.8234706220927577,"(-4.0, -2.0]",30.0,0.071936,0.8152866242038217,1.2188324069941985,0.30651033502373315,3,1.0
2692,2020-01-01 01:01:38,gw_main,devA,1,868300000.0,8,125.0,-114.169723620164,0.5709140931003357,"(0.0, 2.0]",27.0,0.12339199999999999,0.9338842975206612,1.0704869885936752,0.20257651909022595,3,1.0
2693,2020-01-01 01:01:39,gw_main,devB,1,867900000.0,7,125.0,-106.65348066933434,5.521533076183747,"(4.0, 6.0]",47.0,0.092416,0.976,1.024576,0.11926321561599992,3,1.0
2694,2020-01-01 01:01:40,gw_main,devA,0,867300000.0,9,125.0,-107.0242480408761,-4.973201323608394,"(-6.0, -4.0]",46.0,0.308224,0.4411764705882353,1.871107266435986,1.4478274325259513,3,1.0
2695,2020-01-01 01:01:41,gw_main,devA,0,867100000.0,9,125.0,-109.86364493079223,-6.728400202242327,"(-8.0, -6.0]",28.0,0.22630399999999998,0.41304347826086957,1.9314744801512285,1.3685748809073721,3,1.0
2696,2020-01-01 01:01:42,gw_main,devC,1,867100000.0,11,125.0,-109.37014116151603,6.86417952244363,"(6.0, 8.0]",57.0,1.396736,0.9473684210526315,1.0554016620498614,1.5295191578947367,3,1.0
2697,2020-01-01 01:01:43,gw_main,devA,1,867100000.0,10,125.0,-108.68235272850113,-5.581873994646984,"(-6.0, -4.0]",30.0,0.45260799999999995,0.5,1.75,1.5420639999999999,3,1.0
2698,2020-01-01 01:01:44,gw_main,devB,1,867100000.0,7,125.0,-108.30904778671716,6.462970218118841,"(6.0, 8.0]",53.0,0.102656,0.9651162790697675,1.0361005949161708,0.1424625375878852,3,1.0
2699,2020-01-01 01:01:45,gw_main,devB,1,867900000.0,7,125.0,-107.08047786948036,1.4583291718165197,"(0.0, 2.0]",39.0,0.082176,0.9215686274509803,1.0845828527489427,0.17370953325643984,3,1.0
2700,2020-01-01 01:01:47,gw_main,devA,1,868300000.0,9,125.0,-110.21705949392503,10.466281160844984,"(10.0, 12.0]",26.0,0.20582399999999998,0.95,1.0525,0.26912976,3,1.0
2701,2020-01-01 01:01:49,gw_main,devC,1,867300000.0,12,125.0,-101.59056264906437,4.656191363805505,"(4.0, 6.0]",28.0,1.6465919999999998,0.9230769230769231,1.0828402366863903,1.8658363076923068,3,1.0
2702,2020-01-01 01:01:50,gw_main,devB,0,867100000.0,7,125.0,-111.80836216708914,-5.507010749619919,"(-6.0, -4.0]",62.0,0.118016,0.6124031007751938,1.537828255513491,0.7193165949161712,3,1.0
2703,2020-01-01 01:01:55,gw_main,devB,1,867100000.0,10,125.0,-103.20592634285731,13.89999266186501,"(12.0, 14.0]",46.0,0.575488,0.8,1.24,0.95360512,3,1.0
2704,2020-01-01 01:01:59,gw_main,devC,1,867300000.0,9,125.0,-108.90331624649363,0.11348223762530088,"(0.0, 2.0]",63.0,0.390144,0.8987341772151899,1.1115205896490947,0.5451736785771512,3,1.0
2705,2020-01-01 01:02:00,gw_main,devB,1,867100000.0,9,125.0,-113.96156557716021,-0.37481017692746127,"(-2.0, 0.0]",47.0,0.308224,0.826530612244898,1.203561016243232,0.5745274069137859,3,1.0
2706,2020-01-01 01:02:02,gw_main,devA,1,867900000.0,8,125.0,-98.46461507925278,5.947320858488589,"(4.0, 6.0]",43.0,0.164352,0.975609756097561,1.0249851279000597,0.1934434836406903,3,1.0
2707,2020-01-01 01:02:03,gw_main,devB,0,868300000.0,8,125.0,-127.11912687896383,-6.431986628381521,"(-8.0, -6.0]",68.0,0.225792,0.5087719298245614,1.7325330871037241,1.1237251979070482,3,1.0
2708,2020-01-01 01:02:05,gw_main,devC,0,867300000.0,7,125.0,-97.74698281091608,-8.51504545773739,"(-10.0, -8.0]",61.0,0.112896,0.32727272727272727,2.1252892561983474,1.365225912066116,3,1.0
2709,2020-01-01 01:02:06,gw_main,devB,1,867900000.0,11,125.0,-108.6603769828381,6.578019678404798,"(6.0, 8.0]",71.0,1.642496,0.9473684210526315,1.0554016620498614,1.7888946703601105,3,1.0
2710,2020-01-01 01:02:07,gw_main,devC,0,867100000.0,10,125.0,-90.74290757570392,-6.172846939605829,"(-8.0, -6.0]",71.0,0.780288,0.25,2.3125,3.116916,3,1.0
2711,2020-01-01 01:02:10,gw_main,devC,0,867300000.0,8,125.0,-127.158419259059,-2.6388962526229074,"(-4.0, -2.0]",36.0,0.143872,0.7203389830508474,1.3578713013501866,0.5532309612180407,3,1.0
2712,2020-01-01 01:02:11,gw_main,devB,1,867900000.0,11,125.0,-123.58245163835234,7.070072419823752,"(6.0, 8.0]",36.0,0.9871359999999999,0.9473684210526315,1.0554016620498614,1.0972266371191133,3,1.0
2713,2020-01-01 01:02:13,gw_main,devC,1,868300000.0,9,125.0,-116.51395666162286,0.403146065492355,"(0.0, 2.0]",63.0,0.390144,0.8987341772151899,1.1115205896490947,0.5451736785771512,3,1.0
2714,2020-01-01 01:02:14,gw_main,devA,1,868300000.0,10,125.0,-102.52961487565543,-2.8705859773243607,"(-4.0, -2.0]",76.0,0.821248,0.6428571428571429,1.4846938775510203,1.7039957551020406,3,1.0
2715,2020-01-01 01:02:15,gw_main,devB,0,868300000.0,7,125.0,-109.72271016759177,-13.856581780157423,"(-14.0, -12.0]",49.0,0.097536,0.2916666666666667,2.210069444444444,1.4256307777777775,3,1.0
2716,2020-01-01 01:02:17,gw_main,devB,1,867300000.0,11,125.0,-108.99607300398841,2.5935509973590283,"(2.0, 4.0]",28.0,0.9052159999999999,0.9523809523809523,1.0498866213151927,1.000260789115646,3,1.0
2717,2020-01-01 01:02:18,gw_main,devA,0,868300000.0,10,125.0,-106.12611439021285,-6.64663345550536,"(-8.0, -6.0]",51.0,0.616448,0.25,2.3125,2.738036,3,1.0
2718,2020-01-01 01:02:19,gw_main,devA,1,868300000.0,11,125.0,-121.06221745719347,3.4421177801374085,"(2.0, 4.0]",20.0,0.7413759999999999,0.9523809523809523,1.0498866213151927,0.8282473650793649,3,1.0
2719,2020-01-01 01:02:20,gw_main,devC,1,867900000.0,7,125.0,-106.60718063205262,-4.7741706241520845,"(-6.0, -4.0]",67.0,0.123136,0.6124031007751938,1.537828255513491,0.7271902755844002,3,1.0
2720,2020-01-01 01:02:21,gw_main,devA,1,867900000.0,9,125.0,-114.02123579024145,-6.020381227840721,"(-8.0, -6.0]",32.0,0.24678399999999998,0.41304347826086957,1.9314744801512285,1.4081314782608692,3,1.0
2721,2020-01-01 01:02:22,gw_main,devB,0,867100000.0,7,125.0,-97.09259043856461,0.04112130049368581,"(0.0, 2.0]",23.0,0.061695999999999994,0.9215686274509803,1.0845828527489427,0.1514972764321415,3,1.0
2722,2020-01-01 01:02:23,gw_main,devA,1,867300000.0,10,125.0,-112.20958521827248,-4.0884896644725295,"(-6.0, -4.0]",63.0,0.698368,0.5,1.75,1.972144,3,1.0
2723,2020-01-01 01:02:24,gw_main,devA,1,867100000.0,10,125.0,-102.343958052538,13.75460162948277,"(12.0, 14.0]",24.0,0.37068799999999996,0.8,1.24,0.69965312,3,1.0
2724,2020-01-01 01:02:25,gw_main,devB,0,867100000.0,8,125.0,-101.20162477952628,-9.32952978961441,"(-10.0, -8.0]",60.0,0.205312,0.2653061224489796,2.2744689712619737,1.741444744689712,3,1.0
2725,2020-01-01 01:02:26,gw_main,devB,1,867900000.0,8,125.0,-107.65908115723609,4.430640073386168,"(4.0, 6.0]",49.0,0.174592,0.975609756097561,1.0249851279000597,0.20393933135038692,3,1.0
2726,2020-01-01 01:02:27,gw_main,devA,1,867100000.0,8,125.0,-113.65424259559155,5.933443842771773,"(4.0, 6.0]",62.0,0.205312,0.975609756097561,1.0249851279000597,0.23542687447947674,3,1.0
2727,2020-01-01 01:02:28,gw_main,devC,0,867300000.0,11,125.0,-105.15238777136462,-11.875626750746143,"(-12.0, -10.0]",72.0,1.642496,0.25,2.3125,5.110772,3,1.0
2728,2020-01-01 01:02:29,gw_main,devA,0,867100000.0,8,125.0,-107.57269444183581,-10.394904786060986,"(-12.0, -10.0]",27.0,0.12339199999999999,0.18181818181818182,2.487603305785124,1.7945536528925619,3,1.0
2729,2020-01-01 01:02:31,gw_main,devA,1,867100000.0,8,125.0,-114.59105881484216,-2.8890706061336417,"(-4.0, -2.0]",52.0,0.184832,0.7203389830508474,1.3578713013501866,0.6088493697213444,3,1.0
2730,2020-01-01 01:02:32,gw_main,devA,1,868300000.0,7,125.0,-116.7088739594396,2.3013771151729925,"(2.0, 4.0]",76.0,0.13849599999999998,0.952054794520548,1.0502439482079189,0.1956985340589228,3,1.0
2731,2020-01-01 01:02:33,gw_main,devA,1,867100000.0,7,125.0,-100.34163176903462,6.836682414065428,"(6.0, 8.0]",22.0,0.056575999999999994,0.9651162790697675,1.0361005949161708,0.09471902217414807,3,1.0
2732,2020-01-01 01:02:34,gw_main,devB,1,868300000.0,8,125.0,-104.32365345058149,-2.2328892320154528,"(-4.0, -2.0]",77.0,0.246272,0.7203389830508474,1.3578713013501866,0.6922769824762998,3,1.0
2733,2020-01-01 01:02:35,gw_main,devB,0,867100000.0,8,125.0,-96.06637883596328,-6.383794145278111,"(-8.0, -6.0]",73.0,0.236032,0.5087719298245614,1.7325330871037241,1.1414663367189903,3,1.0
2734,2020-01-01 01:02:36,gw_main,devC,0,867300000.0,7,125.0,-94.57864011391018,-16.376646187776714,"(-18.0, -16.0]",57.0,0.107776,0.8018720748829953,1.2373825998281742,0.3707427469072555,3,1.0
2735,2020-01-01 01:02:37,gw_main,devC,1,867300000.0,7,125.0,-122.8251142541658,1.2275982053739731,"(0.0, 2.0]",67.0,0.123136,0.9215686274509803,1.0845828527489427,0.21813404690503654,3,1.0
2736,2020-01-01 01:02:38,gw_main,devA,1,867900000.0,7,125.0,-104.30486817207255,-5.571693836513246,"(-6.0, -4.0]",66.0,0.123136,0.6124031007751938,1.537828255513491,0.7271902755844002,3,1.0
2737,2020-01-01 01:02:39,gw_main,devC,1,867100000.0,7,125.0,-105.20136391853039,1.880311745251979,"(0.0, 2.0]",60.0,0.112896,0.9215686274509803,1.0845828527489427,0.20702791849288738,3,1.0
2738,2020-01-01 01:02:40,gw_main,devB,1,867900000.0,8,125.0,-105.87346448850188,1.389734243874122,"(0.0, 2.0]",26.0,0.11315199999999999,0.9338842975206612,1.0704869885936752,0.19161473232702672,3,1.0
2739,2020-01-01 01:02:41,gw_main,devC,0,867100000.0,7,125.0,-98.31834550916837,-8.30680677807449,"(-10.0, -8.0]",26.0,0.061695999999999994,0.32727272727272727,2.1252892561983474,1.2564111021487607,3,1.0
2740,2020-01-01 01:02:42,gw_main,devA,1,868300000.0,7,125.0,-89.48871671350673,10.343255308434067,"(10.0, 12.0]",60.0,0.112896,0.9696969696969697,1.0312213039485765,0.14764206427915494,3,1.0
2741,2020-01-01 01:02:43,gw_main,devC,1,867900000.0,7,125.0,-108.18001368047518,6.499549772790253,"(6.0, 8.0]",41.0,0.087296,0.9651162790697675,1.0361005949161708,0.12654803244997284,3,1.0
2742,2020-01-01 01:02:44,gw_main,devC,1,867100000.0,9,125.0,-107.73651567820772,5.089628283324201,"(4.0, 6.0]",76.0,0.451584,0.9516129032258065,1.0507284079084287,0.5252205452653486,3,1.0
2743,2020-01-01 01:02:45,gw_main,devC,1,867300000.0,11,125.0,-100.8168993645565,-7.1068374958115506,"(-8.0, -6.0]",42.0,1.150976,0.21739130434782608,2.3950850661625713,4.1517704952741035,3,1.0
2744,2020-01-01 01:02:46,gw_main,devA,1,868300000.0,9,125.0,-99.98111293704692,-2.4445817013945166,"(-4.0, -2.0]",73.0,0.431104,0.7241379310344828,1.351961950059453,0.9347981545778835,3,1.0
2745,2020-01-01 01:02:47,gw_main,devA,0,867900000.0,7,125.0,-107.68736272767784,-3.281577139147611,"(-4.0, -2.0]",22.0,0.056575999999999994,0.8152866242038217,1.2188324069941985,0.28778906925230224,3,1.0
2746,2020-01-01 01:02:48,gw_main,devC,1,867100000.0,10,125.0,-98.99345276208209,-2.488562911333271,"(-4.0, -2.0]",21.0,0.37068799999999996,0.6428571428571429,1.4846938775510203,1.035052081632653,3,1.0
2747,2020-01-01 01:02:50,gw_main,devB,1,867300000.0,10,125.0,-111.2712666640203,2.6078820469746025,"(2.0, 4.0]",61.0,0.698368,0.9767441860465116,1.0237966468361277,0.7387834634937805,3,1.0
2748,2020-01-01 01:02:51,gw_main,devC,0,867900000.0,9,125.0,-95.52256026281496,1.3754011608057142,"(0.0, 2.0]",63.0,0.390144,0.8987341772151899,1.1115205896490947,0.5451736785771512,3,1.0
2749,2020-01-01 01:02:52,gw_main,devC,1,868300000.0,7,125.0,-113.48087269553956,2.192233107139225,"(2.0, 4.0]",39.0,0.082176,0.952054794520548,1.0502439482079189,0.1365487948958528,3,1.0
2750,2020-01-01 01:02:53,gw_main,devC,1,867100000.0,8,125.0,-95.34570952108835,-3.0356986705660907,"(-4.0, -2.0]",47.0,0.174592,0.7203389830508474,1.3578713013501866,0.5949447675955184,3,1.0
2751,2020-01-01 01:02:55,gw_main,devB,1,867900000.0,7,125.0,-114.14849606773299,1.1264487929417126,"(0.0, 2.0]",79.0,0.143616,0.9215686274509803,1.0845828527489427,0.24034630372933488,3,1.0
2752,2020-01-01 01:02:57,gw_main,devA,1,868300000.0,7,125.0,-109.47736412508688,-3.8406828880082955,"(-4.0, -2.0]",59.0,0.112896,0.8152866242038217,1.2188324069941985,0.3564337104142155,3,1.0
2753,2020-01-01 01:02:58,gw_main,devA,1,867300000.0,11,125.0,-107.17543377817242,-0.3420116160793945,"(-2.0, 0.0]",68.0,1.642496,0.7209302325581395,1.3569497025419146,2.585734161168199,3,1.0
2754,2020-01-01 01:03:00,gw_main,devB,1,868300000.0,10,125.0,-110.06997467102678,-1.804313624807611,"(-2.0, 0.0]",34.0,0.45260799999999995,0.7575757575757576,1.3011937557392104,0.8901244591368228,3,1.0
2755,2020-01-01 01:03:01,gw_main,devA,0,867900000.0,7,125.0,-109.00052317670915,-1.5005134176453403,"(-2.0, 0.0]",32.0,0.071936,0.8554216867469879,1.165481201916098,0.24932125765713448,3,1.0
2756,2020-01-01 01:03:02,gw_main,devB,1,867900000.0,9,125.0,-111.22450882713498,-3.976897570898376,"(-4.0, -2.0]",62.0,0.369664,0.7241379310344828,1.351961950059453,0.8517336123662307,3,1.0
2757,2020-01-01 01:03:03,gw_main,devC,1,867100000.0,10,125.0,-110.2643714320444,3.993319987781259,"(2.0, 4.0]",63.0,0.698368,0.9767441860465116,1.0237966468361277,0.7387834634937805,3,1.0
2758,2020-01-01 01:03:04,gw_main,devB,1,867900000.0,8,125.0,-105.6647605396881,-2.6855232219510476,"(-4.0, -2.0]",23.0,0.11315199999999999,0.7203389830508474,1.3578713013501866,0.5115171548405629,3,1.0
2759,2020-01-01 01:03:05,gw_main,devC,1,867100000.0,7,125.0,-111.85239645585476,-3.6207014469379333,"(-4.0, -2.0]",56.0,0.107776,0.8152866242038217,1.2188324069941985,0.3501932884904052,3,1.0
2760,2020-01-01 01:03:06,gw_main,devC,0,867300000.0,8,125.0,-105.56183496592313,-4.452935539512087,"(-6.0, -4.0]",62.0,0.205312,0.6025641025641025,1.5553911900065749,0.8747316660092048,3,1.0
2761,2020-01-01 01:03:07,gw_main,devB,0,867300000.0,8,125.0,-116.44479443150423,3.339488847228618,"(2.0, 4.0]",52.0,0.184832,0.9166666666666666,1.0902777777777777,0.2917959999999999,3,1.0
2762,2020-01-01 01:03:09,gw_main,devA,1,867300000.0,7,125.0,-100.2266627084907,-10.055384661371765,"(-12.0, -10.0]",78.0,0.13849599999999998,0.2,2.4400000000000004,1.7779302400000003,3,1.0
2763,2020-01-01 01:03:10,gw_main,devB,1,867900000.0,9,125.0,-113.9720927373322,3.7359405430746975,"(2.0, 4.0]",48.0,0.308224,0.9358974358974359,1.0682117028270874,0.39746018671926364,3,1.0
2764,2020-01-01 01:03:11,gw_main,devC,1,867300000.0,10,125.0,-106.13658957906131,-4.208017047464051,"(-6.0, -4.0]",52.0,0.616448,0.5,1.75,1.828784,3,1.0
2765,2020-01-01 01:03:12,gw_main,devA,1,867900000.0,7,125.0,-115.82443700388218,2.1420163727123214,"(2.0, 4.0]",49.0,0.097536,0.952054794520548,1.0502439482079189,0.15268054194032646,3,1.0
2766,2020-01-01 01:03:14,gw_main,devB,1,867300000.0,7,125.0,-119.02124820908577,7.221641852309416,"(6.0, 8.0]",24.0,0.061695999999999994,0.9651162790697675,1.0361005949161708,0.10002385722011886,3,1.0
2767,2020-01-01 01:03:15,gw_main,devC,1,867300000.0,9,125.0,-114.81586974374234,6.267182515303103,"(6.0, 8.0]",27.0,0.22630399999999998,0.9761904761904762,1.02437641723356,0.25619689795918366,3,1.0
2768,2020-01-01 01:03:16,gw_main,devC,1,867300000.0,7,125.0,-95.65915427261412,-3.450177605157781,"(-4.0, -2.0]",53.0,0.102656,0.8152866242038217,1.2188324069941985,0.3439528665665949,3,1.0
2769,2020-01-01 01:03:17,gw_main,devC,1,868300000.0,8,125.0,-113.33405046280899,-0.9983075105651005,"(-2.0, 0.0]",37.0,0.143872,0.926605504587156,1.07878124736975,0.23398766299133067,3,1.0
2770,2020-01-01 01:03:18,gw_main,devA,1,867300000.0,8,125.0,-105.03646605753674,-7.742436445721206,"(-8.0, -6.0]",70.0,0.225792,0.5087719298245614,1.7325330871037241,1.1237251979070482,3,1.0
2771,2020-01-01 01:03:21,gw_main,devA,1,868300000.0,12,125.0,-117.78863177359975,8.366512333578761,"(8.0, 10.0]",62.0,2.793472,0.6788990825688074,1.4242067166063461,4.4026883016581095,3,1.0
2772,2020-01-01 01:03:22,gw_main,devA,1,867100000.0,8,125.0,-97.54647887855691,-1.9139770989990277,"(-2.0, 0.0]",78.0,0.246272,0.926605504587156,1.07878124736975,0.34445486272199305,3,1.0
2773,2020-01-01 01:03:23,gw_main,devA,0,867100000.0,11,125.0,-105.3324599208516,-12.294866561776573,"(-14.0, -12.0]",72.0,1.642496,0.68,1.4223999999999999,2.7586863104,3,1.0
2774,2020-01-01 01:03:26,gw_main,devA,1,867900000.0,8,125.0,-120.64826197642134,0.7991106213178865,"(0.0, 2.0]",34.0,0.133632,0.9338842975206612,1.0704869885936752,0.2135383058534252,3,1.0
2775,2020-01-01 01:03:29,gw_main,devA,1,867300000.0,7,125.0,-93.25251203841368,3.1987997062541176,"(2.0, 4.0]",70.0,0.12825599999999998,0.952054794520548,1.0502439482079189,0.1849440360292737,3,1.0
2776,2020-01-01 01:03:30,gw_main,devA,0,867100000.0,7,125.0,-111.55080478038192,-9.543219306995496,"(-10.0, -8.0]",52.0,0.102656,0.32727272727272727,2.1252892561983474,1.343462950082645,3,1.0
2777,2020-01-01 01:03:33,gw_main,devA,1,868300000.0,9,125.0,-114.87761046628867,-2.8022882772220727,"(-4.0, -2.0]",57.0,0.349184,0.7241379310344828,1.351961950059453,0.8240454316290131,3,1.0
2778,2020-01-01 01:03:34,gw_main,devB,1,867100000.0,8,125.0,-102.49833182318444,10.364572458522987,"(10.0, 12.0]",22.0,0.10291199999999999,0.9583333333333334,1.0434027777777777,0.15078144444444433,3,1.0
2779,2020-01-01 01:03:35,gw_main,devA,1,867900000.0,10,125.0,-97.04279863018796,5.523351647284328,"(4.0, 6.0]",53.0,0.616448,0.9736842105263158,1.0270083102493075,0.6601055290858726,3,1.0
2780,2020-01-01 01:03:36,gw_main,devC,1,867900000.0,7,125.0,-115.54515903744525,-2.0291133176574028,"(-4.0, -2.0]",60.0,0.112896,0.8152866242038217,1.2188324069941985,0.3564337104142155,3,1.0
2781,2020-01-01 01:03:37,gw_main,devC,0,867900000.0,11,125.0,-93.88476486364094,-11.138352844442716,"(-12.0, -10.0]",45.0,1.150976,0.25,2.3125,3.974132,3,1.0
2782,2020-01-01 01:03:39,gw_main,devC,1,867300000.0,7,125.0,-94.79901589571321,3.2319349311323533,"(2.0, 4.0]",31.0,0.071936,0.952054794520548,1.0502439482079189,0.12579429686620375,3,1.0
2783,2020-01-01 01:03:40,gw_main,devB,1,867100000.0,7,125.0,-96.84558691321757,-0.4832130530771942,"(-2.0, 0.0]",62.0,0.118016,0.8554216867469879,1.165481201916098,0.3030266314414283,3,1.0
2784,2020-01-01 01:03:41,gw_main,devA,0,867100000.0,7,125.0,-92.25298649593401,-7.476234356741013,"(-8.0, -6.0]",58.0,0.112896,0.5533980582524272,1.6460552361202754,0.83188828805731,3,1.0
2785,2020-01-01 01:03:42,gw_main,devC,1,867900000.0,8,125.0,-99.45462438272708,-4.744127792114788,"(-6.0, -4.0]",60.0,0.205312,0.6025641025641025,1.5553911900065749,0.8747316660092048,3,1.0
2786,2020-01-01 01:03:45,gw_main,devC,1,867300000.0,7,125.0,-91.27666798164971,4.916501719255891,"(4.0, 6.0]",41.0,0.087296,0.976,1.024576,0.11401738649599992,3,1.0
2787,2020-01-01 01:03:46,gw_main,devB,1,867900000.0,7,125.0,-101.09760584945008,6.152393868514668,"(6.0, 8.0]",47.0,0.092416,0.9651162790697675,1.0361005949161708,0.13185286749594363,3,1.0
2788,2020-01-01 01:03:47,gw_main,devB,1,867300000.0,9,125.0,-99.38876527281242,-4.393367338294793,"(-6.0, -4.0]",62.0,0.369664,0.4411764705882353,1.871107266435986,1.5627882629757783,3,1.0
2789,2020-01-01 01:03:48,gw_main,devA,1,868300000.0,7,125.0,-111.91103384061594,1.4101516992273304,"(0.0, 2.0]",31.0,0.071936,0.9215686274509803,1.0845828527489427,0.16260340484429067,3,1.0
2790,2020-01-01 01:03:49,gw_main,devB,1,867900000.0,8,125.0,-126.53250224993262,3.324418762785622,"(2.0, 4.0]",23.0,0.11315199999999999,0.9166666666666666,1.0902777777777777,0.21364488888888877,3,1.0
2791,2020-01-01 01:03:50,gw_main,devB,1,867300000.0,10,125.0,-102.51547593185137,-3.0668948301143484,"(-4.0, -2.0]",73.0,0.780288,0.6428571428571429,1.4846938775510203,1.643182693877551,3,1.0
2792,2020-01-01 01:03:51,gw_main,devC,1,867100000.0,7,125.0,-114.6620950406223,-0.8910443097014964,"(-2.0, 0.0]",25.0,0.061695999999999994,0.8554216867469879,1.165481201916098,0.23738673014951361,3,1.0
2793,2020-01-01 01:03:52,gw_main,devC,1,867100000.0,7,125.0,-107.09309975184325,12.743198290424957,"(12.0, 14.0]",63.0,0.118016,0.9565217391304348,1.0453686200378072,0.16873884310018902,3,1.0
2794,2020-01-01 01:03:53,gw_main,devA,1,867300000.0,7,125.0,-101.85428507219173,1.2307380808806347,"(0.0, 2.0]",24.0,0.061695999999999994,0.9215686274509803,1.0845828527489427,0.1514972764321415,3,1.0
2795,2020-01-01 01:03:54,gw_main,devB,1,868300000.0,11,125.0,-118.2931272473701,5.297753544054168,"(4.0, 6.0]",55.0,1.396736,0.8571428571428571,1.1632653061224492,1.7880398367346944,3,1.0
2796,2020-01-01 01:03:55,gw_main,devC,1,867900000.0,7,125.0,-102.81790590537175,-2.6090057144787053,"(-4.0, -2.0]",50.0,0.097536,0.8152866242038217,1.2188324069941985,0.3377124446427846,3,1.0
2797,2020-01-01 01:03:56,gw_main,devB,1,867100000.0,10,125.0,-113.55065847161005,0.25054464843764296,"(0.0, 2.0]",62.0,0.698368,0.8888888888888888,1.1234567901234567,0.9080430617283949,3,1.0
2798,2020-01-01 01:03:58,gw_main,devC,1,867100000.0,7,125.0,-100.10709304835524,-0.1504189055074648,"(-2.0, 0.0]",60.0,0.112896,0.8554216867469879,1.165481201916098,0.29705936768761787,3,1.0
2799,2020-01-01 01:03:59,gw_main,devB,1,867900000.0,9,125.0,-119.79510581189511,7.153667796146066,"(6.0, 8.0]",30.0,0.22630399999999998,0.9761904761904762,1.02437641723356,0.25619689795918366,3,1.0
2800,2020-01-01 01:04:00,gw_main,devB,1,867100000.0,9,125.0,-111.90157129643876,12.59339147069375,"(12.0, 14.0]",73.0,0.431104,0.9230769230769231,1.0828402366863903,0.5496569940828399,3,1.0
2801,2020-01-01 01:04:01,gw_main,devA,1,867900000.0,7,125.0,-108.98735784278985,7.179846166480981,"(6.0, 8.0]",46.0,0.092416,0.9651162790697675,1.0361005949161708,0.13185286749594363,3,1.0
2802,2020-01-01 01:04:02,gw_main,devB,1,867900000.0,9,125.0,-97.87606168464903,4.121135693008593,"(4.0, 6.0]",52.0,0.328704,0.9516129032258065,1.0507284079084287,0.3961070385015608,3,1.0
2803,2020-01-01 01:04:03,gw_main,devA,1,867300000.0,7,125.0,-107.61060061177255,0.31778600731390394,"(0.0, 2.0]",42.0,0.087296,0.9215686274509803,1.0845828527489427,0.17926259746251444,3,1.0
2804,2020-01-01 01:04:05,gw_main,devB,1,868300000.0,8,125.0,-116.60409176174342,-0.9616291389509584,"(-2.0, 0.0]",54.0,0.184832,0.926605504587156,1.07878124736975,0.27817454288359567,3,1.0
2805,2020-01-01 01:04:06,gw_main,devB,1,867900000.0,11,125.0,-120.15971730616917,3.677016172075271,"(2.0, 4.0]",57.0,1.396736,0.9523809523809523,1.0498866213151927,1.5163010612244898,3,1.0
2806,2020-01-01 01:04:07,gw_main,devA,1,867100000.0,8,125.0,-108.30131924221085,-4.710857593891632,"(-6.0, -4.0]",41.0,0.154112,0.6025641025641025,1.5553911900065749,0.7950956370808682,3,1.0
2807,2020-01-01 01:04:08,gw_main,devA,1,868300000.0,8,125.0,-93.07285631725863,5.598750080858199,"(4.0, 6.0]",56.0,0.195072,0.975609756097561,1.0249851279000597,0.22493102676978013,3,1.0
2808,2020-01-01 01:04:09,gw_main,devC,0,867300000.0,10,125.0,-102.32061266852631,-5.904696148445963,"(-6.0, -4.0]",24.0,0.37068799999999996,0.5,1.75,1.398704,3,1.0
2809,2020-01-01 01:04:13,gw_main,devB,1,867300000.0,7,125.0,-101.30078650742225,-8.234014562922244,"(-10.0, -8.0]",29.0,0.066816,0.32727272727272727,2.1252892561983474,1.2672925831404962,3,1.0
2810,2020-01-01 01:04:14,gw_main,devB,1,867900000.0,9,125.0,-119.5928096349003,6.792800457846239,"(6.0, 8.0]",38.0,0.267264,0.9761904761904762,1.02437641723356,0.2981553560090703,3,1.0
2811,2020-01-01 01:04:15,gw_main,devA,0,867300000.0,12,125.0,-124.29891486771936,-1.2009113034693906,"(-2.0, 0.0]",74.0,3.121152,0.7,1.3900000000000001,4.72840128,3,1.0
2812,2020-01-01 01:04:16,gw_main,devA,0,868300000.0,9,125.0,-89.78944182238669,1.3114816078308067,"(0.0, 2.0]",64.0,0.390144,0.8987341772151899,1.1115205896490947,0.5451736785771512,3,1.0
2813,2020-01-01 01:04:17,gw_main,devA,1,867900000.0,10,125.0,-105.49651289649759,6.948681362538156,"(6.0, 8.0]",41.0,0.534528,0.9666666666666667,1.0344444444444445,0.5873839644444445,3,1.0
2814,2020-01-01 01:04:18,gw_main,devB,1,868300000.0,8,125.0,-106.75627829838932,7.554610091453279,"(6.0, 8.0]",40.0,0.154112,0.9850746268656716,1.0151481398975275,0.17159465003341526,3,1.0
2815,2020-01-01 01:04:20,gw_main,devA,1,867100000.0,7,125.0,-107.6596397241144,7.971387854311461,"(6.0, 8.0]",22.0,0.056575999999999994,0.9651162790697675,1.0361005949161708,0.09471902217414807,3,1.0
2816,2020-01-01 01:04:22,gw_main,devA,1,867900000.0,7,125.0,-107.45395458450423,0.019959465428861657,"(0.0, 2.0]",32.0,0.071936,0.9215686274509803,1.0845828527489427,0.16260340484429067,3,1.0
2817,2020-01-01 01:04:23,gw_main,devB,1,867300000.0,7,125.0,-124.5627114722771,2.6525935226671358,"(2.0, 4.0]",25.0,0.061695999999999994,0.952054794520548,1.0502439482079189,0.11503979883655464,3,1.0
2818,2020-01-01 01:04:24,gw_main,devC,1,867300000.0,7,125.0,-109.84304140350768,-8.553759715595412,"(-10.0, -8.0]",22.0,0.056575999999999994,0.32727272727272727,2.1252892561983474,1.245529621157025,3,1.0
2819,2020-01-01 01:04:25,gw_main,devA,1,867100000.0,9,125.0,-111.05962582416099,-4.716606928536257,"(-6.0, -4.0]",59.0,0.369664,0.4411764705882353,1.871107266435986,1.5627882629757783,3,1.0
2820,2020-01-01 01:04:26,gw_main,devB,1,867300000.0,9,125.0,-97.44133436478106,-0.6488546742192915,"(-2.0, 0.0]",35.0,0.24678399999999998,0.826530612244898,1.203561016243232,0.5005806180758017,3,1.0
2821,2020-01-01 01:04:29,gw_main,devA,0,867900000.0,10,125.0,-108.04490725640052,-0.7639125483134678,"(-2.0, 0.0]",58.0,0.657408,0.7575757575757576,1.3011937557392104,1.1566089403122133,3,1.0
2822,2020-01-01 01:04:30,gw_main,devC,1,867900000.0,9,125.0,-106.20269893109906,5.81660756383917,"(4.0, 6.0]",33.0,0.24678399999999998,0.9516129032258065,1.0507284079084287,0.31003136732570236,3,1.0
2823,2020-01-01 01:04:32,gw_main,devA,1,867900000.0,8,125.0,-97.44462021745808,4.602798284158217,"(4.0, 6.0]",72.0,0.236032,0.975609756097561,1.0249851279000597,0.2669144176085666,3,1.0
2824,2020-01-01 01:04:33,gw_main,devB,1,867300000.0,7,125.0,-112.85103511012723,7.610532422734506,"(6.0, 8.0]",73.0,0.133376,0.9651162790697675,1.0361005949161708,0.17429154786370998,3,1.0
2825,2020-01-01 01:04:34,gw_main,devC,1,868300000.0,7,125.0,-94.08779317452525,-2.4261590342939714,"(-4.0, -2.0]",42.0,0.087296,0.8152866242038217,1.2188324069941985,0.325231600795164,3,1.0
2826,2020-01-01 01:04:35,gw_main,devC,1,868300000.0,10,125.0,-115.16914313196106,-1.8386104769563425,"(-2.0, 0.0]",75.0,0.821248,0.7575757575757576,1.3011937557392104,1.3697965252525253,3,1.0
2827,2020-01-01 01:04:36,gw_main,devA,1,867900000.0,7,125.0,-96.88798759226793,1.9101218440257428,"(0.0, 2.0]",33.0,0.071936,0.9215686274509803,1.0845828527489427,0.16260340484429067,3,1.0
2828,2020-01-01 01:04:37,gw_main,devA,0,867300000.0,10,125.0,-105.97599684913327,-1.8064336120768623,"(-2.0, 0.0]",37.0,0.49356799999999995,0.7575757575757576,1.3011937557392104,0.9434213553719009,3,1.0
2829,2020-01-01 01:04:39,gw_main,devB,1,867100000.0,7,125.0,-110.76281515587445,9.912866002062113,"(8.0, 10.0]",50.0,0.097536,0.9811320754716981,1.0192239231043076,0.1186349476682094,3,1.0
2830,2020-01-01 01:04:40,gw_main,devA,1,867900000.0,10,125.0,-108.54798521170022,-1.2070855483191711,"(-2.0, 0.0]",62.0,0.698368,0.7575757575757576,1.3011937557392104,1.2099058365472912,3,1.0
2831,2020-01-01 01:04:41,gw_main,devB,0,868300000.0,9,125.0,-97.37863195495157,-5.796084772216934,"(-6.0, -4.0]",78.0,0.451584,0.4411764705882353,1.871107266435986,1.7160693702422143,3,1.0
2832,2020-01-01 01:04:42,gw_main,devC,1,868300000.0,12,125.0,-95.28941254508126,2.9243853120935186,"(2.0, 4.0]",30.0,1.6465919999999998,0.782608695652174,1.2646502835538753,2.347013323251418,3,1.0
2833,2020-01-01 01:04:43,gw_main,devB,1,868300000.0,8,125.0,-122.39372279594822,11.014769160256943,"(10.0, 12.0]",66.0,0.215552,0.9583333333333334,1.0434027777777777,0.2683103333333332,3,1.0
2834,2020-01-01 01:04:44,gw_main,devB,1,867900000.0,11,125.0,-111.21817435946384,0.4848548639946736,"(0.0, 2.0]",24.0,0.8232959999999999,0.7368421052631579,1.332409972299169,1.4293777728531853,3,1.0
2835,2020-01-01 01:04:45,gw_main,devC,1,867100000.0,8,125.0,-97.33633150257204,7.388237717779945,"(6.0, 8.0]",45.0,0.164352,0.9850746268656716,1.0151481398975275,0.18198976698596595,3,1.0
2836,2020-01-01 01:04:46,gw_main,devA,1,867900000.0,7,125.0,-102.41046175014517,-2.6270860783516587,"(-4.0, -2.0]",59.0,0.112896,0.8152866242038217,1.2188324069941985,0.3564337104142155,3,1.0
2837,2020-01-01 01:04:50,gw_main,devC,1,868300000.0,10,125.0,-95.35241602078338,11.018082024098437,"(10.0, 12.0]",46.0,0.575488,0.9,1.11,0.7487916800000002,3,1.0
2838,2020-01-01 01:04:51,gw_main,devB,0,867100000.0,11,125.0,-110.32934395319488,-6.932971063709417,"(-8.0, -6.0]",64.0,1.560576,0.21739130434782608,2.3950850661625713,5.132797338374292,3,1.0
2839,2020-01-01 01:04:53,gw_main,devA,1,867900000.0,8,125.0,-102.5853222495541,-6.050685500745933,"(-8.0, -6.0]",67.0,0.225792,0.5087719298245614,1.7325330871037241,1.1237251979070482,3,1.0
2840,2020-01-01 01:04:54,gw_main,devC,1,867900000.0,8,125.0,-112.54760722247804,-1.40286860104563,"(-2.0, 0.0]",56.0,0.195072,0.926605504587156,1.07878124736975,0.2892212628566619,3,1.0
2841,2020-01-01 01:04:57,gw_main,devC,1,868300000.0,7,125.0,-113.54968927171504,1.6921809621702915,"(0.0, 2.0]",38.0,0.082176,0.9215686274509803,1.0845828527489427,0.17370953325643984,3,1.0
2842,2020-01-01 01:04:58,gw_main,devC,1,867900000.0,8,125.0,-107.5018406405165,-9.89619625619517,"(-10.0, -8.0]",63.0,0.215552,0.2653061224489796,2.2744689712619737,1.7647353069554346,3,1.0
2843,2020-01-01 01:05:00,gw_main,devC,0,867900000.0,10,125.0,-102.27994405733114,-6.134188213384151,"(-8.0, -6.0]",75.0,0.821248,0.25,2.3125,3.211636,3,1.0
2844,2020-01-01 01:05:02,gw_main,devA,1,867100000.0,9,125.0,-105.30168550233638,-1.2805712070164224,"(-2.0, 0.0]",66.0,0.390144,0.826530612244898,1.203561016243232,0.6731231253644314,3,1.0
2845,2020-01-01 01:05:03,gw_main,devC,1,868300000.0,10,125.0,-113.44931797269774,1.1323191990068182,"(0.0, 2.0]",73.0,0.780288,0.8888888888888888,1.1234567901234567,1.0000766419753084,3,1.0
2846,2020-01-01 01:05:04,gw_main,devA,0,867900000.0,10,125.0,-114.13717735059674,-6.880208342972489,"(-8.0, -6.0]",76.0,0.821248,0.25,2.3125,3.211636,3,1.0
2847,2020-01-01 01:05:06,gw_main,devC,0,867900000.0,8,125.0,-101.35399918819554,-7.746252966878938,"(-8.0, -6.0]",57.0,0.195072,0.5087719298245614,1.7325330871037241,1.0705017814712217,3,1.0
2848,2020-01-01 01:05:07,gw_main,devB,1,868300000.0,11,125.0,-109.29899856846485,5.8891964057544595,"(4.0, 6.0]",77.0,1.806336,0.8571428571428571,1.1632653061224492,2.2645133061224496,3,1.0
2849,2020-01-01 01:05:08,gw_main,devC,0,867900000.0,10,125.0,-117.65083618638545,-1.5718345903661828,"(-2.0, 0.0]",44.0,0.534528,0.7575757575757576,1.3011937557392104,0.996718251606979,3,1.0
2850,2020-01-01 01:05:09,gw_main,devA,1,867300000.0,7,125.0,-102.49061010873899,3.375964855574482,"(2.0, 4.0]",21.0,0.056575999999999994,0.952054794520548,1.0502439482079189,0.1096625498217301,3,1.0
2851,2020-01-01 01:05:10,gw_main,devA,0,867300000.0,7,125.0,-111.41635946834297,-4.107523391063802,"(-6.0, -4.0]",51.0,0.102656,0.6124031007751938,1.537828255513491,0.6956955529114839,3,1.0
2852,2020-01-01 01:05:11,gw_main,devB,1,867100000.0,12,125.0,-99.53387341013827,-3.006854826476514,"(-4.0, -2.0]",71.0,3.121152,0.5,1.75,6.212016,3,1.0
2853,2020-01-01 01:05:13,gw_main,devA,0,867300000.0,7,125.0,-105.42678399320111,-5.830159666387892,"(-6.0, -4.0]",21.0,0.056575999999999994,0.6124031007751938,1.537828255513491,0.6248324268974222,3,1.0
2854,2020-01-01 01:05:14,gw_main,devB,0,868300000.0,11,125.0,-103.84705771047054,-10.808664116517473,"(-12.0, -10.0]",66.0,1.560576,0.25,2.3125,4.921332,3,1.0
2855,2020-01-01 01:05:15,gw_main,devB,1,867300000.0,7,125.0,-111.85692783236911,2.437440959752679,"(2.0, 4.0]",58.0,0.112896,0.952054794520548,1.0502439482079189,0.1688122889848001,3,1.0
2856,2020-01-01 01:05:16,gw_main,devB,0,867100000.0,8,125.0,-102.27201271176854,-6.847999256017385,"(-8.0, -6.0]",33.0,0.133632,0.5087719298245614,1.7325330871037241,0.964054948599569,3,1.0
2857,2020-01-01 01:05:18,gw_main,devA,1,868300000.0,7,125.0,-95.45380211448446,5.469500291616834,"(4.0, 6.0]",46.0,0.092416,0.976,1.024576,0.11926321561599992,3,1.0
2858,2020-01-01 01:05:20,gw_main,devC,1,868300000.0,7,125.0,-110.75958559469943,5.2707004450946915,"(4.0, 6.0]",37.0,0.082176,0.976,1.024576,0.10877155737599993,3,1.0
2859,2020-01-01 01:05:21,gw_main,devC,0,867300000.0,8,125.0,-108.62293444060018,-4.087352644708063,"(-6.0, -4.0]",78.0,0.246272,0.6025641025641025,1.5553911900065749,0.9384404891518741,3,1.0
2860,2020-01-01 01:05:22,gw_main,devC,1,867100000.0,7,125.0,-110.19719557181955,8.944072867212412,"(8.0, 10.0]",45.0,0.092416,0.9811320754716981,1.0192239231043076,0.11341652118191535,3,1.0
2861,2020-01-01 01:05:25,gw_main,devB,1,867100000.0,9,125.0,-112.50871107710117,-1.2793689506961536,"(-2.0, 0.0]",24.0,0.20582399999999998,0.826530612244898,1.203561016243232,0.4512827588504789,3,1.0
2862,2020-01-01 01:05:27,gw_main,devB,1,867100000.0,10,125.0,-105.57460133141036,1.2000118960567918,"(0.0, 2.0]",43.0,0.534528,0.8888888888888888,1.1234567901234567,0.7239759012345677,3,1.0
2863,2020-01-01 01:05:28,gw_main,devA,1,867100000.0,9,125.0,-108.85692020166778,6.8950229555190035,"(6.0, 8.0]",32.0,0.24678399999999998,0.9761904761904762,1.02437641723356,0.27717612698412697,3,1.0
2864,2020-01-01 01:05:29,gw_main,devA,0,867100000.0,10,125.0,-114.08951253750391,-8.680540912114976,"(-10.0, -8.0]",50.0,0.616448,0.18181818181818182,2.487603305785124,3.021081388429752,3,1.0
2865,2020-01-01 01:05:31,gw_main,devA,1,867100000.0,12,125.0,-89.84755870666831,-7.94361998684826,"(-8.0, -6.0]",22.0,1.4827519999999998,0.5,1.75,3.344816,3,1.0
2866,2020-01-01 01:05:32,gw_main,devC,1,867100000.0,8,125.0,-112.29471049981262,-5.158323637573339,"(-6.0, -4.0]",29.0,0.12339199999999999,0.6025641025641025,1.5553911900065749,0.7473140197238661,3,1.0
2867,2020-01-01 01:05:33,gw_main,devA,1,867300000.0,8,125.0,-99.37295697240354,-10.726222565362288,"(-12.0, -10.0]",74.0,0.236032,0.18181818181818182,2.487603305785124,2.0747572892561985,3,1.0
2868,2020-01-01 01:05:34,gw_main,devC,1,867100000.0,9,125.0,-113.2657800955288,12.629673342539204,"(12.0, 14.0]",71.0,0.410624,0.9230769230769231,1.0828402366863903,0.5274804260355026,3,1.0
2869,2020-01-01 01:05:36,gw_main,devB,1,867900000.0,8,125.0,-116.56652122217854,1.4685159902740694,"(0.0, 2.0]",50.0,0.174592,0.9338842975206612,1.0704869885936752,0.25738545290622217,3,1.0
2870,2020-01-01 01:05:37,gw_main,devC,1,867900000.0,7,125.0,-112.13245958375505,-4.056693350066456,"(-6.0, -4.0]",42.0,0.087296,0.6124031007751938,1.537828255513491,0.6720745109067967,3,1.0
2871,2020-01-01 01:05:39,gw_main,devA,0,868300000.0,8,125.0,-107.93203087290267,-12.619060507017727,"(-14.0, -12.0]",47.0,0.174592,0.08333333333333333,2.756944444444444,2.2382848888888884,3,1.0
2872,2020-01-01 01:05:40,gw_main,devA,0,867900000.0,7,125.0,-109.93387073713055,0.15999258386036733,"(0.0, 2.0]",42.0,0.087296,0.9215686274509803,1.0845828527489427,0.17926259746251444,3,1.0
2873,2020-01-01 01:05:41,gw_main,devB,1,868300000.0,11,125.0,-87.95195820035192,13.240348474803618,"(12.0, 14.0]",53.0,1.314816,0.68,1.4223999999999999,2.2925942783999997,3,1.0
2874,2020-01-01 01:05:42,gw_main,devC,1,867100000.0,8,125.0,-114.65794155383776,-2.2923240766574775,"(-4.0, -2.0]",23.0,0.11315199999999999,0.7203389830508474,1.3578713013501866,0.5115171548405629,3,1.0
2875,2020-01-01 01:05:44,gw_main,devB,1,867300000.0,10,125.0,-99.73700253067834,4.033397959956844,"(4.0, 6.0]",66.0,0.739328,0.9736842105263158,1.0270083102493075,0.7863043102493075,3,1.0
2876,2020-01-01 01:05:45,gw_main,devC,0,868300000.0,9,125.0,-122.44505698158508,-4.8687040465260365,"(-6.0, -4.0]",75.0,0.431104,0.4411764705882353,1.871107266435986,1.6777490934256054,3,1.0
2877,2020-01-01 01:05:46,gw_main,devA,1,867900000.0,8,125.0,-121.94723222732725,0.13707097622685135,"(0.0, 2.0]",29.0,0.12339199999999999,0.9338842975206612,1.0704869885936752,0.20257651909022595,3,1.0
2878,2020-01-01 01:05:47,gw_main,devA,1,867100000.0,7,125.0,-99.35406424757996,5.76597114952413,"(4.0, 6.0]",52.0,0.102656,0.976,1.024576,0.12975487385599993,3,1.0
2879,2020-01-01 01:05:49,gw_main,devB,1,867100000.0,9,125.0,-109.70909387878737,2.2259223566493955,"(2.0, 4.0]",23.0,0.20582399999999998,0.9358974358974359,1.0682117028270874,0.28807530834976985,3,1.0
2880,2020-01-01 01:05:50,gw_main,devA,1,867300000.0,7,125.0,-130.1156343859019,-2.096606461042226,"(-4.0, -2.0]",47.0,0.092416,0.8152866242038217,1.2188324069941985,0.33147202271897436,3,1.0
2881,2020-01-01 01:05:51,gw_main,devC,1,867900000.0,8,125.0,-116.37963217292295,1.8936063537280043,"(0.0, 2.0]",33.0,0.133632,0.9338842975206612,1.0704869885936752,0.2135383058534252,3,1.0
2882,2020-01-01 01:05:52,gw_main,devB,1,867900000.0,10,125.0,-109.09550050383542,0.33459395439738765,"(0.0, 2.0]",33.0,0.45260799999999995,0.8888888888888888,1.1234567901234567,0.6319423209876541,3,1.0
2883,2020-01-01 01:05:54,gw_main,devA,1,868300000.0,10,125.0,-89.00968272453028,4.346367055452105,"(4.0, 6.0]",42.0,0.534528,0.9736842105263158,1.0270083102493075,0.5759730083102493,3,1.0
2884,2020-01-01 01:05:55,gw_main,devA,0,867100000.0,7,125.0,-112.28510893569583,-1.4620909192213207,"(-2.0, 0.0]",41.0,0.087296,0.8554216867469879,1.165481201916098,0.26722304891856574,3,1.0
2885,2020-01-01 01:05:56,gw_main,devC,0,867100000.0,11,125.0,-94.0578921252456,-14.680874814163253,"(-16.0, -14.0]",49.0,1.232896,0.68,1.4223999999999999,2.1760712703999996,3,1.0
2886,2020-01-01 01:05:57,gw_main,devC,1,867100000.0,7,125.0,-106.80262515257454,4.294332931713676,"(4.0, 6.0]",57.0,0.107776,0.976,1.024576,0.13500070297599992,3,1.0
2887,2020-01-01 01:05:58,gw_main,devB,1,868300000.0,11,125.0,-108.80286648029215,4.531594082336269,"(4.0, 6.0]",78.0,1.806336,0.8571428571428571,1.1632653061224492,2.2645133061224496,3,1.0
2888,2020-01-01 01:05:59,gw_main,devC,1,867300000.0,9,125.0,-108.66579429587243,-5.501447868515372,"(-6.0, -4.0]",42.0,0.287744,0.4411764705882353,1.871107266435986,1.4095071557093424,3,1.0
2889,2020-01-01 01:06:00,gw_main,devB,0,867100000.0,12,125.0,-108.81625971363304,-11.990210531263369,"(-12.0, -10.0]",66.0,2.957312,0.6788990825688074,1.4242067166063461,4.636030330106893,3,1.0
2890,2020-01-01 01:06:01,gw_main,devC,1,867300000.0,12,125.0,-120.05957840936314,-6.8508423360784505,"(-8.0, -6.0]",30.0,1.6465919999999998,0.5,1.75,3.6315359999999997,3,1.0
2891,2020-01-01 01:06:02,gw_main,devA,1,867100000.0,8,125.0,-107.39714042975987,5.55713256386698,"(4.0, 6.0]",30.0,0.12339199999999999,0.975609756097561,1.0249851279000597,0.15146009280190384,3,1.0
2892,2020-01-01 01:06:05,gw_main,devA,1,867300000.0,7,125.0,-82.89367215362842,1.3223643559030713,"(0.0, 2.0]",28.0,0.066816,0.9215686274509803,1.0845828527489427,0.1570503406382161,3,1.0
2893,2020-01-01 01:06:06,gw_main,devB,0,868300000.0,7,125.0,-118.14046848293339,7.346207890415331,"(6.0, 8.0]",63.0,0.118016,0.9651162790697675,1.0361005949161708,0.1583770427257976,3,1.0
2894,2020-01-01 01:06:07,gw_main,devB,1,867100000.0,8,125.0,-92.16386310283683,-0.10894312753363924,"(-2.0, 0.0]",54.0,0.184832,0.926605504587156,1.07878124736975,0.27817454288359567,3,1.0
2895,2020-01-01 01:06:08,gw_main,devC,1,867300000.0,7,125.0,-116.52330966246144,-0.6023239602826973,"(-2.0, 0.0]",44.0,0.092416,0.8554216867469879,1.165481201916098,0.27319031267237615,3,1.0
2896,2020-01-01 01:06:09,gw_main,devB,1,868300000.0,8,125.0,-109.60425493443955,-3.293096475500199,"(-4.0, -2.0]",38.0,0.143872,0.7203389830508474,1.3578713013501866,0.5532309612180407,3,1.0
2897,2020-01-01 01:06:10,gw_main,devC,1,867900000.0,7,125.0,-97.64119065375333,9.783916730840087,"(8.0, 10.0]",78.0,0.13849599999999998,0.9811320754716981,1.0192239231043076,0.1603823595585618,3,1.0
2898,2020-01-01 01:06:11,gw_main,devC,1,867900000.0,8,125.0,-102.18181549174525,6.3957022246308775,"(6.0, 8.0]",74.0,0.236032,0.9850746268656716,1.0151481398975275,0.2547555856538207,3,1.0
2899,2020-01-01 01:06:12,gw_main,devC,1,867900000.0,11,125.0,-96.18462337554375,-0.5707404279868248,"(-2.0, 0.0]",32.0,0.9871359999999999,0.7209302325581395,1.3569497025419146,1.69644360411033,3,1.0
2900,2020-01-01 01:06:13,gw_main,devC,0,867100000.0,11,125.0,-94.8076645141229,-8.379474523821353,"(-10.0, -8.0]",75.0,1.724416,0.23809523809523808,2.3424036281179133,5.381681922902493,3,1.0
2901,2020-01-01 01:06:14,gw_main,devB,0,867100000.0,11,125.0,-109.09827950270213,-4.741737081930845,"(-6.0, -4.0]",27.0,0.8232959999999999,0.3939393939393939,1.9733700642791552,2.5980377447199263,3,1.0
2902,2020-01-01 01:06:15,gw_main,devB,1,867100000.0,9,125.0,-111.27531106939547,3.476889834926804,"(2.0, 4.0]",42.0,0.287744,0.9358974358974359,1.0682117028270874,0.3755832110453649,3,1.0
2903,2020-01-01 01:06:16,gw_main,devB,0,867100000.0,9,125.0,-101.10416683250382,-4.328866026122664,"(-6.0, -4.0]",32.0,0.24678399999999998,0.4411764705882353,1.871107266435986,1.3328666020761244,3,1.0
2904,2020-01-01 01:06:17,gw_main,devB,1,868300000.0,8,125.0,-102.1574991580431,5.353637716983354,"(4.0, 6.0]",31.0,0.133632,0.975609756097561,1.0249851279000597,0.16195594051160048,3,1.0
2905,2020-01-01 01:06:18,gw_main,devA,1,867300000.0,10,125.0,-91.63356026135315,2.16875120715487,"(2.0, 4.0]",67.0,0.739328,0.9767441860465116,1.0237966468361277,0.7807181741481883,3,1.0
2906,2020-01-01 01:06:21,gw_main,devA,1,868300000.0,7,125.0,-102.21193076812193,2.9915270867274115,"(2.0, 4.0]",77.0,0.13849599999999998,0.952054794520548,1.0502439482079189,0.1956985340589228,3,1.0
2907,2020-01-01 01:06:22,gw_main,devB,1,867100000.0,8,125.0,-109.18288494188634,-5.13106524028377,"(-6.0, -4.0]",21.0,0.10291199999999999,0.6025641025641025,1.5553911900065749,0.7154596081525315,3,1.0
2908,2020-01-01 01:06:24,gw_main,devC,1,867100000.0,9,125.0,-113.53659726433617,14.03889651872175,"(14.0, 16.0]",42.0,0.287744,0.8571428571428571,1.1632653061224492,0.4979879183673472,3,1.0
2909,2020-01-01 01:06:25,gw_main,devC,0,867900000.0,7,125.0,-113.46238608921203,-7.247139430675633,"(-8.0, -6.0]",73.0,0.133376,0.5533980582524272,1.6460552361202754,0.8655994992930532,3,1.0
2910,2020-01-01 01:06:26,gw_main,devC,0,867300000.0,9,125.0,-92.41382468899027,-2.847269757401492,"(-4.0, -2.0]",51.0,0.328704,0.7241379310344828,1.351961950059453,0.7963572508917955,3,1.0
2911,2020-01-01 01:06:27,gw_main,devA,1,868300000.0,8,125.0,-106.3390520767602,6.394187353998112,"(6.0, 8.0]",51.0,0.184832,0.9850746268656716,1.0151481398975275,0.2027800008910673,3,1.0
2912,2020-01-01 01:06:28,gw_main,devB,1,867900000.0,9,125.0,-108.9167868103822,-0.9555631953185397,"(-2.0, 0.0]",22.0,0.20582399999999998,0.826530612244898,1.203561016243232,0.4512827588504789,3,1.0
2913,2020-01-01 01:06:29,gw_main,devC,1,867300000.0,9,125.0,-106.07449293110092,-4.872732350689988,"(-6.0, -4.0]",75.0,0.431104,0.4411764705882353,1.871107266435986,1.6777490934256054,3,1.0
2914,2020-01-01 01:06:30,gw_main,devB,0,867300000.0,10,125.0,-101.60042676088837,-7.939042707968552,"(-8.0, -6.0]",60.0,0.698368,0.25,2.3125,2.927476,3,1.0
2915,2020-01-01 01:06:31,gw_main,devA,1,867100000.0,8,125.0,-99.93575307481224,3.216167544979955,"(2.0, 4.0]",76.0,0.246272,0.9166666666666666,1.0902777777777777,0.3587826666666665,3,1.0
2916,2020-01-01 01:06:32,gw_main,devB,1,867300000.0,8,125.0,-106.65276235319838,6.119354798306179,"(6.0, 8.0]",47.0,0.174592,0.9850746268656716,1.0151481398975275,0.19238488393851663,3,1.0
2917,2020-01-01 01:06:33,gw_main,devA,1,867100000.0,7,125.0,-108.30605745112612,8.399361388603621,"(8.0, 10.0]",42.0,0.087296,0.9811320754716981,1.0192239231043076,0.10819809469562129,3,1.0
2918,2020-01-01 01:06:35,gw_main,devB,1,867300000.0,7,125.0,-106.90768142972023,6.269926943233403,"(6.0, 8.0]",25.0,0.061695999999999994,0.9651162790697675,1.0361005949161708,0.10002385722011886,3,1.0
2919,2020-01-01 01:06:36,gw_main,devB,1,867100000.0,11,125.0,-107.72029402689013,-6.197646199548168,"(-8.0, -6.0]",68.0,1.642496,0.21739130434782608,2.3950850661625713,5.32900270699433,3,1.0
2920,2020-01-01 01:06:37,gw_main,devC,1,867300000.0,11,125.0,-111.95223307587493,1.0081282188166305,"(0.0, 2.0]",30.0,0.9052159999999999,0.7368421052631579,1.332409972299169,1.5385287977839333,3,1.0
2921,2020-01-01 01:06:38,gw_main,devC,1,867100000.0,7,125.0,-109.24534867491276,-4.064321896955426,"(-6.0, -4.0]",21.0,0.056575999999999994,0.6124031007751938,1.537828255513491,0.6248324268974222,3,1.0
2922,2020-01-01 01:06:39,gw_main,devA,1,867900000.0,7,125.0,-95.53529694050005,1.043033007618744,"(0.0, 2.0]",40.0,0.082176,0.9215686274509803,1.0845828527489427,0.17370953325643984,3,1.0
2923,2020-01-01 01:06:40,gw_main,devC,1,868300000.0,8,125.0,-99.53944049651547,4.5042820807180775,"(4.0, 6.0]",65.0,0.215552,0.975609756097561,1.0249851279000597,0.24592272218917335,3,1.0
2924,2020-01-01 01:06:41,gw_main,devC,1,867100000.0,8,125.0,-104.02735789637542,6.418357020182167,"(6.0, 8.0]",65.0,0.215552,0.9850746268656716,1.0151481398975275,0.23396535174871935,3,1.0
2925,2020-01-01 01:06:44,gw_main,devA,1,867900000.0,9,125.0,-96.30705927055567,-2.8463173998499767,"(-4.0, -2.0]",51.0,0.328704,0.7241379310344828,1.351961950059453,0.7963572508917955,3,1.0
2926,2020-01-01 01:06:45,gw_main,devA,0,867100000.0,8,125.0,-106.60100347450293,-6.15439672639396,"(-8.0, -6.0]",48.0,0.174592,0.5087719298245614,1.7325330871037241,1.0350195038473375,3,1.0
2927,2020-01-01 01:06:46,gw_main,devB,0,867100000.0,8,125.0,-93.76178198806025,-1.023625336196267,"(-2.0, 0.0]",30.0,0.12339199999999999,0.926605504587156,1.07878124736975,0.2118942230451982,3,1.0
2928,2020-01-01 01:06:47,gw_main,devA,0,867300000.0,7,125.0,-101.70732996002911,-8.775316374016635,"(-10.0, -8.0]",45.0,0.092416,0.32727272727272727,2.1252892561983474,1.3216999880991738,3,1.0
2929,2020-01-01 01:06:48,gw_main,devA,1,867100000.0,8,125.0,-109.17320657772336,0.027469180343428524,"(0.0, 2.0]",38.0,0.143872,0.9338842975206612,1.0704869885936752,0.22450009261662443,3,1.0
2930,2020-01-01 01:06:51,gw_main,devA,1,867100000.0,8,125.0,-105.1991277610618,3.2169881433661676,"(2.0, 4.0]",75.0,0.246272,0.9166666666666666,1.0902777777777777,0.3587826666666665,3,1.0
2931,2020-01-01 01:06:53,gw_main,devA,1,867300000.0,9,125.0,-108.34327234989392,0.02430617139638178,"(0.0, 2.0]",39.0,0.267264,0.8987341772151899,1.1115205896490947,0.4085900285210704,3,1.0
2932,2020-01-01 01:06:54,gw_main,devA,0,868300000.0,10,125.0,-111.70561911360902,-8.643985009518119,"(-10.0, -8.0]",48.0,0.575488,0.18181818181818182,2.487603305785124,2.9191891570247934,3,1.0
2933,2020-01-01 01:06:55,gw_main,devA,1,868300000.0,7,125.0,-104.0554061611467,0.25603300429977044,"(0.0, 2.0]",63.0,0.118016,0.9215686274509803,1.0845828527489427,0.21258098269896195,3,1.0
2934,2020-01-01 01:06:56,gw_main,devC,1,867100000.0,8,125.0,-117.71800323574456,-5.106218442763615,"(-6.0, -4.0]",27.0,0.12339199999999999,0.6025641025641025,1.5553911900065749,0.7473140197238661,3,1.0
2935,2020-01-01 01:06:57,gw_main,devA,0,868300000.0,12,125.0,-106.6069576537274,-2.698671616697304,"(-4.0, -2.0]",59.0,2.629632,0.5,1.75,5.351856,3,1.0
2936,2020-01-01 01:06:58,gw_main,devB,1,868300000.0,10,125.0,-89.64032522569805,-0.5620743691617519,"(-2.0, 0.0]",52.0,0.616448,0.7575757575757576,1.3011937557392104,1.1033120440771351,3,1.0
2937,2020-01-01 01:06:59,gw_main,devA,1,868300000.0,8,125.0,-97.92592215990669,1.1458657953143632,"(0.0, 2.0]",29.0,0.12339199999999999,0.9338842975206612,1.0704869885936752,0.20257651909022595,3,1.0
2938,2020-01-01 01:07:00,gw_main,devA,0,867300000.0,8,125.0,-106.66448858566541,-9.879993775126904,"(-10.0, -8.0]",38.0,0.143872,0.2653061224489796,2.2744689712619737,1.6017013710953765,3,1.0
2939,2020-01-01 01:07:01,gw_main,devB,0,867300000.0,10,125.0,-92.99163754127326,-9.38055724736524,"(-10.0, -8.0]",64.0,0.698368,0.18181818181818182,2.487603305785124,3.2248658512396693,3,1.0
2940,2020-01-01 01:07:05,gw_main,devB,1,868300000.0,8,125.0,-110.21303803083347,5.356682611396358,"(4.0, 6.0]",42.0,0.154112,0.975609756097561,1.0249851279000597,0.1829476359309937,3,1.0
2941,2020-01-01 01:07:06,gw_main,devA,1,867900000.0,8,125.0,-102.06496071568294,7.8064587889056805,"(6.0, 8.0]",59.0,0.205312,0.9850746268656716,1.0151481398975275,0.22357023479616867,3,1.0
2942,2020-01-01 01:07:08,gw_main,devA,0,867100000.0,10,125.0,-113.96594444882159,-0.11917361945553831,"(-2.0, 0.0]",36.0,0.49356799999999995,0.7575757575757576,1.3011937557392104,0.9434213553719009,3,1.0
2943,2020-01-01 01:07:09,gw_main,devA,0,867300000.0,8,125.0,-114.19359763362226,-6.188746810847033,"(-8.0, -6.0]",55.0,0.195072,0.5087719298245614,1.7325330871037241,1.0705017814712217,3,1.0
2944,2020-01-01 01:07:10,gw_main,devC,1,868300000.0,7,125.0,-91.47569519842104,-5.67640667746487,"(-6.0, -4.0]",40.0,0.082176,0.6124031007751938,1.537828255513491,0.6642008302385676,3,1.0
2945,2020-01-01 01:07:11,gw_main,devB,0,867900000.0,10,125.0,-112.09246680117373,-2.803022829449187,"(-4.0, -2.0]",60.0,0.698368,0.6428571428571429,1.4846938775510203,1.5215565714285713,3,1.0
2946,2020-01-01 01:07:12,gw_main,devA,1,867100000.0,7,125.0,-107.4194596480702,1.6049196398363539,"(0.0, 2.0]",68.0,0.123136,0.9215686274509803,1.0845828527489427,0.21813404690503654,3,1.0
2947,2020-01-01 01:07:13,gw_main,devB,1,867900000.0,10,125.0,-110.43116173084626,1.3244131991427965,"(0.0, 2.0]",68.0,0.739328,0.8888888888888888,1.1234567901234567,0.9540598518518516,3,1.0
2948,2020-01-01 01:07:14,gw_main,devC,1,867100000.0,9,125.0,-112.97901353335352,0.02546253562874949,"(0.0, 2.0]",23.0,0.20582399999999998,0.8987341772151899,1.1115205896490947,0.34029820349302997,3,1.0
2949,2020-01-01 01:07:15,gw_main,devB,1,867100000.0,10,125.0,-102.15800239801739,-0.9163359477276152,"(-2.0, 0.0]",21.0,0.37068799999999996,0.7575757575757576,1.3011937557392104,0.7835306666666667,3,1.0
2950,2020-01-01 01:07:16,gw_main,devB,1,867900000.0,9,125.0,-115.26877597883889,3.7829775258243936,"(2.0, 4.0]",43.0,0.287744,0.9358974358974359,1.0682117028270874,0.3755832110453649,3,1.0
2951,2020-01-01 01:07:18,gw_main,devB,1,867100000.0,9,125.0,-108.61567484077966,1.787080811148606,"(0.0, 2.0]",34.0,0.24678399999999998,0.8987341772151899,1.1115205896490947,0.38582608684505687,3,1.0
2952,2020-01-01 01:07:20,gw_main,devA,1,867900000.0,7,125.0,-93.77858699902158,-3.277757737613787,"(-4.0, -2.0]",68.0,0.123136,0.8152866242038217,1.2188324069941985,0.36891455426183606,3,1.0
2953,2020-01-01 01:07:22,gw_main,devA,1,867300000.0,7,125.0,-98.30813580998628,2.9467667584459063,"(2.0, 4.0]",69.0,0.12825599999999998,0.952054794520548,1.0502439482079189,0.1849440360292737,3,1.0
2954,2020-01-01 01:07:23,gw_main,devA,1,868300000.0,7,125.0,-94.33307269368352,2.500364214553425,"(2.0, 4.0]",40.0,0.082176,0.952054794520548,1.0502439482079189,0.1365487948958528,3,1.0
2955,2020-01-01 01:07:24,gw_main,devC,1,868300000.0,7,125.0,-102.27655602582762,-1.3201563655876043,"(-2.0, 0.0]",21.0,0.056575999999999994,0.8554216867469879,1.165481201916098,0.2314194663957032,3,1.0
2956,2020-01-01 01:07:25,gw_main,devC,1,867900000.0,10,125.0,-98.97330012916699,-2.4944455970906887,"(-4.0, -2.0]",27.0,0.41164799999999996,0.6428571428571429,1.4846938775510203,1.0958651428571426,3,1.0
2957,2020-01-01 01:07:27,gw_main,devC,0,868300000.0,12,125.0,-120.54942269515493,-4.555254263095346,"(-6.0, -4.0]",35.0,1.8104319999999998,0.2857142857142857,2.2244897959183674,5.251777306122449,3,1.0
2958,2020-01-01 01:07:30,gw_main,devC,0,868300000.0,7,125.0,-101.43870103724568,-6.925383458121486,"(-8.0, -6.0]",58.0,0.112896,0.5533980582524272,1.6460552361202754,0.83188828805731,3,1.0
2959,2020-01-01 01:07:32,gw_main,devC,1,867300000.0,9,125.0,-116.76879990314004,10.786494725147001,"(10.0, 12.0]",75.0,0.431104,0.95,1.0525,0.50623696,3,1.0
2960,2020-01-01 01:07:34,gw_main,devB,1,867300000.0,8,125.0,-117.59650931441561,3.793202013719643,"(2.0, 4.0]",62.0,0.205312,0.9166666666666666,1.0902777777777777,0.3141248888888888,3,1.0
2961,2020-01-01 01:07:35,gw_main,devC,1,867900000.0,9,125.0,-105.71761181397558,3.554567573672311,"(2.0, 4.0]",30.0,0.22630399999999998,0.9358974358974359,1.0682117028270874,0.3099522840236686,3,1.0
2962,2020-01-01 01:07:36,gw_main,devA,1,867300000.0,10,125.0,-108.10640126136181,0.6717852992800435,"(0.0, 2.0]",26.0,0.41164799999999996,0.8888888888888888,1.1234567901234567,0.5859255308641973,3,1.0
2963,2020-01-01 01:07:37,gw_main,devB,1,867900000.0,9,125.0,-108.35153153572347,5.750357757378554,"(4.0, 6.0]",77.0,0.451584,0.9516129032258065,1.0507284079084287,0.5252205452653486,3,1.0
2964,2020-01-01 01:07:38,gw_main,devB,1,867900000.0,7,125.0,-92.99057844519889,-0.9351705992314894,"(-2.0, 0.0]",41.0,0.087296,0.8554216867469879,1.165481201916098,0.26722304891856574,3,1.0
2965,2020-01-01 01:07:40,gw_main,devA,0,867100000.0,10,125.0,-108.52898552646603,0.6122560454789937,"(0.0, 2.0]",67.0,0.739328,0.8888888888888888,1.1234567901234567,0.9540598518518516,3,1.0
2966,2020-01-01 01:07:41,gw_main,devC,1,867300000.0,10,125.0,-99.2059342007952,5.4341796244175065,"(4.0, 6.0]",65.0,0.739328,0.9736842105263158,1.0270083102493075,0.7863043102493075,3,1.0
2967,2020-01-01 01:07:44,gw_main,devA,0,868300000.0,8,125.0,-118.2502293997512,-12.14471529551382,"(-14.0, -12.0]",78.0,0.246272,0.08333333333333333,2.756944444444444,2.4359026666666663,3,1.0
2968,2020-01-01 01:07:45,gw_main,devB,1,868300000.0,7,125.0,-112.80094117516605,7.158344373449955,"(6.0, 8.0]",33.0,0.071936,0.9651162790697675,1.0361005949161708,0.11063352731206046,3,1.0
2969,2020-01-01 01:07:46,gw_main,devC,1,867300000.0,8,125.0,-89.152608417973,14.043610345777541,"(14.0, 16.0]",71.0,0.236032,0.9090909090909091,1.0991735537190082,0.3586136859504131,3,1.0
2970,2020-01-01 01:07:48,gw_main,devC,0,868300000.0,11,125.0,-101.44152656164641,-1.905719612910906,"(-2.0, 0.0]",66.0,1.560576,0.7209302325581395,1.3569497025419146,2.4745728415359656,3,1.0
2971,2020-01-01 01:07:49,gw_main,devC,1,867100000.0,10,125.0,-91.31034537266163,-5.090659694125277,"(-6.0, -4.0]",45.0,0.575488,0.5,1.75,1.757104,3,1.0
2972,2020-01-01 01:07:50,gw_main,devC,1,867100000.0,7,125.0,-112.79664341868707,1.6647853952399079,"(0.0, 2.0]",50.0,0.097536,0.9215686274509803,1.0845828527489427,0.1903687258746636,3,1.0
2973,2020-01-01 01:07:53,gw_main,devC,1,868300000.0,9,125.0,-115.49682466941938,-3.152462750263858,"(-4.0, -2.0]",73.0,0.431104,0.7241379310344828,1.351961950059453,0.9347981545778835,3,1.0
2974,2020-01-01 01:07:54,gw_main,devC,1,867300000.0,7,125.0,-125.63644412527199,5.763982073337735,"(4.0, 6.0]",20.0,0.056575999999999994,0.976,1.024576,0.08254241177599991,3,1.0
2975,2020-01-01 01:07:55,gw_main,devA,1,867900000.0,9,125.0,-106.5255164284365,8.172816689443769,"(8.0, 10.0]",77.0,0.451584,0.9655172413793104,1.0356718192627823,0.5033646420927466,3,1.0
2976,2020-01-01 01:07:56,gw_main,devA,0,867900000.0,8,125.0,-106.26466678095183,-12.193511486281043,"(-14.0, -12.0]",63.0,0.215552,0.08333333333333333,2.756944444444444,2.3512093333333333,3,1.0
2977,2020-01-01 01:07:57,gw_main,devA,0,867900000.0,10,125.0,-112.91928822577535,1.756668065083744,"(0.0, 2.0]",27.0,0.41164799999999996,0.8888888888888888,1.1234567901234567,0.5859255308641973,3,1.0
2978,2020-01-01 01:07:58,gw_main,devC,0,867100000.0,7,125.0,-112.15137967687531,-4.189687248407743,"(-6.0, -4.0]",69.0,0.12825599999999998,0.6124031007751938,1.537828255513491,0.7350639562526293,3,1.0
2979,2020-01-01 01:07:59,gw_main,devC,0,867100000.0,8,125.0,-80.50942708785996,-8.45867964131276,"(-10.0, -8.0]",24.0,0.11315199999999999,0.2653061224489796,2.2744689712619737,1.5318296842982084,3,1.0
2980,2020-01-01 01:08:00,gw_main,devA,0,867900000.0,7,125.0,-102.80602915604135,-3.7040574931557706,"(-4.0, -2.0]",49.0,0.097536,0.8152866242038217,1.2188324069941985,0.3377124446427846,3,1.0
2981,2020-01-01 01:08:01,gw_main,devA,1,868300000.0,8,125.0,-101.72696831608206,-1.3136032781948723,"(-2.0, 0.0]",75.0,0.246272,0.926605504587156,1.07878124736975,0.34445486272199305,3,1.0
2982,2020-01-01 01:08:03,gw_main,devB,1,868300000.0,8,125.0,-113.38233636413749,-9.128443597909286,"(-10.0, -8.0]",38.0,0.143872,0.2653061224489796,2.2744689712619737,1.6017013710953765,3,1.0
2983,2020-01-01 01:08:04,gw_main,devB,1,867900000.0,8,125.0,-104.65390921657406,6.304875522945014,"(6.0, 8.0]",24.0,0.11315199999999999,0.9850746268656716,1.0151481398975275,0.13001418222321254,3,1.0
2984,2020-01-01 01:08:06,gw_main,devC,1,867100000.0,9,125.0,-107.93660431152723,3.5846463955017906,"(2.0, 4.0]",79.0,0.451584,0.9358974358974359,1.0682117028270874,0.5505990164365548,3,1.0
2985,2020-01-01 01:08:07,gw_main,devA,1,867900000.0,7,125.0,-108.99937026497916,3.275647498334242,"(2.0, 4.0]",26.0,0.061695999999999994,0.952054794520548,1.0502439482079189,0.11503979883655464,3,1.0
2986,2020-01-01 01:08:08,gw_main,devA,0,867900000.0,11,125.0,-121.76309889795965,-0.08053570231973814,"(-2.0, 0.0]",20.0,0.7413759999999999,0.7209302325581395,1.3569497025419146,1.362959645213629,3,1.0
2987,2020-01-01 01:08:09,gw_main,devB,0,867100000.0,9,125.0,-103.12601720269306,-7.050241415071838,"(-8.0, -6.0]",50.0,0.328704,0.41304347826086957,1.9314744801512285,1.5663578676748577,3,1.0
2988,2020-01-01 01:08:10,gw_main,devB,0,867100000.0,7,125.0,-104.4713995520428,3.2089639636049836,"(2.0, 4.0]",37.0,0.082176,0.952054794520548,1.0502439482079189,0.1365487948958528,3,1.0
2989,2020-01-01 01:08:11,gw_main,devC,1,867300000.0,7,125.0,-101.50076110531289,2.304164905160802,"(2.0, 4.0]",62.0,0.118016,0.952054794520548,1.0502439482079189,0.17418953799962464,3,1.0
2990,2020-01-01 01:08:13,gw_main,devB,1,868300000.0,8,125.0,-90.28867673316117,15.413042093122574,"(14.0, 16.0]",61.0,0.205312,0.9090909090909091,1.0991735537190082,0.32484707438016514,3,1.0
2991,2020-01-01 01:08:15,gw_main,devB,1,867900000.0,7,125.0,-104.5780342800433,2.5542700773730322,"(2.0, 4.0]",77.0,0.13849599999999998,0.952054794520548,1.0502439482079189,0.1956985340589228,3,1.0
2992,2020-01-01 01:08:19,gw_main,devB,1,868300000.0,7,125.0,-110.71006551382217,-2.2512389600744904,"(-4.0, -2.0]",40.0,0.082176,0.8152866242038217,1.2188324069941985,0.31899117887135375,3,1.0
2993,2020-01-01 01:08:22,gw_main,devA,1,867900000.0,7,125.0,-107.59048166185764,-1.9046473014588092,"(-2.0, 0.0]",69.0,0.12825599999999998,0.8554216867469879,1.165481201916098,0.3149611589490491,3,1.0
2994,2020-01-01 01:08:23,gw_main,devB,1,868300000.0,8,125.0,-87.99033464022199,10.439603045961473,"(10.0, 12.0]",50.0,0.174592,0.9583333333333334,1.0434027777777777,0.22557255555555544,3,1.0
2995,2020-01-01 01:08:24,gw_main,devB,1,867300000.0,8,125.0,-90.0986519307674,9.122684520071989,"(8.0, 10.0]",55.0,0.195072,0.9722222222222222,1.0285493827160495,0.22919056790123465,3,1.0
2996,2020-01-01 01:08:26,gw_main,devA,1,867100000.0,8,125.0,-101.76136380412993,-2.3159506989348033,"(-4.0, -2.0]",47.0,0.174592,0.7203389830508474,1.3578713013501866,0.5949447675955184,3,1.0
2997,2020-01-01 01:08:27,gw_main,devC,1,867900000.0,9,125.0,-96.12829498048993,3.7017033650073357,"(2.0, 4.0]",60.0,0.369664,0.9358974358974359,1.0682117028270874,0.4630911137409599,3,1.0
2998,2020-01-01 01:08:31,gw_main,devB,1,867100000.0,9,125.0,-122.97263268043154,4.236682716724825,"(4.0, 6.0]",56.0,0.349184,0.9516129032258065,1.0507284079084287,0.41762595629552546,3,1.0
2999,2020-01-01 01:08:32,gw_main,devB,1,867900000.0,7,125.0,-113.34513465939006,1.2987822374922184,"(0.0, 2.0]",48.0,0.097536,0.9215686274509803,1.0845828527489427,0.1903687258746636,3,1.0
3000,2020-01-01 01:08:33,gw_main,devB,1,867300000.0,7,125.0,-111.89580784666083,9.426660794731239,"(8.0, 10.0]",60.0,0.112896,0.9811320754716981,1.0192239231043076,0.13429022712709154,3,1.0
3001,2020-01-01 01:08:34,gw_main,devC,1,867900000.0,8,125.0,-109.31723431162999,7.284978006770705,"(6.0, 8.0]",59.0,0.205312,0.9850746268656716,1.0151481398975275,0.22357023479616867,3,1.0
3002,2020-01-01 01:08:35,gw_main,devA,0,868300000.0,11,125.0,-108.31332471865527,-4.953494255228523,"(-6.0, -4.0]",29.0,0.9052159999999999,0.3939393939393939,1.9733700642791552,2.759696220385675,3,1.0
3003,2020-01-01 01:08:36,gw_main,devB,1,867900000.0,10,125.0,-126.60731350184982,0.7468940326048116,"(0.0, 2.0]",72.0,0.780288,0.8888888888888888,1.1234567901234567,1.0000766419753084,3,1.0
3004,2020-01-01 01:08:37,gw_main,devA,0,867900000.0,7,125.0,-102.53628506618152,-5.013156051267799,"(-6.0, -4.0]",41.0,0.087296,0.6124031007751938,1.537828255513491,0.6720745109067967,3,1.0
3005,2020-01-01 01:08:38,gw_main,devA,1,868300000.0,9,125.0,-110.90818500428165,3.477335684135582,"(2.0, 4.0]",70.0,0.410624,0.9358974358974359,1.0682117028270874,0.5068450650887574,3,1.0
3006,2020-01-01 01:08:41,gw_main,devB,1,868300000.0,11,125.0,-108.09987234027831,2.328870689746351,"(2.0, 4.0]",34.0,0.9871359999999999,0.9523809523809523,1.0498866213151927,1.0862675011337868,3,1.0
3007,2020-01-01 01:08:42,gw_main,devA,1,867300000.0,7,125.0,-90.69556001302536,5.825007515266783,"(4.0, 6.0]",45.0,0.092416,0.976,1.024576,0.11926321561599992,3,1.0
3008,2020-01-01 01:08:43,gw_main,devC,1,867900000.0,7,125.0,-121.68666220116219,-0.8705077012637119,"(-2.0, 0.0]",48.0,0.097536,0.8554216867469879,1.165481201916098,0.2791575764261866,3,1.0
3009,2020-01-01 01:08:44,gw_main,devA,0,867900000.0,7,125.0,-106.9947049564943,-8.73775917703468,"(-10.0, -8.0]",71.0,0.12825599999999998,0.32727272727272727,2.1252892561983474,1.3978703550413227,3,1.0
3010,2020-01-01 01:08:45,gw_main,devA,1,867300000.0,7,125.0,-105.91445335608354,10.595011090738156,"(10.0, 12.0]",71.0,0.12825599999999998,0.9696969696969697,1.0312213039485765,0.16348162350780507,3,1.0
3011,2020-01-01 01:08:46,gw_main,devA,1,867900000.0,9,125.0,-93.87957357583116,-1.035411051179427,"(-2.0, 0.0]",50.0,0.328704,0.826530612244898,1.203561016243232,0.5991763365264473,3,1.0
3012,2020-01-01 01:08:47,gw_main,devB,1,867900000.0,8,125.0,-107.48657044488863,8.260140370901473,"(8.0, 10.0]",32.0,0.133632,0.9722222222222222,1.0285493827160495,0.16599649382716058,3,1.0
3013,2020-01-01 01:08:48,gw_main,devB,1,867900000.0,7,125.0,-101.78454727342317,2.5810940223592134,"(2.0, 4.0]",24.0,0.061695999999999994,0.952054794520548,1.0502439482079189,0.11503979883655464,3,1.0
3014,2020-01-01 01:08:50,gw_main,devB,1,868300000.0,9,125.0,-88.42720425106361,10.978494685887703,"(10.0, 12.0]",55.0,0.349184,0.95,1.0525,0.42001615999999997,3,1.0
3015,2020-01-01 01:08:51,gw_main,devC,1,867900000.0,9,125.0,-109.57588021939758,2.041411810951187,"(2.0, 4.0]",22.0,0.20582399999999998,0.9358974358974359,1.0682117028270874,0.28807530834976985,3,1.0
3016,2020-01-01 01:08:53,gw_main,devB,0,867100000.0,8,125.0,-111.02069384376153,-8.905953330339079,"(-10.0, -8.0]",23.0,0.11315199999999999,0.2653061224489796,2.2744689712619737,1.5318296842982084,3,1.0
3017,2020-01-01 01:08:55,gw_main,devC,0,867900000.0,9,125.0,-93.9348235105393,-1.451322469124707,"(-2.0, 0.0]",73.0,0.431104,0.826530612244898,1.203561016243232,0.7224209845897542,3,1.0
3018,2020-01-01 01:08:56,gw_main,devA,1,868300000.0,9,125.0,-127.59730931872355,-0.8044041667257968,"(-2.0, 0.0]",29.0,0.22630399999999998,0.826530612244898,1.203561016243232,0.4759316884631403,3,1.0
3019,2020-01-01 01:08:58,gw_main,devB,1,867900000.0,7,125.0,-94.02106660978663,2.0791627004603632,"(2.0, 4.0]",22.0,0.056575999999999994,0.952054794520548,1.0502439482079189,0.1096625498217301,3,1.0
3020,2020-01-01 01:08:59,gw_main,devC,1,868300000.0,10,125.0,-110.3828332080507,9.942962866824242,"(8.0, 10.0]",26.0,0.41164799999999996,0.9473684210526315,1.0554016620498614,0.4898556454293627,3,1.0
3021,2020-01-01 01:09:01,gw_main,devA,1,867900000.0,7,125.0,-110.7194157862185,0.2642410697508569,"(0.0, 2.0]",50.0,0.097536,0.9215686274509803,1.0845828527489427,0.1903687258746636,3,1.0
3022,2020-01-01 01:09:02,gw_main,devA,1,867100000.0,9,125.0,-114.51338901193682,-4.29892247824349,"(-6.0, -4.0]",76.0,0.451584,0.4411764705882353,1.871107266435986,1.7160693702422143,3,1.0
3023,2020-01-01 01:09:03,gw_main,devB,1,868300000.0,7,125.0,-116.14685579017714,6.994884028158975,"(6.0, 8.0]",52.0,0.102656,0.9651162790697675,1.0361005949161708,0.1424625375878852,3,1.0
3024,2020-01-01 01:09:04,gw_main,devA,1,868300000.0,9,125.0,-105.860960501666,-2.5385505279006906,"(-4.0, -2.0]",66.0,0.390144,0.7241379310344828,1.351961950059453,0.8794217931034484,3,1.0
3025,2020-01-01 01:09:05,gw_main,devA,1,867100000.0,8,125.0,-113.46733627863728,2.7406202919372333,"(2.0, 4.0]",25.0,0.11315199999999999,0.9166666666666666,1.0902777777777777,0.21364488888888877,3,1.0
3026,2020-01-01 01:09:09,gw_main,devC,1,868300000.0,7,125.0,-112.91191964188532,-2.384399891036666,"(-4.0, -2.0]",77.0,0.13849599999999998,0.8152866242038217,1.2188324069941985,0.38763582003326696,3,1.0
3027,2020-01-01 01:09:10,gw_main,devA,1,867300000.0,9,125.0,-91.65349683324818,0.29445310944459924,"(0.0, 2.0]",63.0,0.390144,0.8987341772151899,1.1115205896490947,0.5451736785771512,3,1.0
3028,2020-01-01 01:09:11,gw_main,devC,1,867100000.0,7,125.0,-115.43780214703169,-8.52216114197721,"(-10.0, -8.0]",37.0,0.082176,0.32727272727272727,2.1252892561983474,1.2999370261157028,3,1.0
3029,2020-01-01 01:09:12,gw_main,devA,1,868300000.0,10,125.0,-102.15633844194346,1.8323987217703803,"(0.0, 2.0]",67.0,0.739328,0.8888888888888888,1.1234567901234567,0.9540598518518516,3,1.0
3030,2020-01-01 01:09:14,gw_main,devB,1,867900000.0,7,125.0,-101.62440267272855,-3.332430163725301,"(-4.0, -2.0]",43.0,0.087296,0.8152866242038217,1.2188324069941985,0.325231600795164,3,1.0
3031,2020-01-01 01:09:16,gw_main,devC,0,867300000.0,8,125.0,-108.25970067789827,-12.439862095217887,"(-14.0, -12.0]",70.0,0.225792,0.08333333333333333,2.756944444444444,2.379440444444444,3,1.0
3032,2020-01-01 01:09:18,gw_main,devB,1,868300000.0,8,125.0,-93.51545435970687,-8.32945434456804,"(-10.0, -8.0]",50.0,0.174592,0.2653061224489796,2.2744689712619737,1.671573057892544,3,1.0
3033,2020-01-01 01:09:19,gw_main,devC,0,867100000.0,7,125.0,-105.34958207345254,-2.9087686920622318,"(-4.0, -2.0]",52.0,0.102656,0.8152866242038217,1.2188324069941985,0.3439528665665949,3,1.0
3034,2020-01-01 01:09:20,gw_main,devB,1,867900000.0,8,125.0,-101.07050278516786,0.11171128525646189,"(0.0, 2.0]",49.0,0.174592,0.9338842975206612,1.0704869885936752,0.25738545290622217,3,1.0
3035,2020-01-01 01:09:21,gw_main,devB,1,867300000.0,10,125.0,-116.50194910173911,-0.4731872958200157,"(-2.0, 0.0]",26.0,0.41164799999999996,0.7575757575757576,1.3011937557392104,0.8368275629017448,3,1.0
3036,2020-01-01 01:09:22,gw_main,devC,0,868300000.0,11,125.0,-106.05618933361863,-0.40255168717120454,"(-2.0, 0.0]",74.0,1.724416,0.7209302325581395,1.3569497025419146,2.696895480800433,3,1.0
3037,2020-01-01 01:09:27,gw_main,devC,1,867100000.0,11,125.0,-96.29227656924944,12.675990126231024,"(12.0, 14.0]",26.0,0.8232959999999999,0.68,1.4223999999999999,1.5934562303999997,3,1.0
3038,2020-01-01 01:09:28,gw_main,devC,0,867900000.0,7,125.0,-102.03524574677476,-14.112697593643801,"(-16.0, -14.0]",76.0,0.13849599999999998,0.1,2.71,2.08532416,3,1.0
3039,2020-01-01 01:09:30,gw_main,devB,1,867100000.0,10,125.0,-113.12668112385498,8.747441569628396,"(8.0, 10.0]",26.0,0.41164799999999996,0.9473684210526315,1.0554016620498614,0.4898556454293627,3,1.0
3040,2020-01-01 01:09:32,gw_main,devB,1,867300000.0,10,125.0,-97.18238592061797,-4.977337233329177,"(-6.0, -4.0]",69.0,0.739328,0.5,1.75,2.043824,3,1.0
3041,2020-01-01 01:09:33,gw_main,devA,1,867900000.0,10,125.0,-110.5353461736204,0.013115867747464476,"(0.0, 2.0]",31.0,0.45260799999999995,0.8888888888888888,1.1234567901234567,0.6319423209876541,3,1.0
3042,2020-01-01 01:09:34,gw_main,devC,1,867300000.0,12,125.0,-99.03754687077955,5.183512767529834,"(4.0, 6.0]",35.0,1.8104319999999998,0.9230769230769231,1.0828402366863903,2.043248852071005,3,1.0
3043,2020-01-01 01:09:37,gw_main,devA,1,867900000.0,11,125.0,-116.46600725786826,4.5627490203190995,"(4.0, 6.0]",69.0,1.642496,0.8571428571428571,1.1632653061224492,2.0739239183673472,3,1.0
3044,2020-01-01 01:09:38,gw_main,devC,1,867300000.0,7,125.0,-98.35809567789047,1.5150034671194545,"(0.0, 2.0]",31.0,0.071936,0.9215686274509803,1.0845828527489427,0.16260340484429067,3,1.0
3045,2020-01-01 01:09:39,gw_main,devA,1,867100000.0,7,125.0,-125.60863384358905,6.626428883267035,"(6.0, 8.0]",20.0,0.056575999999999994,0.9651162790697675,1.0361005949161708,0.09471902217414807,3,1.0
3046,2020-01-01 01:09:40,gw_main,devC,1,867300000.0,8,125.0,-127.50547995212425,8.342492355180237,"(8.0, 10.0]",73.0,0.236032,0.9722222222222222,1.0285493827160495,0.27131995061728403,3,1.0
3047,2020-01-01 01:09:42,gw_main,devB,0,867100000.0,7,125.0,-114.06786535549335,-8.697556224501929,"(-10.0, -8.0]",61.0,0.112896,0.32727272727272727,2.1252892561983474,1.365225912066116,3,1.0
3048,2020-01-01 01:09:44,gw_main,devB,1,868300000.0,11,125.0,-97.15203573151665,10.659728623873779,"(10.0, 12.0]",75.0,1.724416,0.9,1.11,2.02410176,3,1.0
3049,2020-01-01 01:09:47,gw_main,devA,1,868300000.0,9,125.0,-108.30790480233,14.406273206480632,"(14.0, 16.0]",28.0,0.22630399999999998,0.8571428571428571,1.1632653061224492,0.42651689795918385,3,1.0
3050,2020-01-01 01:09:48,gw_main,devC,1,868300000.0,7,125.0,-98.59181020005154,-6.240155291270096,"(-8.0, -6.0]",70.0,0.12825599999999998,0.5533980582524272,1.6460552361202754,0.8571716964841174,3,1.0
3051,2020-01-01 01:09:49,gw_main,devA,1,867100000.0,8,125.0,-106.8063875817102,5.417941127700374,"(4.0, 6.0]",52.0,0.184832,0.975609756097561,1.0249851279000597,0.21443517906008353,3,1.0
3052,2020-01-01 01:09:50,gw_main,devC,1,867300000.0,11,125.0,-113.82481289093049,-3.422625965147038,"(-4.0, -2.0]",65.0,1.560576,0.7407407407407407,1.3264746227709192,2.396539083676269,3,1.0
3053,2020-01-01 01:09:51,gw_main,devC,1,867900000.0,7,125.0,-98.2490956896844,0.2978059980460495,"(0.0, 2.0]",62.0,0.118016,0.9215686274509803,1.0845828527489427,0.21258098269896195,3,1.0
3054,2020-01-01 01:09:54,gw_main,devA,0,867300000.0,9,125.0,-107.15114122333641,-5.616082832568445,"(-6.0, -4.0]",67.0,0.410624,0.4411764705882353,1.871107266435986,1.6394288166089963,3,1.0
3055,2020-01-01 01:09:55,gw_main,devC,1,867300000.0,7,125.0,-106.76855050968373,-3.2105262547310454,"(-4.0, -2.0]",55.0,0.107776,0.8152866242038217,1.2188324069941985,0.3501932884904052,3,1.0
3056,2020-01-01 01:09:56,gw_main,devC,0,867900000.0,10,125.0,-112.94827381233402,-9.557712134806227,"(-10.0, -8.0]",20.0,0.37068799999999996,0.18181818181818182,2.487603305785124,2.409728,3,1.0
3057,2020-01-01 01:09:57,gw_main,devB,1,868300000.0,8,125.0,-108.98508807706392,2.9231949822989973,"(2.0, 4.0]",32.0,0.133632,0.9166666666666666,1.0902777777777777,0.23597377777777767,3,1.0
3058,2020-01-01 01:09:58,gw_main,devA,1,867900000.0,11,125.0,-97.37721867460473,-2.7493908592044134,"(-4.0, -2.0]",48.0,1.232896,0.7407407407407407,1.3264746227709192,1.9618798792866945,3,1.0
3059,2020-01-01 01:09:59,gw_main,devB,1,868300000.0,8,125.0,-104.52370647997927,2.5318022559772695,"(2.0, 4.0]",30.0,0.12339199999999999,0.9166666666666666,1.0902777777777777,0.22480933333333322,3,1.0
3060,2020-01-01 01:10:01,gw_main,devB,0,867100000.0,7,125.0,-101.56323356260964,-2.1563017208506596,"(-4.0, -2.0]",37.0,0.082176,0.8152866242038217,1.2188324069941985,0.31899117887135375,3,1.0
3061,2020-01-01 01:10:02,gw_main,devC,1,867100000.0,7,125.0,-110.198369016304,6.233574329898098,"(6.0, 8.0]",66.0,0.123136,0.9651162790697675,1.0361005949161708,0.1636818777717684,3,1.0
3062,2020-01-01 01:10:03,gw_main,devB,1,868300000.0,8,125.0,-109.22699883898208,-1.0459152845824464,"(-2.0, 0.0]",42.0,0.154112,0.926605504587156,1.07878124736975,0.24503438296439692,3,1.0
3063,2020-01-01 01:10:05,gw_main,devB,1,868300000.0,8,125.0,-110.81487995976256,3.1699593458739885,"(2.0, 4.0]",58.0,0.195072,0.9166666666666666,1.0902777777777777,0.3029604444444443,3,1.0
3064,2020-01-01 01:10:07,gw_main,devC,0,867100000.0,10,125.0,-117.1185379776649,-9.358475599229049,"(-10.0, -8.0]",26.0,0.41164799999999996,0.18181818181818182,2.487603305785124,2.5116202314049585,3,1.0
3065,2020-01-01 01:10:08,gw_main,devB,1,867900000.0,7,125.0,-91.44245212019116,5.91240026240485,"(4.0, 6.0]",37.0,0.082176,0.976,1.024576,0.10877155737599993,3,1.0
3066,2020-01-01 01:10:10,gw_main,devB,1,867300000.0,10,125.0,-114.73711777504968,5.899680538829485,"(4.0, 6.0]",66.0,0.739328,0.9736842105263158,1.0270083102493075,0.7863043102493075,3,1.0
3067,2020-01-01 01:10:11,gw_main,devA,0,867300000.0,9,125.0,-107.0477024074614,-12.076130611969727,"(-14.0, -12.0]",52.0,0.328704,0.06666666666666667,2.8044444444444445,2.7262765511111113,3,1.0
3068,2020-01-01 01:10:12,gw_main,devB,0,867100000.0,8,125.0,-118.33733385635388,-9.927655884460048,"(-10.0, -8.0]",27.0,0.12339199999999999,0.2653061224489796,2.2744689712619737,1.555120246563931,3,1.0
3069,2020-01-01 01:10:15,gw_main,devB,1,867900000.0,7,125.0,-93.98222063733836,6.251699412021708,"(6.0, 8.0]",73.0,0.133376,0.9651162790697675,1.0361005949161708,0.17429154786370998,3,1.0
3070,2020-01-01 01:10:17,gw_main,devC,1,867100000.0,8,125.0,-95.59459834260454,-0.20492374821479167,"(-2.0, 0.0]",68.0,0.225792,0.926605504587156,1.07878124736975,0.3223614227758606,3,1.0
3071,2020-01-01 01:10:19,gw_main,devB,1,868300000.0,7,125.0,-100.79706929651024,4.564729275788575,"(4.0, 6.0]",31.0,0.071936,0.976,1.024576,0.09827989913599992,3,1.0
3072,2020-01-01 01:10:20,gw_main,devC,0,867900000.0,10,125.0,-113.19305273680285,-1.8129022574473066,"(-2.0, 0.0]",28.0,0.41164799999999996,0.7575757575757576,1.3011937557392104,0.8368275629017448,3,1.0
3073,2020-01-01 01:10:21,gw_main,devA,1,868300000.0,9,125.0,-99.08798020187342,2.376413701788371,"(2.0, 4.0]",48.0,0.308224,0.9358974358974359,1.0682117028270874,0.39746018671926364,3,1.0
3074,2020-01-01 01:10:23,gw_main,devB,0,867300000.0,8,125.0,-110.79442180215052,-13.12225584921542,"(-14.0, -12.0]",56.0,0.195072,0.08333333333333333,2.756944444444444,2.2947471111111106,3,1.0
3075,2020-01-01 01:10:24,gw_main,devB,1,867300000.0,11,125.0,-115.02777566399632,-2.308972928579923,"(-4.0, -2.0]",70.0,1.642496,0.7407407407407407,1.3264746227709192,2.505203884773663,3,1.0
3076,2020-01-01 01:10:25,gw_main,devA,1,868300000.0,7,125.0,-101.61834812502055,8.15253770293287,"(8.0, 10.0]",33.0,0.071936,0.9811320754716981,1.0192239231043076,0.09254281523673913,3,1.0
3077,2020-01-01 01:10:26,gw_main,devC,1,867300000.0,9,125.0,-96.96546290211334,-2.3751636544233685,"(-4.0, -2.0]",43.0,0.287744,0.7241379310344828,1.351961950059453,0.7409808894173604,3,1.0
3078,2020-01-01 01:10:27,gw_main,devB,1,868300000.0,8,125.0,-116.50047420669495,-0.8585361980901011,"(-2.0, 0.0]",55.0,0.195072,0.926605504587156,1.07878124736975,0.2892212628566619,3,1.0
3079,2020-01-01 01:10:28,gw_main,devA,1,867300000.0,11,125.0,-103.43375453672353,-3.6411969203595773,"(-4.0, -2.0]",36.0,0.9871359999999999,0.7407407407407407,1.3264746227709192,1.6358854759945132,3,1.0
3080,2020-01-01 01:10:29,gw_main,devB,0,867300000.0,7,125.0,-102.74055423865929,-2.907792932851239,"(-4.0, -2.0]",26.0,0.061695999999999994,0.8152866242038217,1.2188324069941985,0.29402949117611255,3,1.0
3081,2020-01-01 01:10:30,gw_main,devA,1,867300000.0,7,125.0,-107.7831225663509,6.744073138707261,"(6.0, 8.0]",56.0,0.107776,0.9651162790697675,1.0361005949161708,0.14776737263385603,3,1.0
3082,2020-01-01 01:10:31,gw_main,devC,1,867300000.0,9,125.0,-108.56310796450187,-1.6085158853264536,"(-2.0, 0.0]",46.0,0.308224,0.826530612244898,1.203561016243232,0.5745274069137859,3,1.0
3083,2020-01-01 01:10:32,gw_main,devB,0,867900000.0,10,125.0,-96.18734248463554,-6.131694506502007,"(-8.0, -6.0]",38.0,0.49356799999999995,0.25,2.3125,2.453876,3,1.0
3084,2020-01-01 01:10:33,gw_main,devA,0,867900000.0,9,125.0,-94.99827103414223,-18.668180020922136,"(-20.0, -18.0]",70.0,0.410624,0.7518573551263001,1.309717417078615,0.8475188217491042,3,1.0
3085,2020-01-01 01:10:34,gw_main,devB,1,867100000.0,10,125.0,-100.19929113974332,-3.43622070727332,"(-4.0, -2.0]",27.0,0.41164799999999996,0.6428571428571429,1.4846938775510203,1.0958651428571426,3,1.0
3086,2020-01-01 01:10:35,gw_main,devC,0,867100000.0,7,125.0,-100.46209807205055,-11.800900846274454,"(-12.0, -10.0]",69.0,0.12825599999999998,0.2,2.4400000000000004,1.7529446400000004,3,1.0
3087,2020-01-01 01:10:36,gw_main,devA,0,868300000.0,9,125.0,-99.96869657954586,-10.942496961205558,"(-12.0, -10.0]",48.0,0.308224,0.23809523809523808,2.3424036281179133,2.064388643990929,3,1.0
3088,2020-01-01 01:10:37,gw_main,devA,1,867100000.0,8,125.0,-111.95538560716854,4.77106845975932,"(4.0, 6.0]",43.0,0.164352,0.975609756097561,1.0249851279000597,0.1934434836406903,3,1.0
3089,2020-01-01 01:10:38,gw_main,devC,1,867100000.0,11,125.0,-107.3664182128449,4.2520533944440935,"(4.0, 6.0]",63.0,1.478656,0.8571428571428571,1.1632653061224492,1.8833345306122453,3,1.0
3090,2020-01-01 01:10:39,gw_main,devB,0,867900000.0,8,125.0,-106.41935924392479,-11.503275983569372,"(-12.0, -10.0]",36.0,0.143872,0.18181818181818182,2.487603305785124,1.8454997685950412,3,1.0
3091,2020-01-01 01:10:40,gw_main,devC,1,867100000.0,7,125.0,-115.01964891238573,5.108876828049995,"(4.0, 6.0]",69.0,0.12825599999999998,0.976,1.024576,0.1559840194559999,3,1.0
3092,2020-01-01 01:10:42,gw_main,devA,1,867100000.0,8,125.0,-89.89942603324604,-4.7014124225967056,"(-6.0, -4.0]",24.0,0.11315199999999999,0.6025641025641025,1.5553911900065749,0.7313868139381988,3,1.0
3093,2020-01-01 01:10:43,gw_main,devC,1,867900000.0,12,125.0,-88.54559531426698,4.406285505570818,"(4.0, 6.0]",64.0,2.793472,0.9230769230769231,1.0828402366863903,3.107724118343194,3,1.0
3094,2020-01-01 01:10:44,gw_main,devB,0,868300000.0,9,125.0,-108.75225347921975,-9.759855987488814,"(-10.0, -8.0]",26.0,0.20582399999999998,0.36666666666666664,2.034444444444444,1.4531819377777773,3,1.0
3095,2020-01-01 01:10:45,gw_main,devC,1,867100000.0,9,125.0,-110.96927128403773,-7.226578517133583,"(-8.0, -6.0]",46.0,0.308224,0.41304347826086957,1.9314744801512285,1.5268012703213607,3,1.0
3096,2020-01-01 01:10:46,gw_main,devC,1,868300000.0,8,125.0,-113.93921812592849,-8.638131831549245,"(-10.0, -8.0]",35.0,0.143872,0.2653061224489796,2.2744689712619737,1.6017013710953765,3,1.0
3097,2020-01-01 01:10:47,gw_main,devC,1,868300000.0,8,125.0,-100.64035719077066,-6.669022340469708,"(-8.0, -6.0]",25.0,0.11315199999999999,0.5087719298245614,1.7325330871037241,0.9285726709756847,3,1.0
3098,2020-01-01 01:10:48,gw_main,devB,1,867100000.0,11,125.0,-107.421080166075,5.272132833049505,"(4.0, 6.0]",73.0,1.724416,0.8571428571428571,1.1632653061224492,2.169218612244898,3,1.0
3099,2020-01-01 01:10:49,gw_main,devA,0,867300000.0,8,125.0,-96.3762909864001,-8.001774786405628,"(-10.0, -8.0]",40.0,0.154112,0.2653061224489796,2.2744689712619737,1.624991933361099,3,1.0
3100,2020-01-01 01:10:50,gw_main,devC,1,868300000.0,7,125.0,-116.519372827568,-6.9077888132726075,"(-8.0, -6.0]",73.0,0.133376,0.5533980582524272,1.6460552361202754,0.8655994992930532,3,1.0
3101,2020-01-01 01:10:51,gw_main,devB,1,867100000.0,10,125.0,-105.33527782905897,-5.710189471812207,"(-6.0, -4.0]",64.0,0.698368,0.5,1.75,1.972144,3,1.0
3102,2020-01-01 01:10:53,gw_main,devC,0,867100000.0,8,125.0,-104.42990017309853,-2.038165620671438,"(-4.0, -2.0]",77.0,0.246272,0.7203389830508474,1.3578713013501866,0.6922769824762998,3,1.0
3103,2020-01-01 01:10:55,gw_main,devC,1,867900000.0,10,125.0,-123.25024519595053,-4.2681629095536575,"(-6.0, -4.0]",65.0,0.739328,0.5,1.75,2.043824,3,1.0
3104,2020-01-01 01:10:57,gw_main,devB,1,867300000.0,9,125.0,-106.26210575116943,-3.0248590666077986,"(-4.0, -2.0]",39.0,0.267264,0.7241379310344828,1.351961950059453,0.7132927086801428,3,1.0
3105,2020-01-01 01:10:58,gw_main,devC,1,867300000.0,7,125.0,-105.25603703118642,0.20913240845732906,"(0.0, 2.0]",47.0,0.092416,0.9215686274509803,1.0845828527489427,0.184815661668589,3,1.0
3106,2020-01-01 01:11:01,gw_main,devA,1,867900000.0,8,125.0,-106.45481486048614,10.868093993273895,"(10.0, 12.0]",70.0,0.225792,0.9583333333333334,1.0434027777777777,0.27899477777777765,3,1.0
3107,2020-01-01 01:11:03,gw_main,devB,1,867100000.0,8,125.0,-91.84982724693484,0.21774197128600353,"(0.0, 2.0]",41.0,0.154112,0.9338842975206612,1.0704869885936752,0.23546187937982366,3,1.0
3108,2020-01-01 01:11:04,gw_main,devC,1,868300000.0,11,125.0,-104.80881873791273,8.05982244703866,"(8.0, 10.0]",36.0,0.9871359999999999,0.8888888888888888,1.1234567901234567,1.232461432098765,3,1.0
3109,2020-01-01 01:11:05,gw_main,devC,1,867100000.0,8,125.0,-111.49539502469639,-3.9468237462767917,"(-4.0, -2.0]",38.0,0.143872,0.7203389830508474,1.3578713013501866,0.5532309612180407,3,1.0
3110,2020-01-01 01:11:06,gw_main,devA,1,868300000.0,8,125.0,-96.24220390600726,-5.148351148686354,"(-6.0, -4.0]",42.0,0.154112,0.6025641025641025,1.5553911900065749,0.7950956370808682,3,1.0
3111,2020-01-01 01:11:07,gw_main,devC,0,867300000.0,7,125.0,-108.55591363614272,-6.633430687310885,"(-8.0, -6.0]",60.0,0.112896,0.5533980582524272,1.6460552361202754,0.83188828805731,3,1.0
3112,2020-01-01 01:11:08,gw_main,devB,0,867300000.0,8,125.0,-108.80459130190329,2.3117050036560602,"(2.0, 4.0]",64.0,0.215552,0.9166666666666666,1.0902777777777777,0.3252893333333332,3,1.0
3113,2020-01-01 01:11:09,gw_main,devC,1,867300000.0,7,125.0,-106.79452498512774,3.004860627719331,"(2.0, 4.0]",37.0,0.082176,0.952054794520548,1.0502439482079189,0.1365487948958528,3,1.0
3114,2020-01-01 01:11:11,gw_main,devB,1,867300000.0,7,125.0,-117.49287720583489,0.1595067630853585,"(0.0, 2.0]",74.0,0.133376,0.9215686274509803,1.0845828527489427,0.2292401753171857,3,1.0
3115,2020-01-01 01:11:14,gw_main,devC,1,867900000.0,9,125.0,-110.55640825409901,-8.52139052222494,"(-10.0, -8.0]",62.0,0.369664,0.36666666666666664,2.034444444444444,1.786505315555555,3,1.0
3116,2020-01-01 01:11:15,gw_main,devA,0,867300000.0,9,125.0,-91.74279416378954,-0.17697967158645672,"(-2.0, 0.0]",32.0,0.24678399999999998,0.826530612244898,1.203561016243232,0.5005806180758017,3,1.0
3117,2020-01-01 01:11:16,gw_main,devC,1,867900000.0,9,125.0,-120.69203724906087,0.5050206919703621,"(0.0, 2.0]",41.0,0.287744,0.8987341772151899,1.1115205896490947,0.4313539701970838,3,1.0
3118,2020-01-01 01:11:18,gw_main,devB,1,868300000.0,7,125.0,-104.91819819035204,-1.4787571476945285,"(-2.0, 0.0]",51.0,0.102656,0.8554216867469879,1.165481201916098,0.285124840179997,3,1.0
3119,2020-01-01 01:11:19,gw_main,devC,0,867900000.0,9,125.0,-104.83652955003758,-4.01640363140542,"(-6.0, -4.0]",35.0,0.24678399999999998,0.4411764705882353,1.871107266435986,1.3328666020761244,3,1.0
3120,2020-01-01 01:11:20,gw_main,devC,1,867100000.0,7,125.0,-93.51484219853029,-2.8981148058657302,"(-4.0, -2.0]",65.0,0.123136,0.8152866242038217,1.2188324069941985,0.36891455426183606,3,1.0
3121,2020-01-01 01:11:21,gw_main,devB,0,867300000.0,7,125.0,-125.31416735137961,-10.823088623710943,"(-12.0, -10.0]",65.0,0.123136,0.2,2.4400000000000004,1.7404518400000004,3,1.0
3122,2020-01-01 01:11:25,gw_main,devB,0,867100000.0,10,125.0,-112.0297513801504,-6.331508489991105,"(-8.0, -6.0]",41.0,0.534528,0.25,2.3125,2.548596,3,1.0
3123,2020-01-01 01:11:26,gw_main,devA,0,868300000.0,8,125.0,-103.07964564143893,-2.7948763119539954,"(-4.0, -2.0]",60.0,0.205312,0.7203389830508474,1.3578713013501866,0.6366585739729962,3,1.0
3124,2020-01-01 01:11:27,gw_main,devC,1,867900000.0,7,125.0,-109.22694744991037,-6.055434678521804,"(-8.0, -6.0]",54.0,0.102656,0.5533980582524272,1.6460552361202754,0.8150326824394384,3,1.0
3125,2020-01-01 01:11:28,gw_main,devA,1,867100000.0,7,125.0,-89.4944521832071,-6.585126456975596,"(-8.0, -6.0]",69.0,0.12825599999999998,0.5533980582524272,1.6460552361202754,0.8571716964841174,3,1.0
3126,2020-01-01 01:11:29,gw_main,devC,1,868300000.0,7,125.0,-120.20455158247574,4.003880460938413,"(4.0, 6.0]",64.0,0.118016,0.976,1.024576,0.1454923612159999,3,1.0
3127,2020-01-01 01:11:30,gw_main,devC,0,867300000.0,9,125.0,-103.6954475385931,-2.98926733937201,"(-4.0, -2.0]",27.0,0.22630399999999998,0.7241379310344828,1.351961950059453,0.6579163472057075,3,1.0
3128,2020-01-01 01:11:31,gw_main,devA,1,867900000.0,10,125.0,-103.96918468315496,2.460931150516399,"(2.0, 4.0]",39.0,0.49356799999999995,0.9767441860465116,1.0237966468361277,0.5291099102217415,3,1.0
3129,2020-01-01 01:11:32,gw_main,devC,0,867300000.0,7,125.0,-105.55738361268635,-6.924143219049278,"(-8.0, -6.0]",69.0,0.12825599999999998,0.5533980582524272,1.6460552361202754,0.8571716964841174,3,1.0
3130,2020-01-01 01:11:33,gw_main,devB,1,868300000.0,8,125.0,-100.93398601649288,0.36907459118234254,"(0.0, 2.0]",51.0,0.184832,0.9338842975206612,1.0704869885936752,0.26834723966942137,3,1.0
3131,2020-01-01 01:11:35,gw_main,devB,1,868300000.0,9,125.0,-102.06242839595281,-3.092018240393873,"(-4.0, -2.0]",72.0,0.431104,0.7241379310344828,1.351961950059453,0.9347981545778835,3,1.0
3132,2020-01-01 01:11:36,gw_main,devB,0,867900000.0,8,125.0,-108.69345309836592,-3.242984715626308,"(-4.0, -2.0]",26.0,0.11315199999999999,0.7203389830508474,1.3578713013501866,0.5115171548405629,3,1.0
3133,2020-01-01 01:11:37,gw_main,devC,1,867900000.0,11,125.0,-110.80571592117607,3.2636843467961674,"(2.0, 4.0]",24.0,0.8232959999999999,0.9523809523809523,1.0498866213151927,0.9142540770975055,3,1.0
3134,2020-01-01 01:11:38,gw_main,devC,1,867100000.0,8,125.0,-114.63326266214095,0.8434247740884824,"(0.0, 2.0]",44.0,0.164352,0.9338842975206612,1.0704869885936752,0.24642366614302288,3,1.0
3135,2020-01-01 01:11:39,gw_main,devC,1,868300000.0,7,125.0,-110.20522956986173,-1.2901297272101007,"(-2.0, 0.0]",21.0,0.056575999999999994,0.8554216867469879,1.165481201916098,0.2314194663957032,3,1.0
3136,2020-01-01 01:11:42,gw_main,devC,1,867300000.0,8,125.0,-100.0151448038084,2.975503924380848,"(2.0, 4.0]",43.0,0.164352,0.9166666666666666,1.0902777777777777,0.269467111111111,3,1.0
3137,2020-01-01 01:11:44,gw_main,devC,1,867900000.0,7,125.0,-106.39466125734513,-0.6533688028055594,"(-2.0, 0.0]",42.0,0.087296,0.8554216867469879,1.165481201916098,0.26722304891856574,3,1.0
3138,2020-01-01 01:11:46,gw_main,devB,1,868300000.0,8,125.0,-116.64542686833543,1.7015595207074152,"(0.0, 2.0]",79.0,0.25651199999999996,0.9338842975206612,1.0704869885936752,0.345079747011816,3,1.0
3139,2020-01-01 01:11:47,gw_main,devB,1,868300000.0,9,125.0,-107.04194395892871,-2.761285640115133,"(-4.0, -2.0]",60.0,0.369664,0.7241379310344828,1.351961950059453,0.8517336123662307,3,1.0
3140,2020-01-01 01:11:48,gw_main,devA,1,867900000.0,7,125.0,-98.33081695324557,2.0602972253078073,"(2.0, 4.0]",74.0,0.133376,0.952054794520548,1.0502439482079189,0.19032128504409826,3,1.0
3141,2020-01-01 01:11:49,gw_main,devB,1,868300000.0,7,125.0,-101.24994829302068,6.376485037863098,"(6.0, 8.0]",63.0,0.118016,0.9651162790697675,1.0361005949161708,0.1583770427257976,3,1.0
3142,2020-01-01 01:11:50,gw_main,devB,1,867900000.0,9,125.0,-102.86700980177059,4.85470810041891,"(4.0, 6.0]",21.0,0.18534399999999998,0.9516129032258065,1.0507284079084287,0.24547461394380848,3,1.0
3143,2020-01-01 01:11:51,gw_main,devB,0,867300000.0,8,125.0,-93.88539358535905,-2.5547383830578623,"(-4.0, -2.0]",44.0,0.164352,0.7203389830508474,1.3578713013501866,0.5810401654696925,3,1.0
3144,2020-01-01 01:11:53,gw_main,devA,1,867100000.0,7,125.0,-105.06542277737186,-0.6056762688409707,"(-2.0, 0.0]",55.0,0.107776,0.8554216867469879,1.165481201916098,0.29109210393380747,3,1.0
3145,2020-01-01 01:11:54,gw_main,devB,1,867300000.0,7,125.0,-90.5542906193792,-1.0253400852597614,"(-2.0, 0.0]",52.0,0.102656,0.8554216867469879,1.165481201916098,0.285124840179997,3,1.0
3146,2020-01-01 01:11:55,gw_main,devB,1,867100000.0,7,125.0,-116.31471421884524,6.352643717575928,"(6.0, 8.0]",53.0,0.102656,0.9651162790697675,1.0361005949161708,0.1424625375878852,3,1.0
3147,2020-01-01 01:11:56,gw_main,devA,1,868300000.0,8,125.0,-101.18721776854049,-2.5682375850887187,"(-4.0, -2.0]",70.0,0.225792,0.7203389830508474,1.3578713013501866,0.664467778224648,3,1.0
3148,2020-01-01 01:11:58,gw_main,devB,1,867900000.0,7,125.0,-103.13785138781175,4.127989371297513,"(4.0, 6.0]",27.0,0.066816,0.976,1.024576,0.09303407001599993,3,1.0
3149,2020-01-01 01:11:59,gw_main,devA,0,867100000.0,7,125.0,-102.19565805319917,-3.138075651028741,"(-4.0, -2.0]",57.0,0.107776,0.8152866242038217,1.2188324069941985,0.3501932884904052,3,1.0
3150,2020-01-01 01:12:00,gw_main,devC,1,867300000.0,8,125.0,-113.30558195404488,-1.2332717281068255,"(-2.0, 0.0]",75.0,0.246272,0.926605504587156,1.07878124736975,0.34445486272199305,3,1.0
3151,2020-01-01 01:12:02,gw_main,devC,1,867300000.0,8,125.0,-106.93229708477475,8.642796200731315,"(8.0, 10.0]",51.0,0.184832,0.9722222222222222,1.0285493827160495,0.2186582222222223,3,1.0
3152,2020-01-01 01:12:03,gw_main,devA,1,867100000.0,7,125.0,-102.59246739299701,3.4900414709925816,"(2.0, 4.0]",32.0,0.071936,0.952054794520548,1.0502439482079189,0.12579429686620375,3,1.0
3153,2020-01-01 01:12:05,gw_main,devB,1,867100000.0,8,125.0,-89.6173002415656,-6.085345801128108,"(-8.0, -6.0]",60.0,0.205312,0.5087719298245614,1.7325330871037241,1.0882429202831638,3,1.0
3154,2020-01-01 01:12:07,gw_main,devC,1,867100000.0,8,125.0,-87.15824123248805,0.06480639542832164,"(0.0, 2.0]",29.0,0.12339199999999999,0.9338842975206612,1.0704869885936752,0.20257651909022595,3,1.0
3155,2020-01-01 01:12:08,gw_main,devC,1,867100000.0,7,125.0,-96.90356670573904,1.0387628897199446,"(0.0, 2.0]",61.0,0.112896,0.9215686274509803,1.0845828527489427,0.20702791849288738,3,1.0
3156,2020-01-01 01:12:09,gw_main,devA,1,867100000.0,9,125.0,-101.93599690697295,-3.3879530316702535,"(-4.0, -2.0]",54.0,0.349184,0.7241379310344828,1.351961950059453,0.8240454316290131,3,1.0
3157,2020-01-01 01:12:10,gw_main,devA,1,867900000.0,7,125.0,-99.17212081199881,-0.35506861548040575,"(-2.0, 0.0]",74.0,0.133376,0.8554216867469879,1.165481201916098,0.32092842270285954,3,1.0
3158,2020-01-01 01:12:12,gw_main,devC,1,868300000.0,7,125.0,-112.73463647359252,1.605999275977211,"(0.0, 2.0]",42.0,0.087296,0.9215686274509803,1.0845828527489427,0.17926259746251444,3,1.0
3159,2020-01-01 01:12:15,gw_main,devC,0,868300000.0,11,125.0,-98.99888817128486,-10.21277450135446,"(-12.0, -10.0]",73.0,1.724416,0.25,2.3125,5.300212,3,1.0
3160,2020-01-01 01:12:16,gw_main,devC,0,868300000.0,7,125.0,-108.67643268212203,-6.094473405751668,"(-8.0, -6.0]",78.0,0.13849599999999998,0.5533980582524272,1.6460552361202754,0.874027302101989,3,1.0
3161,2020-01-01 01:12:17,gw_main,devB,1,867900000.0,11,125.0,-108.2231987217536,-9.768954025556036,"(-10.0, -8.0]",32.0,0.9871359999999999,0.23809523809523808,2.3424036281179133,3.6546745759637176,3,1.0
3162,2020-01-01 01:12:18,gw_main,devB,0,868300000.0,11,125.0,-104.67795572604764,-5.035672070960702,"(-6.0, -4.0]",62.0,1.478656,0.3939393939393939,1.9733700642791552,3.8913055500459137,3,1.0
3163,2020-01-01 01:12:19,gw_main,devA,1,867900000.0,8,125.0,-98.70973288592468,3.061929073443661,"(2.0, 4.0]",29.0,0.12339199999999999,0.9166666666666666,1.0902777777777777,0.22480933333333322,3,1.0
3164,2020-01-01 01:12:20,gw_main,devA,1,867100000.0,8,125.0,-109.11788753549631,2.115049007078186,"(2.0, 4.0]",59.0,0.205312,0.9166666666666666,1.0902777777777777,0.3141248888888888,3,1.0
3165,2020-01-01 01:12:21,gw_main,devC,0,867300000.0,8,125.0,-112.7875531473876,-3.873105978054079,"(-4.0, -2.0]",22.0,0.10291199999999999,0.7203389830508474,1.3578713013501866,0.49761255271473703,3,1.0
3166,2020-01-01 01:12:23,gw_main,devB,0,868300000.0,7,125.0,-99.03915799612896,-4.819129140705003,"(-6.0, -4.0]",74.0,0.133376,0.6124031007751938,1.537828255513491,0.7429376369208583,3,1.0
3167,2020-01-01 01:12:25,gw_main,devC,1,868300000.0,7,125.0,-100.46066101558662,-8.70729665569886,"(-10.0, -8.0]",36.0,0.077056,0.32727272727272727,2.1252892561983474,1.2890555451239674,3,1.0
3168,2020-01-01 01:12:26,gw_main,devA,0,867900000.0,8,125.0,-96.82680649049723,-5.431470767702432,"(-6.0, -4.0]",36.0,0.143872,0.6025641025641025,1.5553911900065749,0.7791684312952009,3,1.0
3169,2020-01-01 01:12:27,gw_main,devA,1,867900000.0,7,125.0,-108.05038896711764,8.217695451045934,"(8.0, 10.0]",41.0,0.087296,0.9811320754716981,1.0192239231043076,0.10819809469562129,3,1.0
3170,2020-01-01 01:12:28,gw_main,devB,0,867100000.0,11,125.0,-112.90780485057647,-8.317935091460651,"(-10.0, -8.0]",71.0,1.642496,0.23809523809523808,2.3424036281179133,5.1897922176870726,3,1.0
3171,2020-01-01 01:12:29,gw_main,devB,1,867300000.0,8,125.0,-116.50456518215255,7.154303173531662,"(6.0, 8.0]",48.0,0.174592,0.9850746268656716,1.0151481398975275,0.19238488393851663,3,1.0
3172,2020-01-01 01:12:30,gw_main,devC,1,868300000.0,7,125.0,-110.41469196596324,7.659272580265288,"(6.0, 8.0]",47.0,0.092416,0.9651162790697675,1.0361005949161708,0.13185286749594363,3,1.0
3173,2020-01-01 01:12:31,gw_main,devC,1,868300000.0,7,125.0,-114.88320549496811,-1.3828321015154836,"(-2.0, 0.0]",39.0,0.082176,0.8554216867469879,1.165481201916098,0.26125578516475534,3,1.0
3174,2020-01-01 01:12:33,gw_main,devB,1,868300000.0,7,125.0,-117.27631897556813,-3.966116147142438,"(-4.0, -2.0]",57.0,0.107776,0.8152866242038217,1.2188324069941985,0.3501932884904052,3,1.0
3175,2020-01-01 01:12:34,gw_main,devA,1,867100000.0,7,125.0,-104.39781258908059,-0.4445344609511382,"(-2.0, 0.0]",65.0,0.123136,0.8554216867469879,1.165481201916098,0.3089938951952387,3,1.0
3176,2020-01-01 01:12:35,gw_main,devB,1,867300000.0,9,125.0,-109.54427305270504,3.6434674276791315,"(2.0, 4.0]",78.0,0.451584,0.9358974358974359,1.0682117028270874,0.5505990164365548,3,1.0
3177,2020-01-01 01:12:36,gw_main,devA,1,867900000.0,7,125.0,-99.05081304805263,-0.24525474022609856,"(-2.0, 0.0]",67.0,0.123136,0.8554216867469879,1.165481201916098,0.3089938951952387,3,1.0
3178,2020-01-01 01:12:37,gw_main,devA,1,867100000.0,10,125.0,-115.53180059992476,5.669184223299855,"(4.0, 6.0]",47.0,0.575488,0.9736842105263158,1.0270083102493075,0.6180392686980609,3,1.0
3179,2020-01-01 01:12:38,gw_main,devB,1,867300000.0,11,125.0,-105.13224029517002,6.802400067079555,"(6.0, 8.0]",67.0,1.560576,0.9473684210526315,1.0554016620498614,1.7024361662049858,3,1.0
3180,2020-01-01 01:12:39,gw_main,devA,1,867300000.0,11,125.0,-99.75290459569898,1.7529950825098082,"(0.0, 2.0]",32.0,0.9871359999999999,0.7368421052631579,1.332409972299169,1.6476798227146812,3,1.0
3181,2020-01-01 01:12:40,gw_main,devB,1,867300000.0,7,125.0,-119.96419481878206,1.654248010014196,"(0.0, 2.0]",79.0,0.143616,0.9215686274509803,1.0845828527489427,0.24034630372933488,3,1.0
3182,2020-01-01 01:12:44,gw_main,devB,1,867900000.0,7,125.0,-119.30705081014564,2.1198792602965613,"(2.0, 4.0]",76.0,0.13849599999999998,0.952054794520548,1.0502439482079189,0.1956985340589228,3,1.0
3183,2020-01-01 01:12:47,gw_main,devA,1,867900000.0,7,125.0,-109.45763540950675,12.575882346827605,"(12.0, 14.0]",46.0,0.092416,0.9565217391304348,1.0453686200378072,0.14197740642722118,3,1.0
3184,2020-01-01 01:12:49,gw_main,devB,1,867900000.0,9,125.0,-132.75844183016824,-5.513897294094525,"(-6.0, -4.0]",22.0,0.20582399999999998,0.4411764705882353,1.871107266435986,1.2562260484429064,3,1.0
3185,2020-01-01 01:12:50,gw_main,devA,1,867100000.0,10,125.0,-98.4439574800249,1.3551358996468497,"(0.0, 2.0]",46.0,0.575488,0.8888888888888888,1.1234567901234567,0.7699926913580245,3,1.0
3186,2020-01-01 01:12:51,gw_main,devC,0,867100000.0,10,125.0,-86.34317583249405,-11.912773363216264,"(-12.0, -10.0]",66.0,0.739328,0.07692307692307693,2.7751479289940835,3.8268924970414213,3,1.0
3187,2020-01-01 01:12:52,gw_main,devC,0,867300000.0,7,125.0,-106.88119568936746,-5.052595978701523,"(-6.0, -4.0]",59.0,0.112896,0.6124031007751938,1.537828255513491,0.7114429142479421,3,1.0
3188,2020-01-01 01:12:53,gw_main,devA,0,867900000.0,9,125.0,-109.75824174393134,-9.443512554996085,"(-10.0, -8.0]",51.0,0.328704,0.36666666666666664,2.034444444444444,1.7031744711111105,3,1.0
3189,2020-01-01 01:12:54,gw_main,devA,1,867300000.0,7,125.0,-107.24419212057869,-6.102298505748465,"(-8.0, -6.0]",21.0,0.056575999999999994,0.5533980582524272,1.6460552361202754,0.7391824571590161,3,1.0
3190,2020-01-01 01:12:55,gw_main,devB,1,867300000.0,9,125.0,-98.45249564284482,-1.1105979901570084,"(-2.0, 0.0]",66.0,0.390144,0.826530612244898,1.203561016243232,0.6731231253644314,3,1.0
3191,2020-01-01 01:12:59,gw_main,devC,1,867300000.0,9,125.0,-103.68789247175852,6.774486136432813,"(6.0, 8.0]",78.0,0.451584,0.9761904761904762,1.02437641723356,0.4869684172335601,3,1.0
3192,2020-01-01 01:13:00,gw_main,devA,0,868300000.0,9,125.0,-107.02469916077591,3.2036300731485796,"(2.0, 4.0]",54.0,0.349184,0.9358974358974359,1.0682117028270874,0.4412141380670611,3,1.0
3193,2020-01-01 01:13:02,gw_main,devB,1,867100000.0,7,125.0,-108.29372706531255,6.3576716907760416,"(6.0, 8.0]",76.0,0.13849599999999998,0.9651162790697675,1.0361005949161708,0.17959638290968077,3,1.0
3194,2020-01-01 01:13:03,gw_main,devB,1,867900000.0,7,125.0,-125.49893300060307,-3.246249045680363,"(-4.0, -2.0]",48.0,0.097536,0.8152866242038217,1.2188324069941985,0.3377124446427846,3,1.0
3195,2020-01-01 01:13:05,gw_main,devA,1,868300000.0,7,125.0,-112.70688796602423,8.835828045324494,"(8.0, 10.0]",23.0,0.061695999999999994,0.9811320754716981,1.0192239231043076,0.08210596226415101,3,1.0
3196,2020-01-01 01:13:06,gw_main,devB,1,868300000.0,10,125.0,-103.82597011758075,4.395744903572662,"(4.0, 6.0]",29.0,0.41164799999999996,0.9736842105263158,1.0270083102493075,0.44977422714681436,3,1.0
3197,2020-01-01 01:13:07,gw_main,devA,0,867900000.0,7,125.0,-110.62369853406712,0.9885490809385677,"(0.0, 2.0]",51.0,0.102656,0.9215686274509803,1.0845828527489427,0.19592179008073818,3,1.0
3198,2020-01-01 01:13:09,gw_main,devB,1,867100000.0,7,125.0,-122.40206610511679,4.937696152666415,"(4.0, 6.0]",44.0,0.092416,0.976,1.024576,0.11926321561599992,3,1.0
3199,2020-01-01 01:13:10,gw_main,devC,0,868300000.0,11,125.0,-94.1882927082411,-8.49161462833316,"(-10.0, -8.0]",20.0,0.7413759999999999,0.23809523809523808,2.3424036281179133,3.0790054603174593,3,1.0
3200,2020-01-01 01:13:11,gw_main,devA,0,867300000.0,7,125.0,-107.09068466805577,-0.8905901946455586,"(-2.0, 0.0]",46.0,0.092416,0.8554216867469879,1.165481201916098,0.27319031267237615,3,1.0
3201,2020-01-01 01:13:12,gw_main,devB,0,867900000.0,8,125.0,-103.29355668342197,-7.393816983172426,"(-8.0, -6.0]",59.0,0.205312,0.5087719298245614,1.7325330871037241,1.0882429202831638,3,1.0
3202,2020-01-01 01:13:13,gw_main,devA,1,867900000.0,8,125.0,-92.81726763598358,0.40288676041652555,"(0.0, 2.0]",35.0,0.143872,0.9338842975206612,1.0704869885936752,0.22450009261662443,3,1.0
3203,2020-01-01 01:13:14,gw_main,devB,1,867900000.0,7,125.0,-101.95299842694241,-4.350377543392077,"(-6.0, -4.0]",34.0,0.077056,0.6124031007751938,1.537828255513491,0.6563271495703386,3,1.0
3204,2020-01-01 01:13:15,gw_main,devA,1,867300000.0,8,125.0,-104.24245032059503,7.811311528085626,"(6.0, 8.0]",30.0,0.12339199999999999,0.9850746268656716,1.0151481398975275,0.1404092991757632,3,1.0
3205,2020-01-01 01:13:16,gw_main,devA,1,867900000.0,8,125.0,-126.66378010579575,2.77720967217254,"(2.0, 4.0]",68.0,0.225792,0.9166666666666666,1.0902777777777777,0.33645377777777763,3,1.0
3206,2020-01-01 01:13:17,gw_main,devC,0,867100000.0,10,125.0,-96.33006671843829,-5.195915875159743,"(-6.0, -4.0]",41.0,0.534528,0.5,1.75,1.685424,3,1.0
3207,2020-01-01 01:13:18,gw_main,devC,1,867900000.0,12,125.0,-98.6280084452923,-0.44201476812179386,"(-2.0, 0.0]",59.0,2.629632,0.7,1.3900000000000001,4.04518848,3,1.0
3208,2020-01-01 01:13:19,gw_main,devA,0,868300000.0,10,125.0,-116.22882686287679,-7.592194913102601,"(-8.0, -6.0]",34.0,0.45260799999999995,0.25,2.3125,2.3591559999999996,3,1.0
3209,2020-01-01 01:13:20,gw_main,devA,1,867300000.0,9,125.0,-119.81568339915738,-0.08888196814141186,"(-2.0, 0.0]",35.0,0.24678399999999998,0.826530612244898,1.203561016243232,0.5005806180758017,3,1.0
3210,2020-01-01 01:13:22,gw_main,devB,1,867300000.0,7,125.0,-107.9161498066994,1.2444395234886474,"(0.0, 2.0]",47.0,0.092416,0.9215686274509803,1.0845828527489427,0.184815661668589,3,1.0
3211,2020-01-01 01:13:23,gw_main,devB,0,867100000.0,7,125.0,-93.71863726711875,-11.90064180255897,"(-12.0, -10.0]",29.0,0.066816,0.2,2.4400000000000004,1.6030310400000003,3,1.0
3212,2020-01-01 01:13:24,gw_main,devC,1,867100000.0,7,125.0,-118.03600723058997,-2.344425512333597,"(-4.0, -2.0]",79.0,0.143616,0.8152866242038217,1.2188324069941985,0.39387624195707727,3,1.0
3213,2020-01-01 01:13:27,gw_main,devA,1,867100000.0,7,125.0,-102.46881416509328,6.612307362171868,"(6.0, 8.0]",29.0,0.066816,0.9651162790697675,1.0361005949161708,0.10532869226608967,3,1.0
3214,2020-01-01 01:13:28,gw_main,devB,0,867900000.0,8,125.0,-117.33215906996452,-8.04365867343481,"(-10.0, -8.0]",48.0,0.174592,0.2653061224489796,2.2744689712619737,1.671573057892544,3,1.0
3215,2020-01-01 01:13:29,gw_main,devA,1,867100000.0,7,125.0,-119.01614187624241,2.8013561071612587,"(2.0, 4.0]",54.0,0.102656,0.952054794520548,1.0502439482079189,0.158057790955151,3,1.0
3216,2020-01-01 01:13:32,gw_main,devC,1,867900000.0,8,125.0,-113.54223653485205,2.091855240634951,"(2.0, 4.0]",45.0,0.164352,0.9166666666666666,1.0902777777777777,0.269467111111111,3,1.0
3217,2020-01-01 01:13:33,gw_main,devB,1,867100000.0,7,125.0,-110.47601874455772,3.7779009008218107,"(2.0, 4.0]",29.0,0.066816,0.952054794520548,1.0502439482079189,0.1204170478513792,3,1.0
3218,2020-01-01 01:13:34,gw_main,devA,1,867300000.0,7,125.0,-98.82305622487422,-3.800622265413873,"(-4.0, -2.0]",24.0,0.061695999999999994,0.8152866242038217,1.2188324069941985,0.29402949117611255,3,1.0
3219,2020-01-01 01:13:35,gw_main,devC,0,867900000.0,11,125.0,-102.43779541700486,0.7671177204105466,"(0.0, 2.0]",29.0,0.9052159999999999,0.7368421052631579,1.332409972299169,1.5385287977839333,3,1.0
3220,2020-01-01 01:13:37,gw_main,devB,1,868300000.0,9,125.0,-112.45189682091018,-8.80189017599326,"(-10.0, -8.0]",74.0,0.431104,0.36666666666666664,2.034444444444444,1.9115015822222217,3,1.0
3221,2020-01-01 01:13:38,gw_main,devA,1,867300000.0,7,125.0,-112.30168330191832,2.987105312330088,"(2.0, 4.0]",30.0,0.071936,0.952054794520548,1.0502439482079189,0.12579429686620375,3,1.0
3222,2020-01-01 01:13:39,gw_main,devA,0,867300000.0,11,125.0,-99.21649823414197,-0.6696110591740343,"(-2.0, 0.0]",50.0,1.314816,0.7209302325581395,1.3569497025419146,2.1410888826392647,3,1.0
3223,2020-01-01 01:13:42,gw_main,devB,1,867300000.0,7,125.0,-115.43039744588921,-0.23135331343015264,"(-2.0, 0.0]",76.0,0.13849599999999998,0.8554216867469879,1.165481201916098,0.32689568645666994,3,1.0
3224,2020-01-01 01:13:43,gw_main,devA,1,867300000.0,10,125.0,-113.25333718808076,8.980899274450103,"(8.0, 10.0]",30.0,0.45260799999999995,0.9473684210526315,1.0554016620498614,0.5330848975069251,3,1.0
3225,2020-01-01 01:13:45,gw_main,devA,1,867300000.0,8,125.0,-111.97701180723328,4.440138070593571,"(4.0, 6.0]",74.0,0.236032,0.975609756097561,1.0249851279000597,0.2669144176085666,3,1.0
3226,2020-01-01 01:13:46,gw_main,devC,0,867900000.0,10,125.0,-112.6922410487087,-11.054780043660438,"(-12.0, -10.0]",26.0,0.41164799999999996,0.07692307692307693,2.7751479289940835,2.91753202366864,3,1.0
3227,2020-01-01 01:13:47,gw_main,devC,1,867900000.0,11,125.0,-109.27566376092847,-0.9311903441352393,"(-2.0, 0.0]",33.0,0.9871359999999999,0.7209302325581395,1.3569497025419146,1.69644360411033,3,1.0
3228,2020-01-01 01:13:48,gw_main,devC,1,867300000.0,11,125.0,-109.51873850518713,2.513243148880636,"(2.0, 4.0]",50.0,1.314816,0.9523809523809523,1.0498866213151927,1.4302943492063491,3,1.0
3229,2020-01-01 01:13:49,gw_main,devC,1,868300000.0,8,125.0,-97.03297961672966,2.0133383538636633,"(2.0, 4.0]",49.0,0.174592,0.9166666666666666,1.0902777777777777,0.2806315555555554,3,1.0
3230,2020-01-01 01:13:53,gw_main,devC,1,867300000.0,8,125.0,-102.16851563387938,8.505057979295229,"(8.0, 10.0]",30.0,0.12339199999999999,0.9722222222222222,1.0285493827160495,0.1554641481481482,3,1.0
3231,2020-01-01 01:13:55,gw_main,devA,1,867300000.0,12,125.0,-104.07188900103411,-6.226298025207461,"(-8.0, -6.0]",24.0,1.4827519999999998,0.5,1.75,3.344816,3,1.0
3232,2020-01-01 01:13:56,gw_main,devA,1,867100000.0,7,125.0,-119.08817913371787,11.967666865127136,"(10.0, 12.0]",77.0,0.13849599999999998,0.9696969696969697,1.0312213039485765,0.1740413296602385,3,1.0
3233,2020-01-01 01:14:00,gw_main,devA,1,867100000.0,8,125.0,-93.99591600791008,-6.009077619468814,"(-8.0, -6.0]",45.0,0.164352,0.5087719298245614,1.7325330871037241,1.0172783650353954,3,1.0
3234,2020-01-01 01:14:01,gw_main,devB,0,867300000.0,7,125.0,-110.75596189666679,1.3920580662677688,"(0.0, 2.0]",65.0,0.123136,0.9215686274509803,1.0845828527489427,0.21813404690503654,3,1.0
3235,2020-01-01 01:14:02,gw_main,devB,0,867900000.0,8,125.0,-114.99758075591517,-2.4356822686799813,"(-4.0, -2.0]",27.0,0.12339199999999999,0.7203389830508474,1.3578713013501866,0.5254217569663888,3,1.0
3236,2020-01-01 01:14:04,gw_main,devC,1,867300000.0,10,125.0,-114.11168628701422,1.57099439688126,"(0.0, 2.0]",53.0,0.616448,0.8888888888888888,1.1234567901234567,0.8160094814814813,3,1.0
3237,2020-01-01 01:14:05,gw_main,devC,1,867300000.0,7,125.0,-107.16115017434181,11.319343082684313,"(10.0, 12.0]",41.0,0.087296,0.9696969696969697,1.0312213039485765,0.12124279889807141,3,1.0
3238,2020-01-01 01:14:06,gw_main,devB,1,867900000.0,8,125.0,-97.75394701612592,3.1891138166856448,"(2.0, 4.0]",60.0,0.205312,0.9166666666666666,1.0902777777777777,0.3141248888888888,3,1.0
3239,2020-01-01 01:14:07,gw_main,devC,1,867300000.0,8,125.0,-107.50637321344406,-0.4033135498247756,"(-2.0, 0.0]",68.0,0.225792,0.926605504587156,1.07878124736975,0.3223614227758606,3,1.0
3240,2020-01-01 01:14:08,gw_main,devC,1,867100000.0,7,125.0,-100.11502584361638,6.40259730528185,"(6.0, 8.0]",53.0,0.102656,0.9651162790697675,1.0361005949161708,0.1424625375878852,3,1.0
3241,2020-01-01 01:14:09,gw_main,devA,1,868300000.0,7,125.0,-89.4224460025118,-1.9823544396910342,"(-2.0, 0.0]",57.0,0.107776,0.8554216867469879,1.165481201916098,0.29109210393380747,3,1.0
3242,2020-01-01 01:14:10,gw_main,devB,0,868300000.0,7,125.0,-103.33970198569428,-2.5424631863807026,"(-4.0, -2.0]",51.0,0.102656,0.8152866242038217,1.2188324069941985,0.3439528665665949,3,1.0
3243,2020-01-01 01:14:11,gw_main,devA,1,867300000.0,8,125.0,-100.2057157985841,13.07704593350789,"(12.0, 14.0]",77.0,0.246272,0.9375,1.06640625,0.32903224999999997,3,1.0
3244,2020-01-01 01:14:12,gw_main,devA,0,867900000.0,8,125.0,-111.43794556446292,-5.276290097047953,"(-6.0, -4.0]",51.0,0.184832,0.6025641025641025,1.5553911900065749,0.8428772544378702,3,1.0
3245,2020-01-01 01:14:13,gw_main,devB,1,868300000.0,9,125.0,-129.8783931157107,-3.2843613404210448,"(-4.0, -2.0]",77.0,0.451584,0.7241379310344828,1.351961950059453,0.9624863353151011,3,1.0
3246,2020-01-01 01:14:14,gw_main,devC,1,867100000.0,11,125.0,-104.93949941199794,-0.08768302549402095,"(-2.0, 0.0]",73.0,1.724416,0.7209302325581395,1.3569497025419146,2.696895480800433,3,1.0
3247,2020-01-01 01:14:15,gw_main,devB,1,868300000.0,7,125.0,-106.15386285438949,-6.691914372894893,"(-8.0, -6.0]",74.0,0.133376,0.5533980582524272,1.6460552361202754,0.8655994992930532,3,1.0
3248,2020-01-01 01:14:17,gw_main,devB,1,867900000.0,8,125.0,-105.95392784462862,5.98107607410205,"(4.0, 6.0]",58.0,0.195072,0.975609756097561,1.0249851279000597,0.22493102676978013,3,1.0
3249,2020-01-01 01:14:18,gw_main,devB,1,867100000.0,10,125.0,-111.65472440184686,-5.05961513391159,"(-6.0, -4.0]",34.0,0.45260799999999995,0.5,1.75,1.5420639999999999,3,1.0
3250,2020-01-01 01:14:19,gw_main,devC,1,867900000.0,7,125.0,-111.56889739457812,-3.5987268344384673,"(-4.0, -2.0]",25.0,0.061695999999999994,0.8152866242038217,1.2188324069941985,0.29402949117611255,3,1.0
3251,2020-01-01 01:14:20,gw_main,devB,1,868300000.0,9,125.0,-105.6451081497111,-2.5861120867913443,"(-4.0, -2.0]",26.0,0.20582399999999998,0.7241379310344828,1.351961950059453,0.6302281664684899,3,1.0
3252,2020-01-01 01:14:21,gw_main,devB,0,867100000.0,9,125.0,-114.14873664221156,-6.240846054016166,"(-8.0, -6.0]",32.0,0.24678399999999998,0.41304347826086957,1.9314744801512285,1.4081314782608692,3,1.0
3253,2020-01-01 01:14:22,gw_main,devB,1,867300000.0,7,125.0,-118.35796552017302,-6.7961839078198265,"(-8.0, -6.0]",68.0,0.123136,0.5533980582524272,1.6460552361202754,0.8487438936751817,3,1.0
3254,2020-01-01 01:14:23,gw_main,devA,1,867300000.0,10,125.0,-104.06745222990514,0.6121125138361113,"(0.0, 2.0]",70.0,0.780288,0.8888888888888888,1.1234567901234567,1.0000766419753084,3,1.0
3255,2020-01-01 01:14:24,gw_main,devC,1,867900000.0,7,125.0,-106.56445549345692,14.032949801884985,"(14.0, 16.0]",59.0,0.112896,0.9090909090909091,1.0991735537190082,0.2232658512396693,3,1.0
3256,2020-01-01 01:14:25,gw_main,devA,1,867100000.0,8,125.0,-101.34448275869005,4.06545168442697,"(4.0, 6.0]",51.0,0.184832,0.975609756097561,1.0249851279000597,0.21443517906008353,3,1.0
3257,2020-01-01 01:14:26,gw_main,devB,1,868300000.0,7,125.0,-111.057449834616,4.128258277128117,"(4.0, 6.0]",46.0,0.092416,0.976,1.024576,0.11926321561599992,3,1.0
3258,2020-01-01 01:14:29,gw_main,devC,0,867300000.0,9,125.0,-109.7815286435244,-7.452695152957936,"(-8.0, -6.0]",50.0,0.328704,0.41304347826086957,1.9314744801512285,1.5663578676748577,3,1.0
3259,2020-01-01 01:14:31,gw_main,devA,1,868300000.0,8,125.0,-91.29750772283748,-1.721403788661967,"(-2.0, 0.0]",46.0,0.164352,0.926605504587156,1.07878124736975,0.25608110293746317,3,1.0
3260,2020-01-01 01:14:33,gw_main,devA,1,867100000.0,8,125.0,-102.39387129755967,-0.8844086707230434,"(-2.0, 0.0]",50.0,0.174592,0.926605504587156,1.07878124736975,0.2671278229105294,3,1.0
3261,2020-01-01 01:14:34,gw_main,devA,0,867100000.0,9,125.0,-112.74882276240447,-3.8545708544373563,"(-4.0, -2.0]",64.0,0.390144,0.7241379310344828,1.351961950059453,0.8794217931034484,3,1.0
3262,2020-01-01 01:14:35,gw_main,devC,1,867100000.0,8,125.0,-119.09725320389781,-9.481626431862445,"(-10.0, -8.0]",39.0,0.154112,0.2653061224489796,2.2744689712619737,1.624991933361099,3,1.0
3263,2020-01-01 01:14:36,gw_main,devC,1,867100000.0,11,125.0,-111.26222363609946,3.124139910351537,"(2.0, 4.0]",61.0,1.478656,0.9523809523809523,1.0498866213151927,1.6023077732426303,3,1.0
3264,2020-01-01 01:14:37,gw_main,devA,1,868300000.0,7,125.0,-108.39300003092175,-8.651413914457084,"(-10.0, -8.0]",61.0,0.112896,0.32727272727272727,2.1252892561983474,1.365225912066116,3,1.0
3265,2020-01-01 01:14:38,gw_main,devA,0,867900000.0,10,125.0,-109.00743816427797,-7.437697708910023,"(-8.0, -6.0]",77.0,0.821248,0.25,2.3125,3.211636,3,1.0
3266,2020-01-01 01:14:39,gw_main,devA,1,867300000.0,7,125.0,-113.31825362740727,-2.139492598828491,"(-4.0, -2.0]",25.0,0.061695999999999994,0.8152866242038217,1.2188324069941985,0.29402949117611255,3,1.0
3267,2020-01-01 01:14:40,gw_main,devB,1,867900000.0,10,125.0,-104.7541198605902,-4.590282710908475,"(-6.0, -4.0]",47.0,0.575488,0.5,1.75,1.757104,3,1.0
3268,2020-01-01 01:14:41,gw_main,devB,1,867100000.0,7,125.0,-96.39416776082392,1.2164006920714128,"(0.0, 2.0]",65.0,0.123136,0.9215686274509803,1.0845828527489427,0.21813404690503654,3,1.0
3269,2020-01-01 01:14:42,gw_main,devB,1,868300000.0,9,125.0,-111.01264752936763,5.708858302891667,"(4.0, 6.0]",77.0,0.451584,0.9516129032258065,1.0507284079084287,0.5252205452653486,3,1.0
3270,2020-01-01 01:14:43,gw_main,devA,1,868300000.0,7,125.0,-102.76288665758113,1.1392848272913367,"(0.0, 2.0]",57.0,0.107776,0.9215686274509803,1.0845828527489427,0.20147485428681278,3,1.0
3271,2020-01-01 01:14:44,gw_main,devC,1,867900000.0,10,125.0,-101.26904956569466,0.8287006134994777,"(0.0, 2.0]",28.0,0.41164799999999996,0.8888888888888888,1.1234567901234567,0.5859255308641973,3,1.0
3272,2020-01-01 01:14:46,gw_main,devA,1,868300000.0,7,125.0,-100.54607398377203,4.794253901700789,"(4.0, 6.0]",66.0,0.123136,0.976,1.024576,0.15073819033599992,3,1.0
3273,2020-01-01 01:14:47,gw_main,devC,0,868300000.0,10,125.0,-97.59924241166199,-11.428945552409616,"(-12.0, -10.0]",77.0,0.821248,0.07692307692307693,2.7751479289940835,4.054232615384617,3,1.0
3274,2020-01-01 01:14:48,gw_main,devB,0,867900000.0,8,125.0,-105.60990249523199,1.848857798317952,"(0.0, 2.0]",55.0,0.195072,0.9338842975206612,1.0704869885936752,0.27930902643262057,3,1.0
3275,2020-01-01 01:14:50,gw_main,devC,0,867100000.0,10,125.0,-115.69332270735809,-7.751469389545992,"(-8.0, -6.0]",61.0,0.698368,0.25,2.3125,2.927476,3,1.0
3276,2020-01-01 01:14:51,gw_main,devC,1,867100000.0,7,125.0,-110.14131173063771,-0.325009850225078,"(-2.0, 0.0]",21.0,0.056575999999999994,0.8554216867469879,1.165481201916098,0.2314194663957032,3,1.0
3277,2020-01-01 01:14:53,gw_main,devA,1,867100000.0,9,125.0,-112.88632431341537,3.1456218809712553,"(2.0, 4.0]",57.0,0.349184,0.9358974358974359,1.0682117028270874,0.4412141380670611,3,1.0
3278,2020-01-01 01:14:54,gw_main,devC,1,868300000.0,10,125.0,-107.96175423416331,6.250502863710059,"(6.0, 8.0]",57.0,0.657408,0.9666666666666667,1.0344444444444445,0.7144964977777779,3,1.0
3279,2020-01-01 01:14:55,gw_main,devB,0,868300000.0,7,125.0,-106.50044320077538,-14.307944330892472,"(-16.0, -14.0]",42.0,0.087296,0.1,2.71,1.9465721599999999,3,1.0
3280,2020-01-01 01:14:57,gw_main,devA,1,867300000.0,7,125.0,-103.20652266371852,11.396088309695198,"(10.0, 12.0]",69.0,0.12825599999999998,0.9696969696969697,1.0312213039485765,0.16348162350780507,3,1.0
3281,2020-01-01 01:14:58,gw_main,devC,1,867100000.0,9,125.0,-89.4105662925111,4.851491146237045,"(4.0, 6.0]",78.0,0.451584,0.9516129032258065,1.0507284079084287,0.5252205452653486,3,1.0
3282,2020-01-01 01:14:59,gw_main,devA,1,867900000.0,9,125.0,-114.79451158549571,8.324337968940307,"(8.0, 10.0]",56.0,0.349184,0.9655172413793104,1.0356718192627823,0.39731184780023765,3,1.0
3283,2020-01-01 01:15:00,gw_main,devA,1,867300000.0,8,125.0,-111.00091301694253,0.25676894828093394,"(0.0, 2.0]",75.0,0.246272,0.9338842975206612,1.0704869885936752,0.3341179602486168,3,1.0
3284,2020-01-01 01:15:01,gw_main,devA,0,867900000.0,8,125.0,-116.3366169826141,-8.965704074094385,"(-10.0, -8.0]",63.0,0.215552,0.2653061224489796,2.2744689712619737,1.7647353069554346,3,1.0
3285,2020-01-01 01:15:02,gw_main,devC,1,867100000.0,7,125.0,-96.40659827510453,-7.103642921947634,"(-8.0, -6.0]",69.0,0.12825599999999998,0.5533980582524272,1.6460552361202754,0.8571716964841174,3,1.0
3286,2020-01-01 01:15:03,gw_main,devB,1,867100000.0,8,125.0,-98.59450443161276,3.9163757615949084,"(2.0, 4.0]",65.0,0.215552,0.9166666666666666,1.0902777777777777,0.3252893333333332,3,1.0
3287,2020-01-01 01:15:04,gw_main,devB,1,867300000.0,8,125.0,-117.74908266867767,5.399399061622458,"(4.0, 6.0]",40.0,0.154112,0.975609756097561,1.0249851279000597,0.1829476359309937,3,1.0
3288,2020-01-01 01:15:06,gw_main,devB,1,867300000.0,7,125.0,-118.3188433108711,-1.9635148565674796,"(-2.0, 0.0]",30.0,0.071936,0.8554216867469879,1.165481201916098,0.24932125765713448,3,1.0
3289,2020-01-01 01:15:07,gw_main,devB,1,867100000.0,8,125.0,-102.82523195039559,1.2155468392999236,"(0.0, 2.0]",47.0,0.174592,0.9338842975206612,1.0704869885936752,0.25738545290622217,3,1.0
3290,2020-01-01 01:15:08,gw_main,devC,0,867300000.0,7,125.0,-106.01618593847975,-10.85460446169911,"(-12.0, -10.0]",46.0,0.092416,0.2,2.4400000000000004,1.6654950400000004,3,1.0
3291,2020-01-01 01:15:09,gw_main,devB,1,867900000.0,7,125.0,-105.63911441560164,-2.4536456970237492,"(-4.0, -2.0]",77.0,0.13849599999999998,0.8152866242038217,1.2188324069941985,0.38763582003326696,3,1.0
3292,2020-01-01 01:15:10,gw_main,devB,1,868300000.0,7,125.0,-121.53634907037413,9.355649269803415,"(8.0, 10.0]",74.0,0.133376,0.9811320754716981,1.0192239231043076,0.15516393307226778,3,1.0
3293,2020-01-01 01:15:11,gw_main,devA,1,867900000.0,7,125.0,-104.49902276493063,12.760187065529175,"(12.0, 14.0]",61.0,0.112896,0.9565217391304348,1.0453686200378072,0.16338655576559546,3,1.0
3294,2020-01-01 01:15:12,gw_main,devC,0,867300000.0,10,125.0,-104.50231692189288,-1.0027977595287199,"(-2.0, 0.0]",69.0,0.739328,0.7575757575757576,1.3011937557392104,1.2632027327823692,3,1.0
3295,2020-01-01 01:15:15,gw_main,devA,1,868300000.0,7,125.0,-106.51470974595499,-5.214660522853827,"(-6.0, -4.0]",20.0,0.056575999999999994,0.6124031007751938,1.537828255513491,0.6248324268974222,3,1.0
3296,2020-01-01 01:15:17,gw_main,devA,1,867300000.0,11,125.0,-101.4095676690433,5.388845706264332,"(4.0, 6.0]",32.0,0.9871359999999999,0.8571428571428571,1.1632653061224492,1.311566367346939,3,1.0
3297,2020-01-01 01:15:20,gw_main,devB,1,868300000.0,8,125.0,-98.19834909621898,1.6375556554120028,"(0.0, 2.0]",75.0,0.246272,0.9338842975206612,1.0704869885936752,0.3341179602486168,3,1.0
3298,2020-01-01 01:15:21,gw_main,devC,1,867100000.0,8,125.0,-107.45865989380358,0.779910183298381,"(0.0, 2.0]",77.0,0.246272,0.9338842975206612,1.0704869885936752,0.3341179602486168,3,1.0
3299,2020-01-01 01:15:22,gw_main,devA,0,867100000.0,11,125.0,-118.26995255888298,-11.187751059875692,"(-12.0, -10.0]",41.0,1.150976,0.25,2.3125,3.974132,3,1.0
3300,2020-01-01 01:15:23,gw_main,devB,1,867300000.0,7,125.0,-105.35324898722982,8.650786143512466,"(8.0, 10.0]",22.0,0.056575999999999994,0.9811320754716981,1.0192239231043076,0.07688753577785695,3,1.0
3301,2020-01-01 01:15:24,gw_main,devA,0,867100000.0,8,125.0,-93.369476189473,-2.526406576993632,"(-4.0, -2.0]",75.0,0.246272,0.7203389830508474,1.3578713013501866,0.6922769824762998,3,1.0
3302,2020-01-01 01:15:25,gw_main,devC,1,867100000.0,9,125.0,-95.1919603519172,-1.3151475580413075,"(-2.0, 0.0]",51.0,0.328704,0.826530612244898,1.203561016243232,0.5991763365264473,3,1.0
3303,2020-01-01 01:15:26,gw_main,devC,1,868300000.0,7,125.0,-111.91712671904784,-13.586941802041729,"(-14.0, -12.0]",27.0,0.066816,0.2916666666666667,2.210069444444444,1.357737444444444,3,1.0
3304,2020-01-01 01:15:27,gw_main,devB,1,867900000.0,8,125.0,-88.05028406983975,5.210290657883355,"(4.0, 6.0]",43.0,0.164352,0.975609756097561,1.0249851279000597,0.1934434836406903,3,1.0
3305,2020-01-01 01:15:30,gw_main,devA,1,867100000.0,7,125.0,-114.50993715601987,0.21240388031754454,"(0.0, 2.0]",56.0,0.107776,0.9215686274509803,1.0845828527489427,0.20147485428681278,3,1.0
3306,2020-01-01 01:15:32,gw_main,devA,1,867100000.0,7,125.0,-97.68848077584106,5.434367717173214,"(4.0, 6.0]",62.0,0.118016,0.976,1.024576,0.1454923612159999,3,1.0
3307,2020-01-01 01:15:33,gw_main,devC,1,867100000.0,9,125.0,-86.7304223048929,0.28455341659754374,"(0.0, 2.0]",38.0,0.267264,0.8987341772151899,1.1115205896490947,0.4085900285210704,3,1.0
3308,2020-01-01 01:15:35,gw_main,devB,0,867900000.0,12,125.0,-108.26597072950754,-1.7956033841464882,"(-2.0, 0.0]",55.0,2.465792,0.7,1.3900000000000001,3.8174508800000004,3,1.0
3309,2020-01-01 01:15:36,gw_main,devA,0,868300000.0,10,125.0,-95.48078863379949,-3.9784090789384465,"(-4.0, -2.0]",46.0,0.575488,0.6428571428571429,1.4846938775510203,1.339117387755102,3,1.0
3310,2020-01-01 01:15:39,gw_main,devB,1,867300000.0,7,125.0,-110.23768393823924,-5.179539613255497,"(-6.0, -4.0]",26.0,0.061695999999999994,0.6124031007751938,1.537828255513491,0.6327061075656514,3,1.0
3311,2020-01-01 01:15:40,gw_main,devC,1,867900000.0,7,125.0,-111.38212716616967,5.704515370756948,"(4.0, 6.0]",68.0,0.123136,0.976,1.024576,0.15073819033599992,3,1.0
3312,2020-01-01 01:15:41,gw_main,devC,1,868300000.0,8,125.0,-103.56004733564728,1.2529716830266158,"(0.0, 2.0]",24.0,0.11315199999999999,0.9338842975206612,1.0704869885936752,0.19161473232702672,3,1.0
3313,2020-01-01 01:15:42,gw_main,devB,1,868300000.0,7,125.0,-101.69722326070003,-5.247271303906698,"(-6.0, -4.0]",25.0,0.061695999999999994,0.6124031007751938,1.537828255513491,0.6327061075656514,3,1.0
3314,2020-01-01 01:15:45,gw_main,devC,1,867100000.0,8,125.0,-119.56144000088204,-2.04002786676952,"(-4.0, -2.0]",54.0,0.184832,0.7203389830508474,1.3578713013501866,0.6088493697213444,3,1.0
3315,2020-01-01 01:15:46,gw_main,devC,1,868300000.0,7,125.0,-96.24372968733633,2.819558520962458,"(2.0, 4.0]",27.0,0.066816,0.952054794520548,1.0502439482079189,0.1204170478513792,3,1.0
3316,2020-01-01 01:15:47,gw_main,devC,1,867900000.0,9,125.0,-106.62116083109521,3.85864003770193,"(2.0, 4.0]",65.0,0.390144,0.9358974358974359,1.0682117028270874,0.48496808941485864,3,1.0
3317,2020-01-01 01:15:48,gw_main,devC,0,867900000.0,11,125.0,-107.02526026756009,-4.97637948405329,"(-6.0, -4.0]",65.0,1.560576,0.3939393939393939,1.9733700642791552,4.052964025711662,3,1.0
3318,2020-01-01 01:15:49,gw_main,devC,1,867300000.0,8,125.0,-97.45330181275574,5.149308686494573,"(4.0, 6.0]",49.0,0.174592,0.975609756097561,1.0249851279000597,0.20393933135038692,3,1.0
3319,2020-01-01 01:15:50,gw_main,devA,1,867900000.0,7,125.0,-118.32239343303831,10.890875159643175,"(10.0, 12.0]",72.0,0.133376,0.9696969696969697,1.0312213039485765,0.1687614765840218,3,1.0
3320,2020-01-01 01:15:51,gw_main,devB,1,867300000.0,9,125.0,-105.98840253824325,-2.8873117697086044,"(-4.0, -2.0]",29.0,0.22630399999999998,0.7241379310344828,1.351961950059453,0.6579163472057075,3,1.0
3321,2020-01-01 01:15:52,gw_main,devC,1,867100000.0,8,125.0,-108.86106701029942,4.120258496304295,"(4.0, 6.0]",46.0,0.164352,0.975609756097561,1.0249851279000597,0.1934434836406903,3,1.0
3322,2020-01-01 01:15:53,gw_main,devC,1,868300000.0,10,125.0,-101.8096015368175,-9.670287635914018,"(-10.0, -8.0]",43.0,0.534528,0.18181818181818182,2.487603305785124,2.817296925619835,3,1.0
3323,2020-01-01 01:15:54,gw_main,devA,0,867100000.0,9,125.0,-106.1758049567084,-12.096796854407115,"(-14.0, -12.0]",42.0,0.287744,0.06666666666666667,2.8044444444444445,2.6114065066666665,3,1.0
3324,2020-01-01 01:15:55,gw_main,devB,1,868300000.0,10,125.0,-99.9521980820551,3.3527808441076266,"(2.0, 4.0]",20.0,0.37068799999999996,0.9767441860465116,1.0237966468361277,0.40330577825851815,3,1.0
3325,2020-01-01 01:15:56,gw_main,devB,1,868300000.0,7,125.0,-117.0210736114695,-0.06319845113796638,"(-2.0, 0.0]",66.0,0.123136,0.8554216867469879,1.165481201916098,0.3089938951952387,3,1.0
3326,2020-01-01 01:15:58,gw_main,devB,1,867100000.0,9,125.0,-113.42303370590088,-3.817719187404739,"(-4.0, -2.0]",72.0,0.431104,0.7241379310344828,1.351961950059453,0.9347981545778835,3,1.0
3327,2020-01-01 01:15:59,gw_main,devA,0,867900000.0,9,125.0,-96.42280938750733,-2.080780170875327,"(-4.0, -2.0]",61.0,0.369664,0.7241379310344828,1.351961950059453,0.8517336123662307,3,1.0
3328,2020-01-01 01:16:00,gw_main,devC,1,867300000.0,7,125.0,-94.71985533280727,4.548643279445079,"(4.0, 6.0]",25.0,0.061695999999999994,0.976,1.024576,0.08778824089599992,3,1.0
3329,2020-01-01 01:16:01,gw_main,devC,1,868300000.0,8,125.0,-105.04497558914098,9.994204713739581,"(8.0, 10.0]",58.0,0.195072,0.9722222222222222,1.0285493827160495,0.22919056790123465,3,1.0
3330,2020-01-01 01:16:03,gw_main,devA,0,867100000.0,9,125.0,-107.64185878497237,-10.219388261050188,"(-12.0, -10.0]",64.0,0.390144,0.23809523809523808,2.3424036281179133,2.2562783492063483,3,1.0
3331,2020-01-01 01:16:04,gw_main,devA,1,867300000.0,7,125.0,-111.30699285041176,7.334914077822839,"(6.0, 8.0]",73.0,0.133376,0.9651162790697675,1.0361005949161708,0.17429154786370998,3,1.0
3332,2020-01-01 01:16:08,gw_main,devC,1,867300000.0,7,125.0,-84.82477458139216,13.633333409397881,"(12.0, 14.0]",27.0,0.066816,0.9565217391304348,1.0453686200378072,0.1152159697542533,3,1.0
3333,2020-01-01 01:16:09,gw_main,devC,1,867300000.0,7,125.0,-115.91648548547153,0.14453719528498102,"(0.0, 2.0]",33.0,0.071936,0.9215686274509803,1.0845828527489427,0.16260340484429067,3,1.0
3334,2020-01-01 01:16:12,gw_main,devA,1,867900000.0,7,125.0,-102.20020306254615,-3.7837501541781853,"(-4.0, -2.0]",21.0,0.056575999999999994,0.8152866242038217,1.2188324069941985,0.28778906925230224,3,1.0
3335,2020-01-01 01:16:13,gw_main,devC,0,868300000.0,11,125.0,-125.85712683252815,-4.430533169812722,"(-6.0, -4.0]",32.0,0.9871359999999999,0.3939393939393939,1.9733700642791552,2.921354696051423,3,1.0
3336,2020-01-01 01:16:14,gw_main,devC,1,868300000.0,7,125.0,-100.40794691465582,-0.48697647224774976,"(-2.0, 0.0]",54.0,0.102656,0.8554216867469879,1.165481201916098,0.285124840179997,3,1.0
3337,2020-01-01 01:16:15,gw_main,devC,0,868300000.0,9,125.0,-113.16085367568618,1.7822309692858274,"(0.0, 2.0]",65.0,0.390144,0.8987341772151899,1.1115205896490947,0.5451736785771512,3,1.0
3338,2020-01-01 01:16:16,gw_main,devB,0,867300000.0,9,125.0,-103.09553449679072,-4.806269229548509,"(-6.0, -4.0]",70.0,0.410624,0.4411764705882353,1.871107266435986,1.6394288166089963,3,1.0
3339,2020-01-01 01:16:18,gw_main,devA,1,868300000.0,7,125.0,-98.38635395671326,-6.702431181841959,"(-8.0, -6.0]",65.0,0.123136,0.5533980582524272,1.6460552361202754,0.8487438936751817,3,1.0
3340,2020-01-01 01:16:19,gw_main,devB,1,867100000.0,7,125.0,-105.51804002059993,-3.011602750128132,"(-4.0, -2.0]",41.0,0.087296,0.8152866242038217,1.2188324069941985,0.325231600795164,3,1.0
3341,2020-01-01 01:16:20,gw_main,devC,1,867900000.0,9,125.0,-102.89826988537922,1.1231989730902106,"(0.0, 2.0]",65.0,0.390144,0.8987341772151899,1.1115205896490947,0.5451736785771512,3,1.0
3342,2020-01-01 01:16:21,gw_main,devA,0,867300000.0,12,125.0,-108.17928459340335,-7.816746573492415,"(-8.0, -6.0]",20.0,1.3189119999999999,0.5,1.75,3.058096,3,1.0
3343,2020-01-01 01:16:22,gw_main,devC,1,867100000.0,8,125.0,-118.86245056182625,3.1182053791346442,"(2.0, 4.0]",54.0,0.184832,0.9166666666666666,1.0902777777777777,0.2917959999999999,3,1.0
3344,2020-01-01 01:16:23,gw_main,devA,1,867900000.0,7,125.0,-111.00003332993056,3.4917294921017357,"(2.0, 4.0]",35.0,0.077056,0.952054794520548,1.0502439482079189,0.13117154588102828,3,1.0
3345,2020-01-01 01:16:24,gw_main,devB,1,867900000.0,8,125.0,-109.9775471591195,-2.062959258456864,"(-4.0, -2.0]",41.0,0.154112,0.7203389830508474,1.3578713013501866,0.5671355633438666,3,1.0
3346,2020-01-01 01:16:25,gw_main,devC,1,868300000.0,7,125.0,-108.54213864979712,11.153306543581712,"(10.0, 12.0]",21.0,0.056575999999999994,0.9696969696969697,1.0312213039485765,0.08956368044077112,3,1.0
3347,2020-01-01 01:16:28,gw_main,devB,1,867100000.0,7,125.0,-96.36184434284743,-6.071932035752621,"(-8.0, -6.0]",20.0,0.056575999999999994,0.5533980582524272,1.6460552361202754,0.7391824571590161,3,1.0
3348,2020-01-01 01:16:30,gw_main,devC,0,868300000.0,9,125.0,-114.68119386633877,-4.095896183470904,"(-6.0, -4.0]",77.0,0.451584,0.4411764705882353,1.871107266435986,1.7160693702422143,3,1.0
3349,2020-01-01 01:16:31,gw_main,devB,1,867900000.0,7,125.0,-104.31778500395788,-2.2375699227794947,"(-4.0, -2.0]",65.0,0.123136,0.8152866242038217,1.2188324069941985,0.36891455426183606,3,1.0
3350,2020-01-01 01:16:32,gw_main,devB,1,868300000.0,7,125.0,-101.82213557957827,-3.0413768540481074,"(-4.0, -2.0]",76.0,0.13849599999999998,0.8152866242038217,1.2188324069941985,0.38763582003326696,3,1.0
3351,2020-01-01 01:16:33,gw_main,devC,1,867900000.0,11,125.0,-107.77727039799674,4.308077435623322,"(4.0, 6.0]",79.0,1.806336,0.8571428571428571,1.1632653061224492,2.2645133061224496,3,1.0
3352,2020-01-01 01:16:34,gw_main,devB,0,867300000.0,10,125.0,-99.6919003870328,-14.634477303594803,"(-16.0, -14.0]",26.0,0.41164799999999996,0.7102803738317757,1.37365708795528,0.9391202808978951,3,1.0
3353,2020-01-01 01:16:35,gw_main,devB,0,867100000.0,10,125.0,-125.26998904005589,-7.115063027084715,"(-8.0, -6.0]",78.0,0.821248,0.25,2.3125,3.211636,3,1.0
3354,2020-01-01 01:16:36,gw_main,devA,0,867100000.0,8,125.0,-99.7912247301546,-11.271635457129268,"(-12.0, -10.0]",43.0,0.164352,0.18181818181818182,2.487603305785124,1.8964458842975205,3,1.0
3355,2020-01-01 01:16:37,gw_main,devA,1,867900000.0,8,125.0,-107.44871469585499,7.748173098245768,"(6.0, 8.0]",78.0,0.246272,0.9850746268656716,1.0151481398975275,0.26515070260637136,3,1.0
3356,2020-01-01 01:16:38,gw_main,devC,1,868300000.0,7,125.0,-122.08915864135456,-3.6993032240438897,"(-4.0, -2.0]",49.0,0.097536,0.8152866242038217,1.2188324069941985,0.3377124446427846,3,1.0
3357,2020-01-01 01:16:40,gw_main,devC,1,867300000.0,7,125.0,-88.80117067612389,-6.921247599241028,"(-8.0, -6.0]",73.0,0.133376,0.5533980582524272,1.6460552361202754,0.8655994992930532,3,1.0
3358,2020-01-01 01:16:41,gw_main,devA,1,867300000.0,8,125.0,-106.57032472741373,5.094045738781758,"(4.0, 6.0]",38.0,0.143872,0.975609756097561,1.0249851279000597,0.1724517882212971,3,1.0
3359,2020-01-01 01:16:42,gw_main,devC,1,868300000.0,8,125.0,-87.62770554568183,-2.778035722440988,"(-4.0, -2.0]",20.0,0.10291199999999999,0.7203389830508474,1.3578713013501866,0.49761255271473703,3,1.0
3360,2020-01-01 01:16:43,gw_main,devB,1,867900000.0,7,125.0,-86.2519019631427,1.0273520509722438,"(0.0, 2.0]",30.0,0.071936,0.9215686274509803,1.0845828527489427,0.16260340484429067,3,1.0
3361,2020-01-01 01:16:44,gw_main,devA,1,868300000.0,7,125.0,-102.98716258757565,-12.520449465343464,"(-14.0, -12.0]",57.0,0.107776,0.2916666666666667,2.210069444444444,1.4482618888888885,3,1.0
3362,2020-01-01 01:16:45,gw_main,devC,1,867300000.0,8,125.0,-108.21771756600192,6.728088855279479,"(6.0, 8.0]",51.0,0.184832,0.9850746268656716,1.0151481398975275,0.2027800008910673,3,1.0
3363,2020-01-01 01:16:47,gw_main,devA,1,868300000.0,7,125.0,-92.79898734321893,3.0109264632180923,"(2.0, 4.0]",49.0,0.097536,0.952054794520548,1.0502439482079189,0.15268054194032646,3,1.0
3364,2020-01-01 01:16:48,gw_main,devA,1,867100000.0,7,125.0,-89.76647115847298,7.122367480833461,"(6.0, 8.0]",45.0,0.092416,0.9651162790697675,1.0361005949161708,0.13185286749594363,3,1.0
3365,2020-01-01 01:16:49,gw_main,devC,1,867300000.0,10,125.0,-102.46201405938794,-1.4616250169365415,"(-2.0, 0.0]",78.0,0.821248,0.7575757575757576,1.3011937557392104,1.3697965252525253,3,1.0
3366,2020-01-01 01:16:51,gw_main,devA,1,867900000.0,8,125.0,-92.10211133701608,4.0118118640331275,"(4.0, 6.0]",61.0,0.205312,0.975609756097561,1.0249851279000597,0.23542687447947674,3,1.0
3367,2020-01-01 01:16:54,gw_main,devC,0,867100000.0,7,125.0,-104.85992472210202,-0.03346967675864124,"(-2.0, 0.0]",67.0,0.123136,0.8554216867469879,1.165481201916098,0.3089938951952387,3,1.0
3368,2020-01-01 01:16:55,gw_main,devC,0,867900000.0,7,125.0,-101.01363084780259,-3.326832966267836,"(-4.0, -2.0]",72.0,0.133376,0.8152866242038217,1.2188324069941985,0.38139539810945666,3,1.0
3369,2020-01-01 01:16:56,gw_main,devB,1,867300000.0,8,125.0,-110.69639017131205,3.9978800364860607,"(2.0, 4.0]",29.0,0.12339199999999999,0.9166666666666666,1.0902777777777777,0.22480933333333322,3,1.0
3370,2020-01-01 01:16:57,gw_main,devB,1,867300000.0,7,125.0,-104.10251873539339,5.313752593723051,"(4.0, 6.0]",50.0,0.097536,0.976,1.024576,0.12450904473599993,3,1.0
3371,2020-01-01 01:16:58,gw_main,devC,1,867300000.0,8,125.0,-97.4661041485642,-0.26412055899203046,"(-2.0, 0.0]",48.0,0.174592,0.926605504587156,1.07878124736975,0.2671278229105294,3,1.0
3372,2020-01-01 01:17:00,gw_main,devB,1,867100000.0,7,125.0,-112.77097877182263,-9.536716504939772,"(-10.0, -8.0]",20.0,0.056575999999999994,0.32727272727272727,2.1252892561983474,1.245529621157025,3,1.0
3373,2020-01-01 01:17:01,gw_main,devA,1,867900000.0,7,125.0,-98.52875020030208,-1.6954086456597106,"(-2.0, 0.0]",65.0,0.123136,0.8554216867469879,1.165481201916098,0.3089938951952387,3,1.0
3374,2020-01-01 01:17:02,gw_main,devA,1,868300000.0,8,125.0,-103.95529235835036,9.990929837423995,"(8.0, 10.0]",60.0,0.205312,0.9722222222222222,1.0285493827160495,0.239722913580247,3,1.0
3375,2020-01-01 01:17:05,gw_main,devC,1,867300000.0,8,125.0,-88.92760490711906,8.096903525038135,"(8.0, 10.0]",44.0,0.164352,0.9722222222222222,1.0285493827160495,0.19759353086419762,3,1.0
3376,2020-01-01 01:17:06,gw_main,devA,1,868300000.0,7,125.0,-106.93237711749684,2.9892495415160587,"(2.0, 4.0]",24.0,0.061695999999999994,0.952054794520548,1.0502439482079189,0.11503979883655464,3,1.0
3377,2020-01-01 01:17:07,gw_main,devC,1,867300000.0,8,125.0,-100.67188743924392,-7.469109471429329,"(-8.0, -6.0]",42.0,0.154112,0.5087719298245614,1.7325330871037241,0.9995372262234532,3,1.0
3378,2020-01-01 01:17:08,gw_main,devC,0,867300000.0,11,125.0,-109.6298188305281,4.3694260779141185,"(4.0, 6.0]",77.0,1.806336,0.8571428571428571,1.1632653061224492,2.2645133061224496,3,1.0
3379,2020-01-01 01:17:09,gw_main,devC,0,867900000.0,9,125.0,-106.75083245753495,-6.438119728179194,"(-8.0, -6.0]",46.0,0.308224,0.41304347826086957,1.9314744801512285,1.5268012703213607,3,1.0
3380,2020-01-01 01:17:10,gw_main,devB,0,867900000.0,7,125.0,-105.80460114381265,-8.347221819008242,"(-10.0, -8.0]",75.0,0.133376,0.32727272727272727,2.1252892561983474,1.4087518360330582,3,1.0
3381,2020-01-01 01:17:11,gw_main,devB,1,867900000.0,8,125.0,-109.8212818842848,-1.202802381265717,"(-2.0, 0.0]",20.0,0.10291199999999999,0.926605504587156,1.07878124736975,0.18980078309906573,3,1.0
3382,2020-01-01 01:17:12,gw_main,devA,0,868300000.0,12,125.0,-98.68751284067312,-3.178803681932777,"(-4.0, -2.0]",71.0,3.121152,0.5,1.75,6.212016,3,1.0
3383,2020-01-01 01:17:13,gw_main,devC,0,868300000.0,10,125.0,-96.04775646232927,-6.888465110671762,"(-8.0, -6.0]",61.0,0.698368,0.25,2.3125,2.927476,3,1.0
3384,2020-01-01 01:17:14,gw_main,devC,0,867900000.0,8,125.0,-98.19320222340653,-2.4854637436733475,"(-4.0, -2.0]",20.0,0.10291199999999999,0.7203389830508474,1.3578713013501866,0.49761255271473703,3,1.0
3385,2020-01-01 01:17:18,gw_main,devB,1,867100000.0,11,125.0,-95.91422286730784,4.195192263610309,"(4.0, 6.0]",66.0,1.560576,0.8571428571428571,1.1632653061224492,1.9786292244897963,3,1.0
3386,2020-01-01 01:17:19,gw_main,devC,1,868300000.0,7,125.0,-108.14204072123286,-3.020276890219946,"(-4.0, -2.0]",53.0,0.102656,0.8152866242038217,1.2188324069941985,0.3439528665665949,3,1.0
3387,2020-01-01 01:17:21,gw_main,devA,0,867100000.0,7,125.0,-115.5127127224836,-8.220481170415079,"(-10.0, -8.0]",66.0,0.123136,0.32727272727272727,2.1252892561983474,1.386988874049587,3,1.0
3388,2020-01-01 01:17:22,gw_main,devA,0,867900000.0,11,125.0,-98.38798330291553,-1.7635203554462104,"(-2.0, 0.0]",47.0,1.232896,0.7209302325581395,1.3569497025419146,2.029927563007031,3,1.0
3389,2020-01-01 01:17:23,gw_main,devC,1,867300000.0,11,125.0,-107.91933636853234,8.954676690270718,"(8.0, 10.0]",34.0,0.9871359999999999,0.8888888888888888,1.1234567901234567,1.232461432098765,3,1.0
3390,2020-01-01 01:17:24,gw_main,devA,1,868300000.0,9,125.0,-98.76228820209624,4.81971558421137,"(4.0, 6.0]",44.0,0.287744,0.9516129032258065,1.0507284079084287,0.3530692029136316,3,1.0
3391,2020-01-01 01:17:25,gw_main,devB,0,867100000.0,8,125.0,-103.7727442245142,-4.1410492859528825,"(-6.0, -4.0]",59.0,0.205312,0.6025641025641025,1.5553911900065749,0.8747316660092048,3,1.0
3392,2020-01-01 01:17:27,gw_main,devB,1,868300000.0,8,125.0,-103.14466524559987,-7.260284325690906,"(-8.0, -6.0]",33.0,0.133632,0.5087719298245614,1.7325330871037241,0.964054948599569,3,1.0
3393,2020-01-01 01:17:28,gw_main,devB,1,868300000.0,10,125.0,-130.58048620705517,5.811876140537265,"(4.0, 6.0]",63.0,0.698368,0.9736842105263158,1.0270083102493075,0.7442380498614959,3,1.0
3394,2020-01-01 01:17:29,gw_main,devC,0,867100000.0,8,125.0,-93.45886896699207,-2.5867086390119454,"(-4.0, -2.0]",40.0,0.154112,0.7203389830508474,1.3578713013501866,0.5671355633438666,3,1.0
3395,2020-01-01 01:17:30,gw_main,devA,1,867300000.0,10,125.0,-116.7564562612154,4.340854416601044,"(4.0, 6.0]",54.0,0.616448,0.9736842105263158,1.0270083102493075,0.6601055290858726,3,1.0
3396,2020-01-01 01:17:32,gw_main,devA,1,868300000.0,9,125.0,-104.15811389880773,-1.9504478913882304,"(-2.0, 0.0]",45.0,0.308224,0.826530612244898,1.203561016243232,0.5745274069137859,3,1.0
3397,2020-01-01 01:17:33,gw_main,devA,1,867900000.0,9,125.0,-112.26168753766326,1.6891522611711633,"(0.0, 2.0]",72.0,0.431104,0.8987341772151899,1.1115205896490947,0.590701561929178,3,1.0
3398,2020-01-01 01:17:34,gw_main,devB,1,867900000.0,9,125.0,-109.96692265953129,-6.701339739147956,"(-8.0, -6.0]",70.0,0.410624,0.41304347826086957,1.9314744801512285,1.7245842570888463,3,1.0
3399,2020-01-01 01:17:36,gw_main,devB,1,867100000.0,9,125.0,-102.16282289315234,6.235051182762589,"(6.0, 8.0]",64.0,0.390144,0.9761904761904762,1.02437641723356,0.42403073015873016,3,1.0
3400,2020-01-01 01:17:37,gw_main,devC,1,868300000.0,7,125.0,-100.88956173796554,24.369637863911343,"(24.0, 26.0]",74.0,0.133376,0.8018720748829953,1.2373825998281742,0.40241974146285675,3,1.0
3401,2020-01-01 01:17:38,gw_main,devA,1,867300000.0,7,125.0,-117.15169259162072,3.949064942654033,"(2.0, 4.0]",45.0,0.092416,0.952054794520548,1.0502439482079189,0.14730329292550193,3,1.0
3402,2020-01-01 01:17:39,gw_main,devB,1,867300000.0,7,125.0,-121.68975191031203,0.24891311143412842,"(0.0, 2.0]",23.0,0.061695999999999994,0.9215686274509803,1.0845828527489427,0.1514972764321415,3,1.0
3403,2020-01-01 01:17:40,gw_main,devB,0,868300000.0,10,125.0,-94.11577290154628,-6.372457194312176,"(-8.0, -6.0]",20.0,0.37068799999999996,0.25,2.3125,2.1697159999999998,3,1.0
3404,2020-01-01 01:17:42,gw_main,devC,1,867900000.0,7,125.0,-117.13132640995595,-10.245558996755978,"(-12.0, -10.0]",30.0,0.071936,0.2,2.4400000000000004,1.6155238400000005,3,1.0
3405,2020-01-01 01:17:44,gw_main,devB,1,867100000.0,10,125.0,-94.92373267258087,1.876169527997447,"(0.0, 2.0]",79.0,0.821248,0.8888888888888888,1.1234567901234567,1.0460934320987652,3,1.0
3406,2020-01-01 01:17:45,gw_main,devB,0,867300000.0,11,125.0,-101.20903231037836,-7.531539540875714,"(-8.0, -6.0]",21.0,0.7413759999999999,0.21739130434782608,2.3950850661625713,3.170743652173914,3,1.0
3407,2020-01-01 01:17:46,gw_main,devB,1,867100000.0,11,125.0,-100.8751882099005,8.989885085905026,"(8.0, 10.0]",23.0,0.8232959999999999,0.8888888888888888,1.1234567901234567,1.048394271604938,3,1.0
3408,2020-01-01 01:17:47,gw_main,devC,1,867300000.0,10,125.0,-110.16979018229915,6.2988453369442565,"(6.0, 8.0]",65.0,0.739328,0.9666666666666667,1.0344444444444445,0.7992381866666668,3,1.0
3409,2020-01-01 01:17:48,gw_main,devA,1,867900000.0,7,125.0,-131.39345159803102,-3.6972736990581705,"(-4.0, -2.0]",26.0,0.061695999999999994,0.8152866242038217,1.2188324069941985,0.29402949117611255,3,1.0
3410,2020-01-01 01:17:49,gw_main,devC,0,867900000.0,8,125.0,-99.04918446091072,-3.6192998646384416,"(-4.0, -2.0]",30.0,0.12339199999999999,0.7203389830508474,1.3578713013501866,0.5254217569663888,3,1.0
3411,2020-01-01 01:17:50,gw_main,devA,0,867900000.0,9,125.0,-112.50682439793506,-8.213911217320756,"(-10.0, -8.0]",28.0,0.22630399999999998,0.36666666666666664,2.034444444444444,1.4948473599999994,3,1.0
3412,2020-01-01 01:17:51,gw_main,devB,1,867100000.0,9,125.0,-87.76415481409009,-8.706095742993066,"(-10.0, -8.0]",52.0,0.328704,0.36666666666666664,2.034444444444444,1.7031744711111105,3,1.0
3413,2020-01-01 01:17:52,gw_main,devA,1,868300000.0,8,125.0,-109.0955190704735,2.386376552765762,"(2.0, 4.0]",75.0,0.246272,0.9166666666666666,1.0902777777777777,0.3587826666666665,3,1.0
3414,2020-01-01 01:17:53,gw_main,devA,1,867100000.0,7,125.0,-100.41796185280309,3.4757263911530876,"(2.0, 4.0]",28.0,0.066816,0.952054794520548,1.0502439482079189,0.1204170478513792,3,1.0
3415,2020-01-01 01:17:54,gw_main,devA,1,867100000.0,10,125.0,-112.23816510186718,1.8377091356173896,"(0.0, 2.0]",25.0,0.41164799999999996,0.8888888888888888,1.1234567901234567,0.5859255308641973,3,1.0
3416,2020-01-01 01:17:55,gw_main,devA,1,867300000.0,9,125.0,-118.33759748500933,1.32256706248985,"(0.0, 2.0]",38.0,0.267264,0.8987341772151899,1.1115205896490947,0.4085900285210704,3,1.0
3417,2020-01-01 01:17:57,gw_main,devA,0,867100000.0,8,125.0,-86.74133374489756,1.8916828367285738,"(0.0, 2.0]",35.0,0.143872,0.9338842975206612,1.0704869885936752,0.22450009261662443,3,1.0
3418,2020-01-01 01:17:59,gw_main,devC,1,867100000.0,10,125.0,-123.01807691039474,-0.2272604651580411,"(-2.0, 0.0]",48.0,0.575488,0.7575757575757576,1.3011937557392104,1.050015147842057,3,1.0
3419,2020-01-01 01:18:00,gw_main,devA,1,867900000.0,9,125.0,-96.25764914069237,8.595619424277567,"(8.0, 10.0]",53.0,0.328704,0.9655172413793104,1.0356718192627823,0.3761012889417359,3,1.0
3420,2020-01-01 01:18:01,gw_main,devA,1,867300000.0,9,125.0,-94.94334112640956,7.687081234961459,"(6.0, 8.0]",70.0,0.410624,0.9761904761904762,1.02437641723356,0.4450099591836735,3,1.0
3421,2020-01-01 01:18:02,gw_main,devC,1,867100000.0,7,125.0,-112.74786895325927,-3.065820275951297,"(-4.0, -2.0]",53.0,0.102656,0.8152866242038217,1.2188324069941985,0.3439528665665949,3,1.0
3422,2020-01-01 01:18:03,gw_main,devA,1,867300000.0,7,125.0,-104.53215809447512,-2.288106198188564,"(-4.0, -2.0]",27.0,0.066816,0.8152866242038217,1.2188324069941985,0.30026991309992285,3,1.0
3423,2020-01-01 01:18:04,gw_main,devC,1,867900000.0,9,125.0,-105.5422030096674,8.018976348344326,"(8.0, 10.0]",50.0,0.328704,0.9655172413793104,1.0356718192627823,0.3761012889417359,3,1.0
3424,2020-01-01 01:18:05,gw_main,devB,1,867900000.0,10,125.0,-112.4130552623431,10.486129357830798,"(10.0, 12.0]",50.0,0.616448,0.9,1.11,0.7942572800000002,3,1.0
3425,2020-01-01 01:18:07,gw_main,devA,0,868300000.0,10,125.0,-119.66840109025358,-2.8437692001087105,"(-4.0, -2.0]",53.0,0.616448,0.6428571428571429,1.4846938775510203,1.3999304489795916,3,1.0
3426,2020-01-01 01:18:08,gw_main,devC,1,867900000.0,7,125.0,-102.33544362350133,1.1344993495748907,"(0.0, 2.0]",47.0,0.092416,0.9215686274509803,1.0845828527489427,0.184815661668589,3,1.0
3427,2020-01-01 01:18:09,gw_main,devA,1,867100000.0,8,125.0,-96.62731111181347,7.06185924779355,"(6.0, 8.0]",27.0,0.12339199999999999,0.9850746268656716,1.0151481398975275,0.1404092991757632,3,1.0
3428,2020-01-01 01:18:10,gw_main,devC,1,867300000.0,7,125.0,-113.17912540165301,-5.321286394868729,"(-6.0, -4.0]",66.0,0.123136,0.6124031007751938,1.537828255513491,0.7271902755844002,3,1.0
3429,2020-01-01 01:18:11,gw_main,devC,1,867900000.0,8,125.0,-99.59831412923867,3.5931532583847536,"(2.0, 4.0]",55.0,0.195072,0.9166666666666666,1.0902777777777777,0.3029604444444443,3,1.0
3430,2020-01-01 01:18:12,gw_main,devA,1,868300000.0,7,125.0,-98.68134319230741,-2.0834006431898793,"(-4.0, -2.0]",64.0,0.118016,0.8152866242038217,1.2188324069941985,0.3626741323380258,3,1.0
3431,2020-01-01 01:18:13,gw_main,devC,1,867100000.0,8,125.0,-100.50305185360641,14.032525646393449,"(14.0, 16.0]",71.0,0.236032,0.9090909090909091,1.0991735537190082,0.3586136859504131,3,1.0
3432,2020-01-01 01:18:14,gw_main,devB,1,867900000.0,8,125.0,-92.63076428017551,2.3159474555454715,"(2.0, 4.0]",67.0,0.225792,0.9166666666666666,1.0902777777777777,0.33645377777777763,3,1.0
3433,2020-01-01 01:18:16,gw_main,devA,1,867900000.0,7,125.0,-112.38664469124079,-2.291026139884856,"(-4.0, -2.0]",39.0,0.082176,0.8152866242038217,1.2188324069941985,0.31899117887135375,3,1.0
3434,2020-01-01 01:18:17,gw_main,devC,1,867100000.0,9,125.0,-98.52304797544247,6.085914091976677,"(6.0, 8.0]",24.0,0.20582399999999998,0.9761904761904762,1.02437641723356,0.23521766893424034,3,1.0
3435,2020-01-01 01:18:19,gw_main,devB,0,867100000.0,12,125.0,-124.87007116823128,-6.794598814326608,"(-8.0, -6.0]",53.0,2.465792,0.5,1.75,5.065136,3,1.0
3436,2020-01-01 01:18:21,gw_main,devB,0,867100000.0,7,125.0,-112.41168068369906,-8.33655420819399,"(-10.0, -8.0]",46.0,0.092416,0.32727272727272727,2.1252892561983474,1.3216999880991738,3,1.0
3437,2020-01-01 01:18:22,gw_main,devA,1,867900000.0,7,125.0,-109.01160613346649,-4.824885734123167,"(-6.0, -4.0]",60.0,0.112896,0.6124031007751938,1.537828255513491,0.7114429142479421,3,1.0
3438,2020-01-01 01:18:23,gw_main,devC,0,867900000.0,8,125.0,-104.80381335381664,-8.069846410275321,"(-10.0, -8.0]",62.0,0.205312,0.2653061224489796,2.2744689712619737,1.741444744689712,3,1.0
3439,2020-01-01 01:18:24,gw_main,devA,0,868300000.0,8,125.0,-91.93433219199409,-8.257746985512453,"(-10.0, -8.0]",41.0,0.154112,0.2653061224489796,2.2744689712619737,1.624991933361099,3,1.0
3440,2020-01-01 01:18:25,gw_main,devB,0,868300000.0,9,125.0,-101.93783547348136,-4.408008226043806,"(-6.0, -4.0]",61.0,0.369664,0.4411764705882353,1.871107266435986,1.5627882629757783,3,1.0
3441,2020-01-01 01:18:26,gw_main,devB,0,868300000.0,7,125.0,-111.71457253147092,-6.1747237972698485,"(-8.0, -6.0]",21.0,0.056575999999999994,0.5533980582524272,1.6460552361202754,0.7391824571590161,3,1.0
3442,2020-01-01 01:18:27,gw_main,devA,1,868300000.0,8,125.0,-110.73396837213912,2.9098236982375605,"(2.0, 4.0]",43.0,0.164352,0.9166666666666666,1.0902777777777777,0.269467111111111,3,1.0
3443,2020-01-01 01:18:28,gw_main,devB,1,868300000.0,8,125.0,-103.79684360993917,4.5299547427954785,"(4.0, 6.0]",76.0,0.246272,0.975609756097561,1.0249851279000597,0.2774102653182632,3,1.0
3444,2020-01-01 01:18:29,gw_main,devA,1,868300000.0,12,125.0,-102.05677423672853,-1.709294313671617,"(-2.0, 0.0]",76.0,3.284992,0.7,1.3900000000000001,4.956138880000001,3,1.0
3445,2020-01-01 01:18:30,gw_main,devA,0,868300000.0,10,125.0,-81.27324218925052,-7.012228071145818,"(-8.0, -6.0]",44.0,0.534528,0.25,2.3125,2.548596,3,1.0
3446,2020-01-01 01:18:32,gw_main,devB,0,868300000.0,7,125.0,-110.72781893406298,-12.463896054301282,"(-14.0, -12.0]",69.0,0.12825599999999998,0.2916666666666667,2.210069444444444,1.4935241111111108,3,1.0
3447,2020-01-01 01:18:33,gw_main,devB,0,868300000.0,7,125.0,-96.99145805263102,-11.905129247775509,"(-12.0, -10.0]",64.0,0.118016,0.2,2.4400000000000004,1.7279590400000004,3,1.0
3448,2020-01-01 01:18:34,gw_main,devA,1,867300000.0,9,125.0,-108.79722842505196,4.113240540030501,"(4.0, 6.0]",40.0,0.287744,0.9516129032258065,1.0507284079084287,0.3530692029136316,3,1.0
3449,2020-01-01 01:18:35,gw_main,devC,1,867900000.0,8,125.0,-104.04714775574742,3.683877733536475,"(2.0, 4.0]",50.0,0.174592,0.9166666666666666,1.0902777777777777,0.2806315555555554,3,1.0
3450,2020-01-01 01:18:36,gw_main,devA,1,867300000.0,8,125.0,-120.17594247034461,5.602135917526691,"(4.0, 6.0]",72.0,0.236032,0.975609756097561,1.0249851279000597,0.2669144176085666,3,1.0
3451,2020-01-01 01:18:37,gw_main,devA,0,867900000.0,9,125.0,-120.31841272009368,-1.5689562266960753,"(-2.0, 0.0]",54.0,0.349184,0.826530612244898,1.203561016243232,0.6238252661391086,3,1.0
3452,2020-01-01 01:18:41,gw_main,devA,0,867300000.0,7,125.0,-109.98376890111729,-4.887363372535659,"(-6.0, -4.0]",47.0,0.092416,0.6124031007751938,1.537828255513491,0.6799481915750258,3,1.0
3453,2020-01-01 01:18:42,gw_main,devC,1,867300000.0,11,125.0,-102.87609678696111,-4.499491333673167,"(-6.0, -4.0]",53.0,1.314816,0.3939393939393939,1.9733700642791552,3.5679885987144164,3,1.0
3454,2020-01-01 01:18:43,gw_main,devA,0,868300000.0,8,125.0,-95.01840704351444,-8.671922284402871,"(-10.0, -8.0]",38.0,0.143872,0.2653061224489796,2.2744689712619737,1.6017013710953765,3,1.0
3455,2020-01-01 01:18:44,gw_main,devC,0,867900000.0,11,125.0,-112.83619416009384,-7.280777934053576,"(-8.0, -6.0]",49.0,1.232896,0.21739130434782608,2.3950850661625713,4.347975863894141,3,1.0
3456,2020-01-01 01:18:45,gw_main,devA,1,867300000.0,7,125.0,-112.74018871024306,4.8115445645980355,"(4.0, 6.0]",55.0,0.107776,0.976,1.024576,0.13500070297599992,3,1.0
3457,2020-01-01 01:18:47,gw_main,devC,1,867100000.0,7,125.0,-105.53555794647892,-7.267167539939818,"(-8.0, -6.0]",57.0,0.107776,0.5533980582524272,1.6460552361202754,0.8234604852483742,3,1.0
3458,2020-01-01 01:18:48,gw_main,devB,0,867900000.0,9,125.0,-107.0185555725482,-6.7774726007270525,"(-8.0, -6.0]",49.0,0.328704,0.41304347826086957,1.9314744801512285,1.5663578676748577,3,1.0
3459,2020-01-01 01:18:49,gw_main,devB,0,867300000.0,8,125.0,-97.69265394043691,-3.655769485363333,"(-4.0, -2.0]",37.0,0.143872,0.7203389830508474,1.3578713013501866,0.5532309612180407,3,1.0
3460,2020-01-01 01:18:50,gw_main,devA,1,867900000.0,7,125.0,-114.49863916787436,3.0338619145878303,"(2.0, 4.0]",20.0,0.056575999999999994,0.952054794520548,1.0502439482079189,0.1096625498217301,3,1.0
3461,2020-01-01 01:18:51,gw_main,devB,1,867900000.0,7,125.0,-106.00948089592578,-7.309171144144796,"(-8.0, -6.0]",65.0,0.123136,0.5533980582524272,1.6460552361202754,0.8487438936751817,3,1.0
3462,2020-01-01 01:18:53,gw_main,devA,0,867900000.0,8,125.0,-117.60797498239168,-13.192813954349319,"(-14.0, -12.0]",79.0,0.25651199999999996,0.08333333333333333,2.756944444444444,2.464133777777777,3,1.0
3463,2020-01-01 01:18:54,gw_main,devB,1,868300000.0,8,125.0,-99.83777888902408,-7.843606088430288,"(-8.0, -6.0]",49.0,0.174592,0.5087719298245614,1.7325330871037241,1.0350195038473375,3,1.0
3464,2020-01-01 01:18:56,gw_main,devC,1,868300000.0,12,125.0,-104.0365322005104,5.142202756404432,"(4.0, 6.0]",40.0,1.9742719999999998,0.9230769230769231,1.0828402366863903,2.220661396449703,3,1.0
3465,2020-01-01 01:18:57,gw_main,devB,0,868300000.0,8,125.0,-118.82963423410553,-7.235805756740234,"(-8.0, -6.0]",73.0,0.236032,0.5087719298245614,1.7325330871037241,1.1414663367189903,3,1.0
3466,2020-01-01 01:18:59,gw_main,devA,1,867900000.0,11,125.0,-102.82372089993453,4.539993163085711,"(4.0, 6.0]",53.0,1.314816,0.8571428571428571,1.1632653061224492,1.6927451428571432,3,1.0
3467,2020-01-01 01:19:01,gw_main,devB,1,868300000.0,7,125.0,-95.33210899047438,-3.5295383491828276,"(-4.0, -2.0]",56.0,0.107776,0.8152866242038217,1.2188324069941985,0.3501932884904052,3,1.0
3468,2020-01-01 01:19:02,gw_main,devB,1,867900000.0,10,125.0,-113.11818510043662,2.8600229000441084,"(2.0, 4.0]",20.0,0.37068799999999996,0.9767441860465116,1.0237966468361277,0.40330577825851815,3,1.0
3469,2020-01-01 01:19:03,gw_main,devC,1,867900000.0,8,125.0,-102.94735456132929,0.9142623665042484,"(0.0, 2.0]",55.0,0.195072,0.9338842975206612,1.0704869885936752,0.27930902643262057,3,1.0
3470,2020-01-01 01:19:04,gw_main,devA,1,867900000.0,9,125.0,-108.88973918086558,6.433304013852928,"(6.0, 8.0]",31.0,0.24678399999999998,0.9761904761904762,1.02437641723356,0.27717612698412697,3,1.0
3471,2020-01-01 01:19:07,gw_main,devC,1,867900000.0,8,125.0,-101.38133754002135,-0.980792360094912,"(-2.0, 0.0]",30.0,0.12339199999999999,0.926605504587156,1.07878124736975,0.2118942230451982,3,1.0
3472,2020-01-01 01:19:08,gw_main,devB,0,867900000.0,11,125.0,-116.62011385748596,-0.6253036384745129,"(-2.0, 0.0]",65.0,1.560576,0.7209302325581395,1.3569497025419146,2.4745728415359656,3,1.0
3473,2020-01-01 01:19:10,gw_main,devC,0,867300000.0,11,125.0,-102.69784761828856,-6.127654184175176,"(-8.0, -6.0]",27.0,0.8232959999999999,0.21739130434782608,2.3950850661625713,3.3669490207939514,3,1.0
3474,2020-01-01 01:19:11,gw_main,devB,1,867100000.0,9,125.0,-98.0611317560357,5.59290385468109,"(4.0, 6.0]",77.0,0.451584,0.9516129032258065,1.0507284079084287,0.5252205452653486,3,1.0
3475,2020-01-01 01:19:12,gw_main,devC,0,867300000.0,7,125.0,-96.17216814715876,-9.82356333456109,"(-10.0, -8.0]",73.0,0.133376,0.32727272727272727,2.1252892561983474,1.4087518360330582,3,1.0
3476,2020-01-01 01:19:13,gw_main,devB,1,868300000.0,11,125.0,-104.11952326507193,5.731828711464916,"(4.0, 6.0]",78.0,1.806336,0.8571428571428571,1.1632653061224492,2.2645133061224496,3,1.0
3477,2020-01-01 01:19:14,gw_main,devC,1,867300000.0,7,125.0,-95.56792872959716,1.4592617384570596,"(0.0, 2.0]",62.0,0.118016,0.9215686274509803,1.0845828527489427,0.21258098269896195,3,1.0
3478,2020-01-01 01:19:15,gw_main,devA,0,867300000.0,7,125.0,-94.39117755373402,-1.0961093550985679,"(-2.0, 0.0]",45.0,0.092416,0.8554216867469879,1.165481201916098,0.27319031267237615,3,1.0
3479,2020-01-01 01:19:16,gw_main,devC,1,867100000.0,8,125.0,-106.879129300832,2.9836544903991524,"(2.0, 4.0]",77.0,0.246272,0.9166666666666666,1.0902777777777777,0.3587826666666665,3,1.0
3480,2020-01-01 01:19:19,gw_main,devC,1,868300000.0,7,125.0,-108.35438830320255,-2.6681394723567884,"(-4.0, -2.0]",72.0,0.133376,0.8152866242038217,1.2188324069941985,0.38139539810945666,3,1.0
3481,2020-01-01 01:19:20,gw_main,devB,1,867100000.0,7,125.0,-106.85257514939669,-1.6319635912270316,"(-2.0, 0.0]",53.0,0.102656,0.8554216867469879,1.165481201916098,0.285124840179997,3,1.0
3482,2020-01-01 01:19:22,gw_main,devA,1,867100000.0,8,125.0,-106.81906269555134,11.08132692266765,"(10.0, 12.0]",57.0,0.195072,0.9583333333333334,1.0434027777777777,0.24694144444444432,3,1.0
3483,2020-01-01 01:19:25,gw_main,devC,1,867300000.0,7,125.0,-109.33448672959562,-2.260099718991824,"(-4.0, -2.0]",44.0,0.092416,0.8152866242038217,1.2188324069941985,0.33147202271897436,3,1.0
3484,2020-01-01 01:19:26,gw_main,devB,1,867100000.0,8,125.0,-101.42705048898264,-4.500459387804513,"(-6.0, -4.0]",68.0,0.225792,0.6025641025641025,1.5553911900065749,0.9065860775805394,3,1.0
3485,2020-01-01 01:19:27,gw_main,devC,1,867100000.0,8,125.0,-94.99858742051025,-0.16793229701402132,"(-2.0, 0.0]",31.0,0.133632,0.926605504587156,1.07878124736975,0.22294094301826445,3,1.0
3486,2020-01-01 01:19:28,gw_main,devC,1,867300000.0,11,125.0,-97.71015420159065,1.0396394014387962,"(0.0, 2.0]",24.0,0.8232959999999999,0.7368421052631579,1.332409972299169,1.4293777728531853,3,1.0
3487,2020-01-01 01:19:29,gw_main,devA,1,867100000.0,7,125.0,-99.87782764712854,13.55896151924818,"(12.0, 14.0]",45.0,0.092416,0.9565217391304348,1.0453686200378072,0.14197740642722118,3,1.0
3488,2020-01-01 01:19:30,gw_main,devA,0,867100000.0,9,125.0,-108.7434292933481,-11.236597703155365,"(-12.0, -10.0]",52.0,0.328704,0.23809523809523808,2.3424036281179133,2.1123610702947837,3,1.0
3489,2020-01-01 01:19:31,gw_main,devA,1,868300000.0,8,125.0,-108.46888940721796,5.946485509565811,"(4.0, 6.0]",73.0,0.236032,0.975609756097561,1.0249851279000597,0.2669144176085666,3,1.0
3490,2020-01-01 01:19:32,gw_main,devA,1,868300000.0,9,125.0,-90.9369838244069,2.3840137137183794,"(2.0, 4.0]",52.0,0.328704,0.9358974358974359,1.0682117028270874,0.4193371623931624,3,1.0
3491,2020-01-01 01:19:34,gw_main,devC,1,867100000.0,12,125.0,-112.51979673932478,-1.1423819807664326,"(-2.0, 0.0]",59.0,2.629632,0.7,1.3900000000000001,4.04518848,3,1.0
3492,2020-01-01 01:19:35,gw_main,devA,1,868300000.0,9,125.0,-97.70244899889126,-3.224267097000733,"(-4.0, -2.0]",75.0,0.431104,0.7241379310344828,1.351961950059453,0.9347981545778835,3,1.0
3493,2020-01-01 01:19:36,gw_main,devB,1,867100000.0,7,125.0,-91.07724430866024,0.06299008541155884,"(0.0, 2.0]",74.0,0.133376,0.9215686274509803,1.0845828527489427,0.2292401753171857,3,1.0
3494,2020-01-01 01:19:38,gw_main,devB,0,867100000.0,10,125.0,-91.06752096029734,-9.375201074784039,"(-10.0, -8.0]",45.0,0.575488,0.18181818181818182,2.487603305785124,2.9191891570247934,3,1.0
3495,2020-01-01 01:19:40,gw_main,devC,1,868300000.0,11,125.0,-98.09854468794425,-2.4818652807080945,"(-4.0, -2.0]",37.0,1.069056,0.7407407407407407,1.3264746227709192,1.744550277091907,3,1.0
3496,2020-01-01 01:19:41,gw_main,devB,1,867300000.0,8,125.0,-105.07460362344841,8.812002059281438,"(8.0, 10.0]",60.0,0.205312,0.9722222222222222,1.0285493827160495,0.239722913580247,3,1.0
3497,2020-01-01 01:19:42,gw_main,devC,1,867300000.0,11,125.0,-111.20926655291086,2.2497489281307548,"(2.0, 4.0]",58.0,1.396736,0.9523809523809523,1.0498866213151927,1.5163010612244898,3,1.0
3498,2020-01-01 01:19:44,gw_main,devC,1,867100000.0,10,125.0,-114.85753438722665,3.1797142649868144,"(2.0, 4.0]",29.0,0.41164799999999996,0.9767441860465116,1.0237966468361277,0.44524048891292595,3,1.0
3499,2020-01-01 01:19:45,gw_main,devC,1,868300000.0,8,125.0,-116.88198016139886,6.307476672478998,"(6.0, 8.0]",64.0,0.215552,0.9850746268656716,1.0151481398975275,0.23396535174871935,3,1.0
3500,2020-01-01 01:19:46,gw_main,devB,1,867900000.0,7,125.0,-109.09897425486335,0.11670825096769988,"(0.0, 2.0]",79.0,0.143616,0.9215686274509803,1.0845828527489427,0.24034630372933488,3,1.0
3501,2020-01-01 01:19:47,gw_main,devC,0,867100000.0,8,125.0,-96.80016260884247,-5.224277060655728,"(-6.0, -4.0]",35.0,0.143872,0.6025641025641025,1.5553911900065749,0.7791684312952009,3,1.0
3502,2020-01-01 01:19:48,gw_main,devA,1,867300000.0,7,125.0,-108.07102393196813,3.826467852745803,"(2.0, 4.0]",72.0,0.133376,0.952054794520548,1.0502439482079189,0.19032128504409826,3,1.0
3503,2020-01-01 01:19:49,gw_main,devB,1,867900000.0,7,125.0,-88.57214225142788,4.060050534266571,"(4.0, 6.0]",67.0,0.123136,0.976,1.024576,0.15073819033599992,3,1.0
3504,2020-01-01 01:19:50,gw_main,devA,1,867100000.0,10,125.0,-107.9896101348637,12.412695836421175,"(12.0, 14.0]",53.0,0.616448,0.8,1.24,1.00439552,3,1.0
3505,2020-01-01 01:19:51,gw_main,devA,0,867300000.0,8,125.0,-111.9791310372432,-12.270462871246249,"(-14.0, -12.0]",65.0,0.215552,0.08333333333333333,2.756944444444444,2.3512093333333333,3,1.0
3506,2020-01-01 01:19:52,gw_main,devB,1,867900000.0,7,125.0,-105.86629215734237,-1.400181401659178,"(-2.0, 0.0]",35.0,0.077056,0.8554216867469879,1.165481201916098,0.25528852141094494,3,1.0
3507,2020-01-01 01:19:53,gw_main,devB,0,868300000.0,7,125.0,-91.11192445648955,6.175981816919775,"(6.0, 8.0]",68.0,0.123136,0.9651162790697675,1.0361005949161708,0.1636818777717684,3,1.0
3508,2020-01-01 01:19:54,gw_main,devA,0,867100000.0,7,125.0,-112.35563492893807,-7.74900900273179,"(-8.0, -6.0]",57.0,0.107776,0.5533980582524272,1.6460552361202754,0.8234604852483742,3,1.0
3509,2020-01-01 01:19:55,gw_main,devA,1,867300000.0,7,125.0,-105.88137450965793,-1.5770545462425103,"(-2.0, 0.0]",35.0,0.077056,0.8554216867469879,1.165481201916098,0.25528852141094494,3,1.0
3510,2020-01-01 01:19:56,gw_main,devA,1,867100000.0,8,125.0,-96.84350500732181,12.531106647676104,"(12.0, 14.0]",59.0,0.205312,0.9375,1.06640625,0.28535225,3,1.0
3511,2020-01-01 01:19:58,gw_main,devA,0,867900000.0,7,125.0,-101.26701616569696,-5.493624809759948,"(-6.0, -4.0]",74.0,0.133376,0.6124031007751938,1.537828255513491,0.7429376369208583,3,1.0
3512,2020-01-01 01:19:59,gw_main,devA,1,867900000.0,8,125.0,-107.33723385626321,8.377568411260333,"(8.0, 10.0]",58.0,0.195072,0.9722222222222222,1.0285493827160495,0.22919056790123465,3,1.0
3513,2020-01-01 01:20:01,gw_main,devA,1,867900000.0,10,125.0,-107.00808437652731,4.477553677994599,"(4.0, 6.0]",61.0,0.698368,0.9736842105263158,1.0270083102493075,0.7442380498614959,3,1.0
3514,2020-01-01 01:20:04,gw_main,devB,0,867900000.0,7,125.0,-119.81597804021752,-5.421820095126395,"(-6.0, -4.0]",64.0,0.118016,0.6124031007751938,1.537828255513491,0.7193165949161712,3,1.0
3515,2020-01-01 01:20:05,gw_main,devA,0,867300000.0,10,125.0,-117.24343249483418,-3.295749643940436,"(-4.0, -2.0]",78.0,0.821248,0.6428571428571429,1.4846938775510203,1.7039957551020406,3,1.0
3516,2020-01-01 01:20:07,gw_main,devA,1,868300000.0,7,125.0,-119.5314203927565,0.659985981077669,"(0.0, 2.0]",28.0,0.066816,0.9215686274509803,1.0845828527489427,0.1570503406382161,3,1.0
3517,2020-01-01 01:20:09,gw_main,devA,1,867100000.0,11,125.0,-116.73225179387049,-2.1895483346222497,"(-4.0, -2.0]",42.0,1.150976,0.7407407407407407,1.3264746227709192,1.8532150781893006,3,1.0
3518,2020-01-01 01:20:10,gw_main,devC,0,867300000.0,10,125.0,-107.10184904611603,-14.612455638794343,"(-16.0, -14.0]",59.0,0.657408,0.7102803738317757,1.37365708795528,1.276710246833785,3,1.0
3519,2020-01-01 01:20:11,gw_main,devC,1,867900000.0,11,125.0,-121.0642112666822,-2.1894035410065618,"(-4.0, -2.0]",42.0,1.150976,0.7407407407407407,1.3264746227709192,1.8532150781893006,3,1.0
3520,2020-01-01 01:20:12,gw_main,devB,1,867300000.0,8,125.0,-108.6758839168296,1.4889130100640364,"(0.0, 2.0]",68.0,0.225792,0.9338842975206612,1.0704869885936752,0.31219438672221833,3,1.0
3521,2020-01-01 01:20:13,gw_main,devA,1,867300000.0,7,125.0,-111.89435879845816,2.121475093954751,"(2.0, 4.0]",29.0,0.066816,0.952054794520548,1.0502439482079189,0.1204170478513792,3,1.0
3522,2020-01-01 01:20:14,gw_main,devC,1,867100000.0,8,125.0,-97.00585773979907,0.23090284155733956,"(0.0, 2.0]",56.0,0.195072,0.9338842975206612,1.0704869885936752,0.27930902643262057,3,1.0
3523,2020-01-01 01:20:16,gw_main,devC,1,867300000.0,7,125.0,-120.82640775533783,8.810228502568743,"(8.0, 10.0]",63.0,0.118016,0.9811320754716981,1.0192239231043076,0.1395086536133856,3,1.0
3524,2020-01-01 01:20:19,gw_main,devB,0,868300000.0,7,125.0,-114.37311619888459,-1.8946289939593455,"(-2.0, 0.0]",69.0,0.12825599999999998,0.8554216867469879,1.165481201916098,0.3149611589490491,3,1.0
3525,2020-01-01 01:20:20,gw_main,devC,0,867300000.0,7,125.0,-101.06669365515029,-7.361867846736851,"(-8.0, -6.0]",49.0,0.097536,0.5533980582524272,1.6460552361202754,0.8066048796305025,3,1.0
3526,2020-01-01 01:20:22,gw_main,devC,0,867100000.0,9,125.0,-108.30386615705696,-15.240659689324842,"(-16.0, -14.0]",33.0,0.24678399999999998,0.7518573551263001,1.309717417078615,0.6329347201349439,3,1.0
3527,2020-01-01 01:20:23,gw_main,devA,0,867300000.0,7,125.0,-107.66893601088817,-5.277253608488017,"(-6.0, -4.0]",77.0,0.13849599999999998,0.6124031007751938,1.537828255513491,0.7508113175890874,3,1.0
3528,2020-01-01 01:20:24,gw_main,devC,1,868300000.0,10,125.0,-101.62858846507099,2.439445397264924,"(2.0, 4.0]",23.0,0.37068799999999996,0.9767441860465116,1.0237966468361277,0.40330577825851815,3,1.0
3529,2020-01-01 01:20:25,gw_main,devC,1,867100000.0,10,125.0,-118.9420653587416,-2.2995203488165554,"(-4.0, -2.0]",76.0,0.821248,0.6428571428571429,1.4846938775510203,1.7039957551020406,3,1.0
3530,2020-01-01 01:20:26,gw_main,devC,1,867100000.0,11,125.0,-113.82470706619006,4.352706618911154,"(4.0, 6.0]",40.0,1.069056,0.8571428571428571,1.1632653061224492,1.4068610612244903,3,1.0
3531,2020-01-01 01:20:28,gw_main,devC,1,868300000.0,9,125.0,-94.56089867125644,-2.8713077518657233,"(-4.0, -2.0]",76.0,0.451584,0.7241379310344828,1.351961950059453,0.9624863353151011,3,1.0
3532,2020-01-01 01:20:30,gw_main,devA,1,867100000.0,9,125.0,-113.17687144806315,-1.46668001223535,"(-2.0, 0.0]",61.0,0.369664,0.826530612244898,1.203561016243232,0.6484741957517701,3,1.0
3533,2020-01-01 01:20:31,gw_main,devC,1,868300000.0,11,125.0,-100.15889913993908,-1.0924132301435705,"(-2.0, 0.0]",74.0,1.724416,0.7209302325581395,1.3569497025419146,2.696895480800433,3,1.0
3534,2020-01-01 01:20:32,gw_main,devA,1,867300000.0,7,125.0,-105.85807667312784,-6.644116899747313,"(-8.0, -6.0]",70.0,0.12825599999999998,0.5533980582524272,1.6460552361202754,0.8571716964841174,3,1.0
3535,2020-01-01 01:20:34,gw_main,devA,1,867300000.0,10,125.0,-90.5235366607345,3.761292684127998,"(2.0, 4.0]",72.0,0.780288,0.9767441860465116,1.0237966468361277,0.8226528848025961,3,1.0
3536,2020-01-01 01:20:35,gw_main,devA,1,867100000.0,9,125.0,-113.08044608728605,3.2495507229717875,"(2.0, 4.0]",62.0,0.369664,0.9358974358974359,1.0682117028270874,0.4630911137409599,3,1.0
3537,2020-01-01 01:20:37,gw_main,devC,1,867300000.0,8,125.0,-89.73845151666426,-4.33520838262666,"(-6.0, -4.0]",28.0,0.12339199999999999,0.6025641025641025,1.5553911900065749,0.7473140197238661,3,1.0
3538,2020-01-01 01:20:39,gw_main,devA,0,867100000.0,9,125.0,-86.34021822724097,-10.353025622742413,"(-12.0, -10.0]",69.0,0.410624,0.23809523809523808,2.3424036281179133,2.3042507755102033,3,1.0
3539,2020-01-01 01:20:42,gw_main,devC,0,867300000.0,9,125.0,-93.45156558734249,-5.196875741867316,"(-6.0, -4.0]",67.0,0.410624,0.4411764705882353,1.871107266435986,1.6394288166089963,3,1.0
3540,2020-01-01 01:20:43,gw_main,devA,1,867900000.0,7,125.0,-104.34643843571975,0.8021876411303596,"(0.0, 2.0]",24.0,0.061695999999999994,0.9215686274509803,1.0845828527489427,0.1514972764321415,3,1.0
3541,2020-01-01 01:20:44,gw_main,devB,1,867300000.0,7,125.0,-128.41172504426498,-4.120197777668249,"(-6.0, -4.0]",62.0,0.118016,0.6124031007751938,1.537828255513491,0.7193165949161712,3,1.0
3542,2020-01-01 01:20:46,gw_main,devA,1,867100000.0,7,125.0,-107.71713932481835,10.712673739366899,"(10.0, 12.0]",25.0,0.061695999999999994,0.9696969696969697,1.0312213039485765,0.09484353351698784,3,1.0
3543,2020-01-01 01:20:47,gw_main,devC,1,868300000.0,10,125.0,-119.12267074844398,4.347744811763082,"(4.0, 6.0]",55.0,0.657408,0.9736842105263158,1.0270083102493075,0.7021717894736842,3,1.0
3544,2020-01-01 01:20:48,gw_main,devA,1,867900000.0,7,125.0,-99.93653993680226,7.102713589243338,"(6.0, 8.0]",78.0,0.13849599999999998,0.9651162790697675,1.0361005949161708,0.17959638290968077,3,1.0
3545,2020-01-01 01:20:49,gw_main,devC,1,867300000.0,8,125.0,-111.06488719240518,0.21512352395082918,"(0.0, 2.0]",43.0,0.164352,0.9338842975206612,1.0704869885936752,0.24642366614302288,3,1.0
3546,2020-01-01 01:20:50,gw_main,devA,1,867900000.0,9,125.0,-113.99155546438415,5.700054172190006,"(4.0, 6.0]",78.0,0.451584,0.9516129032258065,1.0507284079084287,0.5252205452653486,3,1.0
3547,2020-01-01 01:20:51,gw_main,devC,1,867900000.0,7,125.0,-86.81217073220344,4.601761895201963,"(4.0, 6.0]",68.0,0.123136,0.976,1.024576,0.15073819033599992,3,1.0
3548,2020-01-01 01:20:53,gw_main,devC,1,867900000.0,11,125.0,-92.55040225375679,14.135397752142644,"(14.0, 16.0]",79.0,1.806336,0.68,1.4223999999999999,2.9917323263999993,3,1.0
3549,2020-01-01 01:20:55,gw_main,devB,1,868300000.0,8,125.0,-117.52765995128836,1.4843236732801903,"(0.0, 2.0]",32.0,0.133632,0.9338842975206612,1.0704869885936752,0.2135383058534252,3,1.0
3550,2020-01-01 01:20:56,gw_main,devB,0,867900000.0,10,125.0,-89.60810204755772,-0.37605023937635385,"(-2.0, 0.0]",30.0,0.45260799999999995,0.7575757575757576,1.3011937557392104,0.8901244591368228,3,1.0
3551,2020-01-01 01:20:57,gw_main,devB,0,868300000.0,12,125.0,-115.19950978421518,-21.160388094853484,"(-22.001, -20.0]",30.0,1.6465919999999998,0.6788990825688074,1.4242067166063461,2.7692941025166227,3,1.0
3552,2020-01-01 01:20:58,gw_main,devC,0,867100000.0,9,125.0,-115.25541506213463,-8.441926495211769,"(-10.0, -8.0]",72.0,0.431104,0.36666666666666664,2.034444444444444,1.9115015822222217,3,1.0
3553,2020-01-01 01:20:59,gw_main,devB,1,867900000.0,8,125.0,-103.00501784382084,0.05546351984627643,"(0.0, 2.0]",47.0,0.174592,0.9338842975206612,1.0704869885936752,0.25738545290622217,3,1.0
3554,2020-01-01 01:21:00,gw_main,devC,1,867900000.0,7,125.0,-109.11756977964235,3.747614974559285,"(2.0, 4.0]",36.0,0.077056,0.952054794520548,1.0502439482079189,0.13117154588102828,3,1.0
3555,2020-01-01 01:21:01,gw_main,devA,0,867300000.0,9,125.0,-90.88527799284755,-3.5063106457459137,"(-4.0, -2.0]",74.0,0.431104,0.7241379310344828,1.351961950059453,0.9347981545778835,3,1.0
3556,2020-01-01 01:21:02,gw_main,devC,1,867900000.0,9,125.0,-109.20621280894743,6.76608186612016,"(6.0, 8.0]",65.0,0.390144,0.9761904761904762,1.02437641723356,0.42403073015873016,3,1.0
3557,2020-01-01 01:21:03,gw_main,devB,1,868300000.0,9,125.0,-100.28265299035806,7.659814603573609,"(6.0, 8.0]",66.0,0.390144,0.9761904761904762,1.02437641723356,0.42403073015873016,3,1.0
3558,2020-01-01 01:21:05,gw_main,devB,1,867900000.0,10,125.0,-112.63893924962673,8.507015476536967,"(8.0, 10.0]",53.0,0.616448,0.9473684210526315,1.0554016620498614,0.7060019058171744,3,1.0
3559,2020-01-01 01:21:06,gw_main,devA,1,867900000.0,8,125.0,-108.39584872445744,10.475869797759984,"(10.0, 12.0]",27.0,0.12339199999999999,0.9583333333333334,1.0434027777777777,0.1721503333333332,3,1.0
3560,2020-01-01 01:21:07,gw_main,devA,0,867300000.0,8,125.0,-109.81285133264575,2.7539575983902638,"(2.0, 4.0]",53.0,0.184832,0.9166666666666666,1.0902777777777777,0.2917959999999999,3,1.0
3561,2020-01-01 01:21:08,gw_main,devC,0,867900000.0,7,125.0,-104.55010887764804,-5.918506079251757,"(-6.0, -4.0]",71.0,0.12825599999999998,0.6124031007751938,1.537828255513491,0.7350639562526293,3,1.0
3562,2020-01-01 01:21:09,gw_main,devA,1,868300000.0,7,125.0,-107.28189807964831,8.78458346385309,"(8.0, 10.0]",73.0,0.133376,0.9811320754716981,1.0192239231043076,0.15516393307226778,3,1.0
3563,2020-01-01 01:21:10,gw_main,devC,1,868300000.0,9,125.0,-98.47235060184752,-1.0060720432781636,"(-2.0, 0.0]",53.0,0.328704,0.826530612244898,1.203561016243232,0.5991763365264473,3,1.0
3564,2020-01-01 01:21:12,gw_main,devA,1,867100000.0,10,125.0,-103.4674486467713,0.6807833153807219,"(0.0, 2.0]",25.0,0.41164799999999996,0.8888888888888888,1.1234567901234567,0.5859255308641973,3,1.0
3565,2020-01-01 01:21:13,gw_main,devB,1,867100000.0,7,125.0,-91.50644811160893,-3.24121192134797,"(-4.0, -2.0]",67.0,0.123136,0.8152866242038217,1.2188324069941985,0.36891455426183606,3,1.0
3566,2020-01-01 01:21:14,gw_main,devB,1,867300000.0,7,125.0,-101.65567486548895,6.42258310869394,"(6.0, 8.0]",58.0,0.112896,0.9651162790697675,1.0361005949161708,0.15307220767982682,3,1.0
3567,2020-01-01 01:21:15,gw_main,devB,1,867100000.0,10,125.0,-81.35171916071774,4.654344145941279,"(4.0, 6.0]",72.0,0.780288,0.9736842105263158,1.0270083102493075,0.8283705706371192,3,1.0
3568,2020-01-01 01:21:16,gw_main,devB,1,867300000.0,8,125.0,-104.87072441919122,7.307494887623797,"(6.0, 8.0]",79.0,0.25651199999999996,0.9850746268656716,1.0151481398975275,0.27554581955892204,3,1.0
3569,2020-01-01 01:21:17,gw_main,devC,0,867900000.0,12,125.0,-103.10224861743143,3.4821517896452545,"(2.0, 4.0]",38.0,1.9742719999999998,0.782608695652174,1.2646502835538753,2.761413928166352,3,1.0
3570,2020-01-01 01:21:19,gw_main,devA,1,868300000.0,11,125.0,-95.60409636416797,-0.9577966709483458,"(-2.0, 0.0]",52.0,1.314816,0.7209302325581395,1.3569497025419146,2.1410888826392647,3,1.0
3571,2020-01-01 01:21:21,gw_main,devA,1,867300000.0,7,125.0,-106.13506628871316,-2.441649557726916,"(-4.0, -2.0]",49.0,0.097536,0.8152866242038217,1.2188324069941985,0.3377124446427846,3,1.0
3572,2020-01-01 01:21:22,gw_main,devC,1,868300000.0,7,125.0,-107.58674980398307,17.519837884159337,"(16.0, 18.0]",71.0,0.12825599999999998,0.8018720748829953,1.2373825998281742,0.3960843425517365,3,1.0
3573,2020-01-01 01:21:24,gw_main,devC,1,868300000.0,8,125.0,-105.83403617585884,-3.518336158631041,"(-4.0, -2.0]",49.0,0.174592,0.7203389830508474,1.3578713013501866,0.5949447675955184,3,1.0
3574,2020-01-01 01:21:25,gw_main,devB,1,868300000.0,9,125.0,-119.3197401501635,6.893416449857443,"(6.0, 8.0]",40.0,0.287744,0.9761904761904762,1.02437641723356,0.3191345850340136,3,1.0
3575,2020-01-01 01:21:30,gw_main,devA,1,868300000.0,7,125.0,-96.80988578521094,5.013197118028852,"(4.0, 6.0]",67.0,0.123136,0.976,1.024576,0.15073819033599992,3,1.0
3576,2020-01-01 01:21:32,gw_main,devA,1,867300000.0,8,125.0,-102.98408253292635,-1.8099742469503788,"(-2.0, 0.0]",78.0,0.246272,0.926605504587156,1.07878124736975,0.34445486272199305,3,1.0
3577,2020-01-01 01:21:33,gw_main,devA,1,867900000.0,8,125.0,-113.19181017524589,2.591479310690642,"(2.0, 4.0]",33.0,0.133632,0.9166666666666666,1.0902777777777777,0.23597377777777767,3,1.0
3578,2020-01-01 01:21:34,gw_main,devA,1,867100000.0,9,125.0,-123.08103179052736,5.063710950071176,"(4.0, 6.0]",23.0,0.20582399999999998,0.9516129032258065,1.0507284079084287,0.26699353173777307,3,1.0
3579,2020-01-01 01:21:35,gw_main,devA,1,867900000.0,10,125.0,-108.17301028191928,4.589821220303307,"(4.0, 6.0]",63.0,0.698368,0.9736842105263158,1.0270083102493075,0.7442380498614959,3,1.0
3580,2020-01-01 01:21:36,gw_main,devB,0,867900000.0,10,125.0,-110.3863663641473,-18.51801852597022,"(-20.0, -18.0]",49.0,0.575488,0.7102803738317757,1.37365708795528,1.1641802581884884,3,1.0
3581,2020-01-01 01:21:37,gw_main,devA,1,867300000.0,7,125.0,-111.4317726704155,-5.341580990476366,"(-6.0, -4.0]",27.0,0.066816,0.6124031007751938,1.537828255513491,0.6405797882338804,3,1.0
3582,2020-01-01 01:21:38,gw_main,devC,1,868300000.0,7,125.0,-118.23568401273215,-4.655192750374737,"(-6.0, -4.0]",77.0,0.13849599999999998,0.6124031007751938,1.537828255513491,0.7508113175890874,3,1.0
3583,2020-01-01 01:21:39,gw_main,devC,0,867300000.0,9,125.0,-100.7852376955018,-1.3819520023140746,"(-2.0, 0.0]",41.0,0.287744,0.826530612244898,1.203561016243232,0.5498784773011245,3,1.0
3584,2020-01-01 01:21:40,gw_main,devA,1,867100000.0,9,125.0,-99.08030647474988,1.0745186909582558,"(0.0, 2.0]",74.0,0.431104,0.8987341772151899,1.1115205896490947,0.590701561929178,3,1.0
3585,2020-01-01 01:21:41,gw_main,devB,1,868300000.0,10,125.0,-101.19857853040331,5.528606381976044,"(4.0, 6.0]",61.0,0.698368,0.9736842105263158,1.0270083102493075,0.7442380498614959,3,1.0
3586,2020-01-01 01:21:42,gw_main,devC,1,867300000.0,11,125.0,-96.44549867567656,3.7061116308748376,"(2.0, 4.0]",45.0,1.150976,0.9523809523809523,1.0498866213151927,1.258280925170068,3,1.0
3587,2020-01-01 01:21:43,gw_main,devB,0,867100000.0,7,125.0,-113.25687339234152,-0.7617159231206039,"(-2.0, 0.0]",44.0,0.092416,0.8554216867469879,1.165481201916098,0.27319031267237615,3,1.0
3588,2020-01-01 01:21:44,gw_main,devA,1,867900000.0,7,125.0,-100.75344231579767,0.13885382210916553,"(0.0, 2.0]",72.0,0.133376,0.9215686274509803,1.0845828527489427,0.2292401753171857,3,1.0
3589,2020-01-01 01:21:46,gw_main,devB,1,867300000.0,7,125.0,-110.24489919262712,-3.6765831840152274,"(-4.0, -2.0]",24.0,0.061695999999999994,0.8152866242038217,1.2188324069941985,0.29402949117611255,3,1.0
3590,2020-01-01 01:21:47,gw_main,devB,1,867300000.0,7,125.0,-105.8264760705219,1.8269351742826425,"(0.0, 2.0]",67.0,0.123136,0.9215686274509803,1.0845828527489427,0.21813404690503654,3,1.0
3591,2020-01-01 01:21:48,gw_main,devC,1,867100000.0,9,125.0,-114.37068878003451,9.39299481944885,"(8.0, 10.0]",24.0,0.20582399999999998,0.9655172413793104,1.0356718192627823,0.24883793579072516,3,1.0
3592,2020-01-01 01:21:50,gw_main,devC,0,867900000.0,9,125.0,-106.1671962773287,-12.26109477718023,"(-14.0, -12.0]",51.0,0.328704,0.06666666666666667,2.8044444444444445,2.7262765511111113,3,1.0
3593,2020-01-01 01:21:51,gw_main,devC,1,868300000.0,10,125.0,-121.59445042879359,2.2495658168766095,"(2.0, 4.0]",53.0,0.616448,0.9767441860465116,1.0237966468361277,0.654914042184965,3,1.0
3594,2020-01-01 01:21:52,gw_main,devB,1,867100000.0,8,125.0,-92.75748691924274,-2.3241314048146036,"(-4.0, -2.0]",28.0,0.12339199999999999,0.7203389830508474,1.3578713013501866,0.5254217569663888,3,1.0
3595,2020-01-01 01:21:53,gw_main,devC,1,867900000.0,10,125.0,-97.41141835680587,-0.6786071625587051,"(-2.0, 0.0]",46.0,0.575488,0.7575757575757576,1.3011937557392104,1.050015147842057,3,1.0
3596,2020-01-01 01:21:54,gw_main,devA,1,867900000.0,10,125.0,-98.97317032386302,6.306081558307589,"(6.0, 8.0]",71.0,0.780288,0.9666666666666667,1.0344444444444445,0.8416090311111112,3,1.0
3597,2020-01-01 01:21:55,gw_main,devA,1,867900000.0,8,125.0,-90.83281656983677,2.8172053712969403,"(2.0, 4.0]",68.0,0.225792,0.9166666666666666,1.0902777777777777,0.33645377777777763,3,1.0
3598,2020-01-01 01:21:56,gw_main,devA,1,867100000.0,9,125.0,-100.07688312196468,-1.584249031061116,"(-2.0, 0.0]",48.0,0.308224,0.826530612244898,1.203561016243232,0.5745274069137859,3,1.0
3599,2020-01-01 01:21:58,gw_main,devC,1,867900000.0,8,125.0,-91.48099082335551,2.611669378077771,"(2.0, 4.0]",36.0,0.143872,0.9166666666666666,1.0902777777777777,0.24713822222222212,3,1.0
3600,2020-01-01 01:22:00,gw_main,devC,1,867300000.0,9,125.0,-117.72709761978018,1.806047800404321,"(0.0, 2.0]",34.0,0.24678399999999998,0.8987341772151899,1.1115205896490947,0.38582608684505687,3,1.0
3601,2020-01-01 01:22:02,gw_main,devB,0,867900000.0,9,125.0,-108.06744372624665,-2.0371450254266574,"(-4.0, -2.0]",21.0,0.18534399999999998,0.7241379310344828,1.351961950059453,0.6025399857312723,3,1.0
3602,2020-01-01 01:22:03,gw_main,devC,1,867300000.0,8,125.0,-96.88434400914902,-2.7546002170653447,"(-4.0, -2.0]",26.0,0.11315199999999999,0.7203389830508474,1.3578713013501866,0.5115171548405629,3,1.0
3603,2020-01-01 01:22:04,gw_main,devA,1,868300000.0,7,125.0,-100.16709635571942,0.1509682867026116,"(0.0, 2.0]",63.0,0.118016,0.9215686274509803,1.0845828527489427,0.21258098269896195,3,1.0
3604,2020-01-01 01:22:05,gw_main,devA,0,868300000.0,9,125.0,-112.08287833548255,-5.725465454372287,"(-6.0, -4.0]",66.0,0.390144,0.4411764705882353,1.871107266435986,1.6011085397923872,3,1.0
3605,2020-01-01 01:22:06,gw_main,devA,0,868300000.0,8,125.0,-106.50090842817296,-7.553301724600427,"(-8.0, -6.0]",42.0,0.154112,0.5087719298245614,1.7325330871037241,0.9995372262234532,3,1.0
3606,2020-01-01 01:22:09,gw_main,devA,1,868300000.0,7,125.0,-107.42407346079044,-0.14401327295930788,"(-2.0, 0.0]",61.0,0.112896,0.8554216867469879,1.165481201916098,0.29705936768761787,3,1.0
3607,2020-01-01 01:22:10,gw_main,devB,1,867100000.0,7,125.0,-98.8208162719361,-0.8102641244910914,"(-2.0, 0.0]",34.0,0.077056,0.8554216867469879,1.165481201916098,0.25528852141094494,3,1.0
3608,2020-01-01 01:22:11,gw_main,devA,1,867900000.0,9,125.0,-89.33242325309942,0.14043425234184517,"(0.0, 2.0]",41.0,0.287744,0.8987341772151899,1.1115205896490947,0.4313539701970838,3,1.0
3609,2020-01-01 01:22:12,gw_main,devA,1,868300000.0,7,125.0,-103.52682875251521,0.13626570279990843,"(0.0, 2.0]",62.0,0.118016,0.9215686274509803,1.0845828527489427,0.21258098269896195,3,1.0
3610,2020-01-01 01:22:13,gw_main,devA,0,867900000.0,10,125.0,-108.35138117120222,0.3907494802763986,"(0.0, 2.0]",67.0,0.739328,0.8888888888888888,1.1234567901234567,0.9540598518518516,3,1.0
3611,2020-01-01 01:22:16,gw_main,devB,0,868300000.0,8,125.0,-109.90722169387149,-4.152568509652536,"(-6.0, -4.0]",73.0,0.236032,0.6025641025641025,1.5553911900065749,0.9225132833662067,3,1.0
3612,2020-01-01 01:22:17,gw_main,devC,1,867300000.0,9,125.0,-103.78005138374996,6.209431093727083,"(6.0, 8.0]",47.0,0.308224,0.9761904761904762,1.02437641723356,0.3401138140589569,3,1.0
3613,2020-01-01 01:22:18,gw_main,devC,0,867100000.0,9,125.0,-115.77243461260896,-11.512886589339505,"(-12.0, -10.0]",44.0,0.287744,0.23809523809523808,2.3424036281179133,2.016416217687074,3,1.0
3614,2020-01-01 01:22:20,gw_main,devC,1,867100000.0,11,125.0,-103.73605698591776,5.9527427819786425,"(4.0, 6.0]",35.0,0.9871359999999999,0.8571428571428571,1.1632653061224492,1.311566367346939,3,1.0
3615,2020-01-01 01:22:21,gw_main,devC,1,867900000.0,8,125.0,-97.57607745741522,-0.888900069571311,"(-2.0, 0.0]",64.0,0.215552,0.926605504587156,1.07878124736975,0.3113147028027944,3,1.0
3616,2020-01-01 01:22:22,gw_main,devB,1,868300000.0,7,125.0,-101.34173982221456,-4.0261258976092495,"(-6.0, -4.0]",70.0,0.12825599999999998,0.6124031007751938,1.537828255513491,0.7350639562526293,3,1.0
3617,2020-01-01 01:22:23,gw_main,devB,1,867300000.0,10,125.0,-108.32189096931508,2.2510417663390836,"(2.0, 4.0]",76.0,0.821248,0.9767441860465116,1.0237966468361277,0.8645875954570039,3,1.0
3618,2020-01-01 01:22:25,gw_main,devC,1,867900000.0,8,125.0,-103.06414476576003,0.46123200517334006,"(0.0, 2.0]",62.0,0.205312,0.9338842975206612,1.0704869885936752,0.2902708131958198,3,1.0
3619,2020-01-01 01:22:26,gw_main,devC,0,867900000.0,11,125.0,-90.66063346431035,-13.290918008880858,"(-14.0, -12.0]",33.0,0.9871359999999999,0.68,1.4223999999999999,1.8265022463999996,3,1.0
3620,2020-01-01 01:22:27,gw_main,devC,1,868300000.0,10,125.0,-101.41777560368695,-2.714165743045715,"(-4.0, -2.0]",47.0,0.575488,0.6428571428571429,1.4846938775510203,1.339117387755102,3,1.0
3621,2020-01-01 01:22:28,gw_main,devB,1,867300000.0,9,125.0,-105.9515409973036,-3.8990705443995113,"(-4.0, -2.0]",51.0,0.328704,0.7241379310344828,1.351961950059453,0.7963572508917955,3,1.0
3622,2020-01-01 01:22:29,gw_main,devC,1,867100000.0,7,125.0,-116.46735118077362,3.237696614895392,"(2.0, 4.0]",24.0,0.061695999999999994,0.952054794520548,1.0502439482079189,0.11503979883655464,3,1.0
3623,2020-01-01 01:22:30,gw_main,devB,1,867100000.0,12,125.0,-94.67805995714285,5.2546277639742565,"(4.0, 6.0]",27.0,1.6465919999999998,0.9230769230769231,1.0828402366863903,1.8658363076923068,3,1.0
3624,2020-01-01 01:22:31,gw_main,devC,0,867300000.0,8,125.0,-97.1895312931219,-5.1272859467782705,"(-6.0, -4.0]",25.0,0.11315199999999999,0.6025641025641025,1.5553911900065749,0.7313868139381988,3,1.0
3625,2020-01-01 01:22:32,gw_main,devA,1,867100000.0,7,125.0,-93.78812007963194,9.653467416995937,"(8.0, 10.0]",24.0,0.061695999999999994,0.9811320754716981,1.0192239231043076,0.08210596226415101,3,1.0
3626,2020-01-01 01:22:33,gw_main,devC,1,867900000.0,7,125.0,-110.68655419113306,-3.5521997436162005,"(-4.0, -2.0]",72.0,0.133376,0.8152866242038217,1.2188324069941985,0.38139539810945666,3,1.0
3627,2020-01-01 01:22:35,gw_main,devC,0,867100000.0,7,125.0,-93.81214206727293,-14.2782512552649,"(-16.0, -14.0]",43.0,0.087296,0.1,2.71,1.9465721599999999,3,1.0
3628,2020-01-01 01:22:36,gw_main,devB,1,868300000.0,8,125.0,-105.89322705145516,9.233765198162205,"(8.0, 10.0]",44.0,0.164352,0.9722222222222222,1.0285493827160495,0.19759353086419762,3,1.0
3629,2020-01-01 01:22:38,gw_main,devB,1,868300000.0,7,125.0,-100.16191236406546,-3.8839706111513266,"(-4.0, -2.0]",47.0,0.092416,0.8152866242038217,1.2188324069941985,0.33147202271897436,3,1.0
3630,2020-01-01 01:22:39,gw_main,devC,1,868300000.0,10,125.0,-117.07816656068341,-4.487389310680789,"(-6.0, -4.0]",21.0,0.37068799999999996,0.5,1.75,1.398704,3,1.0
3631,2020-01-01 01:22:40,gw_main,devC,1,867300000.0,7,125.0,-93.49886069686981,-6.553298876548649,"(-8.0, -6.0]",75.0,0.133376,0.5533980582524272,1.6460552361202754,0.8655994992930532,3,1.0
3632,2020-01-01 01:22:43,gw_main,devB,1,867100000.0,10,125.0,-102.92483480377298,10.741248901277098,"(10.0, 12.0]",77.0,0.821248,0.9,1.11,1.02158528,3,1.0
3633,2020-01-01 01:22:45,gw_main,devC,0,867300000.0,8,125.0,-100.494109740152,-14.101755001035135,"(-16.0, -14.0]",75.0,0.246272,0.125,2.640625,2.290937,3,1.0
3634,2020-01-01 01:22:46,gw_main,devB,1,867100000.0,7,125.0,-116.58259273810144,5.066603648968417,"(4.0, 6.0]",31.0,0.071936,0.976,1.024576,0.09827989913599992,3,1.0
3635,2020-01-01 01:22:47,gw_main,devC,1,867900000.0,8,125.0,-118.48121435279923,-2.209172957041498,"(-4.0, -2.0]",28.0,0.12339199999999999,0.7203389830508474,1.3578713013501866,0.5254217569663888,3,1.0
3636,2020-01-01 01:22:48,gw_main,devA,1,868300000.0,9,125.0,-97.97922137241659,-1.4224660774203648,"(-2.0, 0.0]",61.0,0.369664,0.826530612244898,1.203561016243232,0.6484741957517701,3,1.0
3637,2020-01-01 01:22:49,gw_main,devB,1,867900000.0,10,125.0,-123.31683543036193,9.403640210141157,"(8.0, 10.0]",68.0,0.739328,0.9473684210526315,1.0554016620498614,0.8356896620498613,3,1.0
3638,2020-01-01 01:22:50,gw_main,devC,1,867100000.0,9,125.0,-106.81756078747921,-1.5803277117674805,"(-2.0, 0.0]",40.0,0.287744,0.826530612244898,1.203561016243232,0.5498784773011245,3,1.0
3639,2020-01-01 01:22:51,gw_main,devC,1,867900000.0,10,125.0,-102.09052846839596,6.971959432850197,"(6.0, 8.0]",46.0,0.575488,0.9666666666666667,1.0344444444444445,0.629754808888889,3,1.0
3640,2020-01-01 01:22:52,gw_main,devA,1,867100000.0,8,125.0,-99.41515409088097,-0.029950078867253913,"(-2.0, 0.0]",23.0,0.11315199999999999,0.926605504587156,1.07878124736975,0.20084750307213195,3,1.0
3641,2020-01-01 01:22:55,gw_main,devB,1,868300000.0,7,125.0,-95.30948563214099,-3.6040946386523576,"(-4.0, -2.0]",22.0,0.056575999999999994,0.8152866242038217,1.2188324069941985,0.28778906925230224,3,1.0
3642,2020-01-01 01:22:56,gw_main,devC,1,867300000.0,7,125.0,-107.29983968892641,7.369769718511219,"(6.0, 8.0]",35.0,0.077056,0.9651162790697675,1.0361005949161708,0.11593836235803125,3,1.0
3643,2020-01-01 01:22:57,gw_main,devB,1,867300000.0,12,125.0,-107.15430679497676,5.759319081174173,"(4.0, 6.0]",42.0,2.138112,0.9230769230769231,1.0828402366863903,2.398073940828402,3,1.0
3644,2020-01-01 01:22:58,gw_main,devB,0,867100000.0,7,125.0,-112.38339738683972,0.3764034358398174,"(0.0, 2.0]",57.0,0.107776,0.9215686274509803,1.0845828527489427,0.20147485428681278,3,1.0
3645,2020-01-01 01:22:59,gw_main,devC,1,867300000.0,8,125.0,-104.19015315002004,3.659382255609577,"(2.0, 4.0]",62.0,0.205312,0.9166666666666666,1.0902777777777777,0.3141248888888888,3,1.0
3646,2020-01-01 01:23:00,gw_main,devA,1,867300000.0,8,125.0,-87.21385810922813,3.3876133074489667,"(2.0, 4.0]",27.0,0.12339199999999999,0.9166666666666666,1.0902777777777777,0.22480933333333322,3,1.0
3647,2020-01-01 01:23:01,gw_main,devB,0,868300000.0,10,125.0,-99.66135724788316,-1.6537032967448986,"(-2.0, 0.0]",48.0,0.575488,0.7575757575757576,1.3011937557392104,1.050015147842057,3,1.0
3648,2020-01-01 01:23:02,gw_main,devA,1,867300000.0,7,125.0,-106.74428964211488,5.370878625925762,"(4.0, 6.0]",58.0,0.112896,0.976,1.024576,0.1402465320959999,3,1.0
3649,2020-01-01 01:23:03,gw_main,devB,1,867100000.0,8,125.0,-116.45845256305725,-1.363749518904829,"(-2.0, 0.0]",35.0,0.143872,0.926605504587156,1.07878124736975,0.23398766299133067,3,1.0
3650,2020-01-01 01:23:04,gw_main,devC,1,867900000.0,8,125.0,-127.9404918809449,3.697234033517729,"(2.0, 4.0]",41.0,0.154112,0.9166666666666666,1.0902777777777777,0.25830266666666657,3,1.0
3651,2020-01-01 01:23:06,gw_main,devA,1,867300000.0,8,125.0,-112.7033826276579,0.6121699859992569,"(0.0, 2.0]",20.0,0.10291199999999999,0.9338842975206612,1.0704869885936752,0.1806529455638275,3,1.0
3652,2020-01-01 01:23:07,gw_main,devB,1,867900000.0,10,125.0,-102.63299253026123,2.4965545208009896,"(2.0, 4.0]",28.0,0.41164799999999996,0.9767441860465116,1.0237966468361277,0.44524048891292595,3,1.0
3653,2020-01-01 01:23:10,gw_main,devB,1,867900000.0,9,125.0,-107.97902408177153,-3.1862669463103988,"(-4.0, -2.0]",68.0,0.410624,0.7241379310344828,1.351961950059453,0.9071099738406659,3,1.0
3654,2020-01-01 01:23:12,gw_main,devC,1,867900000.0,9,125.0,-103.23249477568474,-4.300999101134693,"(-6.0, -4.0]",40.0,0.287744,0.4411764705882353,1.871107266435986,1.4095071557093424,3,1.0
3655,2020-01-01 01:23:13,gw_main,devA,1,867300000.0,7,125.0,-110.15067457280614,2.65040569005233,"(2.0, 4.0]",39.0,0.082176,0.952054794520548,1.0502439482079189,0.1365487948958528,3,1.0
3656,2020-01-01 01:23:14,gw_main,devC,1,867100000.0,7,125.0,-106.33724531925074,9.172650224005196,"(8.0, 10.0]",27.0,0.066816,0.9811320754716981,1.0192239231043076,0.08732438875044507,3,1.0
3657,2020-01-01 01:23:15,gw_main,devB,1,867300000.0,8,125.0,-112.5256106744312,2.166811951616978,"(2.0, 4.0]",54.0,0.184832,0.9166666666666666,1.0902777777777777,0.2917959999999999,3,1.0
3658,2020-01-01 01:23:16,gw_main,devC,1,867900000.0,10,125.0,-101.84105162621853,-9.641355733232121,"(-10.0, -8.0]",41.0,0.534528,0.18181818181818182,2.487603305785124,2.817296925619835,3,1.0
3659,2020-01-01 01:23:17,gw_main,devC,1,867300000.0,8,125.0,-120.89358547820801,0.7860764300929743,"(0.0, 2.0]",46.0,0.164352,0.9338842975206612,1.0704869885936752,0.24642366614302288,3,1.0
3660,2020-01-01 01:23:18,gw_main,devB,1,867900000.0,8,125.0,-106.88246284480994,6.279598804493396,"(6.0, 8.0]",53.0,0.184832,0.9850746268656716,1.0151481398975275,0.2027800008910673,3,1.0
