sample_id,probe_id,cloud_region,rtt_ms,one_way_delay_ms,min_cloud_region,min_rtt_ms
0,50000,Milan-MIL01.csv,65.24727115383108,32.62363557691554,Frankfurt-FRA01.csv,37.513834628476765
1,50001,Milan-MIL01.csv,23.521466234883064,11.760733117441532,Milan-MIL01.csv,23.521466234883064
2,50002,Milan-MIL01.csv,53.917876744359944,26.958938372179972,Amsterdam-AMS03.csv,45.900066969756956
3,50003,Milan-MIL01.csv,122.4790356104119,61.23951780520595,Amsterdam-AMS03.csv,32.30313840682369
4,50004,Milan-MIL01.csv,27.96043773214741,13.980218866073704,Milan-MIL01.csv,27.96043773214741
5,50005,Milan-MIL01.csv,72.02393500542765,36.01196750271382,Amsterdam-AMS03.csv,28.483207879560233
6,50006,Milan-MIL01.csv,42.13749375091078,21.06874687545539,Milan-MIL01.csv,42.13749375091078
7,50007,Milan-MIL01.csv,112.35451903170876,56.17725951585438,Amsterdam-AMS03.csv,32.60666712053155
8,50008,Milan-MIL01.csv,45.04651694900582,22.52325847450291,Amsterdam-AMS03.csv,29.99406984607372
9,50009,Milan-MIL01.csv,41.84861178410268,20.92430589205134,Milan-MIL01.csv,41.84861178410268
10,50010,Milan-MIL01.csv,118.55891066320925,59.27945533160462,Amsterdam-AMS03.csv,49.21661876692333
11,50011,Milan-MIL01.csv,99.55153894639376,49.77576947319688,Amsterdam-AMS03.csv,30.162704236128643
12,50012,Milan-MIL01.csv,47.34069361393363,23.670346806966815,Frankfurt-FRA01.csv,27.66386190529671
13,50013,Milan-MIL01.csv,22.416734143733773,11.208367071866887,Milan-MIL01.csv,22.416734143733773
14,50014,Milan-MIL01.csv,26.032446749234627,13.016223374617313,Milan-MIL01.csv,26.032446749234627
15,50015,Milan-MIL01.csv,68.21499996898707,34.107499984493536,Frankfurt-FRA01.csv,34.148319584476944
16,50016,Milan-MIL01.csv,68.86951870343981,34.434759351719904,Frankfurt-FRA01.csv,31.761595115338835
17,50017,Milan-MIL01.csv,28.870474367716277,14.435237183858138,Milan-MIL01.csv,28.870474367716277
18,50018,Milan-MIL01.csv,98.31599588489816,49.15799794244908,Frankfurt-FRA01.csv,55.93899359427745
19,50019,Milan-MIL01.csv,71.03092587894669,35.515462939473345,Amsterdam-AMS03.csv,44.82403281104639
20,50020,Milan-MIL01.csv,43.69857557169854,21.84928778584927,Milan-MIL01.csv,43.69857557169854
21,50021,Milan-MIL01.csv,52.1487940283378,26.0743970141689,Frankfurt-FRA01.csv,44.36226168915981
22,50022,Milan-MIL01.csv,60.53577398556842,30.26788699278421,Amsterdam-AMS03.csv,46.984416906987356
23,50023,Milan-MIL01.csv,42.44967031557336,21.22483515778668,Milan-MIL01.csv,42.44967031557336
24,50024,Milan-MIL01.csv,76.30073350267023,38.15036675133511,Amsterdam-AMS03.csv,26.47774170404508
25,50025,Milan-MIL01.csv,51.296492992655736,25.648246496327868,Frankfurt-FRA01.csv,43.26325941604062
26,50026,Milan-MIL01.csv,51.5916994610898,25.7958497305449,Amsterdam-AMS03.csv,40.4661716534734
27,50027,Milan-MIL01.csv,84.85306751788806,42.42653375894403,Amsterdam-AMS03.csv,37.919520752265164
28,50028,Milan-MIL01.csv,68.35468739108282,34.17734369554141,Frankfurt-FRA01.csv,46.51102452779409
29,50029,Milan-MIL01.csv,28.01402825882194,14.00701412941097,Milan-MIL01.csv,28.01402825882194
30,50030,Milan-MIL01.csv,55.58169058620364,27.79084529310182,Frankfurt-FRA01.csv,38.35456743742739
31,50031,Milan-MIL01.csv,34.01271267325652,17.00635633662826,Amsterdam-AMS03.csv,29.08775936619193
32,50032,Milan-MIL01.csv,59.90637727074041,29.953188635370203,Frankfurt-FRA01.csv,38.87175159993764
33,50033,Milan-MIL01.csv,67.82891631222269,33.914458156111344,Amsterdam-AMS03.csv,35.172518774571984
34,50034,Milan-MIL01.csv,29.486252923811684,14.743126461905842,Milan-MIL01.csv,29.486252923811684
35,50035,Milan-MIL01.csv,86.69092652410063,43.345463262050316,Amsterdam-AMS03.csv,30.65188212153347
36,50036,Milan-MIL01.csv,126.68534482728676,63.34267241364338,Frankfurt-FRA01.csv,27.384307679278027
37,50037,Milan-MIL01.csv,66.24364243641557,33.121821218207785,Amsterdam-AMS03.csv,48.60599561210098
38,50038,Milan-MIL01.csv,32.92692013178702,16.46346006589351,Milan-MIL01.csv,32.92692013178702
39,50039,Milan-MIL01.csv,51.483835271246335,25.741917635623167,Frankfurt-FRA01.csv,34.49605725261183
40,50040,Milan-MIL01.csv,63.61167102161678,31.80583551080839,Frankfurt-FRA01.csv,34.62677278632824
41,50041,Milan-MIL01.csv,69.2690869996662,34.6345434998331,Frankfurt-FRA01.csv,53.1721493424756
42,50042,Milan-MIL01.csv,71.45783288547976,35.72891644273988,Amsterdam-AMS03.csv,26.950212266454457
43,50043,Milan-MIL01.csv,39.841124377792944,19.920562188896472,Milan-MIL01.csv,39.841124377792944
44,50044,Milan-MIL01.csv,44.1283303540424,22.0641651770212,Frankfurt-FRA01.csv,36.88549898632626
45,50045,Milan-MIL01.csv,77.8913083658042,38.9456541829021,Frankfurt-FRA01.csv,57.951983778267554
46,50046,Milan-MIL01.csv,216.26703191868626,108.13351595934313,Frankfurt-FRA01.csv,43.58283049233826
47,50047,Milan-MIL01.csv,63.4519298646737,31.72596493233685,Frankfurt-FRA01.csv,39.0960443853839
48,50048,Milan-MIL01.csv,55.603986154146604,27.801993077073302,Amsterdam-AMS03.csv,38.24750734698232
49,50049,Milan-MIL01.csv,74.22554140107987,37.11277070053993,Amsterdam-AMS03.csv,38.48203226535382
50,50050,Milan-MIL01.csv,122.15477667523994,61.07738833761997,Amsterdam-AMS03.csv,38.31175543522953
51,50051,Milan-MIL01.csv,58.160849286772105,29.080424643386053,Amsterdam-AMS03.csv,31.403642026877648
52,50052,Milan-MIL01.csv,17.488817003844975,8.744408501922488,Milan-MIL01.csv,17.488817003844975
53,50053,Milan-MIL01.csv,43.838278168156016,21.919139084078008,Amsterdam-AMS03.csv,43.477860620026064
54,50054,Milan-MIL01.csv,40.388644986997186,20.194322493498593,Milan-MIL01.csv,40.388644986997186
55,50055,Milan-MIL01.csv,34.21004942251667,17.105024711258334,Amsterdam-AMS03.csv,26.781674455948544
56,50056,Milan-MIL01.csv,29.470098687083574,14.735049343541787,Milan-MIL01.csv,29.470098687083574
57,50057,Milan-MIL01.csv,35.481702384324805,17.740851192162403,Amsterdam-AMS03.csv,33.152346613945326
58,50058,Milan-MIL01.csv,175.17008691384186,87.58504345692093,Frankfurt-FRA01.csv,27.093638097494445
59,50059,Milan-MIL01.csv,76.7848226874381,38.39241134371905,Amsterdam-AMS03.csv,38.820004080585036
60,50060,Milan-MIL01.csv,61.070597750840165,30.535298875420082,Amsterdam-AMS03.csv,44.434120738810016
61,50061,Milan-MIL01.csv,30.30712217712585,15.153561088562926,Milan-MIL01.csv,30.30712217712585
62,50062,Milan-MIL01.csv,45.10098060173904,22.55049030086952,Frankfurt-FRA01.csv,44.47730727025815
63,50063,Milan-MIL01.csv,64.59071788720844,32.29535894360422,Amsterdam-AMS03.csv,45.77416035551929
64,50064,Milan-MIL01.csv,50.362760763279525,25.181380381639762,Frankfurt-FRA01.csv,33.46332450195448
65,50065,Milan-MIL01.csv,50.18681713821506,25.09340856910753,Amsterdam-AMS03.csv,48.6150971398077
66,50066,Milan-MIL01.csv,115.8629129546995,57.93145647734975,Amsterdam-AMS03.csv,46.425934234039204
67,50067,Milan-MIL01.csv,102.95173712379649,51.475868561898245,Frankfurt-FRA01.csv,60.72675734976619
68,50068,Milan-MIL01.csv,69.72619013971646,34.86309506985823,Amsterdam-AMS03.csv,38.71582344943679
69,50069,Milan-MIL01.csv,26.357715420827496,13.178857710413748,Milan-MIL01.csv,26.357715420827496
70,50070,Milan-MIL01.csv,56.969869116337,28.4849345581685,Amsterdam-AMS03.csv,37.25381969161873
71,50071,Milan-MIL01.csv,32.354001257518306,16.177000628759153,Frankfurt-FRA01.csv,32.217586040061974
72,50072,Milan-MIL01.csv,38.89221698583846,19.44610849291923,Milan-MIL01.csv,38.89221698583846
73,50073,Milan-MIL01.csv,49.90068446351322,24.95034223175661,Frankfurt-FRA01.csv,43.93335196738763
74,50074,Milan-MIL01.csv,62.67723752648423,31.338618763242113,Frankfurt-FRA01.csv,42.55493967969898
75,50075,Milan-MIL01.csv,84.83202629281136,42.41601314640568,Amsterdam-AMS03.csv,29.937322740453656
76,50076,Milan-MIL01.csv,18.077058318286724,9.038529159143362,Milan-MIL01.csv,18.077058318286724
77,50077,Milan-MIL01.csv,74.24621926796512,37.12310963398256,Frankfurt-FRA01.csv,55.13398372177164
78,50078,Milan-MIL01.csv,40.675034011297356,20.337517005648678,Amsterdam-AMS03.csv,31.052197698347534
79,50079,Milan-MIL01.csv,52.48880160316525,26.244400801582625,Amsterdam-AMS03.csv,47.18970672488686
80,50080,Milan-MIL01.csv,35.149823229527534,17.574911614763767,Milan-MIL01.csv,35.149823229527534
81,50081,Milan-MIL01.csv,109.90607415444923,54.953037077224614,Frankfurt-FRA01.csv,42.06090223297051
82,50082,Milan-MIL01.csv,53.30006467417812,26.65003233708906,Amsterdam-AMS03.csv,36.43177858959194
83,50083,Milan-MIL01.csv,78.37955737180297,39.18977868590149,Frankfurt-FRA01.csv,48.314141062983296
84,50084,Milan-MIL01.csv,36.81108084657273,18.405540423286364,Amsterdam-AMS03.csv,31.671965119778605
85,50085,Milan-MIL01.csv,85.02923457855181,42.514617289275904,Frankfurt-FRA01.csv,39.704228085313936
86,50086,Milan-MIL01.csv,58.661878419632984,29.330939209816492,Frankfurt-FRA01.csv,32.727144532090115
87,50087,Milan-MIL01.csv,36.5968534380469,18.29842671902345,Milan-MIL01.csv,36.5968534380469
88,50088,Milan-MIL01.csv,48.94346231755154,24.47173115877577,Amsterdam-AMS03.csv,41.27902770754787
89,50089,Milan-MIL01.csv,40.34592663023933,20.172963315119667,Milan-MIL01.csv,40.34592663023933
90,50090,Milan-MIL01.csv,36.74700776916605,18.373503884583027,Milan-MIL01.csv,36.74700776916605
91,50091,Milan-MIL01.csv,99.31926099146104,49.65963049573052,Frankfurt-FRA01.csv,45.39546829887543
92,50092,Milan-MIL01.csv,60.230469616192046,30.115234808096023,Amsterdam-AMS03.csv,40.14637409801182
93,50093,Milan-MIL01.csv,43.79330782073141,21.896653910365703,Amsterdam-AMS03.csv,28.62618222224792
94,50094,Milan-MIL01.csv,25.624048397115555,12.812024198557777,Milan-MIL01.csv,25.624048397115555
95,50095,Milan-MIL01.csv,83.81437122961508,41.90718561480754,Frankfurt-FRA01.csv,21.100247264206107
96,50096,Milan-MIL01.csv,50.830113945300255,25.415056972650127,Amsterdam-AMS03.csv,45.55424890615432
97,50097,Milan-MIL01.csv,44.85102916085433,22.425514580427166,Amsterdam-AMS03.csv,29.03557911348441
98,50098,Milan-MIL01.csv,35.75370465292234,17.87685232646117,Milan-MIL01.csv,35.75370465292234
99,50099,Milan-MIL01.csv,104.23988118603108,52.11994059301554,Amsterdam-AMS03.csv,28.13200406120475
100,50100,Milan-MIL01.csv,89.34947202830101,44.674736014150504,Frankfurt-FRA01.csv,61.36275569783666
101,50101,Milan-MIL01.csv,44.02904960419796,22.01452480209898,Milan-MIL01.csv,44.02904960419796
102,50102,Milan-MIL01.csv,40.97982790958276,20.48991395479138,Amsterdam-AMS03.csv,31.942942961223405
103,50103,Milan-MIL01.csv,43.088028214594964,21.544014107297482,Amsterdam-AMS03.csv,41.583617778963
104,50104,Milan-MIL01.csv,48.31604105453724,24.15802052726862,Amsterdam-AMS03.csv,24.403915248856947
105,50105,Milan-MIL01.csv,51.120309030496905,25.560154515248453,Amsterdam-AMS03.csv,24.337526327571805
106,50106,Milan-MIL01.csv,26.908417195018913,13.454208597509457,Amsterdam-AMS03.csv,18.907163074276706
107,50107,Milan-MIL01.csv,37.68242910346844,18.84121455173422,Milan-MIL01.csv,37.68242910346844
108,50108,Milan-MIL01.csv,51.3767955790805,25.68839778954025,Milan-MIL01.csv,51.3767955790805
109,50109,Milan-MIL01.csv,83.75485743254279,41.877428716271396,Amsterdam-AMS03.csv,54.424930054085344
110,50110,Milan-MIL01.csv,66.8460207072105,33.42301035360525,Frankfurt-FRA01.csv,63.26129947206129
111,50111,Milan-MIL01.csv,55.53891184407503,27.769455922037515,Amsterdam-AMS03.csv,30.911572257455276
112,50112,Milan-MIL01.csv,35.587997831666506,17.793998915833253,Milan-MIL01.csv,35.587997831666506
113,50113,Milan-MIL01.csv,61.46708480846955,30.733542404234775,Amsterdam-AMS03.csv,25.699343410484563
114,50114,Milan-MIL01.csv,75.31756894007059,37.65878447003529,Amsterdam-AMS03.csv,38.3626658190767
115,50115,Milan-MIL01.csv,80.02097716159848,40.01048858079924,Frankfurt-FRA01.csv,53.005836266825746
116,50116,Milan-MIL01.csv,94.57476697976105,47.287383489880526,Frankfurt-FRA01.csv,47.43419940242572
117,50117,Milan-MIL01.csv,45.16352241722577,22.581761208612885,Milan-MIL01.csv,45.16352241722577
118,50118,Milan-MIL01.csv,39.565119121458416,19.782559560729208,Milan-MIL01.csv,39.565119121458416
119,50119,Milan-MIL01.csv,85.00384813952085,42.50192406976043,Frankfurt-FRA01.csv,25.505220460970605
120,50120,Milan-MIL01.csv,42.08103158661777,21.040515793308884,Milan-MIL01.csv,42.08103158661777
121,50121,Milan-MIL01.csv,68.58011582158734,34.29005791079367,Amsterdam-AMS03.csv,46.87342200327892
122,50122,Milan-MIL01.csv,53.08328183112128,26.54164091556064,Amsterdam-AMS03.csv,31.211661101813664
123,50123,Milan-MIL01.csv,26.193168910480125,13.096584455240063,Milan-MIL01.csv,26.193168910480125
124,50124,Milan-MIL01.csv,52.40927906174145,26.204639530870725,Amsterdam-AMS03.csv,18.139115789791635
125,50125,Milan-MIL01.csv,46.94736233136661,23.473681165683306,Milan-MIL01.csv,46.94736233136661
126,50126,Milan-MIL01.csv,43.975959193675216,21.987979596837608,Amsterdam-AMS03.csv,27.518688436732408
127,50127,Milan-MIL01.csv,41.788241254961434,20.894120627480717,Milan-MIL01.csv,41.788241254961434
128,50128,Milan-MIL01.csv,28.35438071925044,14.17719035962522,Milan-MIL01.csv,28.35438071925044
129,50129,Milan-MIL01.csv,39.43382191896086,19.71691095948043,Frankfurt-FRA01.csv,26.731286712293592
130,50130,Milan-MIL01.csv,40.43921978027033,20.219609890135164,Amsterdam-AMS03.csv,34.565962147940304
131,50131,Milan-MIL01.csv,79.79567597018588,39.89783798509294,Frankfurt-FRA01.csv,41.87484017641272
132,50132,Milan-MIL01.csv,45.268150146774964,22.634075073387482,Milan-MIL01.csv,45.268150146774964
133,50133,Milan-MIL01.csv,56.709560451545514,28.354780225772757,Amsterdam-AMS03.csv,40.785602378464795
134,50134,Milan-MIL01.csv,109.69224351356347,54.846121756781734,Frankfurt-FRA01.csv,44.664640829175354
135,50135,Milan-MIL01.csv,21.561737270854103,10.780868635427051,Milan-MIL01.csv,21.561737270854103
136,50136,Milan-MIL01.csv,83.18016195166436,41.59008097583218,Amsterdam-AMS03.csv,44.91609400426273
137,50137,Milan-MIL01.csv,56.6175273261347,28.30876366306735,Amsterdam-AMS03.csv,40.31487052517939
138,50138,Milan-MIL01.csv,43.169553800405716,21.584776900202858,Milan-MIL01.csv,43.169553800405716
139,50139,Milan-MIL01.csv,29.422087139227003,14.711043569613501,Milan-MIL01.csv,29.422087139227003
140,50140,Milan-MIL01.csv,84.82100808688512,42.41050404344256,Frankfurt-FRA01.csv,42.69757523409335
141,50141,Milan-MIL01.csv,60.90275428239924,30.45137714119962,Amsterdam-AMS03.csv,46.8023593167975
142,50142,Milan-MIL01.csv,44.4715609522286,22.2357804761143,Frankfurt-FRA01.csv,29.193224991352544
143,50143,Milan-MIL01.csv,31.80385809223962,15.90192904611981,Amsterdam-AMS03.csv,27.31767179220679
144,50144,Milan-MIL01.csv,85.22430560527502,42.61215280263751,Amsterdam-AMS03.csv,39.11912724083751
145,50145,Milan-MIL01.csv,108.88221164189967,54.441105820949836,Frankfurt-FRA01.csv,32.19894591673499
146,50146,Milan-MIL01.csv,35.47670437130638,17.73835218565319,Milan-MIL01.csv,35.47670437130638
147,50147,Milan-MIL01.csv,52.57500227161595,26.287501135807975,Amsterdam-AMS03.csv,42.08277471308597
148,50148,Milan-MIL01.csv,63.45422153735204,31.72711076867602,Frankfurt-FRA01.csv,56.32116383081037
149,50149,Milan-MIL01.csv,81.29025479424556,40.64512739712278,Amsterdam-AMS03.csv,37.33014675650762
150,50150,Milan-MIL01.csv,45.61928410859214,22.80964205429607,Milan-MIL01.csv,45.61928410859214
151,50151,Milan-MIL01.csv,139.74906608366172,69.87453304183086,Amsterdam-AMS03.csv,39.50665723961755
152,50152,Milan-MIL01.csv,53.73270054158759,26.866350270793795,Frankfurt-FRA01.csv,36.44327507164529
153,50153,Milan-MIL01.csv,47.36572900042239,23.682864500211195,Milan-MIL01.csv,47.36572900042239
154,50154,Milan-MIL01.csv,38.05686618917352,19.02843309458676,Frankfurt-FRA01.csv,32.03906894368038
155,50155,Milan-MIL01.csv,32.99034007893262,16.49517003946631,Milan-MIL01.csv,32.99034007893262
156,50156,Milan-MIL01.csv,76.41963169757017,38.209815848785084,Frankfurt-FRA01.csv,58.27844841852575
157,50157,Milan-MIL01.csv,56.75864637183205,28.379323185916025,Frankfurt-FRA01.csv,23.458187535812492
158,50158,Milan-MIL01.csv,38.49282723113212,19.24641361556606,Amsterdam-AMS03.csv,29.02484083463206
159,50159,Milan-MIL01.csv,35.003773931941716,17.501886965970858,Milan-MIL01.csv,35.003773931941716
160,50160,Milan-MIL01.csv,86.16434851082278,43.08217425541139,Amsterdam-AMS03.csv,27.46825221727713
161,50161,Milan-MIL01.csv,93.42258556556736,46.71129278278368,Amsterdam-AMS03.csv,46.067072948111914
162,50162,Milan-MIL01.csv,73.87434911996864,36.93717455998432,Frankfurt-FRA01.csv,29.641465417613947
163,50163,Milan-MIL01.csv,60.06061653399115,30.030308266995576,Amsterdam-AMS03.csv,22.823195692342345
164,50164,Milan-MIL01.csv,43.17562488816998,21.58781244408499,Milan-MIL01.csv,43.17562488816998
165,50165,Milan-MIL01.csv,89.2931754227131,44.64658771135655,Amsterdam-AMS03.csv,36.947897418604306
166,50166,Milan-MIL01.csv,101.35192050630403,50.67596025315201,Frankfurt-FRA01.csv,35.44875415037357
167,50167,Milan-MIL01.csv,62.4626685600282,31.2313342800141,Frankfurt-FRA01.csv,32.18807213442789
168,50168,Milan-MIL01.csv,51.28395236080589,25.641976180402946,Amsterdam-AMS03.csv,36.9391743379029
169,50169,Milan-MIL01.csv,122.40259916114316,61.20129958057158,Frankfurt-FRA01.csv,57.155112816949554
170,50170,Milan-MIL01.csv,40.22099413151278,20.11049706575639,Amsterdam-AMS03.csv,31.671931232728674
171,50171,Milan-MIL01.csv,70.10654031404579,35.053270157022894,Frankfurt-FRA01.csv,42.1809984660523
172,50172,Milan-MIL01.csv,148.67558771025662,74.33779385512831,Frankfurt-FRA01.csv,47.766215185626166
173,50173,Milan-MIL01.csv,60.67934480385649,30.339672401928244,Frankfurt-FRA01.csv,34.350706573649425
174,50174,Milan-MIL01.csv,53.07360771030505,26.536803855152524,Frankfurt-FRA01.csv,28.184781972317857
175,50175,Milan-MIL01.csv,21.282352186761923,10.641176093380961,Milan-MIL01.csv,21.282352186761923
176,50176,Milan-MIL01.csv,38.310172743404316,19.155086371702158,Milan-MIL01.csv,38.310172743404316
177,50177,Milan-MIL01.csv,54.03267745178015,27.016338725890076,Amsterdam-AMS03.csv,33.95466709812207
178,50178,Milan-MIL01.csv,135.57086347638335,67.78543173819168,Amsterdam-AMS03.csv,30.247831013606053
179,50179,Milan-MIL01.csv,32.79215849842265,16.396079249211326,Milan-MIL01.csv,32.79215849842265
180,50180,Milan-MIL01.csv,162.54353345345945,81.27176672672972,Frankfurt-FRA01.csv,31.19549158391477
181,50181,Milan-MIL01.csv,58.927131670033695,29.463565835016848,Amsterdam-AMS03.csv,45.11544422473144
182,50182,Milan-MIL01.csv,52.103416966424774,26.051708483212387,Frankfurt-FRA01.csv,29.494366527520476
183,50183,Milan-MIL01.csv,71.2366815257363,35.61834076286815,Frankfurt-FRA01.csv,42.27793503827018
184,50184,Milan-MIL01.csv,32.53121611798335,16.265608058991674,Milan-MIL01.csv,32.53121611798335
185,50185,Milan-MIL01.csv,72.7146493622831,36.35732468114155,Amsterdam-AMS03.csv,56.59010550626915
186,50186,Milan-MIL01.csv,121.97095368067107,60.98547684033554,Amsterdam-AMS03.csv,22.382951945379194
187,50187,Milan-MIL01.csv,23.766511329365905,11.883255664682952,Milan-MIL01.csv,23.766511329365905
188,50188,Milan-MIL01.csv,38.15805827892841,19.079029139464204,Amsterdam-AMS03.csv,36.4303072090638
189,50189,Milan-MIL01.csv,32.054153255634496,16.027076627817248,Frankfurt-FRA01.csv,20.110662071092516
190,50190,Milan-MIL01.csv,61.80348780968079,30.901743904840394,Amsterdam-AMS03.csv,38.815904954733334
191,50191,Milan-MIL01.csv,61.02199667162813,30.510998335814065,Milan-MIL01.csv,61.02199667162813
192,50192,Milan-MIL01.csv,135.44029600033556,67.72014800016778,Amsterdam-AMS03.csv,42.912988191334655
193,50193,Milan-MIL01.csv,34.690667052309514,17.345333526154757,Frankfurt-FRA01.csv,34.13616425959187
194,50194,Milan-MIL01.csv,97.92051938558758,48.96025969279379,Amsterdam-AMS03.csv,30.260506221179924
195,50195,Milan-MIL01.csv,45.77535282427035,22.887676412135175,Milan-MIL01.csv,45.77535282427035
196,50196,Milan-MIL01.csv,69.88581916641867,34.942909583209335,Frankfurt-FRA01.csv,39.17853853389406
197,50197,Milan-MIL01.csv,54.022590205916444,27.011295102958222,Milan-MIL01.csv,54.022590205916444
198,50198,Milan-MIL01.csv,76.84438232458656,38.42219116229328,Amsterdam-AMS03.csv,56.02729109841445
199,50199,Milan-MIL01.csv,37.93586102285196,18.96793051142598,Milan-MIL01.csv,37.93586102285196
200,50200,Milan-MIL01.csv,89.45729730377317,44.72864865188659,Frankfurt-FRA01.csv,33.97288646076531
201,50201,Milan-MIL01.csv,78.61207800695904,39.30603900347952,Amsterdam-AMS03.csv,35.515009264166444
202,50202,Milan-MIL01.csv,27.156250811031487,13.578125405515744,Milan-MIL01.csv,27.156250811031487
203,50203,Milan-MIL01.csv,45.547968095560094,22.773984047780047,Milan-MIL01.csv,45.547968095560094
204,50204,Milan-MIL01.csv,60.907341618421285,30.453670809210642,Frankfurt-FRA01.csv,56.977874607693025
205,50205,Milan-MIL01.csv,32.03042941606336,16.01521470803168,Milan-MIL01.csv,32.03042941606336
206,50206,Milan-MIL01.csv,31.284820774559233,15.642410387279616,Milan-MIL01.csv,31.284820774559233
207,50207,Milan-MIL01.csv,39.22491520759313,19.612457603796564,Milan-MIL01.csv,39.22491520759313
208,50208,Milan-MIL01.csv,61.89458986847148,30.94729493423574,Amsterdam-AMS03.csv,25.302833934853684
209,50209,Milan-MIL01.csv,66.72553064709443,33.362765323547215,Frankfurt-FRA01.csv,55.11509577218209
210,50210,Milan-MIL01.csv,35.83824587980692,17.91912293990346,Milan-MIL01.csv,35.83824587980692
211,50211,Milan-MIL01.csv,68.89187985602366,34.44593992801183,Frankfurt-FRA01.csv,37.42159889579915
212,50212,Milan-MIL01.csv,22.15977134654536,11.07988567327268,Milan-MIL01.csv,22.15977134654536
213,50213,Milan-MIL01.csv,148.641722948178,74.320861474089,Amsterdam-AMS03.csv,41.130890557469115
214,50214,Milan-MIL01.csv,46.793702424406355,23.396851212203178,Amsterdam-AMS03.csv,45.246688491336236
215,50215,Milan-MIL01.csv,109.81993328971124,54.90996664485562,Amsterdam-AMS03.csv,33.06266383041232
216,50216,Milan-MIL01.csv,47.361287966782854,23.680643983391427,Frankfurt-FRA01.csv,36.03091311116605
217,50217,Milan-MIL01.csv,49.11938573663848,24.55969286831924,Amsterdam-AMS03.csv,41.630202330392365
218,50218,Milan-MIL01.csv,71.41784630877522,35.70892315438761,Frankfurt-FRA01.csv,50.38195582263296
219,50219,Milan-MIL01.csv,67.43573040315016,33.71786520157508,Frankfurt-FRA01.csv,44.0293424574455
220,50220,Milan-MIL01.csv,28.394840728524212,14.197420364262106,Milan-MIL01.csv,28.394840728524212
221,50221,Milan-MIL01.csv,44.968024921988935,22.484012460994467,Frankfurt-FRA01.csv,27.598302024248525
222,50222,Milan-MIL01.csv,54.000254660796784,27.000127330398392,Amsterdam-AMS03.csv,33.23183873646442
223,50223,Milan-MIL01.csv,48.45332933306489,24.226664666532447,Milan-MIL01.csv,48.45332933306489
224,50224,Milan-MIL01.csv,48.65870541902746,24.32935270951373,Frankfurt-FRA01.csv,29.383984123712157
225,50225,Milan-MIL01.csv,45.77912644335752,22.88956322167876,Milan-MIL01.csv,45.77912644335752
226,50226,Milan-MIL01.csv,47.46628397177437,23.733141985887183,Milan-MIL01.csv,47.46628397177437
227,50227,Milan-MIL01.csv,71.7321712946028,35.8660856473014,Frankfurt-FRA01.csv,24.408644896744793
228,50228,Milan-MIL01.csv,54.17261667461009,27.086308337305045,Frankfurt-FRA01.csv,37.33168221808731
229,50229,Milan-MIL01.csv,50.2914227633559,25.14571138167795,Amsterdam-AMS03.csv,44.30956678341697
230,50230,Milan-MIL01.csv,39.031907431573295,19.515953715786647,Amsterdam-AMS03.csv,28.104390560898707
231,50231,Milan-MIL01.csv,98.02092789784385,49.010463948921924,Frankfurt-FRA01.csv,50.8345470227946
232,50232,Milan-MIL01.csv,49.86323599097952,24.93161799548976,Amsterdam-AMS03.csv,45.69838846443767
233,50233,Milan-MIL01.csv,114.99512547037358,57.49756273518679,Amsterdam-AMS03.csv,35.367225227978054
234,50234,Milan-MIL01.csv,50.45911069035179,25.229555345175896,Frankfurt-FRA01.csv,50.42523846285668
235,50235,Milan-MIL01.csv,36.11655361559251,18.058276807796254,Frankfurt-FRA01.csv,32.513977287665554
236,50236,Milan-MIL01.csv,50.78560474196574,25.39280237098287,Amsterdam-AMS03.csv,29.88571250450508
237,50237,Milan-MIL01.csv,48.90120903350486,24.45060451675243,Amsterdam-AMS03.csv,40.7824782530722
238,50238,Milan-MIL01.csv,49.253482029609735,24.626741014804868,Frankfurt-FRA01.csv,33.709517612992045
239,50239,Milan-MIL01.csv,54.08838280352044,27.04419140176022,Amsterdam-AMS03.csv,45.87039244306664
240,50240,Milan-MIL01.csv,52.8373277634874,26.4186638817437,Milan-MIL01.csv,52.8373277634874
241,50241,Milan-MIL01.csv,96.88244750774562,48.44122375387281,Frankfurt-FRA01.csv,28.85670498429283
242,50242,Milan-MIL01.csv,37.50091685782494,18.75045842891247,Amsterdam-AMS03.csv,30.05964314225092
243,50243,Milan-MIL01.csv,35.32152324901841,17.660761624509206,Milan-MIL01.csv,35.32152324901841
244,50244,Milan-MIL01.csv,35.59193354289913,17.795966771449564,Amsterdam-AMS03.csv,21.2748125805164
245,50245,Milan-MIL01.csv,97.64507117621363,48.82253558810682,Amsterdam-AMS03.csv,54.76462472076043
246,50246,Milan-MIL01.csv,50.66844198359885,25.334220991799427,Frankfurt-FRA01.csv,38.0932812667249
247,50247,Milan-MIL01.csv,60.254670835114936,30.127335417557468,Amsterdam-AMS03.csv,50.135907241260576
248,50248,Milan-MIL01.csv,103.86607594316185,51.93303797158092,Amsterdam-AMS03.csv,26.441432704110195
249,50249,Milan-MIL01.csv,58.71767485753071,29.358837428765355,Amsterdam-AMS03.csv,32.15060706730721
250,50250,Milan-MIL01.csv,30.17940658591734,15.08970329295867,Milan-MIL01.csv,30.17940658591734
251,50251,Milan-MIL01.csv,67.19699589938001,33.59849794969001,Frankfurt-FRA01.csv,46.31068912089153
252,50252,Milan-MIL01.csv,90.4690874793691,45.23454373968455,Amsterdam-AMS03.csv,50.66669141901874
253,50253,Milan-MIL01.csv,146.5901286638311,73.29506433191555,Amsterdam-AMS03.csv,26.597820110278416
254,50254,Milan-MIL01.csv,109.95909701720271,54.979548508601354,Amsterdam-AMS03.csv,31.214239220872244
255,50255,Milan-MIL01.csv,58.56338838121666,29.28169419060833,Frankfurt-FRA01.csv,31.481169195690555
256,50256,Milan-MIL01.csv,59.66671566840219,29.833357834201095,Milan-MIL01.csv,59.66671566840219
257,50257,Milan-MIL01.csv,58.93146520723721,29.465732603618605,Amsterdam-AMS03.csv,36.745820339882776
258,50258,Milan-MIL01.csv,46.254096616770404,23.127048308385202,Amsterdam-AMS03.csv,39.06894960742609
259,50259,Milan-MIL01.csv,106.56646053520839,53.283230267604196,Frankfurt-FRA01.csv,50.12747371574388
260,50260,Milan-MIL01.csv,49.718964543563985,24.859482271781992,Amsterdam-AMS03.csv,25.806383160959047
261,50261,Milan-MIL01.csv,46.337614595235564,23.168807297617782,Amsterdam-AMS03.csv,40.02876671077095
262,50262,Milan-MIL01.csv,31.265774856203006,15.632887428101503,Milan-MIL01.csv,31.265774856203006
263,50263,Milan-MIL01.csv,26.519721588867665,13.259860794433832,Amsterdam-AMS03.csv,24.770934260670483
264,50264,Milan-MIL01.csv,48.06003146123305,24.030015730616526,Frankfurt-FRA01.csv,18.446077261909466
265,50265,Milan-MIL01.csv,70.64373982047118,35.32186991023559,Amsterdam-AMS03.csv,39.090835970294044
266,50266,Milan-MIL01.csv,35.26300933546134,17.63150466773067,Milan-MIL01.csv,35.26300933546134
267,50267,Milan-MIL01.csv,43.283388721381016,21.641694360690508,Frankfurt-FRA01.csv,33.20040517591321
268,50268,Milan-MIL01.csv,29.987890284444823,14.993945142222412,Milan-MIL01.csv,29.987890284444823
269,50269,Milan-MIL01.csv,33.13274796105379,16.566373980526894,Milan-MIL01.csv,33.13274796105379
270,50270,Milan-MIL01.csv,36.425858758376776,18.212929379188388,Amsterdam-AMS03.csv,28.620808077172033
271,50271,Milan-MIL01.csv,82.69012084981863,41.34506042490931,Amsterdam-AMS03.csv,34.58981390339495
272,50272,Milan-MIL01.csv,148.7398753502483,74.36993767512415,Amsterdam-AMS03.csv,41.36573264899017
273,50273,Milan-MIL01.csv,92.71193342754651,46.355966713773256,Amsterdam-AMS03.csv,32.48544674053741
274,50274,Milan-MIL01.csv,60.91004546245485,30.455022731227427,Frankfurt-FRA01.csv,46.18035767631817
275,50275,Milan-MIL01.csv,41.4301326339931,20.71506631699655,Frankfurt-FRA01.csv,29.94100340417178
276,50276,Milan-MIL01.csv,90.75090474524772,45.37545237262386,Amsterdam-AMS03.csv,39.648392564369686
277,50277,Milan-MIL01.csv,35.43183936707977,17.715919683539884,Milan-MIL01.csv,35.43183936707977
278,50278,Milan-MIL01.csv,29.015806235237896,14.507903117618948,Milan-MIL01.csv,29.015806235237896
279,50279,Milan-MIL01.csv,92.876692245748,46.438346122874,Frankfurt-FRA01.csv,34.44853671458368
280,50280,Milan-MIL01.csv,29.623509352447492,14.811754676223746,Milan-MIL01.csv,29.623509352447492
281,50281,Milan-MIL01.csv,86.71341001487937,43.356705007439686,Amsterdam-AMS03.csv,67.89074228646373
282,50282,Milan-MIL01.csv,53.030381340209324,26.515190670104662,Milan-MIL01.csv,53.030381340209324
283,50283,Milan-MIL01.csv,81.40755026390276,40.70377513195138,Amsterdam-AMS03.csv,32.96501612928993
284,50284,Milan-MIL01.csv,25.516657486096307,12.758328743048153,Milan-MIL01.csv,25.516657486096307
285,50285,Milan-MIL01.csv,69.03843672445531,34.519218362227654,Amsterdam-AMS03.csv,40.7776498564771
286,50286,Milan-MIL01.csv,67.4934151477691,33.74670757388455,Frankfurt-FRA01.csv,35.64266153078428
287,50287,Milan-MIL01.csv,72.77715087527346,36.38857543763673,Frankfurt-FRA01.csv,49.745231323357686
288,50288,Milan-MIL01.csv,29.095355952556385,14.547677976278193,Milan-MIL01.csv,29.095355952556385
289,50289,Milan-MIL01.csv,44.66600837813343,22.333004189066713,Amsterdam-AMS03.csv,31.982834033407453
290,50290,Milan-MIL01.csv,25.81781527194108,12.90890763597054,Milan-MIL01.csv,25.81781527194108
291,50291,Milan-MIL01.csv,103.4322129326633,51.71610646633165,Amsterdam-AMS03.csv,41.22488152558893
292,50292,Milan-MIL01.csv,50.73734863550166,25.36867431775083,Frankfurt-FRA01.csv,34.41656546852091
293,50293,Milan-MIL01.csv,48.57560993560943,24.287804967804714,Amsterdam-AMS03.csv,31.181234887828353
294,50294,Milan-MIL01.csv,81.56504469120327,40.782522345601635,Frankfurt-FRA01.csv,30.295191307655827
295,50295,Milan-MIL01.csv,42.9133234302654,21.4566617151327,Milan-MIL01.csv,42.9133234302654
296,50296,Milan-MIL01.csv,55.93655220295669,27.968276101478345,Frankfurt-FRA01.csv,45.15190638146022
297,50297,Milan-MIL01.csv,44.52739828234131,22.263699141170655,Frankfurt-FRA01.csv,35.7192797301081
298,50298,Milan-MIL01.csv,71.78393158074132,35.89196579037066,Amsterdam-AMS03.csv,46.732826197382444
299,50299,Milan-MIL01.csv,19.0136388544763,9.50681942723815,Milan-MIL01.csv,19.0136388544763
300,50300,Milan-MIL01.csv,87.66300622631174,43.83150311315587,Amsterdam-AMS03.csv,31.33229803759308
301,50301,Milan-MIL01.csv,55.97745550527702,27.98872775263851,Amsterdam-AMS03.csv,55.48395570896579
302,50302,Milan-MIL01.csv,33.439737217767835,16.719868608883917,Milan-MIL01.csv,33.439737217767835
303,50303,Milan-MIL01.csv,91.17015131325017,45.58507565662509,Amsterdam-AMS03.csv,34.97266055115964
304,50304,Milan-MIL01.csv,144.65593391761416,72.32796695880708,Amsterdam-AMS03.csv,35.272119895190066
305,50305,Milan-MIL01.csv,38.4742611506704,19.2371305753352,Amsterdam-AMS03.csv,32.9371108063632
306,50306,Milan-MIL01.csv,55.492207992993805,27.746103996496903,Amsterdam-AMS03.csv,25.66458189691667
307,50307,Milan-MIL01.csv,55.94834636376236,27.97417318188118,Milan-MIL01.csv,55.94834636376236
308,50308,Milan-MIL01.csv,72.85729838049294,36.42864919024647,Amsterdam-AMS03.csv,22.790250062339922
309,50309,Milan-MIL01.csv,27.645753868478593,13.822876934239297,Milan-MIL01.csv,27.645753868478593
310,50310,Milan-MIL01.csv,53.223277978046866,26.611638989023433,Milan-MIL01.csv,53.223277978046866
311,50311,Milan-MIL01.csv,38.52537651498417,19.262688257492083,Frankfurt-FRA01.csv,36.692928154421054
312,50312,Milan-MIL01.csv,62.4881752786949,31.24408763934745,Frankfurt-FRA01.csv,39.58089666803095
313,50313,Milan-MIL01.csv,35.62661501092051,17.813307505460255,Milan-MIL01.csv,35.62661501092051
314,50314,Milan-MIL01.csv,43.479455424937484,21.739727712468742,Amsterdam-AMS03.csv,31.89561650826463
315,50315,Milan-MIL01.csv,41.45755465474211,20.728777327371056,Frankfurt-FRA01.csv,35.76358798143252
316,50316,Milan-MIL01.csv,41.793608599104225,20.896804299552112,Amsterdam-AMS03.csv,32.31380640766316
317,50317,Milan-MIL01.csv,54.90180028535159,27.450900142675795,Amsterdam-AMS03.csv,43.29872324965918
318,50318,Milan-MIL01.csv,56.45381520593546,28.22690760296773,Amsterdam-AMS03.csv,51.86180634895858
319,50319,Milan-MIL01.csv,29.354825011952563,14.677412505976282,Milan-MIL01.csv,29.354825011952563
320,50320,Milan-MIL01.csv,41.110449926977175,20.555224963488588,Milan-MIL01.csv,41.110449926977175
321,50321,Milan-MIL01.csv,49.75640858118082,24.87820429059041,Amsterdam-AMS03.csv,34.310532395735756
322,50322,Milan-MIL01.csv,75.00729862736269,37.50364931368134,Frankfurt-FRA01.csv,35.97507844844385
323,50323,Milan-MIL01.csv,101.4682516280232,50.7341258140116,Frankfurt-FRA01.csv,57.80910401356385
324,50324,Milan-MIL01.csv,48.46977629958808,24.23488814979404,Milan-MIL01.csv,48.46977629958808
325,50325,Milan-MIL01.csv,65.38946095150439,32.694730475752195,Frankfurt-FRA01.csv,22.877216116459664
326,50326,Milan-MIL01.csv,105.14995016563434,52.57497508281717,Frankfurt-FRA01.csv,39.74071288054149
327,50327,Milan-MIL01.csv,77.63425912606345,38.81712956303173,Frankfurt-FRA01.csv,42.908489959018446
328,50328,Milan-MIL01.csv,48.79916830701806,24.39958415350903,Milan-MIL01.csv,48.79916830701806
329,50329,Milan-MIL01.csv,49.64809080281538,24.82404540140769,Frankfurt-FRA01.csv,49.591904900617735
330,50330,Milan-MIL01.csv,36.100112262300655,18.050056131150328,Frankfurt-FRA01.csv,35.28915788140909
331,50331,Milan-MIL01.csv,123.0727397197217,61.53636985986085,Amsterdam-AMS03.csv,44.82368840916491
332,50332,Milan-MIL01.csv,69.89149019867635,34.945745099338176,Frankfurt-FRA01.csv,49.70483875225956
333,50333,Milan-MIL01.csv,49.33738910607927,24.668694553039636,Frankfurt-FRA01.csv,38.83299050358024
334,50334,Milan-MIL01.csv,51.621211679974444,25.810605839987222,Frankfurt-FRA01.csv,38.26314236684744
335,50335,Milan-MIL01.csv,103.30361701668163,51.651808508340814,Amsterdam-AMS03.csv,45.98358503790658
336,50336,Milan-MIL01.csv,88.27151867567815,44.135759337839076,Frankfurt-FRA01.csv,41.713955205563906
337,50337,Milan-MIL01.csv,88.55582632425309,44.277913162126545,Amsterdam-AMS03.csv,28.15887814492565
338,50338,Milan-MIL01.csv,87.19341691661019,43.596708458305095,Amsterdam-AMS03.csv,69.31195903944501
339,50339,Milan-MIL01.csv,44.44902363838488,22.22451181919244,Milan-MIL01.csv,44.44902363838488
340,50340,Milan-MIL01.csv,43.4577833211791,21.72889166058955,Amsterdam-AMS03.csv,33.357149471954564
341,50341,Milan-MIL01.csv,66.0816113525806,33.0408056762903,Amsterdam-AMS03.csv,47.62963318445785
342,50342,Milan-MIL01.csv,45.951841994315195,22.975920997157598,Frankfurt-FRA01.csv,32.3740523841683
343,50343,Milan-MIL01.csv,63.19674060505772,31.59837030252886,Amsterdam-AMS03.csv,30.410721853022924
344,50344,Milan-MIL01.csv,48.40858422363673,24.204292111818365,Amsterdam-AMS03.csv,36.717953155921194
345,50345,Milan-MIL01.csv,51.463517434719506,25.731758717359753,Frankfurt-FRA01.csv,39.42266595887745
346,50346,Milan-MIL01.csv,87.57219468490273,43.78609734245136,Frankfurt-FRA01.csv,28.165322901397605
347,50347,Milan-MIL01.csv,41.26290661849421,20.631453309247107,Milan-MIL01.csv,41.26290661849421
348,50348,Milan-MIL01.csv,43.46405538172549,21.732027690862743,Milan-MIL01.csv,43.46405538172549
349,50349,Milan-MIL01.csv,115.15403804291863,57.577019021459314,Frankfurt-FRA01.csv,32.90806767537108
350,50350,Milan-MIL01.csv,30.969874293121688,15.484937146560844,Milan-MIL01.csv,30.969874293121688
351,50351,Milan-MIL01.csv,64.86498855711818,32.43249427855909,Milan-MIL01.csv,64.86498855711818
352,50352,Milan-MIL01.csv,56.42260281402448,28.21130140701224,Amsterdam-AMS03.csv,33.15735244277153
353,50353,Milan-MIL01.csv,46.402520821097035,23.201260410548517,Milan-MIL01.csv,46.402520821097035
354,50354,Milan-MIL01.csv,118.57715938339372,59.28857969169686,Amsterdam-AMS03.csv,60.43782717744713
355,50355,Milan-MIL01.csv,41.8848253879856,20.9424126939928,Milan-MIL01.csv,41.8848253879856
356,50356,Milan-MIL01.csv,21.12213268621855,10.561066343109275,Milan-MIL01.csv,21.12213268621855
357,50357,Milan-MIL01.csv,92.33989233823776,46.16994616911888,Amsterdam-AMS03.csv,40.90343391775884
358,50358,Milan-MIL01.csv,136.9409899129767,68.47049495648835,Amsterdam-AMS03.csv,47.946286668716326
359,50359,Milan-MIL01.csv,27.229462696944513,13.614731348472256,Milan-MIL01.csv,27.229462696944513
360,50360,Milan-MIL01.csv,64.61780987780593,32.30890493890296,Amsterdam-AMS03.csv,24.67942722650258
361,50361,Milan-MIL01.csv,57.094727892618614,28.547363946309307,Frankfurt-FRA01.csv,52.83413355912015
362,50362,Milan-MIL01.csv,61.16630923905548,30.58315461952774,Amsterdam-AMS03.csv,55.31692687002996
363,50363,Milan-MIL01.csv,79.86623568234117,39.933117841170585,Amsterdam-AMS03.csv,27.41368091948866
364,50364,Milan-MIL01.csv,63.2238891328166,31.6119445664083,Amsterdam-AMS03.csv,32.98932553186548
365,50365,Milan-MIL01.csv,66.20591599640142,33.10295799820071,Frankfurt-FRA01.csv,37.88144274798313
366,50366,Milan-MIL01.csv,25.9958912824332,12.9979456412166,Milan-MIL01.csv,25.9958912824332
367,50367,Milan-MIL01.csv,30.35277178144604,15.17638589072302,Amsterdam-AMS03.csv,23.733580684401577
368,50368,Milan-MIL01.csv,77.88796122232817,38.943980611164086,Amsterdam-AMS03.csv,38.59316365440312
369,50369,Milan-MIL01.csv,60.266455692186,30.133227846093,Frankfurt-FRA01.csv,45.39054171295453
370,50370,Milan-MIL01.csv,67.86358428315782,33.93179214157891,Frankfurt-FRA01.csv,52.817392283626745
371,50371,Milan-MIL01.csv,79.33255857913385,39.66627928956692,Frankfurt-FRA01.csv,43.00958651168835
372,50372,Milan-MIL01.csv,27.146189868985452,13.573094934492726,Milan-MIL01.csv,27.146189868985452
373,50373,Milan-MIL01.csv,25.822214532781697,12.911107266390848,Milan-MIL01.csv,25.822214532781697
374,50374,Milan-MIL01.csv,37.893885872544146,18.946942936272073,Milan-MIL01.csv,37.893885872544146
375,50375,Milan-MIL01.csv,72.99865941296208,36.49932970648104,Frankfurt-FRA01.csv,46.29353276835254
376,50376,Milan-MIL01.csv,58.86318152750934,29.43159076375467,Amsterdam-AMS03.csv,36.10136212629594
377,50377,Milan-MIL01.csv,32.178553321481225,16.089276660740612,Milan-MIL01.csv,32.178553321481225
378,50378,Milan-MIL01.csv,48.1117442159124,24.0558721079562,Amsterdam-AMS03.csv,37.7586008025096
379,50379,Milan-MIL01.csv,53.88178266979081,26.940891334895404,Amsterdam-AMS03.csv,36.848193181052196
380,50380,Milan-MIL01.csv,47.073509726357024,23.536754863178512,Milan-MIL01.csv,47.073509726357024
381,50381,Milan-MIL01.csv,52.49148279235054,26.24574139617527,Frankfurt-FRA01.csv,36.6279545717221
382,50382,Milan-MIL01.csv,98.12020919508126,49.06010459754063,Amsterdam-AMS03.csv,29.3968580120593
383,50383,Milan-MIL01.csv,53.268346746895894,26.634173373447947,Frankfurt-FRA01.csv,43.491580857078915
384,50384,Milan-MIL01.csv,58.87600912786089,29.438004563930445,Amsterdam-AMS03.csv,51.344738073470644
385,50385,Milan-MIL01.csv,41.65231910722064,20.82615955361032,Frankfurt-FRA01.csv,38.16588521373918
386,50386,Milan-MIL01.csv,120.02384360310737,60.01192180155368,Amsterdam-AMS03.csv,43.43596133367994
387,50387,Milan-MIL01.csv,67.95922015021948,33.97961007510974,Amsterdam-AMS03.csv,40.40553345650303
388,50388,Milan-MIL01.csv,52.02320755035801,26.011603775179005,Amsterdam-AMS03.csv,35.76932889699627
389,50389,Milan-MIL01.csv,56.67609090343221,28.338045451716106,Frankfurt-FRA01.csv,48.33059746619386
390,50390,Milan-MIL01.csv,82.9017810450192,41.4508905225096,Frankfurt-FRA01.csv,41.95966181355793
391,50391,Milan-MIL01.csv,38.73989922235907,19.369949611179536,Frankfurt-FRA01.csv,36.693179240446206
392,50392,Milan-MIL01.csv,91.56515645784165,45.782578228920826,Amsterdam-AMS03.csv,37.24696599129075
393,50393,Milan-MIL01.csv,30.479486850186507,15.239743425093254,Milan-MIL01.csv,30.479486850186507
394,50394,Milan-MIL01.csv,30.20989469331146,15.10494734665573,Milan-MIL01.csv,30.20989469331146
395,50395,Milan-MIL01.csv,37.64471550406078,18.82235775203039,Amsterdam-AMS03.csv,26.193282771200895
396,50396,Milan-MIL01.csv,26.828168581077296,13.414084290538648,Milan-MIL01.csv,26.828168581077296
397,50397,Milan-MIL01.csv,65.59598648178063,32.797993240890314,Frankfurt-FRA01.csv,61.589123700661155
398,50398,Milan-MIL01.csv,48.67234201760258,24.33617100880129,Milan-MIL01.csv,48.67234201760258
399,50399,Milan-MIL01.csv,62.184632681067995,31.092316340533998,Amsterdam-AMS03.csv,23.490769260243976
400,50400,Milan-MIL01.csv,102.59664454818686,51.29832227409343,Frankfurt-FRA01.csv,43.086958581367334
401,50401,Milan-MIL01.csv,34.590370165000685,17.295185082500343,Amsterdam-AMS03.csv,34.30696338062244
402,50402,Milan-MIL01.csv,76.88384115958719,38.441920579793596,Frankfurt-FRA01.csv,49.45509987882109
403,50403,Milan-MIL01.csv,44.67504441397724,22.33752220698862,Milan-MIL01.csv,44.67504441397724
404,50404,Milan-MIL01.csv,80.4420231659184,40.2210115829592,Frankfurt-FRA01.csv,49.178079956088425
405,50405,Milan-MIL01.csv,88.40740039623967,44.20370019811983,Frankfurt-FRA01.csv,43.110051817752456
406,50406,Milan-MIL01.csv,49.001780099956214,24.500890049978107,Frankfurt-FRA01.csv,26.847748033907973
407,50407,Milan-MIL01.csv,75.67367163160311,37.83683581580156,Frankfurt-FRA01.csv,38.6508922255453
408,50408,Milan-MIL01.csv,48.43027463816477,24.215137319082384,Milan-MIL01.csv,48.43027463816477
409,50409,Milan-MIL01.csv,108.13824238160018,54.06912119080009,Amsterdam-AMS03.csv,52.26750922192347
410,50410,Milan-MIL01.csv,39.19024528282806,19.59512264141403,Amsterdam-AMS03.csv,36.98769187384508
411,50411,Milan-MIL01.csv,59.60590483958707,29.802952419793534,Amsterdam-AMS03.csv,39.63388762245099
412,50412,Milan-MIL01.csv,27.882349023529,13.9411745117645,Milan-MIL01.csv,27.882349023529
413,50413,Milan-MIL01.csv,38.681094054859,19.3405470274295,Amsterdam-AMS03.csv,30.707087388160772
414,50414,Milan-MIL01.csv,67.68081887599375,33.840409437996875,Frankfurt-FRA01.csv,31.217294324079436
415,50415,Milan-MIL01.csv,71.66912693543871,35.834563467719356,Amsterdam-AMS03.csv,31.338662782487155
416,50416,Milan-MIL01.csv,68.59656957288499,34.298284786442494,Frankfurt-FRA01.csv,42.50658103430465
417,50417,Milan-MIL01.csv,189.2002511263074,94.6001255631537,Amsterdam-AMS03.csv,23.454626001185208
418,50418,Milan-MIL01.csv,78.50811671585583,39.25405835792792,Amsterdam-AMS03.csv,46.819380386262345
419,50419,Milan-MIL01.csv,32.77424976574666,16.38712488287333,Amsterdam-AMS03.csv,29.95476320657866
420,50420,Milan-MIL01.csv,56.24113703000867,28.120568515004337,Amsterdam-AMS03.csv,35.85014164199938
421,50421,Milan-MIL01.csv,78.03377273521666,39.01688636760833,Amsterdam-AMS03.csv,54.065952284692216
422,50422,Milan-MIL01.csv,38.501618371534846,19.250809185767423,Frankfurt-FRA01.csv,35.90430325530135
423,50423,Milan-MIL01.csv,32.129462378153875,16.064731189076937,Milan-MIL01.csv,32.129462378153875
424,50424,Milan-MIL01.csv,101.38266394039445,50.691331970197226,Frankfurt-FRA01.csv,35.405293308672626
425,50425,Milan-MIL01.csv,59.63225252508348,29.81612626254174,Amsterdam-AMS03.csv,31.44129448786441
426,50426,Milan-MIL01.csv,23.36151037250594,11.68075518625297,Milan-MIL01.csv,23.36151037250594
427,50427,Milan-MIL01.csv,51.10303274169451,25.551516370847256,Frankfurt-FRA01.csv,30.21386795052872
428,50428,Milan-MIL01.csv,64.8947106701631,32.44735533508155,Milan-MIL01.csv,64.8947106701631
429,50429,Milan-MIL01.csv,67.13509786049842,33.56754893024921,Amsterdam-AMS03.csv,66.91814635799955
430,50430,Milan-MIL01.csv,65.11905409027014,32.55952704513507,Amsterdam-AMS03.csv,31.76661644435046
431,50431,Milan-MIL01.csv,64.27372387711779,32.136861938558894,Amsterdam-AMS03.csv,31.048836178273024
432,50432,Milan-MIL01.csv,43.251186827345876,21.625593413672938,Milan-MIL01.csv,43.251186827345876
433,50433,Milan-MIL01.csv,48.91833801266918,24.45916900633459,Amsterdam-AMS03.csv,33.77796338040558
434,50434,Milan-MIL01.csv,66.99272497677931,33.49636248838966,Amsterdam-AMS03.csv,58.230969792906144
435,50435,Milan-MIL01.csv,49.23985542585264,24.61992771292632,Frankfurt-FRA01.csv,39.01238623040433
436,50436,Milan-MIL01.csv,92.03590661227251,46.017953306136256,Frankfurt-FRA01.csv,34.144319665337385
437,50437,Milan-MIL01.csv,37.187071710838346,18.593535855419173,Milan-MIL01.csv,37.187071710838346
438,50438,Milan-MIL01.csv,58.48237123767292,29.24118561883646,Frankfurt-FRA01.csv,43.10240422850509
439,50439,Milan-MIL01.csv,67.99436691850786,33.99718345925393,Frankfurt-FRA01.csv,42.59768445507861
440,50440,Milan-MIL01.csv,65.21521920770765,32.607609603853824,Frankfurt-FRA01.csv,24.441104515292253
441,50441,Milan-MIL01.csv,61.314571088078935,30.657285544039468,Amsterdam-AMS03.csv,37.79104736151616
442,50442,Milan-MIL01.csv,47.493070527294016,23.746535263647008,Amsterdam-AMS03.csv,45.26505933467619
443,50443,Milan-MIL01.csv,44.52395465359868,22.26197732679934,Frankfurt-FRA01.csv,33.43243671023956
444,50444,Milan-MIL01.csv,30.017109978294155,15.008554989147077,Milan-MIL01.csv,30.017109978294155
445,50445,Milan-MIL01.csv,44.47417973181563,22.237089865907816,Milan-MIL01.csv,44.47417973181563
446,50446,Milan-MIL01.csv,68.96039054196757,34.480195270983785,Amsterdam-AMS03.csv,37.91469820611768
447,50447,Milan-MIL01.csv,113.11340223882154,56.55670111941077,Amsterdam-AMS03.csv,40.24726045621045
448,50448,Milan-MIL01.csv,34.34129585164413,17.170647925822063,Amsterdam-AMS03.csv,19.741941438269887
449,50449,Milan-MIL01.csv,28.55784548145896,14.27892274072948,Milan-MIL01.csv,28.55784548145896
450,50450,Milan-MIL01.csv,156.09874864551753,78.04937432275877,Amsterdam-AMS03.csv,40.62047387699645
451,50451,Milan-MIL01.csv,32.27885856515136,16.13942928257568,Milan-MIL01.csv,32.27885856515136
452,50452,Milan-MIL01.csv,109.54354849933509,54.771774249667544,Amsterdam-AMS03.csv,40.23964707363418
453,50453,Milan-MIL01.csv,85.6785091076481,42.83925455382405,Amsterdam-AMS03.csv,79.28997158060612
454,50454,Milan-MIL01.csv,87.64392560383169,43.821962801915845,Frankfurt-FRA01.csv,26.163408984642746
455,50455,Milan-MIL01.csv,47.48573948106243,23.742869740531216,Amsterdam-AMS03.csv,40.37174432165939
456,50456,Milan-MIL01.csv,60.28863264938164,30.14431632469082,Amsterdam-AMS03.csv,42.58056406144536
457,50457,Milan-MIL01.csv,66.32884295503683,33.16442147751842,Amsterdam-AMS03.csv,39.80524591215509
458,50458,Milan-MIL01.csv,37.14199631420309,18.570998157101545,Milan-MIL01.csv,37.14199631420309
459,50459,Milan-MIL01.csv,106.007326003051,53.0036630015255,Amsterdam-AMS03.csv,47.41531085607994
460,50460,Milan-MIL01.csv,22.467618867514076,11.233809433757038,Milan-MIL01.csv,22.467618867514076
461,50461,Milan-MIL01.csv,45.060616616227975,22.530308308113987,Milan-MIL01.csv,45.060616616227975
462,50462,Milan-MIL01.csv,35.60548509677332,17.80274254838666,Milan-MIL01.csv,35.60548509677332
463,50463,Milan-MIL01.csv,51.82350264456118,25.91175132228059,Milan-MIL01.csv,51.82350264456118
464,50464,Milan-MIL01.csv,78.05641709752815,39.02820854876408,Frankfurt-FRA01.csv,28.877574010880807
465,50465,Milan-MIL01.csv,38.63095464198712,19.31547732099356,Milan-MIL01.csv,38.63095464198712
466,50466,Milan-MIL01.csv,70.40614614801396,35.20307307400698,Amsterdam-AMS03.csv,44.869406065091155
467,50467,Milan-MIL01.csv,27.380088704567516,13.690044352283758,Milan-MIL01.csv,27.380088704567516
468,50468,Milan-MIL01.csv,115.54949388730257,57.77474694365129,Frankfurt-FRA01.csv,47.50846932389963
469,50469,Milan-MIL01.csv,47.735893755373255,23.867946877686627,Milan-MIL01.csv,47.735893755373255
470,50470,Milan-MIL01.csv,87.2239154139293,43.61195770696465,Frankfurt-FRA01.csv,51.71039910053565
471,50471,Milan-MIL01.csv,57.60077243707376,28.80038621853688,Amsterdam-AMS03.csv,56.982213193687
472,50472,Milan-MIL01.csv,55.559457952702914,27.779728976351457,Amsterdam-AMS03.csv,33.06871757931384
473,50473,Milan-MIL01.csv,67.78484000024784,33.89242000012392,Amsterdam-AMS03.csv,31.43506552204983
474,50474,Milan-MIL01.csv,58.5254918827559,29.26274594137795,Amsterdam-AMS03.csv,57.09262583687891
475,50475,Milan-MIL01.csv,78.49258637328934,39.24629318664467,Amsterdam-AMS03.csv,31.23870054983493
476,50476,Milan-MIL01.csv,128.87681331891085,64.43840665945542,Frankfurt-FRA01.csv,40.229263610874646
477,50477,Milan-MIL01.csv,29.91856828707224,14.95928414353612,Milan-MIL01.csv,29.91856828707224
478,50478,Milan-MIL01.csv,26.650138317170164,13.325069158585082,Milan-MIL01.csv,26.650138317170164
479,50479,Milan-MIL01.csv,86.52268559372942,43.26134279686471,Frankfurt-FRA01.csv,44.237060441717816
480,50480,Milan-MIL01.csv,25.613338280940503,12.806669140470252,Milan-MIL01.csv,25.613338280940503
481,50481,Milan-MIL01.csv,113.32461207295239,56.662306036476195,Amsterdam-AMS03.csv,35.769208132602245
482,50482,Milan-MIL01.csv,91.44893485566544,45.72446742783272,Amsterdam-AMS03.csv,23.189836779747644
483,50483,Milan-MIL01.csv,96.7397422632539,48.36987113162695,Amsterdam-AMS03.csv,54.35309376533186
484,50484,Milan-MIL01.csv,93.91382843236005,46.956914216180024,Amsterdam-AMS03.csv,45.08098024784458
485,50485,Milan-MIL01.csv,51.45687409659772,25.72843704829886,Amsterdam-AMS03.csv,29.682014797855214
486,50486,Milan-MIL01.csv,61.60527310295856,30.80263655147928,Amsterdam-AMS03.csv,36.1668970344212
487,50487,Milan-MIL01.csv,49.506217588083224,24.753108794041612,Frankfurt-FRA01.csv,39.53305969256695
488,50488,Milan-MIL01.csv,96.49200730128548,48.24600365064274,Amsterdam-AMS03.csv,35.28511877291592
489,50489,Milan-MIL01.csv,202.96186284714696,101.48093142357348,Amsterdam-AMS03.csv,33.120975528677924
490,50490,Milan-MIL01.csv,70.79062811054001,35.395314055270006,Frankfurt-FRA01.csv,51.69878545641565
491,50491,Milan-MIL01.csv,50.813295952986735,25.406647976493367,Frankfurt-FRA01.csv,45.633940024352135
492,50492,Milan-MIL01.csv,67.96960916524937,33.98480458262468,Amsterdam-AMS03.csv,19.08274533206201
493,50493,Milan-MIL01.csv,21.793853102906077,10.896926551453038,Milan-MIL01.csv,21.793853102906077
494,50494,Milan-MIL01.csv,56.137379827463846,28.068689913731923,Amsterdam-AMS03.csv,49.85583496584998
495,50495,Milan-MIL01.csv,94.87519552882684,47.43759776441342,Amsterdam-AMS03.csv,42.232407505345805
496,50496,Milan-MIL01.csv,62.367978224177605,31.183989112088803,Amsterdam-AMS03.csv,28.52016968122633
497,50497,Milan-MIL01.csv,68.35455932358921,34.17727966179461,Amsterdam-AMS03.csv,34.60822297040432
498,50498,Milan-MIL01.csv,91.62482743326179,45.81241371663089,Amsterdam-AMS03.csv,53.89397733529293
499,50499,Milan-MIL01.csv,85.33328728041415,42.66664364020708,Amsterdam-AMS03.csv,36.612399260295966
500,50500,Milan-MIL01.csv,73.10628098378321,36.553140491891604,Amsterdam-AMS03.csv,45.69840115624841
501,50501,Milan-MIL01.csv,58.53716632932809,29.268583164664044,Amsterdam-AMS03.csv,37.7867805725739
502,50502,Milan-MIL01.csv,101.34221579391296,50.67110789695648,Frankfurt-FRA01.csv,38.250698325343535
503,50503,Milan-MIL01.csv,41.7180753145297,20.85903765726485,Amsterdam-AMS03.csv,36.897316982858435
504,50504,Milan-MIL01.csv,53.10004519004317,26.550022595021584,Frankfurt-FRA01.csv,21.926173492965386
505,50505,Milan-MIL01.csv,79.24278834114523,39.621394170572614,Frankfurt-FRA01.csv,30.174580648365616
506,50506,Milan-MIL01.csv,78.55314792055235,39.276573960276174,Amsterdam-AMS03.csv,28.393772761739907
507,50507,Milan-MIL01.csv,98.76923501805462,49.38461750902731,Amsterdam-AMS03.csv,50.67478259100627
508,50508,Milan-MIL01.csv,33.78418506226082,16.89209253113041,Amsterdam-AMS03.csv,32.10428455885666
509,50509,Milan-MIL01.csv,38.06399008112701,19.031995040563505,Amsterdam-AMS03.csv,30.60103979407034
510,50510,Milan-MIL01.csv,66.08880987950532,33.04440493975266,Amsterdam-AMS03.csv,38.365969458441036
511,50511,Milan-MIL01.csv,32.02074595652839,16.010372978264193,Milan-MIL01.csv,32.02074595652839
512,50512,Milan-MIL01.csv,84.42887709619505,42.214438548097526,Amsterdam-AMS03.csv,50.0573958961587
513,50513,Milan-MIL01.csv,73.76251650039718,36.88125825019859,Amsterdam-AMS03.csv,35.897975710176475
514,50514,Milan-MIL01.csv,80.56642771319596,40.28321385659798,Frankfurt-FRA01.csv,69.0249703420832
515,50515,Milan-MIL01.csv,41.91704625722075,20.958523128610373,Milan-MIL01.csv,41.91704625722075
516,50516,Milan-MIL01.csv,59.649080164510956,29.824540082255478,Amsterdam-AMS03.csv,34.94394063804873
517,50517,Milan-MIL01.csv,48.21936576239504,24.10968288119752,Frankfurt-FRA01.csv,46.507578814830005
518,50518,Milan-MIL01.csv,29.87270497569993,14.936352487849964,Milan-MIL01.csv,29.87270497569993
519,50519,Milan-MIL01.csv,41.37723335988828,20.68861667994414,Frankfurt-FRA01.csv,34.58786035203132
520,50520,Milan-MIL01.csv,83.52477508416736,41.76238754208368,Amsterdam-AMS03.csv,32.98854454470876
521,50521,Milan-MIL01.csv,54.45209451379358,27.22604725689679,Amsterdam-AMS03.csv,46.282411485518786
522,50522,Milan-MIL01.csv,44.26443464668692,22.13221732334346,Amsterdam-AMS03.csv,38.847996946053556
523,50523,Milan-MIL01.csv,54.21703358629107,27.108516793145537,Frankfurt-FRA01.csv,45.76060758082497
524,50524,Milan-MIL01.csv,106.92792487833516,53.46396243916758,Frankfurt-FRA01.csv,29.80406259660018
525,50525,Milan-MIL01.csv,49.618570265823976,24.809285132911988,Milan-MIL01.csv,49.618570265823976
526,50526,Milan-MIL01.csv,59.34916737417174,29.67458368708587,Amsterdam-AMS03.csv,35.0206402212849
527,50527,Milan-MIL01.csv,71.88043872982253,35.940219364911265,Amsterdam-AMS03.csv,20.247888832476374
528,50528,Milan-MIL01.csv,24.841618647011323,12.420809323505662,Milan-MIL01.csv,24.841618647011323
529,50529,Milan-MIL01.csv,41.28833770997676,20.64416885498838,Milan-MIL01.csv,41.28833770997676
530,50530,Milan-MIL01.csv,45.27218732739161,22.636093663695807,Amsterdam-AMS03.csv,27.38599395116033
531,50531,Milan-MIL01.csv,71.20335427422705,35.601677137113526,Amsterdam-AMS03.csv,35.78929536292833
532,50532,Milan-MIL01.csv,50.22692842277057,25.113464211385285,Frankfurt-FRA01.csv,48.35889195960275
533,50533,Milan-MIL01.csv,52.83549302316969,26.417746511584845,Milan-MIL01.csv,52.83549302316969
534,50534,Milan-MIL01.csv,32.46521872281428,16.23260936140714,Milan-MIL01.csv,32.46521872281428
535,50535,Milan-MIL01.csv,31.767283788721038,15.883641894360519,Milan-MIL01.csv,31.767283788721038
536,50536,Milan-MIL01.csv,98.16611660139144,49.08305830069572,Amsterdam-AMS03.csv,32.80230549256483
537,50537,Milan-MIL01.csv,59.757884398518804,29.878942199259402,Frankfurt-FRA01.csv,24.29012127691303
538,50538,Milan-MIL01.csv,100.83020717263048,50.41510358631524,Amsterdam-AMS03.csv,36.38833727390238
539,50539,Milan-MIL01.csv,37.11222826161106,18.55611413080553,Frankfurt-FRA01.csv,35.223717080329294
540,50540,Milan-MIL01.csv,59.321967821354974,29.660983910677487,Frankfurt-FRA01.csv,59.15694880007683
541,50541,Milan-MIL01.csv,79.33815209454922,39.66907604727461,Amsterdam-AMS03.csv,56.24140104279016
542,50542,Milan-MIL01.csv,47.893982024537955,23.946991012268978,Milan-MIL01.csv,47.893982024537955
543,50543,Milan-MIL01.csv,54.9559214289737,27.47796071448685,Frankfurt-FRA01.csv,50.99479372328359
544,50544,Milan-MIL01.csv,28.736000283259003,14.368000141629501,Milan-MIL01.csv,28.736000283259003
545,50545,Milan-MIL01.csv,21.561419713194073,10.780709856597037,Milan-MIL01.csv,21.561419713194073
546,50546,Milan-MIL01.csv,34.278449729674676,17.139224864837338,Milan-MIL01.csv,34.278449729674676
547,50547,Milan-MIL01.csv,25.743185547882383,12.871592773941192,Milan-MIL01.csv,25.743185547882383
548,50548,Milan-MIL01.csv,28.850908735767817,14.425454367883908,Milan-MIL01.csv,28.850908735767817
549,50549,Milan-MIL01.csv,55.12167003076484,27.56083501538242,Frankfurt-FRA01.csv,34.66959965211714
550,50550,Milan-MIL01.csv,47.30030050519413,23.650150252597065,Amsterdam-AMS03.csv,26.98305098541219
551,50551,Milan-MIL01.csv,82.39521677564169,41.19760838782084,Amsterdam-AMS03.csv,34.09533977283626
552,50552,Milan-MIL01.csv,92.92132180035242,46.46066090017621,Amsterdam-AMS03.csv,24.1922720622493
553,50553,Milan-MIL01.csv,78.99038880976987,39.495194404884934,Frankfurt-FRA01.csv,42.516995621394045
554,50554,Milan-MIL01.csv,63.4741398489341,31.73706992446705,Amsterdam-AMS03.csv,31.90495934367525
555,50555,Milan-MIL01.csv,48.71372811333737,24.356864056668684,Amsterdam-AMS03.csv,40.404572931722925
556,50556,Milan-MIL01.csv,74.41262585843116,37.20631292921558,Amsterdam-AMS03.csv,28.939887755540344
557,50557,Milan-MIL01.csv,30.15180893726675,15.075904468633375,Milan-MIL01.csv,30.15180893726675
558,50558,Milan-MIL01.csv,37.37396596476456,18.68698298238228,Milan-MIL01.csv,37.37396596476456
559,50559,Milan-MIL01.csv,86.49323748810373,43.246618744051865,Frankfurt-FRA01.csv,35.6989148017075
560,50560,Milan-MIL01.csv,49.29639989458913,24.648199947294565,Amsterdam-AMS03.csv,35.03575674480448
561,50561,Milan-MIL01.csv,80.99782461144532,40.49891230572266,Frankfurt-FRA01.csv,34.66584666382429
562,50562,Milan-MIL01.csv,66.90440700071427,33.452203500357136,Frankfurt-FRA01.csv,45.848303379904046
563,50563,Milan-MIL01.csv,61.35422022365819,30.677110111829094,Frankfurt-FRA01.csv,35.2871612237737
564,50564,Milan-MIL01.csv,78.73186159250423,39.365930796252115,Frankfurt-FRA01.csv,46.24505976910228
565,50565,Milan-MIL01.csv,55.49306118231682,27.74653059115841,Frankfurt-FRA01.csv,50.863804115240285
566,50566,Milan-MIL01.csv,39.757416204430605,19.878708102215302,Milan-MIL01.csv,39.757416204430605
567,50567,Milan-MIL01.csv,47.28618864789454,23.64309432394727,Frankfurt-FRA01.csv,27.394703676536576
568,50568,Milan-MIL01.csv,75.77927686544501,37.889638432722506,Frankfurt-FRA01.csv,54.42461290275855
569,50569,Milan-MIL01.csv,33.89181805719864,16.94590902859932,Milan-MIL01.csv,33.89181805719864
570,50570,Milan-MIL01.csv,104.74610619439831,52.373053097199154,Frankfurt-FRA01.csv,31.45628441636949
571,50571,Milan-MIL01.csv,54.70917465330309,27.354587326651544,Amsterdam-AMS03.csv,45.57454279756902
572,50572,Milan-MIL01.csv,64.80471055081682,32.40235527540841,Frankfurt-FRA01.csv,54.45399278179549
573,50573,Milan-MIL01.csv,79.64641052244998,39.82320526122499,Frankfurt-FRA01.csv,39.87938937682775
574,50574,Milan-MIL01.csv,90.37514459084593,45.18757229542297,Frankfurt-FRA01.csv,43.30445527276233
575,50575,Milan-MIL01.csv,36.33215781997934,18.16607890998967,Milan-MIL01.csv,36.33215781997934
576,50576,Milan-MIL01.csv,58.15607094915196,29.07803547457598,Amsterdam-AMS03.csv,35.318710789365525
577,50577,Milan-MIL01.csv,35.437441679668346,17.718720839834173,Frankfurt-FRA01.csv,33.4213905704411
578,50578,Milan-MIL01.csv,60.72171374210462,30.36085687105231,Frankfurt-FRA01.csv,45.011840014599926
579,50579,Milan-MIL01.csv,65.86775378576782,32.93387689288391,Amsterdam-AMS03.csv,42.16934940511707
580,50580,Milan-MIL01.csv,62.21316762389234,31.10658381194617,Amsterdam-AMS03.csv,29.596380360776006
581,50581,Milan-MIL01.csv,53.62801307535087,26.814006537675436,Frankfurt-FRA01.csv,37.67653262574486
582,50582,Milan-MIL01.csv,45.75072501025289,22.875362505126446,Amsterdam-AMS03.csv,26.662288580135208
583,50583,Milan-MIL01.csv,51.881215375344794,25.940607687672397,Amsterdam-AMS03.csv,25.168828481688184
584,50584,Milan-MIL01.csv,22.054795748444448,11.027397874222224,Milan-MIL01.csv,22.054795748444448
585,50585,Milan-MIL01.csv,55.44588265063894,27.72294132531947,Frankfurt-FRA01.csv,41.15634054668139
586,50586,Milan-MIL01.csv,59.26128521828025,29.630642609140125,Amsterdam-AMS03.csv,39.6640310076575
587,50587,Milan-MIL01.csv,73.16030170726567,36.58015085363284,Amsterdam-AMS03.csv,44.119403083960904
588,50588,Milan-MIL01.csv,80.03409769902035,40.017048849510175,Frankfurt-FRA01.csv,29.378760839996374
589,50589,Milan-MIL01.csv,54.05142273604367,27.025711368021835,Amsterdam-AMS03.csv,48.2664576025885
590,50590,Milan-MIL01.csv,60.355926529284815,30.177963264642408,Frankfurt-FRA01.csv,37.02584949118591
591,50591,Milan-MIL01.csv,58.28392880596488,29.14196440298244,Amsterdam-AMS03.csv,38.214807060614156
592,50592,Milan-MIL01.csv,75.22173507296372,37.61086753648186,Amsterdam-AMS03.csv,34.98038951526874
593,50593,Milan-MIL01.csv,53.5349360511536,26.7674680255768,Amsterdam-AMS03.csv,26.789474386671017
594,50594,Milan-MIL01.csv,111.82174947934584,55.91087473967292,Amsterdam-AMS03.csv,21.319020162493203
595,50595,Milan-MIL01.csv,96.95395367109123,48.476976835545614,Amsterdam-AMS03.csv,61.769950823774316
596,50596,Milan-MIL01.csv,37.368559004810216,18.684279502405108,Milan-MIL01.csv,37.368559004810216
597,50597,Milan-MIL01.csv,41.71777809876639,20.858889049383194,Amsterdam-AMS03.csv,40.477133523781085
598,50598,Milan-MIL01.csv,36.29138346933892,18.14569173466946,Milan-MIL01.csv,36.29138346933892
599,50599,Milan-MIL01.csv,50.38666443758803,25.193332218794016,Amsterdam-AMS03.csv,24.60897727415336
600,50600,Milan-MIL01.csv,43.36764274981873,21.683821374909364,Milan-MIL01.csv,43.36764274981873
601,50601,Milan-MIL01.csv,60.77322411384806,30.38661205692403,Amsterdam-AMS03.csv,48.65442752526255
602,50602,Milan-MIL01.csv,60.5971758318937,30.29858791594685,Frankfurt-FRA01.csv,27.155030411483335
603,50603,Milan-MIL01.csv,50.270057960177525,25.135028980088762,Frankfurt-FRA01.csv,49.11784899465776
604,50604,Milan-MIL01.csv,39.660267006497094,19.830133503248547,Amsterdam-AMS03.csv,35.65405415742521
605,50605,Milan-MIL01.csv,41.699185902291255,20.849592951145627,Frankfurt-FRA01.csv,19.331021411761636
606,50606,Milan-MIL01.csv,96.01514989177832,48.00757494588916,Amsterdam-AMS03.csv,22.77570695851213
607,50607,Milan-MIL01.csv,49.8879863900287,24.94399319501435,Amsterdam-AMS03.csv,39.402284529519825
608,50608,Milan-MIL01.csv,66.6567107397519,33.32835536987595,Amsterdam-AMS03.csv,56.157199983169754
609,50609,Milan-MIL01.csv,47.246628171636694,23.623314085818347,Milan-MIL01.csv,47.246628171636694
610,50610,Milan-MIL01.csv,109.77416854611357,54.887084273056786,Frankfurt-FRA01.csv,29.063367228153297
611,50611,Milan-MIL01.csv,45.33547771180844,22.66773885590422,Milan-MIL01.csv,45.33547771180844
612,50612,Milan-MIL01.csv,39.57687901755403,19.788439508777014,Milan-MIL01.csv,39.57687901755403
613,50613,Milan-MIL01.csv,40.943805952150875,20.471902976075437,Amsterdam-AMS03.csv,12.189774846432638
614,50614,Milan-MIL01.csv,62.441724615740696,31.220862307870348,Amsterdam-AMS03.csv,41.054548532383
615,50615,Milan-MIL01.csv,34.439550820925554,17.219775410462777,Frankfurt-FRA01.csv,20.967985416309556
616,50616,Milan-MIL01.csv,21.785681103990903,10.892840551995452,Milan-MIL01.csv,21.785681103990903
617,50617,Milan-MIL01.csv,92.30520950940655,46.152604754703276,Frankfurt-FRA01.csv,37.92020355358771
618,50618,Milan-MIL01.csv,119.85741812178206,59.92870906089103,Amsterdam-AMS03.csv,42.55165500463024
619,50619,Milan-MIL01.csv,116.66810961179299,58.33405480589649,Frankfurt-FRA01.csv,39.11200679744641
620,50620,Milan-MIL01.csv,44.65664580941151,22.328322904705754,Amsterdam-AMS03.csv,41.80462902337757
621,50621,Milan-MIL01.csv,76.89254101209528,38.44627050604764,Frankfurt-FRA01.csv,25.767169897781077
622,50622,Milan-MIL01.csv,75.46240068314427,37.73120034157213,Amsterdam-AMS03.csv,41.13203099603045
623,50623,Milan-MIL01.csv,86.532710293698,43.266355146849,Amsterdam-AMS03.csv,32.16325917892727
624,50624,Milan-MIL01.csv,53.69270527262102,26.84635263631051,Milan-MIL01.csv,53.69270527262102
625,50625,Milan-MIL01.csv,49.596985858809795,24.798492929404897,Amsterdam-AMS03.csv,36.51426771892638
626,50626,Milan-MIL01.csv,66.75240727067163,33.37620363533581,Frankfurt-FRA01.csv,39.322794969168264
627,50627,Milan-MIL01.csv,45.755418561452316,22.877709280726158,Frankfurt-FRA01.csv,44.8637159132271
628,50628,Milan-MIL01.csv,35.09816990411615,17.549084952058074,Milan-MIL01.csv,35.09816990411615
629,50629,Milan-MIL01.csv,72.64992741116416,36.32496370558208,Amsterdam-AMS03.csv,23.911713163562876
630,50630,Milan-MIL01.csv,147.98823308830546,73.99411654415273,Frankfurt-FRA01.csv,35.03736589101391
631,50631,Milan-MIL01.csv,46.02519964961861,23.012599824809303,Milan-MIL01.csv,46.02519964961861
632,50632,Milan-MIL01.csv,53.58344942503398,26.79172471251699,Frankfurt-FRA01.csv,36.28171574629724
633,50633,Milan-MIL01.csv,25.653376835408913,12.826688417704457,Milan-MIL01.csv,25.653376835408913
634,50634,Milan-MIL01.csv,102.86151409159679,51.430757045798394,Frankfurt-FRA01.csv,35.90325036298666
635,50635,Milan-MIL01.csv,86.99818249355728,43.49909124677864,Frankfurt-FRA01.csv,38.288099437164306
636,50636,Milan-MIL01.csv,38.026509303841195,19.013254651920597,Milan-MIL01.csv,38.026509303841195
637,50637,Milan-MIL01.csv,51.39973312168125,25.699866560840626,Amsterdam-AMS03.csv,42.18507533673513
638,50638,Milan-MIL01.csv,25.37297744685412,12.68648872342706,Milan-MIL01.csv,25.37297744685412
639,50639,Milan-MIL01.csv,74.92298021497214,37.46149010748607,Amsterdam-AMS03.csv,36.45984338574748
640,50640,Milan-MIL01.csv,51.67861856630358,25.83930928315179,Amsterdam-AMS03.csv,39.77920679383845
641,50641,Milan-MIL01.csv,86.96568982857718,43.48284491428859,Amsterdam-AMS03.csv,44.413545831931216
642,50642,Milan-MIL01.csv,66.32749025688521,33.163745128442606,Amsterdam-AMS03.csv,53.59410285052131
643,50643,Milan-MIL01.csv,74.2183086173532,37.1091543086766,Amsterdam-AMS03.csv,42.56749905796093
644,50644,Milan-MIL01.csv,44.51679537999145,22.258397689995725,Frankfurt-FRA01.csv,39.785527821020885
645,50645,Milan-MIL01.csv,51.160307907754934,25.580153953877467,Frankfurt-FRA01.csv,29.929706693549125
646,50646,Milan-MIL01.csv,118.92055386228945,59.460276931144726,Frankfurt-FRA01.csv,37.32533081446524
647,50647,Milan-MIL01.csv,34.07433647856897,17.037168239284487,Frankfurt-FRA01.csv,23.215076725293596
648,50648,Milan-MIL01.csv,29.608101216613584,14.804050608306792,Milan-MIL01.csv,29.608101216613584
649,50649,Milan-MIL01.csv,107.75757719354179,53.878788596770896,Frankfurt-FRA01.csv,47.01678233099841
650,50650,Milan-MIL01.csv,53.4748802858045,26.73744014290225,Frankfurt-FRA01.csv,35.47147566295732
651,50651,Milan-MIL01.csv,76.17204983462817,38.086024917314084,Amsterdam-AMS03.csv,45.78626252616995
652,50652,Milan-MIL01.csv,63.666811911361485,31.833405955680742,Amsterdam-AMS03.csv,36.93508214537364
653,50653,Milan-MIL01.csv,66.63969788200463,33.31984894100231,Frankfurt-FRA01.csv,35.37008606967123
654,50654,Milan-MIL01.csv,30.84143678569522,15.42071839284761,Frankfurt-FRA01.csv,24.654484940992
655,50655,Milan-MIL01.csv,41.961302313328545,20.980651156664273,Frankfurt-FRA01.csv,31.74165513759911
656,50656,Milan-MIL01.csv,48.11887520026269,24.059437600131346,Milan-MIL01.csv,48.11887520026269
657,50657,Milan-MIL01.csv,43.472147905898005,21.736073952949003,Amsterdam-AMS03.csv,37.02065948619316
658,50658,Milan-MIL01.csv,58.590351939141705,29.295175969570852,Amsterdam-AMS03.csv,35.409258085144714
659,50659,Milan-MIL01.csv,53.65182185166716,26.82591092583358,Amsterdam-AMS03.csv,51.93057571416548
660,50660,Milan-MIL01.csv,24.260049762933217,12.130024881466609,Milan-MIL01.csv,24.260049762933217
661,50661,Milan-MIL01.csv,89.30481149752052,44.65240574876026,Amsterdam-AMS03.csv,38.970472136969086
662,50662,Milan-MIL01.csv,26.337224015117787,13.168612007558893,Milan-MIL01.csv,26.337224015117787
663,50663,Milan-MIL01.csv,73.9593970155303,36.97969850776515,Frankfurt-FRA01.csv,37.59508655475387
664,50664,Milan-MIL01.csv,47.846402371985796,23.923201185992898,Milan-MIL01.csv,47.846402371985796
665,50665,Milan-MIL01.csv,68.08371143030884,34.04185571515442,Frankfurt-FRA01.csv,47.8945953624492
666,50666,Milan-MIL01.csv,96.68637142354397,48.34318571177199,Amsterdam-AMS03.csv,64.44681298279755
667,50667,Milan-MIL01.csv,37.768202994094324,18.884101497047162,Amsterdam-AMS03.csv,23.356499469137628
668,50668,Milan-MIL01.csv,51.800083659168834,25.900041829584417,Milan-MIL01.csv,51.800083659168834
669,50669,Milan-MIL01.csv,53.31766177317258,26.65883088658629,Amsterdam-AMS03.csv,31.429132921728492
670,50670,Milan-MIL01.csv,26.9402065930084,13.4701032965042,Milan-MIL01.csv,26.9402065930084
671,50671,Milan-MIL01.csv,26.538690725749564,13.269345362874782,Milan-MIL01.csv,26.538690725749564
672,50672,Milan-MIL01.csv,58.792861032333306,29.396430516166653,Amsterdam-AMS03.csv,36.37493376567142
673,50673,Milan-MIL01.csv,68.23885832919548,34.11942916459774,Amsterdam-AMS03.csv,25.500303889382163
674,50674,Milan-MIL01.csv,45.52685512212251,22.763427561061256,Frankfurt-FRA01.csv,30.636941825496336
675,50675,Milan-MIL01.csv,19.058647641101565,9.529323820550783,Milan-MIL01.csv,19.058647641101565
676,50676,Milan-MIL01.csv,57.194887346943304,28.597443673471652,Frankfurt-FRA01.csv,37.73084879748434
677,50677,Milan-MIL01.csv,89.7797305484839,44.88986527424195,Frankfurt-FRA01.csv,50.682302339961645
678,50678,Milan-MIL01.csv,48.16227103513829,24.081135517569145,Milan-MIL01.csv,48.16227103513829
679,50679,Milan-MIL01.csv,45.57721000093446,22.78860500046723,Milan-MIL01.csv,45.57721000093446
680,50680,Milan-MIL01.csv,44.81041203632495,22.405206018162474,Amsterdam-AMS03.csv,39.82519542517452
681,50681,Milan-MIL01.csv,48.56182676358096,24.28091338179048,Amsterdam-AMS03.csv,25.46629788377858
682,50682,Milan-MIL01.csv,22.697695421689765,11.348847710844883,Milan-MIL01.csv,22.697695421689765
683,50683,Milan-MIL01.csv,37.64479455207601,18.822397276038004,Milan-MIL01.csv,37.64479455207601
684,50684,Milan-MIL01.csv,37.629615226118446,18.814807613059223,Frankfurt-FRA01.csv,31.199118544386117
685,50685,Milan-MIL01.csv,34.42683286631598,17.21341643315799,Milan-MIL01.csv,34.42683286631598
686,50686,Milan-MIL01.csv,42.09293023215769,21.046465116078846,Amsterdam-AMS03.csv,31.45166647356608
687,50687,Milan-MIL01.csv,83.92411218707717,41.962056093538585,Frankfurt-FRA01.csv,40.18954442224675
688,50688,Milan-MIL01.csv,58.79193946310101,29.395969731550505,Amsterdam-AMS03.csv,40.57415126567152
689,50689,Milan-MIL01.csv,55.34875321667596,27.67437660833798,Amsterdam-AMS03.csv,35.2656303787116
690,50690,Milan-MIL01.csv,32.77456376236256,16.38728188118128,Milan-MIL01.csv,32.77456376236256
691,50691,Milan-MIL01.csv,61.72721273081887,30.863606365409435,Frankfurt-FRA01.csv,34.629652132001624
692,50692,Milan-MIL01.csv,53.395214634238506,26.697607317119253,Amsterdam-AMS03.csv,51.358321843498615
693,50693,Milan-MIL01.csv,43.63816343386098,21.81908171693049,Frankfurt-FRA01.csv,35.518669572345715
694,50694,Milan-MIL01.csv,63.46975883330864,31.73487941665432,Frankfurt-FRA01.csv,46.480777377739884
695,50695,Milan-MIL01.csv,51.312771782204145,25.656385891102072,Amsterdam-AMS03.csv,39.54849812314025
696,50696,Milan-MIL01.csv,65.78475908310585,32.89237954155293,Frankfurt-FRA01.csv,33.524529809863765
697,50697,Milan-MIL01.csv,24.866317827615028,12.433158913807514,Milan-MIL01.csv,24.866317827615028
698,50698,Milan-MIL01.csv,39.9571442204135,19.97857211020675,Frankfurt-FRA01.csv,32.79015343351888
699,50699,Milan-MIL01.csv,71.69178438984511,35.845892194922556,Amsterdam-AMS03.csv,30.10412356823888
700,50700,Milan-MIL01.csv,105.83075867999572,52.91537933999786,Amsterdam-AMS03.csv,36.61284739339351
701,50701,Milan-MIL01.csv,56.56135476930813,28.280677384654066,Amsterdam-AMS03.csv,35.80816444760707
702,50702,Milan-MIL01.csv,47.877878442487564,23.938939221243782,Milan-MIL01.csv,47.877878442487564
703,50703,Milan-MIL01.csv,47.300885499975294,23.650442749987647,Frankfurt-FRA01.csv,45.358391864856095
704,50704,Milan-MIL01.csv,57.57053776705959,28.785268883529795,Frankfurt-FRA01.csv,30.939514547347702
705,50705,Milan-MIL01.csv,111.22815560933091,55.614077804665456,Frankfurt-FRA01.csv,31.632596912608097
706,50706,Milan-MIL01.csv,53.61752240885306,26.80876120442653,Amsterdam-AMS03.csv,30.14899326267915
707,50707,Milan-MIL01.csv,33.005114127858405,16.502557063929203,Milan-MIL01.csv,33.005114127858405
708,50708,Milan-MIL01.csv,34.96224076933877,17.481120384669385,Milan-MIL01.csv,34.96224076933877
709,50709,Milan-MIL01.csv,45.69554713110666,22.84777356555333,Amsterdam-AMS03.csv,44.372765116066034
710,50710,Milan-MIL01.csv,83.4686868107289,41.73434340536445,Frankfurt-FRA01.csv,28.074252580689123
711,50711,Milan-MIL01.csv,39.691882976748815,19.845941488374407,Milan-MIL01.csv,39.691882976748815
712,50712,Milan-MIL01.csv,27.754204008531136,13.877102004265568,Milan-MIL01.csv,27.754204008531136
713,50713,Milan-MIL01.csv,60.096506216489864,30.048253108244932,Frankfurt-FRA01.csv,33.654813624138384
714,50714,Milan-MIL01.csv,39.55384478695221,19.776922393476106,Milan-MIL01.csv,39.55384478695221
715,50715,Milan-MIL01.csv,32.45577671706023,16.227888358530116,Amsterdam-AMS03.csv,32.13096609165945
716,50716,Milan-MIL01.csv,101.87548251435335,50.937741257176675,Frankfurt-FRA01.csv,42.18403858196593
717,50717,Milan-MIL01.csv,75.18176605332101,37.59088302666051,Amsterdam-AMS03.csv,56.18934443380961
718,50718,Milan-MIL01.csv,165.2321923006907,82.61609615034536,Frankfurt-FRA01.csv,25.71148043482931
719,50719,Milan-MIL01.csv,118.94814359224304,59.47407179612152,Amsterdam-AMS03.csv,34.610184468614136
720,50720,Milan-MIL01.csv,78.47384645632134,39.23692322816067,Frankfurt-FRA01.csv,30.108479364474604
721,50721,Milan-MIL01.csv,47.69970094474859,23.849850472374296,Amsterdam-AMS03.csv,18.576040547465755
722,50722,Milan-MIL01.csv,64.40840498776146,32.20420249388073,Frankfurt-FRA01.csv,56.5895737392431
723,50723,Milan-MIL01.csv,36.282314089014946,18.141157044507473,Milan-MIL01.csv,36.282314089014946
724,50724,Milan-MIL01.csv,69.19756373587526,34.59878186793763,Amsterdam-AMS03.csv,29.859647666205415
725,50725,Milan-MIL01.csv,73.42747989650489,36.713739948252446,Amsterdam-AMS03.csv,42.28573401772598
726,50726,Milan-MIL01.csv,44.278254473900596,22.139127236950298,Amsterdam-AMS03.csv,38.813597870123715
727,50727,Milan-MIL01.csv,45.10124468551138,22.55062234275569,Amsterdam-AMS03.csv,30.78174495283121
728,50728,Milan-MIL01.csv,32.53878349673661,16.269391748368307,Milan-MIL01.csv,32.53878349673661
729,50729,Milan-MIL01.csv,52.94087763348485,26.470438816742426,Frankfurt-FRA01.csv,42.0957755161159
730,50730,Milan-MIL01.csv,53.01126136210623,26.505630681053116,Amsterdam-AMS03.csv,33.771527174839484
731,50731,Milan-MIL01.csv,139.4525863400655,69.72629317003275,Frankfurt-FRA01.csv,45.6878988029418
732,50732,Milan-MIL01.csv,46.14653472251103,23.073267361255514,Milan-MIL01.csv,46.14653472251103
733,50733,Milan-MIL01.csv,149.49684510074331,74.74842255037166,Frankfurt-FRA01.csv,46.536293472908255
734,50734,Milan-MIL01.csv,41.97015199295228,20.98507599647614,Amsterdam-AMS03.csv,35.54295090470344
735,50735,Milan-MIL01.csv,46.2228991175088,23.1114495587544,Frankfurt-FRA01.csv,33.49414147601582
736,50736,Milan-MIL01.csv,43.84749681815322,21.92374840907661,Amsterdam-AMS03.csv,41.3223240375722
737,50737,Milan-MIL01.csv,60.83122562122431,30.415612810612156,Amsterdam-AMS03.csv,30.906916509760823
738,50738,Milan-MIL01.csv,28.41279436951756,14.20639718475878,Milan-MIL01.csv,28.41279436951756
739,50739,Milan-MIL01.csv,92.62225041036191,46.31112520518096,Frankfurt-FRA01.csv,52.396442854229065
740,50740,Milan-MIL01.csv,87.75383952279827,43.87691976139914,Amsterdam-AMS03.csv,38.312582395689724
741,50741,Milan-MIL01.csv,45.997701625214866,22.998850812607433,Frankfurt-FRA01.csv,42.80596381648507
742,50742,Milan-MIL01.csv,54.45436220442699,27.227181102213496,Frankfurt-FRA01.csv,32.5128730731386
743,50743,Milan-MIL01.csv,104.70434916657722,52.35217458328861,Amsterdam-AMS03.csv,44.1461159269685
744,50744,Milan-MIL01.csv,57.99677897424593,28.998389487122964,Milan-MIL01.csv,57.99677897424593
745,50745,Milan-MIL01.csv,81.21374358599691,40.606871792998454,Frankfurt-FRA01.csv,52.15591049700974
746,50746,Milan-MIL01.csv,58.10110066965542,29.05055033482771,Amsterdam-AMS03.csv,41.00983471899648
747,50747,Milan-MIL01.csv,65.64687029167537,32.823435145837685,Frankfurt-FRA01.csv,26.568102928279753
748,50748,Milan-MIL01.csv,42.69995908301178,21.34997954150589,Amsterdam-AMS03.csv,36.25785356202408
749,50749,Milan-MIL01.csv,57.745187397509504,28.872593698754752,Amsterdam-AMS03.csv,51.28692296811312
750,50750,Milan-MIL01.csv,84.1326081926587,42.06630409632935,Frankfurt-FRA01.csv,44.356589604513296
751,50751,Milan-MIL01.csv,69.65442316683867,34.827211583419334,Frankfurt-FRA01.csv,44.535582290867
752,50752,Milan-MIL01.csv,32.16102075580905,16.080510377904524,Frankfurt-FRA01.csv,31.895336669024584
753,50753,Milan-MIL01.csv,100.74588285516919,50.37294142758459,Frankfurt-FRA01.csv,59.66394839598586
754,50754,Milan-MIL01.csv,46.50911496472879,23.254557482364394,Frankfurt-FRA01.csv,42.93758318916531
755,50755,Milan-MIL01.csv,29.673020239047336,14.836510119523668,Milan-MIL01.csv,29.673020239047336
756,50756,Milan-MIL01.csv,61.1201471147818,30.5600735573909,Milan-MIL01.csv,61.1201471147818
757,50757,Milan-MIL01.csv,66.26831498541604,33.13415749270802,Amsterdam-AMS03.csv,37.347640059797214
758,50758,Milan-MIL01.csv,128.50999396818298,64.25499698409149,Frankfurt-FRA01.csv,30.759156212723617
759,50759,Milan-MIL01.csv,84.46378259846402,42.23189129923201,Frankfurt-FRA01.csv,45.60868337110005
760,50760,Milan-MIL01.csv,55.728767274281516,27.864383637140758,Milan-MIL01.csv,55.728767274281516
761,50761,Milan-MIL01.csv,48.10481709016203,24.052408545081015,Amsterdam-AMS03.csv,24.375527473710903
762,50762,Milan-MIL01.csv,60.31442723171065,30.157213615855326,Amsterdam-AMS03.csv,22.522098406950544
763,50763,Milan-MIL01.csv,60.183741135699655,30.091870567849828,Amsterdam-AMS03.csv,59.56325916726216
764,50764,Milan-MIL01.csv,60.53736085245997,30.268680426229984,Frankfurt-FRA01.csv,50.99528489192118
765,50765,Milan-MIL01.csv,61.770923245400326,30.885461622700163,Amsterdam-AMS03.csv,34.60194432919482
766,50766,Milan-MIL01.csv,57.46035365334704,28.73017682667352,Milan-MIL01.csv,57.46035365334704
767,50767,Milan-MIL01.csv,76.99619074096944,38.49809537048472,Frankfurt-FRA01.csv,70.73397811613819
768,50768,Milan-MIL01.csv,40.99937681281615,20.499688406408076,Frankfurt-FRA01.csv,33.85463172696778
769,50769,Milan-MIL01.csv,43.42709695887564,21.71354847943782,Amsterdam-AMS03.csv,36.51121397697414
770,50770,Milan-MIL01.csv,61.81060355079924,30.90530177539962,Frankfurt-FRA01.csv,47.32361388474713
771,50771,Milan-MIL01.csv,89.4613790727807,44.73068953639035,Frankfurt-FRA01.csv,39.93038719776229
772,50772,Milan-MIL01.csv,47.289534953208786,23.644767476604393,Amsterdam-AMS03.csv,25.165476610860654
773,50773,Milan-MIL01.csv,50.54611258445827,25.273056292229136,Amsterdam-AMS03.csv,23.698412398809413
774,50774,Milan-MIL01.csv,48.63182307555026,24.31591153777513,Amsterdam-AMS03.csv,38.18390422342623
775,50775,Milan-MIL01.csv,77.32942645600886,38.66471322800443,Frankfurt-FRA01.csv,18.458514843756898
776,50776,Milan-MIL01.csv,81.02048092640491,40.51024046320246,Frankfurt-FRA01.csv,42.33219923916415
777,50777,Milan-MIL01.csv,74.92430029132976,37.46215014566488,Frankfurt-FRA01.csv,38.05317143370806
778,50778,Milan-MIL01.csv,24.08547935374783,12.042739676873914,Milan-MIL01.csv,24.08547935374783
779,50779,Milan-MIL01.csv,44.27443462572003,22.137217312860017,Amsterdam-AMS03.csv,31.800881451861112
780,50780,Milan-MIL01.csv,71.1093742819521,35.55468714097605,Amsterdam-AMS03.csv,53.22890964738029
781,50781,Milan-MIL01.csv,59.716135009104725,29.858067504552363,Amsterdam-AMS03.csv,33.08623122588914
782,50782,Milan-MIL01.csv,40.97069114000412,20.48534557000206,Amsterdam-AMS03.csv,21.892524815906224
783,50783,Milan-MIL01.csv,104.8742864077085,52.43714320385425,Amsterdam-AMS03.csv,39.05873550147375
784,50784,Milan-MIL01.csv,31.146354767263492,15.573177383631746,Milan-MIL01.csv,31.146354767263492
785,50785,Milan-MIL01.csv,86.88646150034846,43.44323075017423,Amsterdam-AMS03.csv,50.409916038905514
786,50786,Milan-MIL01.csv,44.42081826691035,22.210409133455176,Milan-MIL01.csv,44.42081826691035
787,50787,Milan-MIL01.csv,104.13418091646786,52.06709045823393,Frankfurt-FRA01.csv,44.77715638452174
788,50788,Milan-MIL01.csv,60.71087675135016,30.35543837567508,Frankfurt-FRA01.csv,33.28610190706974
789,50789,Milan-MIL01.csv,83.13315527186141,41.566577635930706,Amsterdam-AMS03.csv,36.04010735246344
790,50790,Milan-MIL01.csv,36.35094601197917,18.175473005989584,Milan-MIL01.csv,36.35094601197917
791,50791,Milan-MIL01.csv,39.319413750317025,19.659706875158513,Amsterdam-AMS03.csv,35.738655653767964
792,50792,Milan-MIL01.csv,57.879874890963286,28.939937445481643,Amsterdam-AMS03.csv,38.19436843201486
793,50793,Milan-MIL01.csv,109.19377310839086,54.59688655419543,Frankfurt-FRA01.csv,36.5342475637954
794,50794,Milan-MIL01.csv,49.71340667269761,24.856703336348804,Amsterdam-AMS03.csv,25.611990647977226
795,50795,Milan-MIL01.csv,63.88683433045284,31.94341716522642,Amsterdam-AMS03.csv,27.548245527866747
796,50796,Milan-MIL01.csv,55.4994130600843,27.74970653004215,Amsterdam-AMS03.csv,33.024065897818126
797,50797,Milan-MIL01.csv,43.66729459768546,21.83364729884273,Frankfurt-FRA01.csv,20.629023238739055
798,50798,Milan-MIL01.csv,65.63659743388759,32.818298716943794,Amsterdam-AMS03.csv,33.02753887274894
799,50799,Milan-MIL01.csv,104.8032232234041,52.40161161170205,Amsterdam-AMS03.csv,31.49911149546789
800,50800,Milan-MIL01.csv,41.02766280599751,20.513831402998754,Milan-MIL01.csv,41.02766280599751
801,50801,Milan-MIL01.csv,71.39594312158191,35.697971560790954,Frankfurt-FRA01.csv,37.29342162630593
802,50802,Milan-MIL01.csv,42.06305434945232,21.03152717472616,Amsterdam-AMS03.csv,40.958624382064926
803,50803,Milan-MIL01.csv,36.615674297745855,18.307837148872927,Frankfurt-FRA01.csv,36.455415916405485
804,50804,Milan-MIL01.csv,57.80335517856456,28.90167758928228,Frankfurt-FRA01.csv,47.419982745004
805,50805,Milan-MIL01.csv,64.78521503255385,32.392607516276925,Amsterdam-AMS03.csv,52.98398041465524
806,50806,Milan-MIL01.csv,79.68429649705452,39.84214824852726,Amsterdam-AMS03.csv,36.47597775040347
807,50807,Milan-MIL01.csv,41.710689921186436,20.855344960593218,Amsterdam-AMS03.csv,37.10787675337836
808,50808,Milan-MIL01.csv,78.58574279328563,39.292871396642816,Amsterdam-AMS03.csv,23.535576416245455
809,50809,Milan-MIL01.csv,97.1968321710707,48.59841608553535,Frankfurt-FRA01.csv,45.57201443175894
810,50810,Milan-MIL01.csv,50.88010755601902,25.44005377800951,Frankfurt-FRA01.csv,34.47534934229126
811,50811,Milan-MIL01.csv,55.73438611063476,27.86719305531738,Milan-MIL01.csv,55.73438611063476
812,50812,Milan-MIL01.csv,26.660772505499967,13.330386252749983,Milan-MIL01.csv,26.660772505499967
813,50813,Milan-MIL01.csv,49.22865689283672,24.61432844641836,Frankfurt-FRA01.csv,27.724774282385486
814,50814,Milan-MIL01.csv,58.37357320275451,29.186786601377253,Frankfurt-FRA01.csv,33.550567553926086
815,50815,Milan-MIL01.csv,56.822156150358985,28.411078075179493,Frankfurt-FRA01.csv,26.994648576017592
816,50816,Milan-MIL01.csv,35.879347461917895,17.939673730958948,Milan-MIL01.csv,35.879347461917895
817,50817,Milan-MIL01.csv,67.63578199782036,33.81789099891018,Frankfurt-FRA01.csv,55.75126186678512
818,50818,Milan-MIL01.csv,56.13664357799803,28.068321788999015,Amsterdam-AMS03.csv,42.28570233651529
819,50819,Milan-MIL01.csv,33.99200051967776,16.99600025983888,Amsterdam-AMS03.csv,23.851871261000532
820,50820,Milan-MIL01.csv,34.38045098320083,17.190225491600415,Milan-MIL01.csv,34.38045098320083
821,50821,Milan-MIL01.csv,41.52656805645413,20.763284028227066,Milan-MIL01.csv,41.52656805645413
822,50822,Milan-MIL01.csv,40.943391296284325,20.471695648142163,Amsterdam-AMS03.csv,31.951157099697873
823,50823,Milan-MIL01.csv,70.71829542242392,35.35914771121196,Frankfurt-FRA01.csv,45.876880517944336
824,50824,Milan-MIL01.csv,56.095461288347884,28.047730644173942,Amsterdam-AMS03.csv,29.70741668725807
825,50825,Milan-MIL01.csv,73.6919368799421,36.84596843997105,Amsterdam-AMS03.csv,33.10759181095433
826,50826,Milan-MIL01.csv,31.7460913490261,15.87304567451305,Amsterdam-AMS03.csv,12.377608928366174
827,50827,Milan-MIL01.csv,81.33044872317377,40.66522436158689,Frankfurt-FRA01.csv,40.21656743999206
828,50828,Milan-MIL01.csv,26.197199712683783,13.098599856341892,Milan-MIL01.csv,26.197199712683783
829,50829,Milan-MIL01.csv,53.824457889617534,26.912228944808767,Frankfurt-FRA01.csv,36.61103378634239
830,50830,Milan-MIL01.csv,49.536454490171124,24.768227245085562,Frankfurt-FRA01.csv,38.99352665349739
831,50831,Milan-MIL01.csv,67.73235092776822,33.86617546388411,Milan-MIL01.csv,67.73235092776822
832,50832,Milan-MIL01.csv,40.08569164166279,20.042845820831396,Milan-MIL01.csv,40.08569164166279
833,50833,Milan-MIL01.csv,38.52784253986375,19.263921269931874,Milan-MIL01.csv,38.52784253986375
834,50834,Milan-MIL01.csv,64.66037388831295,32.33018694415647,Amsterdam-AMS03.csv,36.12849505364372
835,50835,Milan-MIL01.csv,45.023416053055094,22.511708026527547,Amsterdam-AMS03.csv,39.36151792675824
836,50836,Milan-MIL01.csv,68.98523064102969,34.492615320514844,Amsterdam-AMS03.csv,44.64144948971468
837,50837,Milan-MIL01.csv,39.24168814802798,19.62084407401399,Amsterdam-AMS03.csv,36.77308199808385
838,50838,Milan-MIL01.csv,58.34911777402611,29.174558887013056,Amsterdam-AMS03.csv,40.705504144708506
839,50839,Milan-MIL01.csv,38.90499172325342,19.45249586162671,Amsterdam-AMS03.csv,12.989136230550912
840,50840,Milan-MIL01.csv,39.825231645372966,19.912615822686483,Milan-MIL01.csv,39.825231645372966
841,50841,Milan-MIL01.csv,193.43466029955073,96.71733014977536,Frankfurt-FRA01.csv,35.32870143197848
842,50842,Milan-MIL01.csv,66.13895413777882,33.06947706888941,Amsterdam-AMS03.csv,48.31909411219021
843,50843,Milan-MIL01.csv,50.668203627814954,25.334101813907477,Amsterdam-AMS03.csv,47.49983825731883
844,50844,Milan-MIL01.csv,69.35269459784807,34.676347298924036,Amsterdam-AMS03.csv,38.597504690740344
845,50845,Milan-MIL01.csv,44.570991476415536,22.285495738207768,Amsterdam-AMS03.csv,43.13172607060383
846,50846,Milan-MIL01.csv,66.77558247044303,33.38779123522151,Frankfurt-FRA01.csv,37.07308537715872
847,50847,Milan-MIL01.csv,72.14545045008524,36.07272522504262,Frankfurt-FRA01.csv,39.38719241137622
848,50848,Milan-MIL01.csv,34.42290292312927,17.211451461564636,Milan-MIL01.csv,34.42290292312927
849,50849,Milan-MIL01.csv,48.50542051554313,24.252710257771565,Frankfurt-FRA01.csv,48.384636923634126
850,50850,Milan-MIL01.csv,48.05017402167659,24.025087010838295,Amsterdam-AMS03.csv,40.14388280793183
851,50851,Milan-MIL01.csv,35.19988170885725,17.599940854428624,Milan-MIL01.csv,35.19988170885725
852,50852,Milan-MIL01.csv,35.6106530017139,17.80532650085695,Milan-MIL01.csv,35.6106530017139
853,50853,Milan-MIL01.csv,30.781037196429594,15.390518598214797,Frankfurt-FRA01.csv,27.46587851301825
854,50854,Milan-MIL01.csv,79.72345893037817,39.861729465189086,Frankfurt-FRA01.csv,38.49970095281129
855,50855,Milan-MIL01.csv,28.347736543395442,14.173868271697721,Milan-MIL01.csv,28.347736543395442
856,50856,Milan-MIL01.csv,100.24864128879985,50.12432064439992,Amsterdam-AMS03.csv,52.410314944437154
857,50857,Milan-MIL01.csv,118.37406142979701,59.187030714898505,Frankfurt-FRA01.csv,27.971158955498257
858,50858,Milan-MIL01.csv,67.49557114377717,33.747785571888585,Frankfurt-FRA01.csv,32.82536684205373
859,50859,Milan-MIL01.csv,97.84032394558294,48.92016197279147,Amsterdam-AMS03.csv,53.37698421830041
860,50860,Milan-MIL01.csv,42.586928747578824,21.293464373789412,Frankfurt-FRA01.csv,39.50466891464541
861,50861,Milan-MIL01.csv,28.72010656600226,14.36005328300113,Frankfurt-FRA01.csv,24.597823411900446
862,50862,Milan-MIL01.csv,56.32629849474099,28.163149247370495,Amsterdam-AMS03.csv,35.43602799178295
863,50863,Milan-MIL01.csv,77.11636790414273,38.55818395207137,Frankfurt-FRA01.csv,49.55040544799824
864,50864,Milan-MIL01.csv,23.74960448481714,11.87480224240857,Milan-MIL01.csv,23.74960448481714
865,50865,Milan-MIL01.csv,48.771839629065,24.3859198145325,Frankfurt-FRA01.csv,38.69890981122423
866,50866,Milan-MIL01.csv,36.343945965731734,18.171972982865867,Amsterdam-AMS03.csv,28.43623208738638
867,50867,Milan-MIL01.csv,134.02880546003772,67.01440273001886,Frankfurt-FRA01.csv,59.021594926712694
868,50868,Milan-MIL01.csv,35.45499121410221,17.727495607051104,Milan-MIL01.csv,35.45499121410221
869,50869,Milan-MIL01.csv,70.6359758379594,35.3179879189797,Amsterdam-AMS03.csv,35.63906076848204
870,50870,Milan-MIL01.csv,71.05624178545058,35.52812089272529,Frankfurt-FRA01.csv,33.007558552749096
871,50871,Milan-MIL01.csv,135.7239278502629,67.86196392513145,Amsterdam-AMS03.csv,42.60909436552432
872,50872,Milan-MIL01.csv,71.75802857630079,35.879014288150394,Frankfurt-FRA01.csv,44.76065983868384
873,50873,Milan-MIL01.csv,48.94536637571012,24.47268318785506,Amsterdam-AMS03.csv,43.303524708640694
874,50874,Milan-MIL01.csv,124.01627081358536,62.00813540679268,Frankfurt-FRA01.csv,36.971904843714995
875,50875,Milan-MIL01.csv,57.74264868988806,28.87132434494403,Frankfurt-FRA01.csv,57.27441967948643
876,50876,Milan-MIL01.csv,43.87737326333857,21.938686631669285,Amsterdam-AMS03.csv,27.306316564717587
877,50877,Milan-MIL01.csv,21.25963242759701,10.629816213798504,Milan-MIL01.csv,21.25963242759701
878,50878,Milan-MIL01.csv,119.98592632067344,59.99296316033672,Frankfurt-FRA01.csv,53.63071991832604
879,50879,Milan-MIL01.csv,76.45126531507738,38.22563265753869,Amsterdam-AMS03.csv,34.13367554681494
880,50880,Milan-MIL01.csv,38.13984974129686,19.06992487064843,Milan-MIL01.csv,38.13984974129686
881,50881,Milan-MIL01.csv,68.43838198839946,34.21919099419973,Amsterdam-AMS03.csv,38.17360704695304
882,50882,Milan-MIL01.csv,76.53381615927923,38.26690807963961,Frankfurt-FRA01.csv,37.7457665123717
883,50883,Milan-MIL01.csv,52.262383678173286,26.131191839086643,Amsterdam-AMS03.csv,35.79735592460085
884,50884,Milan-MIL01.csv,169.07945242198662,84.53972621099331,Frankfurt-FRA01.csv,47.79921375315311
885,50885,Milan-MIL01.csv,53.977156789371875,26.988578394685938,Amsterdam-AMS03.csv,49.18106985835318
886,50886,Milan-MIL01.csv,49.69112218668401,24.845561093342006,Amsterdam-AMS03.csv,32.18048530216525
887,50887,Milan-MIL01.csv,37.11033662278735,18.555168311393675,Amsterdam-AMS03.csv,34.3236177249299
888,50888,Milan-MIL01.csv,61.364787909488854,30.682393954744427,Amsterdam-AMS03.csv,53.439851787874986
889,50889,Milan-MIL01.csv,71.06406001871082,35.53203000935541,Amsterdam-AMS03.csv,45.98520544750499
890,50890,Milan-MIL01.csv,32.30608263865647,16.153041319328235,Frankfurt-FRA01.csv,32.26395508622912
891,50891,Milan-MIL01.csv,41.7766260592924,20.8883130296462,Milan-MIL01.csv,41.7766260592924
892,50892,Milan-MIL01.csv,28.254652296850175,14.127326148425087,Frankfurt-FRA01.csv,23.31637166570195
893,50893,Milan-MIL01.csv,100.24055307663016,50.12027653831508,Frankfurt-FRA01.csv,45.253154933563366
894,50894,Milan-MIL01.csv,91.47558983085862,45.73779491542931,Amsterdam-AMS03.csv,37.59818472943778
895,50895,Milan-MIL01.csv,38.44384501128155,19.221922505640777,Milan-MIL01.csv,38.44384501128155
896,50896,Milan-MIL01.csv,37.18621996371366,18.59310998185683,Milan-MIL01.csv,37.18621996371366
897,50897,Milan-MIL01.csv,81.29556389338238,40.64778194669119,Frankfurt-FRA01.csv,39.92956733820851
898,50898,Milan-MIL01.csv,49.0073875757347,24.50369378786735,Amsterdam-AMS03.csv,30.349828077818756
899,50899,Milan-MIL01.csv,65.13879559405855,32.569397797029275,Amsterdam-AMS03.csv,23.638740040969605
900,50900,Milan-MIL01.csv,152.26446985569723,76.13223492784861,Amsterdam-AMS03.csv,44.167909249247536
901,50901,Milan-MIL01.csv,58.015209771651406,29.007604885825703,Amsterdam-AMS03.csv,31.66191752293767
902,50902,Milan-MIL01.csv,57.18317877228606,28.59158938614303,Amsterdam-AMS03.csv,30.98561480253991
903,50903,Milan-MIL01.csv,38.11440071295306,19.05720035647653,Amsterdam-AMS03.csv,21.989436458273193
904,50904,Milan-MIL01.csv,58.142004596134775,29.071002298067388,Frankfurt-FRA01.csv,44.981658769314805
905,50905,Milan-MIL01.csv,37.491562672342894,18.745781336171447,Milan-MIL01.csv,37.491562672342894
906,50906,Milan-MIL01.csv,78.12825833480787,39.064129167403934,Amsterdam-AMS03.csv,26.94118037768022
907,50907,Milan-MIL01.csv,43.17393561599174,21.58696780799587,Amsterdam-AMS03.csv,37.40193720544236
908,50908,Milan-MIL01.csv,91.71206318048326,45.85603159024163,Amsterdam-AMS03.csv,39.27841418654347
909,50909,Milan-MIL01.csv,102.20046401775733,51.10023200887866,Amsterdam-AMS03.csv,45.22801370845934
910,50910,Milan-MIL01.csv,79.76980523376763,39.884902616883814,Amsterdam-AMS03.csv,35.42633217317836
911,50911,Milan-MIL01.csv,154.67665877338973,77.33832938669487,Amsterdam-AMS03.csv,31.055263394456677
912,50912,Milan-MIL01.csv,33.33821168417724,16.66910584208862,Frankfurt-FRA01.csv,29.07827951909901
913,50913,Milan-MIL01.csv,58.476775415251396,29.238387707625698,Frankfurt-FRA01.csv,35.74831863916609
914,50914,Milan-MIL01.csv,31.752093022347648,15.876046511173824,Amsterdam-AMS03.csv,31.621085204238614
915,50915,Milan-MIL01.csv,52.6305919034408,26.3152959517204,Milan-MIL01.csv,52.6305919034408
916,50916,Milan-MIL01.csv,34.305325485460685,17.152662742730342,Frankfurt-FRA01.csv,29.422690331370386
917,50917,Milan-MIL01.csv,44.67274110176424,22.33637055088212,Frankfurt-FRA01.csv,36.434661926516696
918,50918,Milan-MIL01.csv,35.06993238981686,17.53496619490843,Milan-MIL01.csv,35.06993238981686
919,50919,Milan-MIL01.csv,35.17489316084064,17.58744658042032,Milan-MIL01.csv,35.17489316084064
920,50920,Milan-MIL01.csv,113.42365857118092,56.71182928559046,Frankfurt-FRA01.csv,37.51150646033005
921,50921,Milan-MIL01.csv,51.334806638112326,25.667403319056163,Frankfurt-FRA01.csv,39.16656926787043
922,50922,Milan-MIL01.csv,46.321600602091806,23.160800301045903,Frankfurt-FRA01.csv,35.25635497712768
923,50923,Milan-MIL01.csv,84.92009841977796,42.46004920988898,Amsterdam-AMS03.csv,32.55327941237723
924,50924,Milan-MIL01.csv,75.82275333167847,37.911376665839235,Amsterdam-AMS03.csv,40.86659710360421
925,50925,Milan-MIL01.csv,59.75520642184457,29.877603210922285,Frankfurt-FRA01.csv,57.20653657268252
926,50926,Milan-MIL01.csv,68.93697658627381,34.46848829313691,Frankfurt-FRA01.csv,45.75126186221456
927,50927,Milan-MIL01.csv,109.24675144689031,54.62337572344516,Amsterdam-AMS03.csv,15.78626130128857
928,50928,Milan-MIL01.csv,80.81410305722353,40.40705152861177,Amsterdam-AMS03.csv,32.10488362046617
929,50929,Milan-MIL01.csv,52.86208927681945,26.431044638409723,Amsterdam-AMS03.csv,45.45666095164914
930,50930,Milan-MIL01.csv,68.25076484759266,34.12538242379633,Amsterdam-AMS03.csv,24.891520607584372
931,50931,Milan-MIL01.csv,51.658497639753016,25.829248819876508,Frankfurt-FRA01.csv,37.700464733030955
932,50932,Milan-MIL01.csv,86.38041243690257,43.19020621845129,Frankfurt-FRA01.csv,32.05883802989293
933,50933,Milan-MIL01.csv,47.888784277335716,23.944392138667858,Amsterdam-AMS03.csv,37.27557227459693
934,50934,Milan-MIL01.csv,51.2817502532742,25.6408751266371,Frankfurt-FRA01.csv,31.64896310402121
935,50935,Milan-MIL01.csv,101.918145770932,50.959072885466,Amsterdam-AMS03.csv,49.844211731094894
936,50936,Milan-MIL01.csv,34.83008105298447,17.415040526492234,Milan-MIL01.csv,34.83008105298447
937,50937,Milan-MIL01.csv,52.505864493487366,26.252932246743683,Frankfurt-FRA01.csv,25.095288087931173
938,50938,Milan-MIL01.csv,39.224552585037586,19.612276292518793,Milan-MIL01.csv,39.224552585037586
939,50939,Milan-MIL01.csv,127.22414568256475,63.61207284128238,Amsterdam-AMS03.csv,35.52754862683845
940,50940,Milan-MIL01.csv,62.71843170471009,31.359215852355046,Frankfurt-FRA01.csv,33.63132140630717
941,50941,Milan-MIL01.csv,47.076080424686005,23.538040212343002,Amsterdam-AMS03.csv,28.611813505395553
942,50942,Milan-MIL01.csv,45.235553023643696,22.617776511821848,Milan-MIL01.csv,45.235553023643696
943,50943,Milan-MIL01.csv,33.89276564035794,16.94638282017897,Milan-MIL01.csv,33.89276564035794
944,50944,Milan-MIL01.csv,50.56834981530951,25.284174907654755,Frankfurt-FRA01.csv,34.21712076964645
945,50945,Milan-MIL01.csv,39.67358366081397,19.836791830406984,Amsterdam-AMS03.csv,39.536311821868594
946,50946,Milan-MIL01.csv,66.36004964608114,33.18002482304057,Amsterdam-AMS03.csv,20.25081364379569
947,50947,Milan-MIL01.csv,48.175637515067564,24.087818757533782,Milan-MIL01.csv,48.175637515067564
948,50948,Milan-MIL01.csv,51.167347658678125,25.583673829339062,Amsterdam-AMS03.csv,35.15415811401718
949,50949,Milan-MIL01.csv,87.60095453022856,43.80047726511428,Frankfurt-FRA01.csv,44.77181680943819
950,50950,Milan-MIL01.csv,39.387811418266196,19.693905709133098,Milan-MIL01.csv,39.387811418266196
951,50951,Milan-MIL01.csv,108.52385019907885,54.261925099539425,Amsterdam-AMS03.csv,39.272542115947026
952,50952,Milan-MIL01.csv,72.93051271018903,36.46525635509452,Frankfurt-FRA01.csv,48.86931923595794
953,50953,Milan-MIL01.csv,55.29981880571277,27.649909402856384,Frankfurt-FRA01.csv,43.837321505574174
954,50954,Milan-MIL01.csv,68.67313870271505,34.336569351357525,Frankfurt-FRA01.csv,33.39973483589834
955,50955,Milan-MIL01.csv,54.18618956209022,27.09309478104511,Frankfurt-FRA01.csv,43.479507357719584
956,50956,Milan-MIL01.csv,49.01906407707707,24.509532038538534,Amsterdam-AMS03.csv,28.184570968160862
957,50957,Milan-MIL01.csv,61.96853514161354,30.98426757080677,Frankfurt-FRA01.csv,50.72691561401599
958,50958,Milan-MIL01.csv,101.6737609067504,50.8368804533752,Frankfurt-FRA01.csv,26.42056813410854
959,50959,Milan-MIL01.csv,70.0017943605901,35.00089718029505,Amsterdam-AMS03.csv,50.407760203532305
960,50960,Milan-MIL01.csv,99.21275929915683,49.606379649578415,Frankfurt-FRA01.csv,46.83874497922637
961,50961,Milan-MIL01.csv,54.45339789616612,27.22669894808306,Frankfurt-FRA01.csv,54.17023875315298
962,50962,Milan-MIL01.csv,41.20082102313494,20.60041051156747,Milan-MIL01.csv,41.20082102313494
963,50963,Milan-MIL01.csv,56.58546163088836,28.29273081544418,Amsterdam-AMS03.csv,30.93389439863181
964,50964,Milan-MIL01.csv,99.90507152804204,49.95253576402102,Amsterdam-AMS03.csv,42.4991793948705
965,50965,Milan-MIL01.csv,44.46178386766995,22.230891933834975,Milan-MIL01.csv,44.46178386766995
966,50966,Milan-MIL01.csv,44.60134374228886,22.30067187114443,Milan-MIL01.csv,44.60134374228886
967,50967,Milan-MIL01.csv,91.82844491706896,45.91422245853448,Frankfurt-FRA01.csv,59.40875743493245
968,50968,Milan-MIL01.csv,100.73136213496404,50.36568106748202,Frankfurt-FRA01.csv,44.19758705298001
969,50969,Milan-MIL01.csv,63.61210490912838,31.80605245456419,Amsterdam-AMS03.csv,46.373054408342895
970,50970,Milan-MIL01.csv,53.58254204844464,26.79127102422232,Amsterdam-AMS03.csv,34.25130360573769
971,50971,Milan-MIL01.csv,99.51867839072318,49.75933919536159,Amsterdam-AMS03.csv,40.75161071595085
972,50972,Milan-MIL01.csv,130.60824183596415,65.30412091798208,Amsterdam-AMS03.csv,31.984374042752112
973,50973,Milan-MIL01.csv,87.9207264471234,43.9603632235617,Amsterdam-AMS03.csv,31.235229140752505
974,50974,Milan-MIL01.csv,44.83287694913759,22.416438474568796,Frankfurt-FRA01.csv,25.58167992970645
975,50975,Milan-MIL01.csv,37.915470683970284,18.957735341985142,Amsterdam-AMS03.csv,25.35572843977049
976,50976,Milan-MIL01.csv,48.9003634472112,24.4501817236056,Amsterdam-AMS03.csv,39.84283074747779
977,50977,Milan-MIL01.csv,50.874533783170975,25.437266891585487,Amsterdam-AMS03.csv,28.060226312600264
978,50978,Milan-MIL01.csv,45.85884451426466,22.92942225713233,Milan-MIL01.csv,45.85884451426466
979,50979,Milan-MIL01.csv,63.86154769181116,31.93077384590558,Frankfurt-FRA01.csv,40.03804320732917
980,50980,Milan-MIL01.csv,37.88533612655994,18.94266806327997,Milan-MIL01.csv,37.88533612655994
981,50981,Milan-MIL01.csv,46.96718549767726,23.48359274883863,Milan-MIL01.csv,46.96718549767726
982,50982,Milan-MIL01.csv,46.44707177747192,23.22353588873596,Frankfurt-FRA01.csv,32.65901999345439
983,50983,Milan-MIL01.csv,60.99350417502302,30.49675208751151,Frankfurt-FRA01.csv,37.755739617235704
984,50984,Milan-MIL01.csv,40.54968544042805,20.274842720214025,Amsterdam-AMS03.csv,38.41431236003503
985,50985,Milan-MIL01.csv,26.604598374431657,13.302299187215828,Milan-MIL01.csv,26.604598374431657
986,50986,Milan-MIL01.csv,38.118564526447784,19.059282263223892,Milan-MIL01.csv,38.118564526447784
987,50987,Milan-MIL01.csv,91.27248877135546,45.63624438567773,Frankfurt-FRA01.csv,31.437658851683995
988,50988,Milan-MIL01.csv,35.6412307831036,17.8206153915518,Frankfurt-FRA01.csv,29.943381363733195
989,50989,Milan-MIL01.csv,52.057327176178006,26.028663588089003,Amsterdam-AMS03.csv,41.38235633470967
990,50990,Milan-MIL01.csv,151.78090083169832,75.89045041584916,Amsterdam-AMS03.csv,46.63763115615145
991,50991,Milan-MIL01.csv,116.9303078431369,58.46515392156845,Amsterdam-AMS03.csv,36.176656850077364
992,50992,Milan-MIL01.csv,181.68707877383764,90.84353938691882,Frankfurt-FRA01.csv,33.44133758109128
993,50993,Milan-MIL01.csv,30.411086738473095,15.205543369236548,Amsterdam-AMS03.csv,23.842635115285933
994,50994,Milan-MIL01.csv,90.2342061769101,45.11710308845505,Amsterdam-AMS03.csv,63.055333094963416
995,50995,Milan-MIL01.csv,81.29925840357026,40.64962920178513,Amsterdam-AMS03.csv,17.99788589739117
996,50996,Milan-MIL01.csv,70.57119275558962,35.28559637779481,Frankfurt-FRA01.csv,40.17942663572547
997,50997,Milan-MIL01.csv,36.15862788978612,18.07931394489306,Milan-MIL01.csv,36.15862788978612
998,50998,Milan-MIL01.csv,76.74144644282569,38.370723221412845,Frankfurt-FRA01.csv,27.50777999364282
999,50999,Milan-MIL01.csv,34.40726276417612,17.20363138208806,Amsterdam-AMS03.csv,24.326996494593132
1000,51000,Milan-MIL01.csv,128.59530422403483,64.29765211201742,Amsterdam-AMS03.csv,62.82311601673852
1001,51001,Milan-MIL01.csv,30.58366235384321,15.291831176921605,Amsterdam-AMS03.csv,24.804757730307458
1002,51002,Milan-MIL01.csv,43.43071320747537,21.715356603737686,Milan-MIL01.csv,43.43071320747537
1003,51003,Milan-MIL01.csv,52.72141473245453,26.360707366227263,Amsterdam-AMS03.csv,43.93055720085869
1004,51004,Milan-MIL01.csv,61.013009995865524,30.506504997932762,Frankfurt-FRA01.csv,44.00297291343926
1005,51005,Milan-MIL01.csv,87.80689368512408,43.90344684256204,Frankfurt-FRA01.csv,24.39391969547255
1006,51006,Milan-MIL01.csv,27.43139537124697,13.715697685623486,Milan-MIL01.csv,27.43139537124697
1007,51007,Milan-MIL01.csv,48.913615441123994,24.456807720561997,Milan-MIL01.csv,48.913615441123994
1008,51008,Milan-MIL01.csv,74.56212326402503,37.281061632012516,Amsterdam-AMS03.csv,29.085762774187486
1009,51009,Milan-MIL01.csv,34.781586364362,17.390793182181,Milan-MIL01.csv,34.781586364362
1010,51010,Milan-MIL01.csv,50.552422276147595,25.276211138073798,Frankfurt-FRA01.csv,37.59448422209463
1011,51011,Milan-MIL01.csv,34.799378040438434,17.399689020219217,Amsterdam-AMS03.csv,24.288380624200165
1012,51012,Milan-MIL01.csv,68.20799197000639,34.103995985003195,Frankfurt-FRA01.csv,35.34148329151426
1013,51013,Milan-MIL01.csv,50.75374348726674,25.37687174363337,Amsterdam-AMS03.csv,42.02510792628063
1014,51014,Milan-MIL01.csv,36.08313515100635,18.041567575503176,Milan-MIL01.csv,36.08313515100635
1015,51015,Milan-MIL01.csv,42.1654613082296,21.0827306541148,Amsterdam-AMS03.csv,33.15080622085746
1016,51016,Milan-MIL01.csv,37.22660084871738,18.61330042435869,Amsterdam-AMS03.csv,32.907979457273996
1017,51017,Milan-MIL01.csv,84.83052676579945,42.415263382899724,Frankfurt-FRA01.csv,37.024714305042735
1018,51018,Milan-MIL01.csv,59.73421283513118,29.86710641756559,Amsterdam-AMS03.csv,40.8127886716958
1019,51019,Milan-MIL01.csv,35.06561649203703,17.532808246018515,Milan-MIL01.csv,35.06561649203703
1020,51020,Milan-MIL01.csv,35.43356368089646,17.71678184044823,Milan-MIL01.csv,35.43356368089646
1021,51021,Milan-MIL01.csv,59.26140895296171,29.630704476480854,Milan-MIL01.csv,59.26140895296171
1022,51022,Milan-MIL01.csv,57.87899130869544,28.93949565434772,Frankfurt-FRA01.csv,29.49127696034687
1023,51023,Milan-MIL01.csv,53.11445903097462,26.55722951548731,Amsterdam-AMS03.csv,40.121828509648296
1024,51024,Milan-MIL01.csv,49.06348663626151,24.531743318130754,Milan-MIL01.csv,49.06348663626151
1025,51025,Milan-MIL01.csv,34.28029350616773,17.140146753083865,Milan-MIL01.csv,34.28029350616773
1026,51026,Milan-MIL01.csv,119.17517286837028,59.58758643418514,Frankfurt-FRA01.csv,33.659354187255616
1027,51027,Milan-MIL01.csv,85.07809504706128,42.53904752353064,Frankfurt-FRA01.csv,27.389276227790525
1028,51028,Milan-MIL01.csv,37.25357740959293,18.626788704796464,Amsterdam-AMS03.csv,31.435943880478153
1029,51029,Milan-MIL01.csv,29.873229454543395,14.936614727271698,Amsterdam-AMS03.csv,27.086204585141648
1030,51030,Milan-MIL01.csv,52.530560957964724,26.265280478982362,Amsterdam-AMS03.csv,31.240226352865182
1031,51031,Milan-MIL01.csv,54.343049248340925,27.171524624170463,Amsterdam-AMS03.csv,51.03810621830496
1032,51032,Milan-MIL01.csv,51.06785360157051,25.533926800785256,Amsterdam-AMS03.csv,31.903050566346288
1033,51033,Milan-MIL01.csv,67.39823777879995,33.699118889399976,Amsterdam-AMS03.csv,19.417715406539852
1034,51034,Milan-MIL01.csv,63.2309890417023,31.61549452085115,Amsterdam-AMS03.csv,50.56667846934369
1035,51035,Milan-MIL01.csv,65.11523366220852,32.55761683110426,Amsterdam-AMS03.csv,41.449180996782
1036,51036,Milan-MIL01.csv,30.09873735241634,15.04936867620817,Milan-MIL01.csv,30.09873735241634
1037,51037,Milan-MIL01.csv,22.866345198330382,11.433172599165191,Milan-MIL01.csv,22.866345198330382
1038,51038,Milan-MIL01.csv,56.309800304777994,28.154900152388997,Amsterdam-AMS03.csv,26.162642668708425
1039,51039,Milan-MIL01.csv,75.97426439987723,37.987132199938614,Frankfurt-FRA01.csv,32.88702439391457
1040,51040,Milan-MIL01.csv,41.501748882841966,20.750874441420983,Frankfurt-FRA01.csv,37.92960611920032
1041,51041,Milan-MIL01.csv,66.04051788537372,33.02025894268686,Amsterdam-AMS03.csv,27.006694814982463
1042,51042,Milan-MIL01.csv,27.23503386380099,13.617516931900495,Milan-MIL01.csv,27.23503386380099
1043,51043,Milan-MIL01.csv,71.19512028988808,35.59756014494404,Amsterdam-AMS03.csv,55.698352772370285
1044,51044,Milan-MIL01.csv,51.677926851045314,25.838963425522657,Milan-MIL01.csv,51.677926851045314
1045,51045,Milan-MIL01.csv,33.25888067297576,16.62944033648788,Milan-MIL01.csv,33.25888067297576
1046,51046,Milan-MIL01.csv,25.456448800764914,12.728224400382457,Frankfurt-FRA01.csv,25.185193761367696
1047,51047,Milan-MIL01.csv,84.26609467266623,42.133047336333114,Amsterdam-AMS03.csv,32.11231283027869
1048,51048,Milan-MIL01.csv,73.3511266402796,36.6755633201398,Frankfurt-FRA01.csv,51.7575146517355
1049,51049,Milan-MIL01.csv,38.622734432768006,19.311367216384003,Amsterdam-AMS03.csv,22.399014168600637
1050,51050,Milan-MIL01.csv,84.54930155896426,42.27465077948213,Frankfurt-FRA01.csv,29.017114157539847
1051,51051,Milan-MIL01.csv,33.897928370358656,16.948964185179328,Amsterdam-AMS03.csv,32.29345522748085
1052,51052,Milan-MIL01.csv,70.12104217588416,35.06052108794208,Amsterdam-AMS03.csv,45.02737845370854
1053,51053,Milan-MIL01.csv,24.62469253872693,12.312346269363465,Milan-MIL01.csv,24.62469253872693
1054,51054,Milan-MIL01.csv,37.522305733629935,18.761152866814967,Frankfurt-FRA01.csv,17.18680564980192
1055,51055,Milan-MIL01.csv,37.356226129348464,18.678113064674232,Milan-MIL01.csv,37.356226129348464
1056,51056,Milan-MIL01.csv,65.73146623155954,32.86573311577977,Amsterdam-AMS03.csv,25.927365589346376
1057,51057,Milan-MIL01.csv,50.7787407043752,25.3893703521876,Frankfurt-FRA01.csv,40.086521453723186
1058,51058,Milan-MIL01.csv,45.899149057338306,22.949574528669153,Milan-MIL01.csv,45.899149057338306
1059,51059,Milan-MIL01.csv,54.82250481672362,27.41125240836181,Milan-MIL01.csv,54.82250481672362
1060,51060,Milan-MIL01.csv,96.90049828526674,48.45024914263337,Frankfurt-FRA01.csv,23.498378797742532
1061,51061,Milan-MIL01.csv,69.68773046461745,34.84386523230872,Amsterdam-AMS03.csv,24.65013331503898
1062,51062,Milan-MIL01.csv,103.57186965548213,51.785934827741066,Amsterdam-AMS03.csv,52.544200912756956
1063,51063,Milan-MIL01.csv,148.72372078511688,74.36186039255844,Amsterdam-AMS03.csv,37.205222665774
1064,51064,Milan-MIL01.csv,68.67134049250159,34.33567024625079,Amsterdam-AMS03.csv,26.38035152588105
1065,51065,Milan-MIL01.csv,47.48393899284534,23.74196949642267,Frankfurt-FRA01.csv,29.539608252982767
1066,51066,Milan-MIL01.csv,44.043334199394934,22.021667099697467,Amsterdam-AMS03.csv,23.537298866383335
1067,51067,Milan-MIL01.csv,59.346633550023775,29.673316775011887,Amsterdam-AMS03.csv,30.189369707954373
1068,51068,Milan-MIL01.csv,42.841738798333935,21.420869399166968,Frankfurt-FRA01.csv,39.80213637462928
1069,51069,Milan-MIL01.csv,49.97885494725138,24.98942747362569,Amsterdam-AMS03.csv,41.736355629835366
1070,51070,Milan-MIL01.csv,36.74702226811129,18.373511134055644,Amsterdam-AMS03.csv,30.993258313910744
1071,51071,Milan-MIL01.csv,56.416861902555915,28.208430951277958,Milan-MIL01.csv,56.416861902555915
1072,51072,Milan-MIL01.csv,59.490620862323745,29.745310431161872,Amsterdam-AMS03.csv,42.357735022249095
1073,51073,Milan-MIL01.csv,59.60745994853513,29.803729974267565,Frankfurt-FRA01.csv,38.06725373868353
1074,51074,Milan-MIL01.csv,83.68009619658442,41.84004809829221,Amsterdam-AMS03.csv,23.09186109091284
1075,51075,Milan-MIL01.csv,74.13989175993004,37.06994587996502,Frankfurt-FRA01.csv,46.728855393828226
1076,51076,Milan-MIL01.csv,43.474587483069264,21.737293741534632,Frankfurt-FRA01.csv,36.72722797325902
1077,51077,Milan-MIL01.csv,44.570272658693106,22.285136329346553,Milan-MIL01.csv,44.570272658693106
1078,51078,Milan-MIL01.csv,67.82300846857193,33.911504234285964,Amsterdam-AMS03.csv,55.521885996937016
1079,51079,Milan-MIL01.csv,122.16722107267886,61.08361053633943,Frankfurt-FRA01.csv,56.207472273006424
1080,51080,Milan-MIL01.csv,96.6104863578893,48.30524317894465,Frankfurt-FRA01.csv,27.606517565529565
1081,51081,Milan-MIL01.csv,50.67957717974724,25.33978858987362,Frankfurt-FRA01.csv,46.54415100338795
1082,51082,Milan-MIL01.csv,43.43266639551162,21.71633319775581,Milan-MIL01.csv,43.43266639551162
1083,51083,Milan-MIL01.csv,113.25601319160356,56.62800659580178,Amsterdam-AMS03.csv,37.28571514126776
1084,51084,Milan-MIL01.csv,196.54855902347342,98.27427951173671,Frankfurt-FRA01.csv,29.54133041809077
1085,51085,Milan-MIL01.csv,59.370537249297605,29.685268624648803,Frankfurt-FRA01.csv,41.37647508849675
1086,51086,Milan-MIL01.csv,27.428932934686255,13.714466467343128,Milan-MIL01.csv,27.428932934686255
1087,51087,Milan-MIL01.csv,30.130049364261733,15.065024682130867,Milan-MIL01.csv,30.130049364261733
1088,51088,Milan-MIL01.csv,70.29959437827242,35.14979718913621,Amsterdam-AMS03.csv,36.83990442091427
1089,51089,Milan-MIL01.csv,69.77556671234396,34.88778335617198,Frankfurt-FRA01.csv,49.13084632982555
1090,51090,Milan-MIL01.csv,39.77184349782682,19.88592174891341,Milan-MIL01.csv,39.77184349782682
1091,51091,Milan-MIL01.csv,56.63443705454759,28.317218527273795,Amsterdam-AMS03.csv,51.207076905887334
1092,51092,Milan-MIL01.csv,42.20745002351386,21.10372501175693,Milan-MIL01.csv,42.20745002351386
1093,51093,Milan-MIL01.csv,55.513818431053934,27.756909215526967,Frankfurt-FRA01.csv,39.08594049472025
1094,51094,Milan-MIL01.csv,66.13201342798264,33.06600671399132,Amsterdam-AMS03.csv,31.60011109123341
1095,51095,Milan-MIL01.csv,137.24893296274388,68.62446648137194,Amsterdam-AMS03.csv,30.33556949903841
1096,51096,Milan-MIL01.csv,100.06451063444942,50.03225531722471,Amsterdam-AMS03.csv,19.64687349166723
1097,51097,Milan-MIL01.csv,72.26476397160232,36.13238198580116,Amsterdam-AMS03.csv,35.58874114734723
1098,51098,Milan-MIL01.csv,142.33350129965237,71.16675064982618,Amsterdam-AMS03.csv,64.44514211064428
1099,51099,Milan-MIL01.csv,68.18006231275203,34.090031156376014,Frankfurt-FRA01.csv,34.62170444849504
1100,51100,Milan-MIL01.csv,53.246072720055295,26.623036360027648,Amsterdam-AMS03.csv,29.842257629073313
1101,51101,Milan-MIL01.csv,102.33665898933046,51.16832949466523,Amsterdam-AMS03.csv,28.96812866287202
1102,51102,Milan-MIL01.csv,73.59509191668329,36.797545958341644,Amsterdam-AMS03.csv,37.8186336356626
1103,51103,Milan-MIL01.csv,94.3277201966989,47.16386009834945,Amsterdam-AMS03.csv,53.87172068742213
1104,51104,Milan-MIL01.csv,45.3866406015877,22.69332030079385,Milan-MIL01.csv,45.3866406015877
1105,51105,Milan-MIL01.csv,46.108596938791045,23.054298469395523,Milan-MIL01.csv,46.108596938791045
1106,51106,Milan-MIL01.csv,55.050535060111,27.5252675300555,Amsterdam-AMS03.csv,36.44608795689964
1107,51107,Milan-MIL01.csv,37.71486302621228,18.85743151310614,Milan-MIL01.csv,37.71486302621228
1108,51108,Milan-MIL01.csv,30.201806978530524,15.100903489265262,Amsterdam-AMS03.csv,28.10390526663192
1109,51109,Milan-MIL01.csv,86.14403905260573,43.07201952630287,Amsterdam-AMS03.csv,42.883085087984625
1110,51110,Milan-MIL01.csv,29.765149515436768,14.882574757718384,Milan-MIL01.csv,29.765149515436768
1111,51111,Milan-MIL01.csv,68.07428417980937,34.037142089904684,Milan-MIL01.csv,68.07428417980937
1112,51112,Milan-MIL01.csv,78.94496426981524,39.47248213490762,Frankfurt-FRA01.csv,49.07782845073337
1113,51113,Milan-MIL01.csv,65.85838917542576,32.92919458771288,Amsterdam-AMS03.csv,50.54600867177924
1114,51114,Milan-MIL01.csv,85.83311148552558,42.91655574276279,Amsterdam-AMS03.csv,36.661828389921936
1115,51115,Milan-MIL01.csv,25.74145579649269,12.870727898246345,Milan-MIL01.csv,25.74145579649269
1116,51116,Milan-MIL01.csv,48.926361984405006,24.463180992202503,Amsterdam-AMS03.csv,45.050324866751886
1117,51117,Milan-MIL01.csv,37.09952877228456,18.54976438614228,Frankfurt-FRA01.csv,31.62599868804328
1118,51118,Milan-MIL01.csv,48.859898103864225,24.429949051932113,Frankfurt-FRA01.csv,32.29974610401784
1119,51119,Milan-MIL01.csv,77.1665683897481,38.58328419487405,Amsterdam-AMS03.csv,28.526367108672567
1120,51120,Milan-MIL01.csv,49.0232872478886,24.5116436239443,Amsterdam-AMS03.csv,30.493529652195576
1121,51121,Milan-MIL01.csv,48.38716011240844,24.19358005620422,Frankfurt-FRA01.csv,40.81568695142853
1122,51122,Milan-MIL01.csv,69.44182773750985,34.72091386875493,Frankfurt-FRA01.csv,32.378064456496176
1123,51123,Milan-MIL01.csv,82.73692184585406,41.36846092292703,Amsterdam-AMS03.csv,37.96766818183931
1124,51124,Milan-MIL01.csv,51.1663106125637,25.58315530628185,Amsterdam-AMS03.csv,33.374261788879245
1125,51125,Milan-MIL01.csv,31.984536967811582,15.992268483905791,Milan-MIL01.csv,31.984536967811582
1126,51126,Milan-MIL01.csv,71.7667925426458,35.8833962713229,Amsterdam-AMS03.csv,31.068078322310605
1127,51127,Milan-MIL01.csv,198.9121204908348,99.4560602454174,Frankfurt-FRA01.csv,71.88261239368055
1128,51128,Milan-MIL01.csv,107.98878937899845,53.994394689499224,Amsterdam-AMS03.csv,35.53584085210963
1129,51129,Milan-MIL01.csv,86.84712668552984,43.42356334276492,Amsterdam-AMS03.csv,52.989792324167844
1130,51130,Milan-MIL01.csv,31.88456465992347,15.942282329961735,Amsterdam-AMS03.csv,25.979924769356487
1131,51131,Milan-MIL01.csv,19.587898850277238,9.793949425138619,Milan-MIL01.csv,19.587898850277238
1132,51132,Milan-MIL01.csv,67.38952964892069,33.69476482446034,Amsterdam-AMS03.csv,34.123977737771774
1133,51133,Milan-MIL01.csv,72.05777587633702,36.02888793816851,Amsterdam-AMS03.csv,39.08998203305304
1134,51134,Milan-MIL01.csv,59.57916898673704,29.78958449336852,Amsterdam-AMS03.csv,30.978453857335627
1135,51135,Milan-MIL01.csv,35.524282953471634,17.762141476735817,Milan-MIL01.csv,35.524282953471634
1136,51136,Milan-MIL01.csv,112.66251531503639,56.331257657518194,Frankfurt-FRA01.csv,41.91517382265035
1137,51137,Milan-MIL01.csv,80.60428111008545,40.302140555042726,Frankfurt-FRA01.csv,36.54655702250666
1138,51138,Milan-MIL01.csv,29.74280193548517,14.871400967742584,Milan-MIL01.csv,29.74280193548517
1139,51139,Milan-MIL01.csv,44.79481928739763,22.397409643698815,Amsterdam-AMS03.csv,34.70093618886141
1140,51140,Milan-MIL01.csv,37.135665168443026,18.567832584221513,Milan-MIL01.csv,37.135665168443026
1141,51141,Milan-MIL01.csv,34.82258469927557,17.411292349637787,Milan-MIL01.csv,34.82258469927557
1142,51142,Milan-MIL01.csv,28.210989264638574,14.105494632319287,Milan-MIL01.csv,28.210989264638574
1143,51143,Milan-MIL01.csv,82.10499962596501,41.052499812982504,Frankfurt-FRA01.csv,48.9293794198596
1144,51144,Milan-MIL01.csv,72.9898073878605,36.49490369393025,Frankfurt-FRA01.csv,45.47854028441283
1145,51145,Milan-MIL01.csv,36.97362535844153,18.486812679220765,Frankfurt-FRA01.csv,29.20318202211478
1146,51146,Milan-MIL01.csv,75.77967293779221,37.88983646889611,Amsterdam-AMS03.csv,19.33814154638629
1147,51147,Milan-MIL01.csv,28.489376658960463,14.244688329480232,Milan-MIL01.csv,28.489376658960463
1148,51148,Milan-MIL01.csv,57.3922684895881,28.69613424479405,Amsterdam-AMS03.csv,26.823933330551043
1149,51149,Milan-MIL01.csv,53.325764416993216,26.662882208496608,Amsterdam-AMS03.csv,24.1626961409772
1150,51150,Milan-MIL01.csv,78.40222876839104,39.20111438419552,Amsterdam-AMS03.csv,56.25215901265197
1151,51151,Milan-MIL01.csv,65.98963553570128,32.99481776785064,Amsterdam-AMS03.csv,43.867218976547115
1152,51152,Milan-MIL01.csv,32.45218356336042,16.22609178168021,Milan-MIL01.csv,32.45218356336042
1153,51153,Milan-MIL01.csv,62.24439599844453,31.122197999222266,Frankfurt-FRA01.csv,28.467267781337814
1154,51154,Milan-MIL01.csv,73.66491494862869,36.832457474314346,Amsterdam-AMS03.csv,39.164611851529465
1155,51155,Milan-MIL01.csv,58.32733782867799,29.163668914338995,Frankfurt-FRA01.csv,33.702566799010974
1156,51156,Milan-MIL01.csv,60.757757704128544,30.378878852064272,Amsterdam-AMS03.csv,37.46537767469225
1157,51157,Milan-MIL01.csv,34.532654139809814,17.266327069904907,Amsterdam-AMS03.csv,25.873936315073486
1158,51158,Milan-MIL01.csv,47.38943890444213,23.694719452221065,Milan-MIL01.csv,47.38943890444213
1159,51159,Milan-MIL01.csv,61.83048505635757,30.915242528178783,Frankfurt-FRA01.csv,35.19613054707091
1160,51160,Milan-MIL01.csv,27.588484493973503,13.794242246986752,Milan-MIL01.csv,27.588484493973503
1161,51161,Milan-MIL01.csv,57.64954843188195,28.824774215940977,Amsterdam-AMS03.csv,40.14603660511472
1162,51162,Milan-MIL01.csv,124.38129781670044,62.19064890835022,Amsterdam-AMS03.csv,44.36676325365845
1163,51163,Milan-MIL01.csv,49.365159497402566,24.682579748701283,Frankfurt-FRA01.csv,33.77806400537763
1164,51164,Milan-MIL01.csv,50.4437615406729,25.22188077033645,Milan-MIL01.csv,50.4437615406729
1165,51165,Milan-MIL01.csv,49.02525206271793,24.512626031358966,Frankfurt-FRA01.csv,32.91507581623953
1166,51166,Milan-MIL01.csv,33.85740488052723,16.928702440263613,Amsterdam-AMS03.csv,31.675941924000927
1167,51167,Milan-MIL01.csv,112.26268109114146,56.13134054557073,Amsterdam-AMS03.csv,39.52188684994382
1168,51168,Milan-MIL01.csv,82.58381736736438,41.29190868368219,Amsterdam-AMS03.csv,62.4730011816283
1169,51169,Milan-MIL01.csv,19.934339561778188,9.967169780889094,Milan-MIL01.csv,19.934339561778188
1170,51170,Milan-MIL01.csv,52.852719129331554,26.426359564665777,Amsterdam-AMS03.csv,50.447464371437626
1171,51171,Milan-MIL01.csv,99.08377092395477,49.54188546197739,Frankfurt-FRA01.csv,63.992857887059394
1172,51172,Milan-MIL01.csv,28.39552390156191,14.197761950780954,Milan-MIL01.csv,28.39552390156191
1173,51173,Milan-MIL01.csv,93.13772745942231,46.568863729711154,Amsterdam-AMS03.csv,41.4194947327234
1174,51174,Milan-MIL01.csv,99.75619055582644,49.87809527791322,Amsterdam-AMS03.csv,48.31243989534934
1175,51175,Milan-MIL01.csv,65.23361045335993,32.616805226679965,Frankfurt-FRA01.csv,46.82386985156392
1176,51176,Milan-MIL01.csv,34.05496272393356,17.02748136196678,Milan-MIL01.csv,34.05496272393356
1177,51177,Milan-MIL01.csv,108.22939797711598,54.11469898855799,Frankfurt-FRA01.csv,41.21731987147355
1178,51178,Milan-MIL01.csv,62.08364456114585,31.041822280572926,Amsterdam-AMS03.csv,51.59902105416497
1179,51179,Milan-MIL01.csv,16.587120112220035,8.293560056110017,Milan-MIL01.csv,16.587120112220035
1180,51180,Milan-MIL01.csv,31.309758327261093,15.654879163630547,Milan-MIL01.csv,31.309758327261093
1181,51181,Milan-MIL01.csv,48.36560646518304,24.18280323259152,Frankfurt-FRA01.csv,43.17324799357886
1182,51182,Milan-MIL01.csv,105.78936441759411,52.89468220879706,Amsterdam-AMS03.csv,22.779422849309114
1183,51183,Milan-MIL01.csv,26.18276845972834,13.09138422986417,Milan-MIL01.csv,26.18276845972834
1184,51184,Milan-MIL01.csv,32.789445396314704,16.394722698157352,Milan-MIL01.csv,32.789445396314704
1185,51185,Milan-MIL01.csv,32.206032852429495,16.103016426214747,Frankfurt-FRA01.csv,30.07854265343397
1186,51186,Milan-MIL01.csv,87.4219040473359,43.71095202366795,Frankfurt-FRA01.csv,33.333049964837954
1187,51187,Milan-MIL01.csv,27.4987313530554,13.7493656765277,Milan-MIL01.csv,27.4987313530554
1188,51188,Milan-MIL01.csv,49.77496493231164,24.88748246615582,Milan-MIL01.csv,49.77496493231164
1189,51189,Milan-MIL01.csv,52.20620498974547,26.103102494872736,Amsterdam-AMS03.csv,51.99320370064888
1190,51190,Milan-MIL01.csv,120.8649621676094,60.4324810838047,Amsterdam-AMS03.csv,53.063363658747164
1191,51191,Milan-MIL01.csv,55.875497390699266,27.937748695349633,Amsterdam-AMS03.csv,34.321869602196294
1192,51192,Milan-MIL01.csv,27.785065819803467,13.892532909901734,Milan-MIL01.csv,27.785065819803467
1193,51193,Milan-MIL01.csv,59.05740140591152,29.52870070295576,Frankfurt-FRA01.csv,45.09800068000065
1194,51194,Milan-MIL01.csv,59.67704162213776,29.83852081106888,Amsterdam-AMS03.csv,24.64326660021906
1195,51195,Milan-MIL01.csv,66.456757805176,33.228378902588,Amsterdam-AMS03.csv,54.46114394189306
1196,51196,Milan-MIL01.csv,47.22319397258291,23.611596986291456,Amsterdam-AMS03.csv,29.81112065431113
1197,51197,Milan-MIL01.csv,80.93391404024337,40.46695702012168,Frankfurt-FRA01.csv,33.26751595774928
1198,51198,Milan-MIL01.csv,69.84866808192378,34.92433404096189,Amsterdam-AMS03.csv,56.59171806108739
1199,51199,Milan-MIL01.csv,43.60796046997766,21.80398023498883,Frankfurt-FRA01.csv,43.51277134629529
1200,51200,Milan-MIL01.csv,51.4359276342345,25.71796381711725,Frankfurt-FRA01.csv,32.584325361633745
1201,51201,Milan-MIL01.csv,74.12091385212398,37.06045692606199,Amsterdam-AMS03.csv,37.315829662559224
1202,51202,Milan-MIL01.csv,20.34495545265534,10.17247772632767,Milan-MIL01.csv,20.34495545265534
1203,51203,Milan-MIL01.csv,40.594609347779546,20.297304673889773,Milan-MIL01.csv,40.594609347779546
1204,51204,Milan-MIL01.csv,28.322802436276675,14.161401218138337,Milan-MIL01.csv,28.322802436276675
1205,51205,Milan-MIL01.csv,77.67143831953634,38.83571915976817,Amsterdam-AMS03.csv,46.739626552023566
1206,51206,Milan-MIL01.csv,61.30129491835259,30.650647459176295,Amsterdam-AMS03.csv,52.51690906519848
1207,51207,Milan-MIL01.csv,34.7721122730387,17.38605613651935,Milan-MIL01.csv,34.7721122730387
1208,51208,Milan-MIL01.csv,47.97357728009377,23.986788640046885,Frankfurt-FRA01.csv,35.61824352815911
1209,51209,Milan-MIL01.csv,40.88354186778114,20.44177093389057,Frankfurt-FRA01.csv,37.11344437885982
1210,51210,Milan-MIL01.csv,32.65985097103007,16.329925485515034,Amsterdam-AMS03.csv,26.676279065939028
1211,51211,Milan-MIL01.csv,95.16841071158771,47.584205355793856,Frankfurt-FRA01.csv,33.90852648377
1212,51212,Milan-MIL01.csv,16.1370252806563,8.06851264032815,Milan-MIL01.csv,16.1370252806563
1213,51213,Milan-MIL01.csv,54.20912529658748,27.10456264829374,Milan-MIL01.csv,54.20912529658748
1214,51214,Milan-MIL01.csv,38.85153379938369,19.425766899691844,Amsterdam-AMS03.csv,27.58997849214051
1215,51215,Milan-MIL01.csv,93.07935904264978,46.53967952132489,Frankfurt-FRA01.csv,37.54525865548507
1216,51216,Milan-MIL01.csv,95.37580864885163,47.687904324425816,Frankfurt-FRA01.csv,50.10714140580035
1217,51217,Milan-MIL01.csv,44.56209715484178,22.28104857742089,Amsterdam-AMS03.csv,31.60372861191522
1218,51218,Milan-MIL01.csv,57.02184608923443,28.510923044617215,Amsterdam-AMS03.csv,27.372938698998745
1219,51219,Milan-MIL01.csv,29.684269152488323,14.842134576244161,Milan-MIL01.csv,29.684269152488323
1220,51220,Milan-MIL01.csv,59.68337317398879,29.841686586994395,Milan-MIL01.csv,59.68337317398879
1221,51221,Milan-MIL01.csv,66.0416012631346,33.0208006315673,Frankfurt-FRA01.csv,33.24304124980513
1222,51222,Milan-MIL01.csv,28.995078661048694,14.497539330524347,Milan-MIL01.csv,28.995078661048694
1223,51223,Milan-MIL01.csv,65.79278929717398,32.89639464858699,Amsterdam-AMS03.csv,37.73456853261558
1224,51224,Milan-MIL01.csv,80.01970272183479,40.009851360917395,Amsterdam-AMS03.csv,20.91239205630116
1225,51225,Milan-MIL01.csv,72.62313523713803,36.311567618569015,Amsterdam-AMS03.csv,40.870732128917105
1226,51226,Milan-MIL01.csv,54.873461591397366,27.436730795698683,Milan-MIL01.csv,54.873461591397366
1227,51227,Milan-MIL01.csv,48.8996352567402,24.4498176283701,Frankfurt-FRA01.csv,30.960885672684256
1228,51228,Milan-MIL01.csv,74.96707106710025,37.483535533550125,Amsterdam-AMS03.csv,15.792397446872881
1229,51229,Milan-MIL01.csv,27.048999621472227,13.524499810736113,Milan-MIL01.csv,27.048999621472227
1230,51230,Milan-MIL01.csv,124.20697160864901,62.10348580432451,Amsterdam-AMS03.csv,41.24279058549168
1231,51231,Milan-MIL01.csv,203.96417373504016,101.98208686752008,Amsterdam-AMS03.csv,36.700145234615704
1232,51232,Milan-MIL01.csv,59.62353098958892,29.81176549479446,Amsterdam-AMS03.csv,46.45773329888043
1233,51233,Milan-MIL01.csv,30.516502383645747,15.258251191822874,Milan-MIL01.csv,30.516502383645747
1234,51234,Milan-MIL01.csv,60.207200632426435,30.103600316213218,Amsterdam-AMS03.csv,31.099334064970783
1235,51235,Milan-MIL01.csv,47.56498170739684,23.78249085369842,Amsterdam-AMS03.csv,24.570894836251068
1236,51236,Milan-MIL01.csv,45.389521128226754,22.694760564113377,Amsterdam-AMS03.csv,41.327830479445666
1237,51237,Milan-MIL01.csv,59.63189404282325,29.815947021411624,Frankfurt-FRA01.csv,37.3918294267345
1238,51238,Milan-MIL01.csv,40.57663006962008,20.28831503481004,Amsterdam-AMS03.csv,35.0852565008577
1239,51239,Milan-MIL01.csv,48.54502457463276,24.27251228731638,Milan-MIL01.csv,48.54502457463276
1240,51240,Milan-MIL01.csv,79.95508580849817,39.977542904249084,Frankfurt-FRA01.csv,32.82113318272724
1241,51241,Milan-MIL01.csv,62.7278720607185,31.36393603035925,Amsterdam-AMS03.csv,36.40708715280783
1242,51242,Milan-MIL01.csv,32.39511902753142,16.19755951376571,Milan-MIL01.csv,32.39511902753142
1243,51243,Milan-MIL01.csv,26.464855395669755,13.232427697834877,Milan-MIL01.csv,26.464855395669755
1244,51244,Milan-MIL01.csv,69.88495630836314,34.94247815418157,Amsterdam-AMS03.csv,44.65827483839524
1245,51245,Milan-MIL01.csv,71.0059743703167,35.50298718515835,Amsterdam-AMS03.csv,45.71095780074111
1246,51246,Milan-MIL01.csv,33.90713455289585,16.953567276447924,Frankfurt-FRA01.csv,33.48159251638659
1247,51247,Milan-MIL01.csv,35.139543903467725,17.569771951733863,Amsterdam-AMS03.csv,32.582509715567014
1248,51248,Milan-MIL01.csv,58.48082596920634,29.24041298460317,Amsterdam-AMS03.csv,30.033898130240306
1249,51249,Milan-MIL01.csv,60.202293805904944,30.101146902952472,Amsterdam-AMS03.csv,55.004561767134
1250,51250,Milan-MIL01.csv,55.12747426145463,27.563737130727315,Amsterdam-AMS03.csv,37.23404161289044
1251,51251,Milan-MIL01.csv,88.61564304589056,44.30782152294528,Frankfurt-FRA01.csv,48.82223312546051
1252,51252,Milan-MIL01.csv,28.455705379754395,14.227852689877198,Milan-MIL01.csv,28.455705379754395
1253,51253,Milan-MIL01.csv,45.305534724502415,22.652767362251208,Milan-MIL01.csv,45.305534724502415
1254,51254,Milan-MIL01.csv,78.50147953500372,39.25073976750186,Amsterdam-AMS03.csv,29.316938043690925
1255,51255,Milan-MIL01.csv,75.14245202970525,37.57122601485263,Frankfurt-FRA01.csv,45.38642098278918
1256,51256,Milan-MIL01.csv,29.841125273669153,14.920562636834577,Milan-MIL01.csv,29.841125273669153
1257,51257,Milan-MIL01.csv,29.5503705754618,14.7751852877309,Milan-MIL01.csv,29.5503705754618
1258,51258,Milan-MIL01.csv,69.12317187313175,34.561585936565876,Frankfurt-FRA01.csv,65.82181733424143
1259,51259,Milan-MIL01.csv,72.68030632763517,36.34015316381758,Frankfurt-FRA01.csv,38.316417286624635
1260,51260,Milan-MIL01.csv,90.1164736524809,45.05823682624045,Frankfurt-FRA01.csv,46.165286746292495
1261,51261,Milan-MIL01.csv,58.02254075668303,29.011270378341514,Amsterdam-AMS03.csv,28.285892332733912
1262,51262,Milan-MIL01.csv,58.85585731469134,29.42792865734567,Amsterdam-AMS03.csv,29.113258770208297
1263,51263,Milan-MIL01.csv,63.04989410401185,31.524947052005924,Frankfurt-FRA01.csv,21.38785099588154
1264,51264,Milan-MIL01.csv,64.83331109729173,32.41665554864586,Frankfurt-FRA01.csv,46.51983148271994
1265,51265,Milan-MIL01.csv,49.224424271921016,24.612212135960508,Frankfurt-FRA01.csv,39.502726996264265
1266,51266,Milan-MIL01.csv,111.87984931303491,55.939924656517455,Frankfurt-FRA01.csv,65.12405918364712
1267,51267,Milan-MIL01.csv,79.97337243645033,39.98668621822517,Frankfurt-FRA01.csv,64.96712781599044
1268,51268,Milan-MIL01.csv,52.73751287594694,26.36875643797347,Amsterdam-AMS03.csv,38.20806693997089
1269,51269,Milan-MIL01.csv,31.72299214548092,15.86149607274046,Milan-MIL01.csv,31.72299214548092
1270,51270,Milan-MIL01.csv,46.360067705206845,23.180033852603422,Milan-MIL01.csv,46.360067705206845
1271,51271,Milan-MIL01.csv,53.596913707214874,26.798456853607437,Amsterdam-AMS03.csv,35.49898164169265
1272,51272,Milan-MIL01.csv,35.95566979321438,17.97783489660719,Milan-MIL01.csv,35.95566979321438
1273,51273,Milan-MIL01.csv,72.52975761157343,36.264878805786715,Frankfurt-FRA01.csv,31.433145436625594
1274,51274,Milan-MIL01.csv,65.3913407794742,32.6956703897371,Amsterdam-AMS03.csv,42.81333419709004
1275,51275,Milan-MIL01.csv,27.94427938839391,13.972139694196954,Amsterdam-AMS03.csv,22.585789109387598
1276,51276,Milan-MIL01.csv,39.265029473012994,19.632514736506497,Milan-MIL01.csv,39.265029473012994
1277,51277,Milan-MIL01.csv,37.22971124687079,18.614855623435396,Milan-MIL01.csv,37.22971124687079
1278,51278,Milan-MIL01.csv,58.56307267226575,29.281536336132874,Frankfurt-FRA01.csv,56.66792933876783
1279,51279,Milan-MIL01.csv,66.90066885003776,33.45033442501888,Amsterdam-AMS03.csv,25.609168079390464
1280,51280,Milan-MIL01.csv,34.06751775107632,17.03375887553816,Frankfurt-FRA01.csv,31.274548296213503
1281,51281,Milan-MIL01.csv,53.42254185733875,26.711270928669375,Amsterdam-AMS03.csv,39.46016620787563
1282,51282,Milan-MIL01.csv,33.052446297874226,16.526223148937113,Milan-MIL01.csv,33.052446297874226
1283,51283,Milan-MIL01.csv,48.30646093331524,24.15323046665762,Frankfurt-FRA01.csv,28.256191639075034
1284,51284,Milan-MIL01.csv,24.646311245201755,12.323155622600877,Milan-MIL01.csv,24.646311245201755
1285,51285,Milan-MIL01.csv,38.25008775233186,19.12504387616593,Amsterdam-AMS03.csv,38.213703968498166
1286,51286,Milan-MIL01.csv,41.68761977293311,20.843809886466556,Amsterdam-AMS03.csv,37.901198062011844
1287,51287,Milan-MIL01.csv,34.93521584782792,17.46760792391396,Milan-MIL01.csv,34.93521584782792
1288,51288,Milan-MIL01.csv,32.485116166418166,16.242558083209083,Milan-MIL01.csv,32.485116166418166
1289,51289,Milan-MIL01.csv,67.63976479395201,33.819882396976006,Amsterdam-AMS03.csv,37.54560005593246
1290,51290,Milan-MIL01.csv,47.65451124956607,23.827255624783035,Amsterdam-AMS03.csv,23.559271457623186
1291,51291,Milan-MIL01.csv,68.62866590957051,34.31433295478526,Amsterdam-AMS03.csv,31.53381156947017
1292,51292,Milan-MIL01.csv,37.52467706694644,18.76233853347322,Frankfurt-FRA01.csv,30.687216517880444
1293,51293,Milan-MIL01.csv,66.40726543743872,33.20363271871936,Amsterdam-AMS03.csv,25.543105970186467
1294,51294,Milan-MIL01.csv,39.78043940526397,19.890219702631985,Amsterdam-AMS03.csv,35.17124928714368
1295,51295,Milan-MIL01.csv,41.85584151777643,20.927920758888217,Amsterdam-AMS03.csv,33.67040368811592
1296,51296,Milan-MIL01.csv,65.34168971502268,32.67084485751134,Amsterdam-AMS03.csv,38.0609495349204
1297,51297,Milan-MIL01.csv,24.685190949817233,12.342595474908617,Milan-MIL01.csv,24.685190949817233
1298,51298,Milan-MIL01.csv,84.47672244971433,42.238361224857165,Amsterdam-AMS03.csv,35.932914655006684
1299,51299,Milan-MIL01.csv,42.60677313221755,21.303386566108774,Amsterdam-AMS03.csv,38.14164659277562
1300,51300,Milan-MIL01.csv,28.089901966457383,14.044950983228691,Milan-MIL01.csv,28.089901966457383
1301,51301,Milan-MIL01.csv,58.91245588723342,29.45622794361671,Milan-MIL01.csv,58.91245588723342
1302,51302,Milan-MIL01.csv,31.64694285579176,15.82347142789588,Milan-MIL01.csv,31.64694285579176
1303,51303,Milan-MIL01.csv,44.11388934054525,22.056944670272625,Milan-MIL01.csv,44.11388934054525
1304,51304,Milan-MIL01.csv,54.87494276819332,27.43747138409666,Milan-MIL01.csv,54.87494276819332
1305,51305,Milan-MIL01.csv,66.39162291847936,33.19581145923968,Frankfurt-FRA01.csv,51.82478384882337
1306,51306,Milan-MIL01.csv,96.5228312940375,48.26141564701875,Amsterdam-AMS03.csv,42.72716638109496
1307,51307,Milan-MIL01.csv,44.703874665707055,22.351937332853527,Frankfurt-FRA01.csv,20.238881351759353
1308,51308,Milan-MIL01.csv,211.33600295457305,105.66800147728652,Frankfurt-FRA01.csv,23.69303788453343
1309,51309,Milan-MIL01.csv,42.116865197286835,21.058432598643417,Milan-MIL01.csv,42.116865197286835
1310,51310,Milan-MIL01.csv,39.06530663422103,19.532653317110515,Amsterdam-AMS03.csv,32.894961798597144
1311,51311,Milan-MIL01.csv,85.30904227679198,42.65452113839599,Amsterdam-AMS03.csv,29.422269458835018
1312,51312,Milan-MIL01.csv,72.80716848703497,36.403584243517486,Frankfurt-FRA01.csv,40.02660396902793
1313,51313,Milan-MIL01.csv,36.77964368823111,18.389821844115556,Amsterdam-AMS03.csv,34.10090018788849
1314,51314,Milan-MIL01.csv,128.42269947846393,64.21134973923196,Amsterdam-AMS03.csv,50.618083085896075
1315,51315,Milan-MIL01.csv,59.73294658111282,29.86647329055641,Amsterdam-AMS03.csv,38.20279003669246
1316,51316,Milan-MIL01.csv,45.96796897462574,22.98398448731287,Frankfurt-FRA01.csv,36.39088668931189
1317,51317,Milan-MIL01.csv,103.52411962440935,51.762059812204676,Amsterdam-AMS03.csv,43.04590887900705
1318,51318,Milan-MIL01.csv,61.035673943549696,30.517836971774848,Amsterdam-AMS03.csv,44.5980271789411
1319,51319,Milan-MIL01.csv,76.55335239068053,38.276676195340265,Amsterdam-AMS03.csv,25.392874979115792
1320,51320,Milan-MIL01.csv,39.53184209496486,19.76592104748243,Amsterdam-AMS03.csv,31.7100515245283
1321,51321,Milan-MIL01.csv,60.08783127870694,30.04391563935347,Frankfurt-FRA01.csv,42.31977411729128
1322,51322,Milan-MIL01.csv,72.82790766087824,36.41395383043912,Amsterdam-AMS03.csv,37.422669374979996
1323,51323,Milan-MIL01.csv,35.84369925647211,17.921849628236053,Milan-MIL01.csv,35.84369925647211
1324,51324,Milan-MIL01.csv,69.6975024408878,34.8487512204439,Frankfurt-FRA01.csv,53.068555333434354
1325,51325,Milan-MIL01.csv,53.50161150654298,26.75080575327149,Amsterdam-AMS03.csv,20.00653822359275
1326,51326,Milan-MIL01.csv,101.78765913682379,50.893829568411896,Amsterdam-AMS03.csv,39.139967470970426
1327,51327,Milan-MIL01.csv,34.63004444141414,17.31502222070707,Milan-MIL01.csv,34.63004444141414
1328,51328,Milan-MIL01.csv,35.231493851234035,17.615746925617017,Amsterdam-AMS03.csv,26.74132296147404
1329,51329,Milan-MIL01.csv,62.49869937888831,31.249349689444156,Amsterdam-AMS03.csv,28.28759656266506
1330,51330,Milan-MIL01.csv,76.26824910684559,38.134124553422794,Frankfurt-FRA01.csv,30.64741470487647
1331,51331,Milan-MIL01.csv,36.083868138144545,18.041934069072273,Amsterdam-AMS03.csv,23.38605296671905
1332,51332,Milan-MIL01.csv,98.89309002543719,49.446545012718595,Amsterdam-AMS03.csv,21.221624561305426
1333,51333,Milan-MIL01.csv,32.72338647981976,16.36169323990988,Milan-MIL01.csv,32.72338647981976
1334,51334,Milan-MIL01.csv,70.49106799869497,35.24553399934749,Amsterdam-AMS03.csv,46.2566249348747
1335,51335,Milan-MIL01.csv,56.98185171321616,28.49092585660808,Amsterdam-AMS03.csv,37.13918597176499
1336,51336,Milan-MIL01.csv,63.32669781619118,31.66334890809559,Amsterdam-AMS03.csv,30.703507485683954
1337,51337,Milan-MIL01.csv,79.00462887525057,39.50231443762529,Frankfurt-FRA01.csv,38.981670976875016
1338,51338,Milan-MIL01.csv,38.91894476776668,19.45947238388334,Milan-MIL01.csv,38.91894476776668
1339,51339,Milan-MIL01.csv,23.75145999273055,11.875729996365274,Milan-MIL01.csv,23.75145999273055
1340,51340,Milan-MIL01.csv,181.69520347867947,90.84760173933974,Amsterdam-AMS03.csv,17.170778219042536
1341,51341,Milan-MIL01.csv,56.24717982292292,28.12358991146146,Amsterdam-AMS03.csv,51.99055487409031
1342,51342,Milan-MIL01.csv,119.37151854757052,59.68575927378526,Amsterdam-AMS03.csv,51.505099559020856
1343,51343,Milan-MIL01.csv,90.97360390859951,45.48680195429976,Amsterdam-AMS03.csv,28.47559534311202
1344,51344,Milan-MIL01.csv,49.7739003232317,24.88695016161585,Amsterdam-AMS03.csv,20.263949165974864
1345,51345,Milan-MIL01.csv,36.63647634747324,18.31823817373662,Milan-MIL01.csv,36.63647634747324
1346,51346,Milan-MIL01.csv,41.45225865304467,20.726129326522337,Frankfurt-FRA01.csv,23.75667099149401
1347,51347,Milan-MIL01.csv,81.372293490738,40.686146745369,Amsterdam-AMS03.csv,38.90172171908066
1348,51348,Milan-MIL01.csv,56.23673202929951,28.118366014649755,Amsterdam-AMS03.csv,32.382943806371
1349,51349,Milan-MIL01.csv,75.93507771365334,37.96753885682667,Frankfurt-FRA01.csv,29.810595792685287
1350,51350,Milan-MIL01.csv,57.12718895163057,28.563594475815286,Frankfurt-FRA01.csv,42.68983538224728
1351,51351,Milan-MIL01.csv,44.771816057563555,22.385908028781778,Frankfurt-FRA01.csv,30.31638583853732
1352,51352,Milan-MIL01.csv,50.71275695172736,25.35637847586368,Amsterdam-AMS03.csv,45.98510581110692
1353,51353,Milan-MIL01.csv,74.87462713351128,37.43731356675564,Amsterdam-AMS03.csv,46.23156529134935
1354,51354,Milan-MIL01.csv,43.222416663097675,21.611208331548838,Amsterdam-AMS03.csv,33.64910558795771
1355,51355,Milan-MIL01.csv,49.324752366241036,24.662376183120518,Frankfurt-FRA01.csv,33.09109042033365
1356,51356,Milan-MIL01.csv,28.69486459001158,14.34743229500579,Amsterdam-AMS03.csv,26.590328997505857
1357,51357,Milan-MIL01.csv,34.68556478953964,17.34278239476982,Milan-MIL01.csv,34.68556478953964
1358,51358,Milan-MIL01.csv,45.91606477657812,22.95803238828906,Frankfurt-FRA01.csv,23.080150670327395
1359,51359,Milan-MIL01.csv,62.292045019758376,31.146022509879188,Amsterdam-AMS03.csv,31.09107260723985
1360,51360,Milan-MIL01.csv,41.79085785028933,20.895428925144664,Amsterdam-AMS03.csv,38.49568266582747
1361,51361,Milan-MIL01.csv,25.783392567025746,12.891696283512873,Milan-MIL01.csv,25.783392567025746
1362,51362,Milan-MIL01.csv,50.54064671492338,25.27032335746169,Amsterdam-AMS03.csv,28.792268787422792
1363,51363,Milan-MIL01.csv,36.30276182406238,18.15138091203119,Milan-MIL01.csv,36.30276182406238
1364,51364,Milan-MIL01.csv,42.226630162538996,21.113315081269498,Amsterdam-AMS03.csv,33.0243826761328
1365,51365,Milan-MIL01.csv,115.31912952727653,57.659564763638265,Frankfurt-FRA01.csv,24.368671226931077
1366,51366,Milan-MIL01.csv,68.06775094512356,34.03387547256178,Amsterdam-AMS03.csv,33.8221221409838
1367,51367,Milan-MIL01.csv,48.808576264877196,24.404288132438598,Amsterdam-AMS03.csv,39.03989962628735
1368,51368,Milan-MIL01.csv,29.356851211225194,14.678425605612597,Frankfurt-FRA01.csv,21.341929243384477
1369,51369,Milan-MIL01.csv,57.66816877587372,28.83408438793686,Amsterdam-AMS03.csv,52.776831522463766
1370,51370,Milan-MIL01.csv,26.10776304609431,13.053881523047155,Milan-MIL01.csv,26.10776304609431
1371,51371,Milan-MIL01.csv,46.82026837836426,23.41013418918213,Frankfurt-FRA01.csv,36.58437090138904
1372,51372,Milan-MIL01.csv,58.752559356307984,29.376279678153992,Amsterdam-AMS03.csv,37.899957545493756
1373,51373,Milan-MIL01.csv,52.85983771753566,26.42991885876783,Amsterdam-AMS03.csv,30.797968308747578
1374,51374,Milan-MIL01.csv,74.13137093883942,37.06568546941971,Amsterdam-AMS03.csv,45.93051656725794
1375,51375,Milan-MIL01.csv,41.507417254887535,20.753708627443768,Amsterdam-AMS03.csv,40.139591623534
1376,51376,Milan-MIL01.csv,44.91989853508251,22.459949267541255,Milan-MIL01.csv,44.91989853508251
1377,51377,Milan-MIL01.csv,49.44772889351968,24.72386444675984,Amsterdam-AMS03.csv,34.732695772413386
1378,51378,Milan-MIL01.csv,128.90919721858188,64.45459860929094,Amsterdam-AMS03.csv,40.11436491448819
1379,51379,Milan-MIL01.csv,66.60821152468068,33.30410576234034,Milan-MIL01.csv,66.60821152468068
1380,51380,Milan-MIL01.csv,54.387243047209445,27.193621523604723,Frankfurt-FRA01.csv,33.70553360178045
1381,51381,Milan-MIL01.csv,43.7246853094591,21.86234265472955,Amsterdam-AMS03.csv,43.36502068216017
1382,51382,Milan-MIL01.csv,46.96991011950793,23.484955059753965,Amsterdam-AMS03.csv,45.51334679340493
1383,51383,Milan-MIL01.csv,89.37219462957174,44.68609731478587,Amsterdam-AMS03.csv,19.502662316123214
1384,51384,Milan-MIL01.csv,75.01170531039998,37.50585265519999,Amsterdam-AMS03.csv,26.343676040536202
1385,51385,Milan-MIL01.csv,49.413916401064505,24.706958200532252,Amsterdam-AMS03.csv,28.018843932334477
1386,51386,Milan-MIL01.csv,31.62534096333897,15.812670481669485,Milan-MIL01.csv,31.62534096333897
1387,51387,Milan-MIL01.csv,51.30708532105188,25.65354266052594,Amsterdam-AMS03.csv,35.36918104400526
1388,51388,Milan-MIL01.csv,68.04889827277333,34.024449136386664,Amsterdam-AMS03.csv,45.27795340487342
1389,51389,Milan-MIL01.csv,49.147178782448854,24.573589391224427,Amsterdam-AMS03.csv,38.11052555979355
1390,51390,Milan-MIL01.csv,77.52165001827078,38.76082500913539,Frankfurt-FRA01.csv,31.368004824894197
1391,51391,Milan-MIL01.csv,47.36106926293162,23.68053463146581,Frankfurt-FRA01.csv,42.648766234301014
1392,51392,Milan-MIL01.csv,41.71141748892344,20.85570874446172,Milan-MIL01.csv,41.71141748892344
1393,51393,Milan-MIL01.csv,78.77700885255784,39.38850442627892,Amsterdam-AMS03.csv,49.893113621077916
1394,51394,Milan-MIL01.csv,34.286974152804305,17.143487076402153,Milan-MIL01.csv,34.286974152804305
1395,51395,Milan-MIL01.csv,28.686555330117052,14.343277665058526,Milan-MIL01.csv,28.686555330117052
1396,51396,Milan-MIL01.csv,20.935841347531277,10.467920673765638,Milan-MIL01.csv,20.935841347531277
1397,51397,Milan-MIL01.csv,139.2926913354411,69.64634566772055,Frankfurt-FRA01.csv,30.126489250855673
1398,51398,Milan-MIL01.csv,96.06753482617992,48.03376741308996,Amsterdam-AMS03.csv,43.50313762871335
1399,51399,Milan-MIL01.csv,35.25746982695958,17.62873491347979,Milan-MIL01.csv,35.25746982695958
1400,51400,Milan-MIL01.csv,62.76371353176532,31.38185676588266,Amsterdam-AMS03.csv,33.18092714206754
1401,51401,Milan-MIL01.csv,47.80043500897145,23.900217504485724,Amsterdam-AMS03.csv,42.51946871981924
1402,51402,Milan-MIL01.csv,36.958408266832244,18.479204133416122,Amsterdam-AMS03.csv,31.51236721727151
1403,51403,Milan-MIL01.csv,91.14594977287086,45.57297488643543,Amsterdam-AMS03.csv,54.59667074481295
1404,51404,Milan-MIL01.csv,40.42923153121733,20.214615765608666,Milan-MIL01.csv,40.42923153121733
1405,51405,Milan-MIL01.csv,42.676838106881846,21.338419053440923,Milan-MIL01.csv,42.676838106881846
1406,51406,Milan-MIL01.csv,59.41370736118586,29.70685368059293,Amsterdam-AMS03.csv,38.329305945879575
1407,51407,Milan-MIL01.csv,85.41706332269248,42.70853166134624,Amsterdam-AMS03.csv,22.661309340868208
1408,51408,Milan-MIL01.csv,91.52601756878953,45.76300878439476,Amsterdam-AMS03.csv,67.08951584535582
1409,51409,Milan-MIL01.csv,71.69925791130433,35.849628955652165,Amsterdam-AMS03.csv,44.79704093179744
1410,51410,Milan-MIL01.csv,74.06842302971346,37.03421151485673,Amsterdam-AMS03.csv,46.877656541502205
1411,51411,Milan-MIL01.csv,36.69575103887168,18.34787551943584,Milan-MIL01.csv,36.69575103887168
1412,51412,Milan-MIL01.csv,41.373334515111,20.6866672575555,Frankfurt-FRA01.csv,25.090979184922123
1413,51413,Milan-MIL01.csv,39.32301841723133,19.661509208615666,Amsterdam-AMS03.csv,21.15759657180388
1414,51414,Milan-MIL01.csv,90.69770038243382,45.34885019121691,Frankfurt-FRA01.csv,35.22043154876949
1415,51415,Milan-MIL01.csv,55.20386770441262,27.60193385220631,Milan-MIL01.csv,55.20386770441262
1416,51416,Milan-MIL01.csv,59.44255035017192,29.72127517508596,Amsterdam-AMS03.csv,25.614560814728193
1417,51417,Milan-MIL01.csv,99.96767341977083,49.983836709885416,Amsterdam-AMS03.csv,39.43677041538712
1418,51418,Milan-MIL01.csv,26.467561208939006,13.233780604469503,Milan-MIL01.csv,26.467561208939006
1419,51419,Milan-MIL01.csv,40.63839565544809,20.319197827724047,Milan-MIL01.csv,40.63839565544809
1420,51420,Milan-MIL01.csv,50.08924035297097,25.044620176485484,Amsterdam-AMS03.csv,35.34405085375112
1421,51421,Milan-MIL01.csv,63.874571702471655,31.937285851235828,Frankfurt-FRA01.csv,38.03724638928338
1422,51422,Milan-MIL01.csv,67.13066009568844,33.56533004784422,Frankfurt-FRA01.csv,36.89694226217113
1423,51423,Milan-MIL01.csv,26.62680372265106,13.31340186132553,Milan-MIL01.csv,26.62680372265106
1424,51424,Milan-MIL01.csv,32.83239782011985,16.416198910059926,Milan-MIL01.csv,32.83239782011985
1425,51425,Milan-MIL01.csv,65.24662498402462,32.62331249201231,Amsterdam-AMS03.csv,31.98082931883768
1426,51426,Milan-MIL01.csv,35.00432198908833,17.502160994544166,Milan-MIL01.csv,35.00432198908833
1427,51427,Milan-MIL01.csv,90.1474820899684,45.0737410449842,Amsterdam-AMS03.csv,43.50862680985351
1428,51428,Milan-MIL01.csv,93.29900408826062,46.64950204413031,Amsterdam-AMS03.csv,24.49264217544372
1429,51429,Milan-MIL01.csv,38.626117554447305,19.313058777223652,Milan-MIL01.csv,38.626117554447305
1430,51430,Milan-MIL01.csv,29.603282396181275,14.801641198090637,Milan-MIL01.csv,29.603282396181275
1431,51431,Milan-MIL01.csv,51.05674758293893,25.528373791469466,Frankfurt-FRA01.csv,37.037258924469214
1432,51432,Milan-MIL01.csv,47.62291651624542,23.81145825812271,Frankfurt-FRA01.csv,47.26315281031881
1433,51433,Milan-MIL01.csv,63.56149396923099,31.780746984615494,Frankfurt-FRA01.csv,28.618591345195526
1434,51434,Milan-MIL01.csv,42.43248664744998,21.21624332372499,Amsterdam-AMS03.csv,38.01412231310065
1435,51435,Milan-MIL01.csv,53.15800021786456,26.57900010893228,Frankfurt-FRA01.csv,35.13150757455399
1436,51436,Milan-MIL01.csv,102.27460387380287,51.13730193690144,Frankfurt-FRA01.csv,46.432641486723575
1437,51437,Milan-MIL01.csv,148.4801753675774,74.2400876837887,Frankfurt-FRA01.csv,59.923820959836114
1438,51438,Milan-MIL01.csv,69.0102239743435,34.50511198717175,Amsterdam-AMS03.csv,22.06179872075959
1439,51439,Milan-MIL01.csv,97.48596371099832,48.74298185549916,Amsterdam-AMS03.csv,34.4411934509122
1440,51440,Milan-MIL01.csv,176.96373474517787,88.48186737258894,Amsterdam-AMS03.csv,32.62809814457521
1441,51441,Milan-MIL01.csv,30.633655752769364,15.316827876384682,Milan-MIL01.csv,30.633655752769364
1442,51442,Milan-MIL01.csv,127.68819877997643,63.844099389988216,Amsterdam-AMS03.csv,39.46424194058236
1443,51443,Milan-MIL01.csv,49.934713013338,24.967356506669,Milan-MIL01.csv,49.934713013338
1444,51444,Milan-MIL01.csv,43.9460367308118,21.9730183654059,Amsterdam-AMS03.csv,25.86689885274627
1445,51445,Milan-MIL01.csv,63.58823117850515,31.794115589252574,Frankfurt-FRA01.csv,45.30941931190678
1446,51446,Milan-MIL01.csv,58.549487504501634,29.274743752250817,Amsterdam-AMS03.csv,37.97985229088716
1447,51447,Milan-MIL01.csv,101.91087421329811,50.95543710664906,Amsterdam-AMS03.csv,45.48267057299627
1448,51448,Milan-MIL01.csv,124.5648778386701,62.28243891933505,Amsterdam-AMS03.csv,34.74258272139626
1449,51449,Milan-MIL01.csv,48.050956249035025,24.025478124517512,Frankfurt-FRA01.csv,36.08379850587862
1450,51450,Milan-MIL01.csv,106.97069742151545,53.48534871075773,Frankfurt-FRA01.csv,55.314931633682455
1451,51451,Milan-MIL01.csv,35.91138200661118,17.95569100330559,Amsterdam-AMS03.csv,33.324310868549595
1452,51452,Milan-MIL01.csv,63.043358613338754,31.521679306669377,Amsterdam-AMS03.csv,32.26610402738248
1453,51453,Milan-MIL01.csv,38.222874290887916,19.111437145443958,Milan-MIL01.csv,38.222874290887916
1454,51454,Milan-MIL01.csv,70.74558007946308,35.37279003973154,Amsterdam-AMS03.csv,27.68965619789052
1455,51455,Milan-MIL01.csv,38.99994094422413,19.499970472112064,Amsterdam-AMS03.csv,34.92121643465364
1456,51456,Milan-MIL01.csv,64.24078521780919,32.120392608904595,Frankfurt-FRA01.csv,30.922381423055803
1457,51457,Milan-MIL01.csv,83.38969542150298,41.69484771075149,Frankfurt-FRA01.csv,28.560580675220663
1458,51458,Milan-MIL01.csv,62.608202610444145,31.304101305222073,Frankfurt-FRA01.csv,33.61044757121503
1459,51459,Milan-MIL01.csv,46.25368822061474,23.12684411030737,Amsterdam-AMS03.csv,45.10533391848781
1460,51460,Milan-MIL01.csv,22.828873977999002,11.414436988999501,Milan-MIL01.csv,22.828873977999002
1461,51461,Milan-MIL01.csv,41.02491572832058,20.51245786416029,Amsterdam-AMS03.csv,33.022102850677946
1462,51462,Milan-MIL01.csv,75.42822464653915,37.714112323269575,Amsterdam-AMS03.csv,33.97536317605961
1463,51463,Milan-MIL01.csv,83.56284563481806,41.78142281740903,Amsterdam-AMS03.csv,27.981207855434956
1464,51464,Milan-MIL01.csv,57.54842330056504,28.77421165028252,Frankfurt-FRA01.csv,47.16706856942387
1465,51465,Milan-MIL01.csv,80.59159226427712,40.29579613213856,Amsterdam-AMS03.csv,44.59709353269086
1466,51466,Milan-MIL01.csv,21.099289766378934,10.549644883189467,Milan-MIL01.csv,21.099289766378934
1467,51467,Milan-MIL01.csv,46.755725577562444,23.377862788781222,Amsterdam-AMS03.csv,43.606623986055055
1468,51468,Milan-MIL01.csv,40.98622395794273,20.493111978971363,Frankfurt-FRA01.csv,37.39317630279527
1469,51469,Milan-MIL01.csv,80.04004604037623,40.02002302018811,Amsterdam-AMS03.csv,24.68460910297103
1470,51470,Milan-MIL01.csv,77.17013289740338,38.58506644870169,Amsterdam-AMS03.csv,51.5273328646747
1471,51471,Milan-MIL01.csv,29.69391099364419,14.846955496822096,Frankfurt-FRA01.csv,28.315507355793304
1472,51472,Milan-MIL01.csv,106.20945062436314,53.10472531218157,Frankfurt-FRA01.csv,29.79447069232315
1473,51473,Milan-MIL01.csv,90.64390960309913,45.321954801549566,Amsterdam-AMS03.csv,65.69271043930134
1474,51474,Milan-MIL01.csv,77.58488467707876,38.79244233853938,Amsterdam-AMS03.csv,32.399480640303665
1475,51475,Milan-MIL01.csv,101.245614567425,50.6228072837125,Amsterdam-AMS03.csv,28.05751968476774
1476,51476,Milan-MIL01.csv,21.453659591324218,10.726829795662109,Milan-MIL01.csv,21.453659591324218
1477,51477,Milan-MIL01.csv,58.58379091415619,29.291895457078095,Frankfurt-FRA01.csv,52.969849295065465
1478,51478,Milan-MIL01.csv,69.12214453271999,34.56107226635999,Frankfurt-FRA01.csv,42.1478006373197
1479,51479,Milan-MIL01.csv,36.94560246248118,18.47280123124059,Milan-MIL01.csv,36.94560246248118
1480,51480,Milan-MIL01.csv,60.04983539542949,30.024917697714745,Frankfurt-FRA01.csv,43.47052204465618
1481,51481,Milan-MIL01.csv,27.925668530743845,13.962834265371923,Milan-MIL01.csv,27.925668530743845
1482,51482,Milan-MIL01.csv,65.04465579659984,32.52232789829992,Frankfurt-FRA01.csv,30.949509431466698
1483,51483,Milan-MIL01.csv,76.15578427818058,38.07789213909029,Frankfurt-FRA01.csv,42.68097555494692
1484,51484,Milan-MIL01.csv,74.89308888883119,37.44654444441559,Amsterdam-AMS03.csv,29.609711104898782
1485,51485,Milan-MIL01.csv,59.01368139717084,29.50684069858542,Amsterdam-AMS03.csv,32.947166818507036
1486,51486,Milan-MIL01.csv,40.276993660298054,20.138496830149027,Amsterdam-AMS03.csv,40.19832782126021
1487,51487,Milan-MIL01.csv,31.979026671229875,15.989513335614937,Milan-MIL01.csv,31.979026671229875
1488,51488,Milan-MIL01.csv,37.19250993908106,18.59625496954053,Amsterdam-AMS03.csv,32.081534985827034
1489,51489,Milan-MIL01.csv,29.43887159053182,14.71943579526591,Milan-MIL01.csv,29.43887159053182
1490,51490,Milan-MIL01.csv,84.89503501692504,42.44751750846252,Amsterdam-AMS03.csv,29.50474634064293
1491,51491,Milan-MIL01.csv,90.84257459819351,45.421287299096754,Frankfurt-FRA01.csv,38.8548584965118
1492,51492,Milan-MIL01.csv,24.610716519985235,12.305358259992618,Milan-MIL01.csv,24.610716519985235
1493,51493,Milan-MIL01.csv,52.63098047743957,26.315490238719786,Amsterdam-AMS03.csv,44.96469465179523
1494,51494,Milan-MIL01.csv,25.682886321594257,12.841443160797128,Milan-MIL01.csv,25.682886321594257
1495,51495,Milan-MIL01.csv,33.618756097491236,16.809378048745618,Milan-MIL01.csv,33.618756097491236
1496,51496,Milan-MIL01.csv,54.1889897686717,27.09449488433585,Amsterdam-AMS03.csv,41.69485126522296
1497,51497,Milan-MIL01.csv,93.17111991594822,46.58555995797411,Amsterdam-AMS03.csv,27.45868694222974
1498,51498,Milan-MIL01.csv,65.33551810118247,32.667759050591236,Frankfurt-FRA01.csv,38.950523740614074
1499,51499,Milan-MIL01.csv,125.3398331164307,62.66991655821535,Amsterdam-AMS03.csv,35.03753870347373
1500,51500,Milan-MIL01.csv,67.04267388329603,33.521336941648016,Milan-MIL01.csv,67.04267388329603
1501,51501,Milan-MIL01.csv,69.20272673032893,34.60136336516447,Amsterdam-AMS03.csv,47.72152823318119
1502,51502,Milan-MIL01.csv,17.94699919441293,8.973499597206464,Milan-MIL01.csv,17.94699919441293
1503,51503,Milan-MIL01.csv,73.19309994573561,36.596549972867805,Frankfurt-FRA01.csv,40.61600760559963
1504,51504,Milan-MIL01.csv,40.833074075244994,20.416537037622497,Milan-MIL01.csv,40.833074075244994
1505,51505,Milan-MIL01.csv,65.28090083965023,32.640450419825115,Milan-MIL01.csv,65.28090083965023
1506,51506,Milan-MIL01.csv,55.57847892786589,27.789239463932944,Frankfurt-FRA01.csv,37.97564417770387
1507,51507,Milan-MIL01.csv,101.2831099311694,50.6415549655847,Frankfurt-FRA01.csv,44.152558299871565
1508,51508,Milan-MIL01.csv,51.74414636182934,25.87207318091467,Amsterdam-AMS03.csv,31.31725935921666
1509,51509,Milan-MIL01.csv,55.81260910941402,27.90630455470701,Amsterdam-AMS03.csv,51.43651678452009
1510,51510,Milan-MIL01.csv,53.91400063554643,26.957000317773215,Amsterdam-AMS03.csv,42.544535917418024
1511,51511,Milan-MIL01.csv,89.07810285998819,44.539051429994096,Frankfurt-FRA01.csv,34.026123124044744
1512,51512,Milan-MIL01.csv,59.829561921838454,29.914780960919227,Amsterdam-AMS03.csv,27.025096456910084
1513,51513,Milan-MIL01.csv,136.5588417820844,68.2794208910422,Frankfurt-FRA01.csv,26.223273248528642
1514,51514,Milan-MIL01.csv,82.77514170657565,41.387570853287826,Frankfurt-FRA01.csv,27.17558523682983
1515,51515,Milan-MIL01.csv,63.771609157585786,31.885804578792893,Frankfurt-FRA01.csv,45.84047575655541
1516,51516,Milan-MIL01.csv,46.91985255015892,23.45992627507946,Frankfurt-FRA01.csv,30.951234516831896
1517,51517,Milan-MIL01.csv,41.54813719847731,20.774068599238657,Amsterdam-AMS03.csv,30.718788777092843
1518,51518,Milan-MIL01.csv,51.3971080539769,25.69855402698845,Frankfurt-FRA01.csv,38.30359547265044
1519,51519,Milan-MIL01.csv,149.74028571434482,74.87014285717241,Amsterdam-AMS03.csv,34.92005065583339
1520,51520,Milan-MIL01.csv,72.03572444290603,36.017862221453015,Amsterdam-AMS03.csv,45.454017741382984
1521,51521,Milan-MIL01.csv,66.9773609383022,33.4886804691511,Amsterdam-AMS03.csv,38.19456688502484
1522,51522,Milan-MIL01.csv,32.520476088785855,16.260238044392928,Milan-MIL01.csv,32.520476088785855
1523,51523,Milan-MIL01.csv,45.516748912961454,22.758374456480727,Milan-MIL01.csv,45.516748912961454
1524,51524,Milan-MIL01.csv,82.72835691413844,41.36417845706922,Amsterdam-AMS03.csv,41.527824835202395
1525,51525,Milan-MIL01.csv,32.545943755287226,16.272971877643613,Milan-MIL01.csv,32.545943755287226
1526,51526,Milan-MIL01.csv,101.2413032270172,50.6206516135086,Amsterdam-AMS03.csv,49.93471677167753
1527,51527,Milan-MIL01.csv,63.494909158528365,31.747454579264183,Frankfurt-FRA01.csv,39.68290999108712
1528,51528,Milan-MIL01.csv,56.7469502005982,28.3734751002991,Amsterdam-AMS03.csv,24.54423944540042
1529,51529,Milan-MIL01.csv,28.904902762738885,14.452451381369443,Amsterdam-AMS03.csv,27.391331788251442
1530,51530,Milan-MIL01.csv,47.65765645751356,23.82882822875678,Milan-MIL01.csv,47.65765645751356
1531,51531,Milan-MIL01.csv,45.34769287528393,22.673846437641966,Amsterdam-AMS03.csv,33.934086798967904
1532,51532,Milan-MIL01.csv,83.63685696013809,41.818428480069045,Amsterdam-AMS03.csv,38.619651733901385
1533,51533,Milan-MIL01.csv,133.12760700486274,66.56380350243137,Frankfurt-FRA01.csv,54.555655520133094
1534,51534,Milan-MIL01.csv,22.76758152714766,11.38379076357383,Milan-MIL01.csv,22.76758152714766
1535,51535,Milan-MIL01.csv,44.539692084726816,22.269846042363408,Frankfurt-FRA01.csv,23.92492538777514
1536,51536,Milan-MIL01.csv,38.25569511501782,19.12784755750891,Milan-MIL01.csv,38.25569511501782
1537,51537,Milan-MIL01.csv,94.30802388452418,47.15401194226209,Amsterdam-AMS03.csv,43.16335164608633
1538,51538,Milan-MIL01.csv,43.42072993008741,21.710364965043706,Milan-MIL01.csv,43.42072993008741
1539,51539,Milan-MIL01.csv,36.698914205777314,18.349457102888657,Milan-MIL01.csv,36.698914205777314
1540,51540,Milan-MIL01.csv,86.18160126879286,43.09080063439643,Frankfurt-FRA01.csv,47.311345365142124
1541,51541,Milan-MIL01.csv,81.29567184478204,40.64783592239102,Frankfurt-FRA01.csv,42.30909430071913
1542,51542,Milan-MIL01.csv,57.989772845706796,28.994886422853398,Frankfurt-FRA01.csv,34.21245691511507
1543,51543,Milan-MIL01.csv,66.59797475171308,33.29898737585654,Amsterdam-AMS03.csv,53.37657778961538
1544,51544,Milan-MIL01.csv,60.30623172477982,30.15311586238991,Frankfurt-FRA01.csv,40.866153018233916
1545,51545,Milan-MIL01.csv,42.74959567107656,21.37479783553828,Frankfurt-FRA01.csv,35.87314734627451
1546,51546,Milan-MIL01.csv,113.53609615435772,56.76804807717886,Frankfurt-FRA01.csv,33.955959602804185
1547,51547,Milan-MIL01.csv,41.43706453179874,20.71853226589937,Amsterdam-AMS03.csv,35.2926651555424
1548,51548,Milan-MIL01.csv,34.218302407343465,17.109151203671733,Milan-MIL01.csv,34.218302407343465
1549,51549,Milan-MIL01.csv,45.57265489066449,22.786327445332244,Milan-MIL01.csv,45.57265489066449
1550,51550,Milan-MIL01.csv,37.567296877637595,18.783648438818798,Milan-MIL01.csv,37.567296877637595
1551,51551,Milan-MIL01.csv,43.86266852357803,21.931334261789015,Amsterdam-AMS03.csv,33.9285472469125
1552,51552,Milan-MIL01.csv,82.78432124973362,41.39216062486681,Frankfurt-FRA01.csv,41.496740644467735
1553,51553,Milan-MIL01.csv,30.83555201931039,15.417776009655196,Milan-MIL01.csv,30.83555201931039
1554,51554,Milan-MIL01.csv,47.65283421260033,23.826417106300166,Frankfurt-FRA01.csv,24.603110944330126
1555,51555,Milan-MIL01.csv,32.41712302000937,16.208561510004685,Milan-MIL01.csv,32.41712302000937
1556,51556,Milan-MIL01.csv,59.00141345965057,29.500706729825286,Frankfurt-FRA01.csv,28.64946449723167
1557,51557,Milan-MIL01.csv,122.39790668360976,61.19895334180488,Amsterdam-AMS03.csv,54.34432297129254
1558,51558,Milan-MIL01.csv,71.49312434899012,35.74656217449506,Amsterdam-AMS03.csv,40.17187061335888
1559,51559,Milan-MIL01.csv,77.41734606621108,38.70867303310554,Frankfurt-FRA01.csv,30.73099218462817
1560,51560,Milan-MIL01.csv,92.54635535337383,46.27317767668691,Amsterdam-AMS03.csv,26.0257020659939
1561,51561,Milan-MIL01.csv,34.987792609119715,17.493896304559858,Milan-MIL01.csv,34.987792609119715
1562,51562,Milan-MIL01.csv,37.651465366630056,18.825732683315028,Amsterdam-AMS03.csv,28.989475925218184
1563,51563,Milan-MIL01.csv,82.62255851848285,41.311279259241424,Frankfurt-FRA01.csv,42.85037634241052
1564,51564,Milan-MIL01.csv,98.83540038340202,49.41770019170101,Amsterdam-AMS03.csv,69.48453909289827
1565,51565,Milan-MIL01.csv,66.39690136914705,33.19845068457352,Frankfurt-FRA01.csv,50.97447706522367
1566,51566,Milan-MIL01.csv,75.30963312412199,37.654816562060994,Amsterdam-AMS03.csv,20.840311615727934
1567,51567,Milan-MIL01.csv,22.82905258789751,11.414526293948756,Milan-MIL01.csv,22.82905258789751
1568,51568,Milan-MIL01.csv,127.3462279669108,63.6731139834554,Frankfurt-FRA01.csv,35.64803927775878
1569,51569,Milan-MIL01.csv,50.911081393351296,25.455540696675648,Amsterdam-AMS03.csv,35.87563754089961
1570,51570,Milan-MIL01.csv,50.29219992064373,25.146099960321866,Amsterdam-AMS03.csv,35.62709152738183
1571,51571,Milan-MIL01.csv,156.80769446269446,78.40384723134723,Amsterdam-AMS03.csv,42.99956117281299
1572,51572,Milan-MIL01.csv,68.23534976311919,34.117674881559594,Amsterdam-AMS03.csv,32.75307662466
1573,51573,Milan-MIL01.csv,26.167017540310546,13.083508770155273,Milan-MIL01.csv,26.167017540310546
1574,51574,Milan-MIL01.csv,54.905311326400536,27.452655663200268,Frankfurt-FRA01.csv,25.106216232755298
1575,51575,Milan-MIL01.csv,43.18499903366586,21.59249951683293,Frankfurt-FRA01.csv,37.29078361341393
1576,51576,Milan-MIL01.csv,36.47294535511147,18.236472677555735,Amsterdam-AMS03.csv,26.889837659535523
1577,51577,Milan-MIL01.csv,124.5509449846652,62.2754724923326,Amsterdam-AMS03.csv,32.182136598794024
1578,51578,Milan-MIL01.csv,43.03483994346712,21.51741997173356,Milan-MIL01.csv,43.03483994346712
1579,51579,Milan-MIL01.csv,91.29693643194788,45.64846821597394,Frankfurt-FRA01.csv,32.46117224639795
1580,51580,Milan-MIL01.csv,32.81223735241386,16.40611867620693,Milan-MIL01.csv,32.81223735241386
1581,51581,Milan-MIL01.csv,56.22077731695203,28.110388658476015,Frankfurt-FRA01.csv,47.19684186051751
1582,51582,Milan-MIL01.csv,53.53332553691831,26.766662768459156,Amsterdam-AMS03.csv,31.9715562211816
1583,51583,Milan-MIL01.csv,95.37574428314979,47.68787214157489,Frankfurt-FRA01.csv,29.346666102763997
1584,51584,Milan-MIL01.csv,48.201454942433415,24.100727471216707,Amsterdam-AMS03.csv,45.34671758013904
1585,51585,Milan-MIL01.csv,24.558192025092506,12.279096012546253,Milan-MIL01.csv,24.558192025092506
1586,51586,Milan-MIL01.csv,56.282146538379905,28.141073269189953,Milan-MIL01.csv,56.282146538379905
1587,51587,Milan-MIL01.csv,60.32555939895467,30.162779699477333,Amsterdam-AMS03.csv,26.50398585074615
1588,51588,Milan-MIL01.csv,90.39192509180818,45.19596254590409,Amsterdam-AMS03.csv,37.18554575279104
1589,51589,Milan-MIL01.csv,52.06097106098389,26.030485530491944,Frankfurt-FRA01.csv,32.89479151311866
1590,51590,Milan-MIL01.csv,48.08025441445244,24.04012720722622,Amsterdam-AMS03.csv,44.93627147599748
1591,51591,Milan-MIL01.csv,32.77836277170172,16.38918138585086,Milan-MIL01.csv,32.77836277170172
1592,51592,Milan-MIL01.csv,42.818692378981034,21.409346189490517,Amsterdam-AMS03.csv,40.54737632477018
1593,51593,Milan-MIL01.csv,52.218875451587685,26.109437725793843,Frankfurt-FRA01.csv,26.029152216261686
1594,51594,Milan-MIL01.csv,102.19110803958682,51.09555401979341,Amsterdam-AMS03.csv,32.39953357225987
1595,51595,Milan-MIL01.csv,17.819614211156875,8.909807105578437,Milan-MIL01.csv,17.819614211156875
1596,51596,Milan-MIL01.csv,29.021032826712805,14.510516413356402,Milan-MIL01.csv,29.021032826712805
1597,51597,Milan-MIL01.csv,87.4166382612976,43.7083191306488,Amsterdam-AMS03.csv,52.41501624647566
1598,51598,Milan-MIL01.csv,43.70791866677535,21.853959333387674,Milan-MIL01.csv,43.70791866677535
1599,51599,Milan-MIL01.csv,33.30221676066586,16.65110838033293,Milan-MIL01.csv,33.30221676066586
1600,51600,Milan-MIL01.csv,79.4496838099729,39.72484190498645,Amsterdam-AMS03.csv,24.32571772059438
1601,51601,Milan-MIL01.csv,73.09500573019015,36.547502865095076,Amsterdam-AMS03.csv,48.35494578159556
1602,51602,Milan-MIL01.csv,59.26353143389514,29.63176571694757,Amsterdam-AMS03.csv,35.59774939773644
1603,51603,Milan-MIL01.csv,41.006496705999574,20.503248352999787,Milan-MIL01.csv,41.006496705999574
1604,51604,Milan-MIL01.csv,84.50042246881472,42.25021123440736,Amsterdam-AMS03.csv,55.687655546985766
1605,51605,Milan-MIL01.csv,75.84963754573988,37.92481877286994,Amsterdam-AMS03.csv,29.66700289274167
1606,51606,Milan-MIL01.csv,106.65759959720927,53.328799798604635,Amsterdam-AMS03.csv,37.06130893194974
1607,51607,Milan-MIL01.csv,68.8525362642445,34.42626813212225,Amsterdam-AMS03.csv,48.80183004552517
1608,51608,Milan-MIL01.csv,115.00012333965655,57.50006166982828,Amsterdam-AMS03.csv,65.7200335531603
1609,51609,Milan-MIL01.csv,33.72111409324437,16.860557046622183,Milan-MIL01.csv,33.72111409324437
1610,51610,Milan-MIL01.csv,47.134733628406025,23.567366814203012,Amsterdam-AMS03.csv,41.819881180389835
1611,51611,Milan-MIL01.csv,55.71419166196241,27.857095830981205,Frankfurt-FRA01.csv,25.916861274847694
1612,51612,Milan-MIL01.csv,37.08851143361557,18.544255716807786,Milan-MIL01.csv,37.08851143361557
1613,51613,Milan-MIL01.csv,61.3810636165091,30.69053180825455,Amsterdam-AMS03.csv,38.47469152643786
1614,51614,Milan-MIL01.csv,38.77926790866851,19.389633954334254,Amsterdam-AMS03.csv,15.952491014726514
1615,51615,Milan-MIL01.csv,68.53562511113525,34.26781255556762,Amsterdam-AMS03.csv,33.71647054258616
1616,51616,Milan-MIL01.csv,66.79322606518356,33.39661303259178,Frankfurt-FRA01.csv,39.082065141745666
1617,51617,Milan-MIL01.csv,53.71655441679304,26.85827720839652,Amsterdam-AMS03.csv,33.891804540729105
1618,51618,Milan-MIL01.csv,50.60831735316772,25.30415867658386,Amsterdam-AMS03.csv,43.380854632682684
1619,51619,Milan-MIL01.csv,47.9300677871715,23.96503389358575,Amsterdam-AMS03.csv,41.31365851218598
1620,51620,Milan-MIL01.csv,39.72226209295703,19.861131046478516,Milan-MIL01.csv,39.72226209295703
1621,51621,Milan-MIL01.csv,80.13982429631959,40.069912148159794,Amsterdam-AMS03.csv,58.724855227248085
1622,51622,Milan-MIL01.csv,44.4533732394679,22.22668661973395,Amsterdam-AMS03.csv,42.54482457369127
1623,51623,Milan-MIL01.csv,60.3916030448314,30.1958015224157,Amsterdam-AMS03.csv,23.403653748873378
1624,51624,Milan-MIL01.csv,45.07385644621261,22.536928223106305,Milan-MIL01.csv,45.07385644621261
1625,51625,Milan-MIL01.csv,40.711972738525574,20.355986369262787,Amsterdam-AMS03.csv,19.809824941993487
1626,51626,Milan-MIL01.csv,53.1716003151768,26.5858001575884,Amsterdam-AMS03.csv,28.36955045025293
1627,51627,Milan-MIL01.csv,65.24715562596062,32.62357781298031,Frankfurt-FRA01.csv,34.78289979448399
1628,51628,Milan-MIL01.csv,47.59968001303396,23.79984000651698,Amsterdam-AMS03.csv,47.09217395654867
1629,51629,Milan-MIL01.csv,52.94392766003398,26.47196383001699,Frankfurt-FRA01.csv,29.969444951844434
1630,51630,Milan-MIL01.csv,79.38164551791719,39.690822758958596,Amsterdam-AMS03.csv,60.269084077201065
1631,51631,Milan-MIL01.csv,22.642848159509185,11.321424079754593,Milan-MIL01.csv,22.642848159509185
1632,51632,Milan-MIL01.csv,53.958708036410044,26.979354018205022,Milan-MIL01.csv,53.958708036410044
1633,51633,Milan-MIL01.csv,32.298264936926465,16.149132468463232,Milan-MIL01.csv,32.298264936926465
1634,51634,Milan-MIL01.csv,30.469551241487526,15.234775620743763,Milan-MIL01.csv,30.469551241487526
1635,51635,Milan-MIL01.csv,33.38382906736686,16.69191453368343,Milan-MIL01.csv,33.38382906736686
1636,51636,Milan-MIL01.csv,88.02533105339346,44.01266552669673,Frankfurt-FRA01.csv,30.933076810645296
1637,51637,Milan-MIL01.csv,52.60247134340163,26.301235671700816,Frankfurt-FRA01.csv,27.85455030541611
1638,51638,Milan-MIL01.csv,35.49864815161693,17.749324075808467,Amsterdam-AMS03.csv,27.60418596929322
1639,51639,Milan-MIL01.csv,50.535595918588925,25.267797959294462,Frankfurt-FRA01.csv,32.45940741790309
1640,51640,Milan-MIL01.csv,40.168902968063506,20.084451484031753,Frankfurt-FRA01.csv,27.697452180898626
1641,51641,Milan-MIL01.csv,61.77457446528042,30.88728723264021,Frankfurt-FRA01.csv,55.34202539461852
1642,51642,Milan-MIL01.csv,22.741657047847006,11.370828523923503,Amsterdam-AMS03.csv,20.447613643714497
1643,51643,Milan-MIL01.csv,86.46118539089079,43.230592695445395,Frankfurt-FRA01.csv,30.89797931815113
1644,51644,Milan-MIL01.csv,58.23522099619267,29.117610498096337,Amsterdam-AMS03.csv,33.38267515985108
1645,51645,Milan-MIL01.csv,80.0044016697802,40.0022008348901,Amsterdam-AMS03.csv,42.63695230515566
1646,51646,Milan-MIL01.csv,36.86731657198593,18.433658285992966,Milan-MIL01.csv,36.86731657198593
1647,51647,Milan-MIL01.csv,84.70157247085967,42.35078623542984,Amsterdam-AMS03.csv,42.61655698380162
1648,51648,Milan-MIL01.csv,38.2480582330843,19.12402911654215,Amsterdam-AMS03.csv,38.04480898393347
1649,51649,Milan-MIL01.csv,83.87269539247947,41.936347696239736,Frankfurt-FRA01.csv,27.43416248807783
1650,51650,Milan-MIL01.csv,30.72706333969358,15.36353166984679,Milan-MIL01.csv,30.72706333969358
1651,51651,Milan-MIL01.csv,51.58908523674442,25.79454261837221,Amsterdam-AMS03.csv,36.86975526446393
1652,51652,Milan-MIL01.csv,42.73180019790955,21.365900098954775,Amsterdam-AMS03.csv,38.71030663228158
1653,51653,Milan-MIL01.csv,75.83763257422346,37.91881628711173,Frankfurt-FRA01.csv,35.45206711483088
1654,51654,Milan-MIL01.csv,39.79235654641203,19.896178273206015,Milan-MIL01.csv,39.79235654641203
1655,51655,Milan-MIL01.csv,17.834194396861967,8.917097198430984,Milan-MIL01.csv,17.834194396861967
1656,51656,Milan-MIL01.csv,27.193133025096667,13.596566512548334,Milan-MIL01.csv,27.193133025096667
1657,51657,Milan-MIL01.csv,73.84724097373582,36.92362048686791,Amsterdam-AMS03.csv,27.362591390728642
1658,51658,Milan-MIL01.csv,78.48815763262976,39.24407881631488,Frankfurt-FRA01.csv,37.36888544071784
1659,51659,Milan-MIL01.csv,30.496885272344905,15.248442636172452,Frankfurt-FRA01.csv,26.00496608080062
1660,51660,Milan-MIL01.csv,24.679009075767805,12.339504537883903,Milan-MIL01.csv,24.679009075767805
1661,51661,Milan-MIL01.csv,41.68869474657485,20.844347373287427,Milan-MIL01.csv,41.68869474657485
1662,51662,Milan-MIL01.csv,37.966440528675825,18.983220264337913,Frankfurt-FRA01.csv,37.89125926065385
1663,51663,Milan-MIL01.csv,57.61874297207592,28.80937148603796,Amsterdam-AMS03.csv,56.08708338106119
1664,51664,Milan-MIL01.csv,106.23035972495263,53.11517986247632,Amsterdam-AMS03.csv,28.168819035616377
1665,51665,Milan-MIL01.csv,60.67776953881902,30.33888476940951,Amsterdam-AMS03.csv,33.838694532447285
1666,51666,Milan-MIL01.csv,51.121914197205946,25.560957098602973,Frankfurt-FRA01.csv,30.262440307466655
1667,51667,Milan-MIL01.csv,30.08450547383282,15.04225273691641,Milan-MIL01.csv,30.08450547383282
1668,51668,Milan-MIL01.csv,53.944930704689305,26.972465352344653,Frankfurt-FRA01.csv,49.633731262438104
1669,51669,Milan-MIL01.csv,49.963997005062254,24.981998502531127,Frankfurt-FRA01.csv,41.89203322139788
1670,51670,Milan-MIL01.csv,24.857315879609743,12.428657939804872,Milan-MIL01.csv,24.857315879609743
1671,51671,Milan-MIL01.csv,85.82347355997227,42.911736779986136,Amsterdam-AMS03.csv,38.59310795329947
1672,51672,Milan-MIL01.csv,36.48552211519951,18.242761057599754,Milan-MIL01.csv,36.48552211519951
1673,51673,Milan-MIL01.csv,66.63214497185493,33.316072485927464,Amsterdam-AMS03.csv,39.61534973026551
1674,51674,Milan-MIL01.csv,80.8373931025324,40.4186965512662,Amsterdam-AMS03.csv,43.920643929814595
1675,51675,Milan-MIL01.csv,42.23629520119767,21.118147600598835,Amsterdam-AMS03.csv,41.60922049727595
1676,51676,Milan-MIL01.csv,80.84404303767367,40.422021518836836,Frankfurt-FRA01.csv,32.6845697772108
1677,51677,Milan-MIL01.csv,41.70032312588557,20.850161562942784,Frankfurt-FRA01.csv,23.718624283120477
1678,51678,Milan-MIL01.csv,185.64491809660393,92.82245904830197,Amsterdam-AMS03.csv,37.13998745970809
1679,51679,Milan-MIL01.csv,35.931896698488586,17.965948349244293,Milan-MIL01.csv,35.931896698488586
1680,51680,Milan-MIL01.csv,58.35650736168764,29.17825368084382,Amsterdam-AMS03.csv,33.5146952035196
1681,51681,Milan-MIL01.csv,46.83740344320582,23.41870172160291,Amsterdam-AMS03.csv,34.172780952739124
1682,51682,Milan-MIL01.csv,24.60996386642553,12.304981933212765,Milan-MIL01.csv,24.60996386642553
1683,51683,Milan-MIL01.csv,41.21397321061865,20.606986605309324,Milan-MIL01.csv,41.21397321061865
1684,51684,Milan-MIL01.csv,33.64202431922776,16.82101215961388,Frankfurt-FRA01.csv,30.88080852294656
1685,51685,Milan-MIL01.csv,92.43910084103197,46.219550420515986,Amsterdam-AMS03.csv,30.30323960178736
1686,51686,Milan-MIL01.csv,20.660687092605897,10.330343546302949,Milan-MIL01.csv,20.660687092605897
1687,51687,Milan-MIL01.csv,85.59157498016157,42.795787490080784,Amsterdam-AMS03.csv,38.904267845053624
1688,51688,Milan-MIL01.csv,95.46031012430316,47.73015506215158,Amsterdam-AMS03.csv,62.81653453476654
1689,51689,Milan-MIL01.csv,68.95965637178135,34.479828185890675,Frankfurt-FRA01.csv,27.06450445058464
1690,51690,Milan-MIL01.csv,45.4108049921324,22.7054024960662,Frankfurt-FRA01.csv,41.496810961797976
1691,51691,Milan-MIL01.csv,40.62303346393178,20.31151673196589,Frankfurt-FRA01.csv,30.281236299329564
1692,51692,Milan-MIL01.csv,77.31597452538556,38.65798726269278,Frankfurt-FRA01.csv,38.92420476033998
1693,51693,Milan-MIL01.csv,16.337815457305663,8.168907728652831,Milan-MIL01.csv,16.337815457305663
1694,51694,Milan-MIL01.csv,56.81383326037247,28.406916630186235,Amsterdam-AMS03.csv,27.90479951003579
1695,51695,Milan-MIL01.csv,62.97206685494267,31.486033427471334,Amsterdam-AMS03.csv,44.4511738112281
1696,51696,Milan-MIL01.csv,40.34327130519962,20.17163565259981,Milan-MIL01.csv,40.34327130519962
1697,51697,Milan-MIL01.csv,66.94111860386306,33.47055930193153,Amsterdam-AMS03.csv,45.16538266131016
1698,51698,Milan-MIL01.csv,56.92210214771104,28.46105107385552,Amsterdam-AMS03.csv,31.998514720095752
1699,51699,Milan-MIL01.csv,67.8417358103414,33.9208679051707,Amsterdam-AMS03.csv,41.489711890457336
1700,51700,Milan-MIL01.csv,134.67169085581594,67.33584542790797,Amsterdam-AMS03.csv,47.41170622129854
1701,51701,Milan-MIL01.csv,118.07520070986335,59.037600354931676,Frankfurt-FRA01.csv,39.25363900648519
1702,51702,Milan-MIL01.csv,55.7214531466577,27.86072657332885,Milan-MIL01.csv,55.7214531466577
1703,51703,Milan-MIL01.csv,95.61034267280164,47.80517133640082,Amsterdam-AMS03.csv,31.677159239201327
1704,51704,Milan-MIL01.csv,28.021809320616462,14.010904660308231,Milan-MIL01.csv,28.021809320616462
1705,51705,Milan-MIL01.csv,31.734395075880037,15.867197537940019,Milan-MIL01.csv,31.734395075880037
1706,51706,Milan-MIL01.csv,31.615776406915195,15.807888203457598,Milan-MIL01.csv,31.615776406915195
1707,51707,Milan-MIL01.csv,48.22081616255589,24.110408081277946,Amsterdam-AMS03.csv,34.70825222155722
1708,51708,Milan-MIL01.csv,32.68120021146738,16.34060010573369,Milan-MIL01.csv,32.68120021146738
1709,51709,Milan-MIL01.csv,60.65306736059758,30.32653368029879,Amsterdam-AMS03.csv,37.20963436293081
1710,51710,Milan-MIL01.csv,39.688017403185256,19.844008701592628,Milan-MIL01.csv,39.688017403185256
1711,51711,Milan-MIL01.csv,68.7683045517857,34.38415227589285,Amsterdam-AMS03.csv,50.4563094641712
1712,51712,Milan-MIL01.csv,52.06174101494524,26.03087050747262,Milan-MIL01.csv,52.06174101494524
1713,51713,Milan-MIL01.csv,44.47234365851541,22.236171829257707,Frankfurt-FRA01.csv,35.60227341947441
1714,51714,Milan-MIL01.csv,33.95070883413399,16.975354417066995,Milan-MIL01.csv,33.95070883413399
1715,51715,Milan-MIL01.csv,31.61758969648125,15.808794848240625,Amsterdam-AMS03.csv,25.05327977945529
1716,51716,Milan-MIL01.csv,46.71260887481607,23.356304437408035,Milan-MIL01.csv,46.71260887481607
1717,51717,Milan-MIL01.csv,109.25344677039202,54.62672338519601,Frankfurt-FRA01.csv,44.56121314768038
1718,51718,Milan-MIL01.csv,59.60657086878919,29.803285434394596,Amsterdam-AMS03.csv,28.423810138434625
1719,51719,Milan-MIL01.csv,56.434674904491914,28.217337452245957,Frankfurt-FRA01.csv,41.04791370257401
1720,51720,Milan-MIL01.csv,40.02703526764257,20.013517633821284,Amsterdam-AMS03.csv,37.94616669360019
1721,51721,Milan-MIL01.csv,80.68260016047937,40.341300080239684,Frankfurt-FRA01.csv,70.90607731861262
1722,51722,Milan-MIL01.csv,32.25868855275153,16.129344276375765,Milan-MIL01.csv,32.25868855275153
1723,51723,Milan-MIL01.csv,62.13440732212562,31.06720366106281,Frankfurt-FRA01.csv,33.958865860909675
1724,51724,Milan-MIL01.csv,42.74293595103578,21.37146797551789,Amsterdam-AMS03.csv,40.44390662562994
1725,51725,Milan-MIL01.csv,39.73354736113619,19.866773680568095,Amsterdam-AMS03.csv,35.246460146250335
1726,51726,Milan-MIL01.csv,28.79446204703373,14.397231023516865,Milan-MIL01.csv,28.79446204703373
1727,51727,Milan-MIL01.csv,65.97812083386107,32.989060416930535,Amsterdam-AMS03.csv,55.93756598229037
1728,51728,Milan-MIL01.csv,39.22309904839948,19.61154952419974,Amsterdam-AMS03.csv,33.82167117653266
1729,51729,Milan-MIL01.csv,47.339679734380006,23.669839867190003,Amsterdam-AMS03.csv,37.318465086742755
1730,51730,Milan-MIL01.csv,50.37935451057521,25.189677255287606,Milan-MIL01.csv,50.37935451057521
1731,51731,Milan-MIL01.csv,49.2890435581271,24.64452177906355,Frankfurt-FRA01.csv,38.59086763304259
1732,51732,Milan-MIL01.csv,40.66868077896863,20.334340389484314,Milan-MIL01.csv,40.66868077896863
1733,51733,Milan-MIL01.csv,58.64098434751858,29.32049217375929,Amsterdam-AMS03.csv,34.745225355294174
1734,51734,Milan-MIL01.csv,34.68741283634258,17.34370641817129,Milan-MIL01.csv,34.68741283634258
1735,51735,Milan-MIL01.csv,80.16496607164316,40.08248303582158,Amsterdam-AMS03.csv,32.83961880607812
1736,51736,Milan-MIL01.csv,47.13623156101223,23.568115780506115,Amsterdam-AMS03.csv,36.82069754920878
1737,51737,Milan-MIL01.csv,46.60938972311082,23.30469486155541,Frankfurt-FRA01.csv,33.40786240953094
1738,51738,Milan-MIL01.csv,85.39378303114418,42.69689151557209,Amsterdam-AMS03.csv,22.925890794225925
1739,51739,Milan-MIL01.csv,44.12457666924649,22.062288334623243,Frankfurt-FRA01.csv,38.2353288909926
1740,51740,Milan-MIL01.csv,31.560568992363237,15.780284496181618,Milan-MIL01.csv,31.560568992363237
1741,51741,Milan-MIL01.csv,45.252837390225054,22.626418695112527,Amsterdam-AMS03.csv,27.826868657860036
1742,51742,Milan-MIL01.csv,36.63744208547749,18.318721042738744,Amsterdam-AMS03.csv,36.2173300409245
1743,51743,Milan-MIL01.csv,80.52787012309756,40.26393506154878,Frankfurt-FRA01.csv,53.45289152263529
1744,51744,Milan-MIL01.csv,71.47703952142378,35.73851976071189,Frankfurt-FRA01.csv,41.436371636844996
1745,51745,Milan-MIL01.csv,79.18231092689636,39.59115546344818,Amsterdam-AMS03.csv,39.01036466761558
1746,51746,Milan-MIL01.csv,28.21604751040007,14.108023755200035,Milan-MIL01.csv,28.21604751040007
1747,51747,Milan-MIL01.csv,30.58195975734836,15.29097987867418,Milan-MIL01.csv,30.58195975734836
1748,51748,Milan-MIL01.csv,56.05755663757474,28.02877831878737,Amsterdam-AMS03.csv,38.57028449013891
1749,51749,Milan-MIL01.csv,105.27046030791908,52.63523015395954,Frankfurt-FRA01.csv,34.757672600176406
1750,51750,Milan-MIL01.csv,60.4876421335351,30.24382106676755,Amsterdam-AMS03.csv,55.91284936708231
1751,51751,Milan-MIL01.csv,83.38800829978562,41.69400414989281,Amsterdam-AMS03.csv,37.25740309366284
1752,51752,Milan-MIL01.csv,44.08407418989559,22.042037094947794,Frankfurt-FRA01.csv,32.07170250726029
1753,51753,Milan-MIL01.csv,107.45498384075391,53.727491920376956,Amsterdam-AMS03.csv,27.545748325612497
1754,51754,Milan-MIL01.csv,35.91730348158489,17.958651740792444,Milan-MIL01.csv,35.91730348158489
1755,51755,Milan-MIL01.csv,103.92032591023786,51.96016295511893,Amsterdam-AMS03.csv,59.05855442865422
1756,51756,Milan-MIL01.csv,48.78744835444148,24.39372417722074,Amsterdam-AMS03.csv,33.4093462435649
1757,51757,Milan-MIL01.csv,91.91500268157127,45.95750134078563,Amsterdam-AMS03.csv,32.816368305400665
1758,51758,Milan-MIL01.csv,68.74323311815786,34.37161655907893,Amsterdam-AMS03.csv,38.30763594989968
1759,51759,Milan-MIL01.csv,30.588125891391506,15.294062945695753,Amsterdam-AMS03.csv,26.149011684564602
1760,51760,Milan-MIL01.csv,124.16315393520549,62.08157696760274,Amsterdam-AMS03.csv,29.243831768675392
1761,51761,Milan-MIL01.csv,84.84671009018265,42.42335504509133,Frankfurt-FRA01.csv,45.44400873961403
1762,51762,Milan-MIL01.csv,62.23147291689272,31.11573645844636,Amsterdam-AMS03.csv,28.688820263163553
1763,51763,Milan-MIL01.csv,45.05072294936476,22.52536147468238,Amsterdam-AMS03.csv,33.86888745513418
1764,51764,Milan-MIL01.csv,57.003577763595764,28.501788881797882,Amsterdam-AMS03.csv,53.18778974893139
1765,51765,Milan-MIL01.csv,24.05279802064347,12.026399010321734,Milan-MIL01.csv,24.05279802064347
1766,51766,Milan-MIL01.csv,127.74793148109845,63.873965740549224,Frankfurt-FRA01.csv,40.787210718863456
1767,51767,Milan-MIL01.csv,51.47836452457128,25.73918226228564,Milan-MIL01.csv,51.47836452457128
1768,51768,Milan-MIL01.csv,75.97425815955009,37.987129079775045,Amsterdam-AMS03.csv,40.19069291455935
1769,51769,Milan-MIL01.csv,161.30895697687419,80.65447848843709,Frankfurt-FRA01.csv,40.054354654981815
1770,51770,Milan-MIL01.csv,39.03362610909191,19.516813054545956,Amsterdam-AMS03.csv,22.480152684730022
1771,51771,Milan-MIL01.csv,38.051258465093966,19.025629232546983,Frankfurt-FRA01.csv,29.938517846033317
1772,51772,Milan-MIL01.csv,30.41440147698705,15.207200738493524,Amsterdam-AMS03.csv,29.793671850200283
1773,51773,Milan-MIL01.csv,93.17149807965976,46.58574903982988,Amsterdam-AMS03.csv,34.66182992058194
1774,51774,Milan-MIL01.csv,46.117314210561695,23.058657105280847,Amsterdam-AMS03.csv,29.664247062289114
1775,51775,Milan-MIL01.csv,53.14303114107034,26.57151557053517,Frankfurt-FRA01.csv,35.98132117640594
1776,51776,Milan-MIL01.csv,50.08559881744354,25.04279940872177,Frankfurt-FRA01.csv,25.98244468579685
1777,51777,Milan-MIL01.csv,57.52846870802993,28.764234354014967,Amsterdam-AMS03.csv,38.525605906196134
1778,51778,Milan-MIL01.csv,89.3987706773295,44.69938533866475,Amsterdam-AMS03.csv,32.25638505722134
1779,51779,Milan-MIL01.csv,70.21160244723508,35.10580122361754,Frankfurt-FRA01.csv,33.8721492162776
1780,51780,Milan-MIL01.csv,42.61333098086311,21.306665490431556,Frankfurt-FRA01.csv,40.36925017580121
1781,51781,Milan-MIL01.csv,23.675126398083385,11.837563199041693,Milan-MIL01.csv,23.675126398083385
1782,51782,Milan-MIL01.csv,34.356958360923784,17.178479180461892,Milan-MIL01.csv,34.356958360923784
1783,51783,Milan-MIL01.csv,53.26377681528878,26.63188840764439,Amsterdam-AMS03.csv,39.98323166148912
1784,51784,Milan-MIL01.csv,46.31867687276781,23.159338436383905,Frankfurt-FRA01.csv,43.95256485900233
1785,51785,Milan-MIL01.csv,38.158248203755356,19.079124101877678,Milan-MIL01.csv,38.158248203755356
1786,51786,Milan-MIL01.csv,63.38140028448456,31.69070014224228,Amsterdam-AMS03.csv,33.56511414076855
1787,51787,Milan-MIL01.csv,68.02442357578713,34.01221178789356,Amsterdam-AMS03.csv,36.53342943715525
1788,51788,Milan-MIL01.csv,83.98499062387994,41.99249531193997,Amsterdam-AMS03.csv,43.2190144583353
1789,51789,Milan-MIL01.csv,55.060850558902644,27.530425279451322,Amsterdam-AMS03.csv,43.88783302331712
1790,51790,Milan-MIL01.csv,34.43403339082512,17.21701669541256,Milan-MIL01.csv,34.43403339082512
1791,51791,Milan-MIL01.csv,62.111336009839846,31.055668004919923,Amsterdam-AMS03.csv,31.620252884839868
1792,51792,Milan-MIL01.csv,71.86988318298191,35.934941591490954,Amsterdam-AMS03.csv,27.44346604091742
1793,51793,Milan-MIL01.csv,77.3603934676045,38.68019673380225,Frankfurt-FRA01.csv,32.860757272722765
1794,51794,Milan-MIL01.csv,75.42960670826743,37.714803354133714,Amsterdam-AMS03.csv,32.42211805161853
1795,51795,Milan-MIL01.csv,65.3066526661084,32.6533263330542,Frankfurt-FRA01.csv,45.280423768823226
1796,51796,Milan-MIL01.csv,63.36280381412632,31.68140190706316,Frankfurt-FRA01.csv,37.66255527842953
1797,51797,Milan-MIL01.csv,65.03207351545576,32.51603675772788,Frankfurt-FRA01.csv,59.43587587951957
1798,51798,Milan-MIL01.csv,98.93535382731292,49.46767691365646,Frankfurt-FRA01.csv,34.421496928179955
1799,51799,Milan-MIL01.csv,81.01289900627137,40.506449503135684,Amsterdam-AMS03.csv,26.28039517664885
1800,51800,Milan-MIL01.csv,62.577722125244364,31.288861062622182,Milan-MIL01.csv,62.577722125244364
1801,51801,Milan-MIL01.csv,36.215399398400706,18.107699699200353,Frankfurt-FRA01.csv,32.245429810558015
1802,51802,Milan-MIL01.csv,54.732970383809935,27.366485191904967,Frankfurt-FRA01.csv,35.78771321961563
1803,51803,Milan-MIL01.csv,50.19832884416702,25.09916442208351,Amsterdam-AMS03.csv,24.33411746804816
1804,51804,Milan-MIL01.csv,30.946242333161706,15.473121166580853,Milan-MIL01.csv,30.946242333161706
1805,51805,Milan-MIL01.csv,66.15532187222162,33.07766093611081,Frankfurt-FRA01.csv,38.62594245240846
1806,51806,Milan-MIL01.csv,82.78763839370173,41.39381919685086,Amsterdam-AMS03.csv,37.3547734465071
1807,51807,Milan-MIL01.csv,39.43750481025748,19.71875240512874,Milan-MIL01.csv,39.43750481025748
1808,51808,Milan-MIL01.csv,54.12610353310683,27.063051766553414,Amsterdam-AMS03.csv,53.018382107939146
1809,51809,Milan-MIL01.csv,66.45813584619923,33.22906792309961,Frankfurt-FRA01.csv,52.649339938805355
1810,51810,Milan-MIL01.csv,114.70078187493559,57.35039093746779,Amsterdam-AMS03.csv,36.8268868014478
1811,51811,Milan-MIL01.csv,59.27447082229977,29.637235411149884,Frankfurt-FRA01.csv,56.94138161505118
1812,51812,Milan-MIL01.csv,90.35231900761366,45.17615950380683,Frankfurt-FRA01.csv,49.12428939114195
1813,51813,Milan-MIL01.csv,55.34062907807326,27.67031453903663,Frankfurt-FRA01.csv,47.0868003602122
1814,51814,Milan-MIL01.csv,34.92576901862821,17.462884509314105,Amsterdam-AMS03.csv,31.202341692902717
1815,51815,Milan-MIL01.csv,152.7673142960979,76.38365714804895,Amsterdam-AMS03.csv,66.16579458510138
1816,51816,Milan-MIL01.csv,30.409639257220114,15.204819628610057,Milan-MIL01.csv,30.409639257220114
1817,51817,Milan-MIL01.csv,74.78495088681628,37.39247544340814,Frankfurt-FRA01.csv,19.461899006140353
1818,51818,Milan-MIL01.csv,21.616169679357686,10.808084839678843,Milan-MIL01.csv,21.616169679357686
1819,51819,Milan-MIL01.csv,27.821046576969184,13.910523288484592,Milan-MIL01.csv,27.821046576969184
1820,51820,Milan-MIL01.csv,67.54305785947406,33.77152892973703,Amsterdam-AMS03.csv,42.02744684394907
1821,51821,Milan-MIL01.csv,34.64962440398552,17.32481220199276,Milan-MIL01.csv,34.64962440398552
1822,51822,Milan-MIL01.csv,68.19045106114235,34.09522553057118,Amsterdam-AMS03.csv,21.763601011628587
1823,51823,Milan-MIL01.csv,69.06677722023356,34.53338861011678,Amsterdam-AMS03.csv,31.35316895649847
1824,51824,Milan-MIL01.csv,44.26319182289268,22.13159591144634,Milan-MIL01.csv,44.26319182289268
1825,51825,Milan-MIL01.csv,29.131878398532006,14.565939199266003,Milan-MIL01.csv,29.131878398532006
1826,51826,Milan-MIL01.csv,78.32044628253686,39.16022314126843,Amsterdam-AMS03.csv,47.241057619610935
1827,51827,Milan-MIL01.csv,54.22385390071998,27.11192695035999,Amsterdam-AMS03.csv,30.110811443717555
1828,51828,Milan-MIL01.csv,39.02033204087694,19.51016602043847,Milan-MIL01.csv,39.02033204087694
1829,51829,Milan-MIL01.csv,71.99335732969404,35.99667866484702,Frankfurt-FRA01.csv,33.17033642374512
1830,51830,Milan-MIL01.csv,36.59674570546759,18.298372852733795,Milan-MIL01.csv,36.59674570546759
1831,51831,Milan-MIL01.csv,63.750885711249516,31.875442855624758,Amsterdam-AMS03.csv,58.958091274589385
1832,51832,Milan-MIL01.csv,69.59156606480924,34.79578303240462,Frankfurt-FRA01.csv,55.16840138910979
1833,51833,Milan-MIL01.csv,13.307285981175177,6.6536429905875885,Milan-MIL01.csv,13.307285981175177
1834,51834,Milan-MIL01.csv,183.77358406328955,91.88679203164477,Frankfurt-FRA01.csv,52.196529611563875
1835,51835,Milan-MIL01.csv,25.465219553973625,12.732609776986813,Milan-MIL01.csv,25.465219553973625
1836,51836,Milan-MIL01.csv,81.50732662420465,40.753663312102326,Amsterdam-AMS03.csv,69.60907467845114
1837,51837,Milan-MIL01.csv,33.0081562422445,16.50407812112225,Milan-MIL01.csv,33.0081562422445
1838,51838,Milan-MIL01.csv,43.68307590111335,21.841537950556674,Milan-MIL01.csv,43.68307590111335
1839,51839,Milan-MIL01.csv,77.76304900929291,38.88152450464646,Amsterdam-AMS03.csv,23.481242856379392
1840,51840,Milan-MIL01.csv,47.02745493527834,23.51372746763917,Milan-MIL01.csv,47.02745493527834
1841,51841,Milan-MIL01.csv,115.47925293734666,57.73962646867333,Frankfurt-FRA01.csv,37.137837533273405
1842,51842,Milan-MIL01.csv,56.891244291743206,28.445622145871603,Frankfurt-FRA01.csv,31.294871342881972
1843,51843,Milan-MIL01.csv,41.059406778627064,20.529703389313532,Amsterdam-AMS03.csv,33.46393114751801
1844,51844,Milan-MIL01.csv,51.92660055164048,25.96330027582024,Frankfurt-FRA01.csv,43.55455046638105
1845,51845,Milan-MIL01.csv,38.92397011697747,19.461985058488736,Milan-MIL01.csv,38.92397011697747
1846,51846,Milan-MIL01.csv,26.81402087660607,13.407010438303034,Milan-MIL01.csv,26.81402087660607
1847,51847,Milan-MIL01.csv,70.13120302861371,35.065601514306856,Frankfurt-FRA01.csv,32.71711930560426
1848,51848,Milan-MIL01.csv,35.7991014665809,17.89955073329045,Frankfurt-FRA01.csv,34.99038103738878
1849,51849,Milan-MIL01.csv,123.27786939029933,61.638934695149665,Frankfurt-FRA01.csv,47.24508737965671
1850,51850,Milan-MIL01.csv,84.87286215356276,42.43643107678138,Frankfurt-FRA01.csv,68.26343403912195
1851,51851,Milan-MIL01.csv,41.598729626796306,20.799364813398153,Milan-MIL01.csv,41.598729626796306
1852,51852,Milan-MIL01.csv,121.52535412955726,60.76267706477863,Frankfurt-FRA01.csv,64.11541905712035
1853,51853,Milan-MIL01.csv,74.15195900076249,37.075979500381244,Frankfurt-FRA01.csv,36.21382005523919
1854,51854,Milan-MIL01.csv,79.12863832074683,39.564319160373415,Frankfurt-FRA01.csv,46.254154872738994
1855,51855,Milan-MIL01.csv,62.32266880524689,31.161334402623446,Frankfurt-FRA01.csv,29.939540950015775
1856,51856,Milan-MIL01.csv,39.7852345464339,19.89261727321695,Frankfurt-FRA01.csv,28.219137059957713
1857,51857,Milan-MIL01.csv,60.02643788785629,30.013218943928145,Frankfurt-FRA01.csv,35.649694009822895
1858,51858,Milan-MIL01.csv,49.32388799219573,24.661943996097865,Frankfurt-FRA01.csv,42.057186492569706
1859,51859,Milan-MIL01.csv,64.46460164123049,32.232300820615244,Amsterdam-AMS03.csv,56.4161481277854
1860,51860,Milan-MIL01.csv,107.15522764269528,53.57761382134764,Amsterdam-AMS03.csv,38.49620478999491
1861,51861,Milan-MIL01.csv,58.33103691643744,29.16551845821872,Amsterdam-AMS03.csv,42.99340812594013
1862,51862,Milan-MIL01.csv,58.79427508967198,29.39713754483599,Frankfurt-FRA01.csv,34.73257404024322
1863,51863,Milan-MIL01.csv,84.21498168098522,42.10749084049261,Amsterdam-AMS03.csv,32.40701881672444
1864,51864,Milan-MIL01.csv,27.02414413471854,13.51207206735927,Milan-MIL01.csv,27.02414413471854
1865,51865,Milan-MIL01.csv,24.268304204425004,12.134152102212502,Milan-MIL01.csv,24.268304204425004
1866,51866,Milan-MIL01.csv,62.54607700753859,31.273038503769296,Amsterdam-AMS03.csv,23.450855288397896
1867,51867,Milan-MIL01.csv,65.39074281461475,32.69537140730738,Frankfurt-FRA01.csv,23.470032376014103
1868,51868,Milan-MIL01.csv,46.67142577453415,23.335712887267075,Milan-MIL01.csv,46.67142577453415
1869,51869,Milan-MIL01.csv,65.17528280190747,32.587641400953736,Frankfurt-FRA01.csv,36.71426851633014
1870,51870,Milan-MIL01.csv,21.00805833950079,10.504029169750394,Milan-MIL01.csv,21.00805833950079
1871,51871,Milan-MIL01.csv,59.71891955614801,29.859459778074005,Frankfurt-FRA01.csv,49.5022859274435
1872,51872,Milan-MIL01.csv,54.42206702916581,27.211033514582905,Frankfurt-FRA01.csv,28.493308452049124
1873,51873,Milan-MIL01.csv,49.60255254307903,24.801276271539514,Milan-MIL01.csv,49.60255254307903
1874,51874,Milan-MIL01.csv,117.3789756783546,58.6894878391773,Amsterdam-AMS03.csv,32.51959979286895
1875,51875,Milan-MIL01.csv,59.18524237936185,29.592621189680926,Frankfurt-FRA01.csv,23.55672863403373
1876,51876,Milan-MIL01.csv,28.87266020228156,14.43633010114078,Milan-MIL01.csv,28.87266020228156
1877,51877,Milan-MIL01.csv,43.36215089779378,21.68107544889689,Milan-MIL01.csv,43.36215089779378
1878,51878,Milan-MIL01.csv,68.00781880673985,34.003909403369924,Frankfurt-FRA01.csv,57.57364705611096
1879,51879,Milan-MIL01.csv,36.78299313920138,18.39149656960069,Amsterdam-AMS03.csv,19.577587271788747
1880,51880,Milan-MIL01.csv,42.362754727656664,21.181377363828332,Amsterdam-AMS03.csv,25.316701743132345
1881,51881,Milan-MIL01.csv,21.152601183234367,10.576300591617183,Milan-MIL01.csv,21.152601183234367
1882,51882,Milan-MIL01.csv,32.784202924644966,16.392101462322483,Frankfurt-FRA01.csv,22.230791397276793
1883,51883,Milan-MIL01.csv,82.54016116740526,41.27008058370263,Amsterdam-AMS03.csv,30.412371367931012
1884,51884,Milan-MIL01.csv,51.568860883821685,25.784430441910843,Frankfurt-FRA01.csv,43.38103043056614
1885,51885,Milan-MIL01.csv,77.01524570451367,38.50762285225684,Amsterdam-AMS03.csv,26.457266148083757
1886,51886,Milan-MIL01.csv,25.696624788891764,12.848312394445882,Frankfurt-FRA01.csv,25.40610524410672
1887,51887,Milan-MIL01.csv,57.594466484360616,28.797233242180308,Frankfurt-FRA01.csv,34.6497714809628
1888,51888,Milan-MIL01.csv,63.896948918202966,31.948474459101483,Amsterdam-AMS03.csv,31.32729859017149
1889,51889,Milan-MIL01.csv,58.37457992549127,29.187289962745634,Amsterdam-AMS03.csv,44.969385619275776
1890,51890,Milan-MIL01.csv,83.19600913948578,41.59800456974289,Frankfurt-FRA01.csv,36.51699452314736
1891,51891,Milan-MIL01.csv,23.453825823186914,11.726912911593457,Milan-MIL01.csv,23.453825823186914
1892,51892,Milan-MIL01.csv,81.26459202458128,40.63229601229064,Amsterdam-AMS03.csv,20.434729761010622
1893,51893,Milan-MIL01.csv,31.18154666959158,15.59077333479579,Milan-MIL01.csv,31.18154666959158
1894,51894,Milan-MIL01.csv,81.82216969719678,40.91108484859839,Amsterdam-AMS03.csv,19.867563353915436
1895,51895,Milan-MIL01.csv,99.56684434928678,49.78342217464339,Amsterdam-AMS03.csv,53.35124350685979
1896,51896,Milan-MIL01.csv,20.849567611035173,10.424783805517587,Milan-MIL01.csv,20.849567611035173
1897,51897,Milan-MIL01.csv,47.481783750434104,23.740891875217052,Amsterdam-AMS03.csv,43.20681632876465
1898,51898,Milan-MIL01.csv,64.7511428759866,32.3755714379933,Amsterdam-AMS03.csv,38.59964277211795
1899,51899,Milan-MIL01.csv,35.70345806231054,17.85172903115527,Milan-MIL01.csv,35.70345806231054
1900,51900,Milan-MIL01.csv,43.608623534204604,21.804311767102302,Milan-MIL01.csv,43.608623534204604
1901,51901,Milan-MIL01.csv,49.02826044761678,24.51413022380839,Amsterdam-AMS03.csv,29.83828247729804
1902,51902,Milan-MIL01.csv,42.18538220233483,21.092691101167414,Amsterdam-AMS03.csv,27.85144487389768
1903,51903,Milan-MIL01.csv,30.267645511844492,15.133822755922246,Milan-MIL01.csv,30.267645511844492
1904,51904,Milan-MIL01.csv,45.37936257326957,22.689681286634784,Milan-MIL01.csv,45.37936257326957
1905,51905,Milan-MIL01.csv,70.90424141241805,35.45212070620902,Frankfurt-FRA01.csv,29.745205921122533
1906,51906,Milan-MIL01.csv,44.50076245210537,22.250381226052685,Milan-MIL01.csv,44.50076245210537
1907,51907,Milan-MIL01.csv,76.28574442483125,38.142872212415625,Amsterdam-AMS03.csv,33.59790647914856
1908,51908,Milan-MIL01.csv,53.55904788434774,26.77952394217387,Amsterdam-AMS03.csv,41.709367820506245
1909,51909,Milan-MIL01.csv,27.257229076019335,13.628614538009668,Milan-MIL01.csv,27.257229076019335
1910,51910,Milan-MIL01.csv,124.66687460543724,62.33343730271862,Amsterdam-AMS03.csv,47.7085582059563
1911,51911,Milan-MIL01.csv,79.76002910892387,39.88001455446194,Frankfurt-FRA01.csv,50.56316491108777
1912,51912,Milan-MIL01.csv,73.24302346189009,36.621511730945045,Frankfurt-FRA01.csv,38.028195963394325
1913,51913,Milan-MIL01.csv,36.56265732710431,18.281328663552156,Milan-MIL01.csv,36.56265732710431
1914,51914,Milan-MIL01.csv,41.149231529145865,20.574615764572933,Milan-MIL01.csv,41.149231529145865
1915,51915,Milan-MIL01.csv,184.53240326317103,92.26620163158552,Amsterdam-AMS03.csv,45.24685803987838
1916,51916,Milan-MIL01.csv,36.40202667199573,18.201013335997864,Milan-MIL01.csv,36.40202667199573
1917,51917,Milan-MIL01.csv,51.76950909568994,25.88475454784497,Amsterdam-AMS03.csv,32.62069746706292
1918,51918,Milan-MIL01.csv,69.05836997580413,34.52918498790206,Amsterdam-AMS03.csv,65.09664077123547
1919,51919,Milan-MIL01.csv,45.10585613599557,22.552928067997787,Amsterdam-AMS03.csv,17.752204395308087
1920,51920,Milan-MIL01.csv,67.91053709255743,33.95526854627872,Amsterdam-AMS03.csv,37.14712716349098
1921,51921,Milan-MIL01.csv,40.70903679820685,20.354518399103426,Milan-MIL01.csv,40.70903679820685
1922,51922,Milan-MIL01.csv,31.363378563461648,15.681689281730824,Milan-MIL01.csv,31.363378563461648
1923,51923,Milan-MIL01.csv,108.53113074472984,54.26556537236492,Amsterdam-AMS03.csv,48.83807576867103
1924,51924,Milan-MIL01.csv,40.48801044339611,20.244005221698053,Milan-MIL01.csv,40.48801044339611
1925,51925,Milan-MIL01.csv,47.86855524515699,23.934277622578495,Amsterdam-AMS03.csv,23.68799496248993
1926,51926,Milan-MIL01.csv,73.21827498295131,36.60913749147566,Amsterdam-AMS03.csv,40.76239054367464
1927,51927,Milan-MIL01.csv,65.54973860540085,32.774869302700424,Frankfurt-FRA01.csv,45.448720728210986
1928,51928,Milan-MIL01.csv,105.12642361408707,52.56321180704354,Frankfurt-FRA01.csv,29.72202086156699
1929,51929,Milan-MIL01.csv,36.64657283464671,18.323286417323356,Milan-MIL01.csv,36.64657283464671
1930,51930,Milan-MIL01.csv,56.50020982361738,28.25010491180869,Amsterdam-AMS03.csv,54.55185849491629
1931,51931,Milan-MIL01.csv,54.117941759693295,27.058970879846648,Frankfurt-FRA01.csv,39.065445629267145
1932,51932,Milan-MIL01.csv,91.24446415545532,45.62223207772766,Amsterdam-AMS03.csv,49.46096690449585
1933,51933,Milan-MIL01.csv,30.944360347355357,15.472180173677678,Amsterdam-AMS03.csv,23.19634763457154
1934,51934,Milan-MIL01.csv,69.31587562599275,34.65793781299637,Amsterdam-AMS03.csv,34.0240961762322
1935,51935,Milan-MIL01.csv,27.725286506781387,13.862643253390694,Amsterdam-AMS03.csv,25.853293639656524
1936,51936,Milan-MIL01.csv,70.87823871576374,35.43911935788187,Amsterdam-AMS03.csv,44.14047738219579
1937,51937,Milan-MIL01.csv,61.057024428199156,30.528512214099578,Frankfurt-FRA01.csv,42.31357862319038
1938,51938,Milan-MIL01.csv,21.89456353332632,10.94728176666316,Milan-MIL01.csv,21.89456353332632
1939,51939,Milan-MIL01.csv,68.90607993782483,34.453039968912414,Amsterdam-AMS03.csv,38.06446463389005
1940,51940,Milan-MIL01.csv,30.824625587474557,15.412312793737279,Milan-MIL01.csv,30.824625587474557
1941,51941,Milan-MIL01.csv,78.30141116397131,39.150705581985655,Frankfurt-FRA01.csv,36.17633481126448
1942,51942,Milan-MIL01.csv,55.480000185027976,27.740000092513988,Frankfurt-FRA01.csv,38.41240848468022
1943,51943,Milan-MIL01.csv,77.0913641859677,38.54568209298385,Amsterdam-AMS03.csv,19.00122773286908
1944,51944,Milan-MIL01.csv,29.67211147412088,14.83605573706044,Milan-MIL01.csv,29.67211147412088
1945,51945,Milan-MIL01.csv,63.75448517145684,31.87724258572842,Amsterdam-AMS03.csv,29.669652602536885
1946,51946,Milan-MIL01.csv,45.61183579030987,22.805917895154934,Frankfurt-FRA01.csv,36.5853686067119
1947,51947,Milan-MIL01.csv,75.57868602470663,37.789343012353314,Amsterdam-AMS03.csv,45.783392542295786
1948,51948,Milan-MIL01.csv,55.698615018018735,27.849307509009368,Amsterdam-AMS03.csv,36.061052168542865
1949,51949,Milan-MIL01.csv,32.19339188166045,16.096695940830227,Milan-MIL01.csv,32.19339188166045
1950,51950,Milan-MIL01.csv,27.35790356599949,13.678951782999745,Milan-MIL01.csv,27.35790356599949
1951,51951,Milan-MIL01.csv,67.84294321008969,33.92147160504484,Amsterdam-AMS03.csv,27.15642310243937
1952,51952,Milan-MIL01.csv,43.23028324120593,21.615141620602966,Frankfurt-FRA01.csv,31.76702591067399
1953,51953,Milan-MIL01.csv,50.52156991256335,25.260784956281675,Milan-MIL01.csv,50.52156991256335
1954,51954,Milan-MIL01.csv,52.557439955309746,26.278719977654873,Frankfurt-FRA01.csv,36.542812278950315
1955,51955,Milan-MIL01.csv,37.86534261630536,18.93267130815268,Milan-MIL01.csv,37.86534261630536
1956,51956,Milan-MIL01.csv,18.61242667471221,9.306213337356105,Milan-MIL01.csv,18.61242667471221
1957,51957,Milan-MIL01.csv,91.82586052382194,45.91293026191097,Frankfurt-FRA01.csv,37.628130949320074
1958,51958,Milan-MIL01.csv,116.43113473905929,58.215567369529644,Frankfurt-FRA01.csv,35.23473202343893
1959,51959,Milan-MIL01.csv,61.466344440095185,30.733172220047592,Amsterdam-AMS03.csv,30.762048967465326
1960,51960,Milan-MIL01.csv,68.04136864799064,34.02068432399532,Amsterdam-AMS03.csv,32.70738664494704
1961,51961,Milan-MIL01.csv,61.58758103888822,30.79379051944411,Frankfurt-FRA01.csv,23.79488363256723
1962,51962,Milan-MIL01.csv,90.22825113005558,45.11412556502779,Amsterdam-AMS03.csv,40.86420400431405
1963,51963,Milan-MIL01.csv,38.31205939424689,19.156029697123444,Amsterdam-AMS03.csv,30.569556901794066
1964,51964,Milan-MIL01.csv,45.49597571348998,22.74798785674499,Milan-MIL01.csv,45.49597571348998
1965,51965,Milan-MIL01.csv,101.19106119133029,50.595530595665146,Frankfurt-FRA01.csv,57.56195179456171
1966,51966,Milan-MIL01.csv,37.547701787316264,18.773850893658132,Milan-MIL01.csv,37.547701787316264
1967,51967,Milan-MIL01.csv,109.00814605915623,54.504073029578116,Frankfurt-FRA01.csv,46.26997655697127
1968,51968,Milan-MIL01.csv,31.659249140171056,15.829624570085528,Milan-MIL01.csv,31.659249140171056
1969,51969,Milan-MIL01.csv,37.35233275199699,18.676166375998495,Milan-MIL01.csv,37.35233275199699
1970,51970,Milan-MIL01.csv,18.73215818488522,9.36607909244261,Milan-MIL01.csv,18.73215818488522
1971,51971,Milan-MIL01.csv,47.24276533660071,23.621382668300356,Amsterdam-AMS03.csv,24.718034402139498
1972,51972,Milan-MIL01.csv,77.84209624896855,38.92104812448427,Frankfurt-FRA01.csv,44.142743654244356
1973,51973,Milan-MIL01.csv,56.817331509195185,28.408665754597592,Frankfurt-FRA01.csv,37.04249320369495
1974,51974,Milan-MIL01.csv,18.4213518079928,9.2106759039964,Milan-MIL01.csv,18.4213518079928
1975,51975,Milan-MIL01.csv,52.968608879749915,26.484304439874958,Frankfurt-FRA01.csv,45.7841341944719
1976,51976,Milan-MIL01.csv,93.11556856398393,46.557784281991964,Frankfurt-FRA01.csv,36.30234839731051
1977,51977,Milan-MIL01.csv,92.13421018684825,46.067105093424125,Amsterdam-AMS03.csv,42.47762683521722
1978,51978,Milan-MIL01.csv,30.190357490180272,15.095178745090136,Frankfurt-FRA01.csv,27.343831696170415
1979,51979,Milan-MIL01.csv,30.240151561911542,15.120075780955771,Milan-MIL01.csv,30.240151561911542
1980,51980,Milan-MIL01.csv,75.44748918695383,37.723744593476916,Amsterdam-AMS03.csv,42.225153258162855
1981,51981,Milan-MIL01.csv,52.887319254362204,26.443659627181102,Milan-MIL01.csv,52.887319254362204
1982,51982,Milan-MIL01.csv,37.69761177572005,18.848805887860024,Frankfurt-FRA01.csv,28.152985329535582
1983,51983,Milan-MIL01.csv,45.768972170146995,22.884486085073497,Amsterdam-AMS03.csv,25.232518103961876
1984,51984,Milan-MIL01.csv,35.170459181495055,17.585229590747527,Amsterdam-AMS03.csv,31.070800697008263
1985,51985,Milan-MIL01.csv,56.305097596869935,28.152548798434967,Frankfurt-FRA01.csv,36.49116838515867
1986,51986,Milan-MIL01.csv,24.622911971725074,12.311455985862537,Milan-MIL01.csv,24.622911971725074
1987,51987,Milan-MIL01.csv,57.63209897086695,28.816049485433474,Frankfurt-FRA01.csv,33.093198333939284
1988,51988,Milan-MIL01.csv,54.57962735461157,27.289813677305784,Frankfurt-FRA01.csv,44.758722546451146
1989,51989,Milan-MIL01.csv,35.90385110967123,17.951925554835615,Amsterdam-AMS03.csv,31.747023368918438
1990,51990,Milan-MIL01.csv,27.975580219603465,13.987790109801733,Milan-MIL01.csv,27.975580219603465
1991,51991,Milan-MIL01.csv,74.38249982674829,37.19124991337414,Frankfurt-FRA01.csv,48.189005312847335
1992,51992,Milan-MIL01.csv,89.87338023089883,44.936690115449416,Amsterdam-AMS03.csv,48.356221399924884
1993,51993,Milan-MIL01.csv,39.40403928409756,19.70201964204878,Amsterdam-AMS03.csv,35.352720695944676
1994,51994,Milan-MIL01.csv,31.377398120233917,15.688699060116958,Milan-MIL01.csv,31.377398120233917
1995,51995,Milan-MIL01.csv,69.26149993864405,34.630749969322025,Frankfurt-FRA01.csv,34.064659696889436
1996,51996,Milan-MIL01.csv,127.53003505340513,63.765017526702565,Frankfurt-FRA01.csv,32.068798846014936
1997,51997,Milan-MIL01.csv,59.11147738703117,29.555738693515586,Amsterdam-AMS03.csv,36.24702853971893
1998,51998,Milan-MIL01.csv,86.04157860894794,43.02078930447397,Amsterdam-AMS03.csv,32.11148753614331
1999,51999,Milan-MIL01.csv,69.6920849917909,34.84604249589545,Amsterdam-AMS03.csv,29.956931894919972
2000,52000,Milan-MIL01.csv,22.591563595983622,11.295781797991811,Milan-MIL01.csv,22.591563595983622
2001,52001,Milan-MIL01.csv,54.281463940294515,27.140731970147257,Frankfurt-FRA01.csv,28.619189097121918
2002,52002,Milan-MIL01.csv,48.50235483798921,24.251177418994605,Frankfurt-FRA01.csv,26.464543091412377
2003,52003,Milan-MIL01.csv,51.78739851203423,25.893699256017115,Frankfurt-FRA01.csv,22.879825722142776
2004,52004,Milan-MIL01.csv,54.03388339832769,27.016941699163844,Amsterdam-AMS03.csv,39.706948316677575
2005,52005,Milan-MIL01.csv,80.14830087718968,40.07415043859484,Frankfurt-FRA01.csv,64.46171298678725
2006,52006,Milan-MIL01.csv,43.93620878913239,21.968104394566193,Milan-MIL01.csv,43.93620878913239
2007,52007,Milan-MIL01.csv,97.18322192894306,48.59161096447153,Amsterdam-AMS03.csv,19.411784774519877
2008,52008,Milan-MIL01.csv,70.06898729419137,35.03449364709569,Amsterdam-AMS03.csv,48.668202319724124
2009,52009,Milan-MIL01.csv,33.30970540469376,16.65485270234688,Amsterdam-AMS03.csv,32.802366991942584
2010,52010,Milan-MIL01.csv,97.29137059476491,48.64568529738246,Amsterdam-AMS03.csv,34.94949424458177
2011,52011,Milan-MIL01.csv,69.47098997910535,34.73549498955268,Amsterdam-AMS03.csv,32.2296483314303
2012,52012,Milan-MIL01.csv,49.43643047780586,24.71821523890293,Frankfurt-FRA01.csv,44.03310344848879
2013,52013,Milan-MIL01.csv,60.39408222712503,30.197041113562516,Frankfurt-FRA01.csv,37.77264693452106
2014,52014,Milan-MIL01.csv,50.35074725314166,25.17537362657083,Amsterdam-AMS03.csv,40.71946931632268
2015,52015,Milan-MIL01.csv,49.07681898365786,24.53840949182893,Milan-MIL01.csv,49.07681898365786
2016,52016,Milan-MIL01.csv,68.90182960702195,34.450914803510976,Amsterdam-AMS03.csv,48.638027769987374
2017,52017,Milan-MIL01.csv,101.59545815332018,50.79772907666009,Amsterdam-AMS03.csv,42.544825501832854
2018,52018,Milan-MIL01.csv,37.59664514419498,18.79832257209749,Frankfurt-FRA01.csv,36.05905951809845
2019,52019,Milan-MIL01.csv,28.19702436346438,14.09851218173219,Milan-MIL01.csv,28.19702436346438
2020,52020,Milan-MIL01.csv,42.23215585566167,21.116077927830833,Amsterdam-AMS03.csv,23.848190412688847
2021,52021,Milan-MIL01.csv,66.61201165979556,33.30600582989778,Frankfurt-FRA01.csv,49.16354412839052
2022,52022,Milan-MIL01.csv,26.81390877601021,13.406954388005104,Milan-MIL01.csv,26.81390877601021
2023,52023,Milan-MIL01.csv,52.83683671981712,26.41841835990856,Frankfurt-FRA01.csv,16.714571866389495
2024,52024,Milan-MIL01.csv,40.84548666707333,20.422743333536665,Milan-MIL01.csv,40.84548666707333
2025,52025,Milan-MIL01.csv,46.12204886288379,23.061024431441894,Amsterdam-AMS03.csv,34.90016150923995
2026,52026,Milan-MIL01.csv,59.98487805121099,29.992439025605496,Amsterdam-AMS03.csv,45.92833263104592
2027,52027,Milan-MIL01.csv,102.12029090996691,51.060145454983456,Amsterdam-AMS03.csv,63.031644582970124
2028,52028,Milan-MIL01.csv,29.229132476427978,14.614566238213989,Milan-MIL01.csv,29.229132476427978
2029,52029,Milan-MIL01.csv,32.67263404461303,16.336317022306513,Amsterdam-AMS03.csv,29.867922611514867
2030,52030,Milan-MIL01.csv,84.07466007051548,42.03733003525774,Amsterdam-AMS03.csv,36.156182888656666
2031,52031,Milan-MIL01.csv,52.022075028102,26.011037514051,Milan-MIL01.csv,52.022075028102
2032,52032,Milan-MIL01.csv,43.13233903522426,21.56616951761213,Frankfurt-FRA01.csv,35.428284916808195
2033,52033,Milan-MIL01.csv,112.79802433745108,56.39901216872554,Amsterdam-AMS03.csv,31.885439710161638
2034,52034,Milan-MIL01.csv,16.68834940141716,8.34417470070858,Milan-MIL01.csv,16.68834940141716
2035,52035,Milan-MIL01.csv,31.065394487190062,15.532697243595031,Amsterdam-AMS03.csv,30.310356349919562
2036,52036,Milan-MIL01.csv,42.25053825800449,21.125269129002245,Milan-MIL01.csv,42.25053825800449
2037,52037,Milan-MIL01.csv,122.76622904097935,61.38311452048968,Amsterdam-AMS03.csv,29.490300255993596
2038,52038,Milan-MIL01.csv,61.8434398803843,30.92171994019215,Frankfurt-FRA01.csv,32.35203111036992
2039,52039,Milan-MIL01.csv,28.375600145100904,14.187800072550452,Milan-MIL01.csv,28.375600145100904
2040,52040,Milan-MIL01.csv,122.88000880204672,61.44000440102336,Amsterdam-AMS03.csv,50.92899414124446
2041,52041,Milan-MIL01.csv,29.51673623130624,14.75836811565312,Milan-MIL01.csv,29.51673623130624
2042,52042,Milan-MIL01.csv,172.2484690434998,86.1242345217499,Amsterdam-AMS03.csv,36.5112847047928
2043,52043,Milan-MIL01.csv,41.247690426983056,20.623845213491528,Milan-MIL01.csv,41.247690426983056
2044,52044,Milan-MIL01.csv,39.94131934519427,19.970659672597137,Amsterdam-AMS03.csv,27.544211834149664
2045,52045,Milan-MIL01.csv,103.19689137084312,51.59844568542156,Amsterdam-AMS03.csv,37.06443723510344
2046,52046,Milan-MIL01.csv,90.73547169078182,45.36773584539091,Amsterdam-AMS03.csv,36.968678843078244
2047,52047,Milan-MIL01.csv,107.55155869380924,53.77577934690462,Amsterdam-AMS03.csv,35.87267383298747
2048,52048,Milan-MIL01.csv,63.50070261774379,31.750351308871895,Amsterdam-AMS03.csv,31.483646058951432
2049,52049,Milan-MIL01.csv,80.9405018322356,40.4702509161178,Amsterdam-AMS03.csv,53.1715531516607
2050,52050,Milan-MIL01.csv,53.76619931963478,26.88309965981739,Frankfurt-FRA01.csv,28.291870169479512
2051,52051,Milan-MIL01.csv,55.06759964989899,27.533799824949494,Frankfurt-FRA01.csv,36.077347658207614
2052,52052,Milan-MIL01.csv,33.58202415004031,16.791012075020156,Frankfurt-FRA01.csv,15.556028488202815
2053,52053,Milan-MIL01.csv,46.013149073078694,23.006574536539347,Amsterdam-AMS03.csv,31.62159183770865
2054,52054,Milan-MIL01.csv,70.56543365396101,35.282716826980504,Amsterdam-AMS03.csv,49.481461929605274
2055,52055,Milan-MIL01.csv,54.36693653850711,27.183468269253556,Frankfurt-FRA01.csv,47.037669181171886
2056,52056,Milan-MIL01.csv,137.51989939543174,68.75994969771587,Frankfurt-FRA01.csv,55.19138712927698
2057,52057,Milan-MIL01.csv,43.15648257633727,21.578241288168634,Frankfurt-FRA01.csv,40.77317080259389
2058,52058,Milan-MIL01.csv,65.08864687329744,32.54432343664872,Amsterdam-AMS03.csv,46.3384466953776
2059,52059,Milan-MIL01.csv,80.73595691125122,40.36797845562561,Amsterdam-AMS03.csv,34.667164217121396
2060,52060,Milan-MIL01.csv,51.529625942514166,25.764812971257083,Amsterdam-AMS03.csv,33.55629435461216
2061,52061,Milan-MIL01.csv,66.96797022865314,33.48398511432657,Amsterdam-AMS03.csv,50.434339013972895
2062,52062,Milan-MIL01.csv,57.035161909391974,28.517580954695987,Amsterdam-AMS03.csv,41.20546955668227
2063,52063,Milan-MIL01.csv,59.15979954075709,29.579899770378546,Frankfurt-FRA01.csv,51.00656218992543
2064,52064,Milan-MIL01.csv,46.89956964936389,23.449784824681945,Milan-MIL01.csv,46.89956964936389
2065,52065,Milan-MIL01.csv,73.26418450885949,36.63209225442974,Amsterdam-AMS03.csv,31.333856380368438
2066,52066,Milan-MIL01.csv,71.296961216136,35.648480608068,Amsterdam-AMS03.csv,36.348003525571976
2067,52067,Milan-MIL01.csv,54.81214032213192,27.40607016106596,Frankfurt-FRA01.csv,17.83434341367756
2068,52068,Milan-MIL01.csv,84.48873476891724,42.24436738445862,Amsterdam-AMS03.csv,25.154955266590683
2069,52069,Milan-MIL01.csv,43.04930268259261,21.524651341296305,Amsterdam-AMS03.csv,35.08715058885817
2070,52070,Milan-MIL01.csv,19.45659683154346,9.72829841577173,Milan-MIL01.csv,19.45659683154346
2071,52071,Milan-MIL01.csv,48.242447165306714,24.121223582653357,Amsterdam-AMS03.csv,38.33666368938138
2072,52072,Milan-MIL01.csv,81.83805431037139,40.919027155185695,Frankfurt-FRA01.csv,37.06132445943901
2073,52073,Milan-MIL01.csv,27.324603632705475,13.662301816352738,Milan-MIL01.csv,27.324603632705475
2074,52074,Milan-MIL01.csv,108.19481426085487,54.097407130427435,Amsterdam-AMS03.csv,32.32067694390632
2075,52075,Milan-MIL01.csv,42.70665727322669,21.353328636613345,Amsterdam-AMS03.csv,41.39795448264662
2076,52076,Milan-MIL01.csv,41.63397814490773,20.816989072453865,Frankfurt-FRA01.csv,35.533765499244836
2077,52077,Milan-MIL01.csv,50.970184125789864,25.485092062894932,Milan-MIL01.csv,50.970184125789864
2078,52078,Milan-MIL01.csv,47.768816757002995,23.884408378501497,Amsterdam-AMS03.csv,24.272378957589023
2079,52079,Milan-MIL01.csv,78.87034147753987,39.43517073876993,Amsterdam-AMS03.csv,29.5443470111744
2080,52080,Milan-MIL01.csv,82.71417433160116,41.35708716580058,Frankfurt-FRA01.csv,54.89186901085128
2081,52081,Milan-MIL01.csv,61.01744291032331,30.508721455161655,Amsterdam-AMS03.csv,52.025263022281216
2082,52082,Milan-MIL01.csv,72.51622183891502,36.25811091945751,Amsterdam-AMS03.csv,31.124023233948314
2083,52083,Milan-MIL01.csv,56.17112047218098,28.08556023609049,Milan-MIL01.csv,56.17112047218098
2084,52084,Milan-MIL01.csv,42.95781054921843,21.478905274609215,Milan-MIL01.csv,42.95781054921843
2085,52085,Milan-MIL01.csv,82.81765019648947,41.40882509824473,Amsterdam-AMS03.csv,58.11635989342679
2086,52086,Milan-MIL01.csv,110.75976983784884,55.37988491892442,Amsterdam-AMS03.csv,44.63989778740766
2087,52087,Milan-MIL01.csv,23.838314610838395,11.919157305419198,Milan-MIL01.csv,23.838314610838395
2088,52088,Milan-MIL01.csv,46.68312454000321,23.341562270001607,Amsterdam-AMS03.csv,30.699949004533483
2089,52089,Milan-MIL01.csv,40.976191479136496,20.488095739568248,Frankfurt-FRA01.csv,33.621585460134675
2090,52090,Milan-MIL01.csv,114.68411141358742,57.34205570679371,Frankfurt-FRA01.csv,37.132695683565295
2091,52091,Milan-MIL01.csv,30.619007855850032,15.309503927925016,Milan-MIL01.csv,30.619007855850032
2092,52092,Milan-MIL01.csv,69.11778055332012,34.55889027666006,Amsterdam-AMS03.csv,39.675071448168666
2093,52093,Milan-MIL01.csv,38.36442279057673,19.182211395288366,Amsterdam-AMS03.csv,25.71223392973929
2094,52094,Milan-MIL01.csv,33.57810790487962,16.78905395243981,Frankfurt-FRA01.csv,24.090901324979217
2095,52095,Milan-MIL01.csv,59.52688983356546,29.76344491678273,Frankfurt-FRA01.csv,46.278192923284635
2096,52096,Milan-MIL01.csv,35.967422244459264,17.983711122229632,Milan-MIL01.csv,35.967422244459264
2097,52097,Milan-MIL01.csv,47.11266595827065,23.556332979135323,Amsterdam-AMS03.csv,24.881059613752427
2098,52098,Milan-MIL01.csv,49.54746091593178,24.77373045796589,Amsterdam-AMS03.csv,26.567481624879957
2099,52099,Milan-MIL01.csv,55.40849961814927,27.704249809074636,Frankfurt-FRA01.csv,32.08290623587361
2100,52100,Milan-MIL01.csv,83.01805863729932,41.50902931864966,Frankfurt-FRA01.csv,41.25198698067317
2101,52101,Milan-MIL01.csv,77.55441575056703,38.777207875283516,Frankfurt-FRA01.csv,37.405665218302396
2102,52102,Milan-MIL01.csv,31.433404257317466,15.716702128658733,Milan-MIL01.csv,31.433404257317466
2103,52103,Milan-MIL01.csv,105.09521116569402,52.54760558284701,Amsterdam-AMS03.csv,51.93357378882851
2104,52104,Milan-MIL01.csv,48.11712675987852,24.05856337993926,Milan-MIL01.csv,48.11712675987852
2105,52105,Milan-MIL01.csv,44.964126595534466,22.482063297767233,Frankfurt-FRA01.csv,43.686598498758656
2106,52106,Milan-MIL01.csv,23.0069153812641,11.50345769063205,Milan-MIL01.csv,23.0069153812641
2107,52107,Milan-MIL01.csv,41.438026817896656,20.719013408948328,Frankfurt-FRA01.csv,31.502539144056612
2108,52108,Milan-MIL01.csv,66.11082946264469,33.055414731322344,Amsterdam-AMS03.csv,31.913388712216086
2109,52109,Milan-MIL01.csv,42.02005543021552,21.01002771510776,Milan-MIL01.csv,42.02005543021552
2110,52110,Milan-MIL01.csv,106.26663389084901,53.133316945424504,Amsterdam-AMS03.csv,35.48902821099647
2111,52111,Milan-MIL01.csv,64.19273349814529,32.096366749072644,Frankfurt-FRA01.csv,55.17165846617428
2112,52112,Milan-MIL01.csv,52.518402341023354,26.259201170511677,Amsterdam-AMS03.csv,47.54603189198199
2113,52113,Milan-MIL01.csv,70.40144820339994,35.20072410169997,Amsterdam-AMS03.csv,32.93367892174272
2114,52114,Milan-MIL01.csv,41.71074619625006,20.85537309812503,Amsterdam-AMS03.csv,31.554597380987904
2115,52115,Milan-MIL01.csv,28.604526933549963,14.302263466774981,Milan-MIL01.csv,28.604526933549963
2116,52116,Milan-MIL01.csv,50.34523337082075,25.172616685410375,Amsterdam-AMS03.csv,38.49148488808934
2117,52117,Milan-MIL01.csv,34.745851980131874,17.372925990065937,Milan-MIL01.csv,34.745851980131874
2118,52118,Milan-MIL01.csv,61.44533055308263,30.722665276541314,Amsterdam-AMS03.csv,43.37469713654566
2119,52119,Milan-MIL01.csv,51.18132977199764,25.59066488599882,Amsterdam-AMS03.csv,34.78447584461383
2120,52120,Milan-MIL01.csv,42.1569222137651,21.07846110688255,Milan-MIL01.csv,42.1569222137651
2121,52121,Milan-MIL01.csv,40.31872752908205,20.159363764541023,Milan-MIL01.csv,40.31872752908205
2122,52122,Milan-MIL01.csv,63.937422518917565,31.968711259458782,Frankfurt-FRA01.csv,61.61286713138492
2123,52123,Milan-MIL01.csv,96.16411356260622,48.08205678130311,Amsterdam-AMS03.csv,29.293852159640586
2124,52124,Milan-MIL01.csv,58.281466728250145,29.140733364125072,Frankfurt-FRA01.csv,32.41541430794881
2125,52125,Milan-MIL01.csv,114.2225923599666,57.1112961799833,Amsterdam-AMS03.csv,24.12379177120008
2126,52126,Milan-MIL01.csv,62.896303635033895,31.448151817516948,Frankfurt-FRA01.csv,32.8432974326008
2127,52127,Milan-MIL01.csv,67.09224314464753,33.54612157232376,Frankfurt-FRA01.csv,38.536961201034984
2128,52128,Milan-MIL01.csv,45.79811445456202,22.89905722728101,Amsterdam-AMS03.csv,29.596197703419502
2129,52129,Milan-MIL01.csv,71.31229982625149,35.656149913125745,Amsterdam-AMS03.csv,24.15077226670369
2130,52130,Milan-MIL01.csv,51.86268605807645,25.931343029038224,Amsterdam-AMS03.csv,47.26960380585859
2131,52131,Milan-MIL01.csv,56.51418743878787,28.257093719393936,Amsterdam-AMS03.csv,27.10682529557102
2132,52132,Milan-MIL01.csv,71.30090698135125,35.65045349067562,Frankfurt-FRA01.csv,43.23491833585323
2133,52133,Milan-MIL01.csv,42.265232520510075,21.132616260255038,Frankfurt-FRA01.csv,31.653761721356908
2134,52134,Milan-MIL01.csv,46.513429479042614,23.256714739521307,Amsterdam-AMS03.csv,31.470071278289026
2135,52135,Milan-MIL01.csv,80.80713613078272,40.40356806539136,Amsterdam-AMS03.csv,28.036407943022674
2136,52136,Milan-MIL01.csv,73.22443673058358,36.61221836529179,Frankfurt-FRA01.csv,47.07999352938051
2137,52137,Milan-MIL01.csv,68.56813971902994,34.28406985951497,Amsterdam-AMS03.csv,27.49906163406284
2138,52138,Milan-MIL01.csv,17.933439394657643,8.966719697328822,Milan-MIL01.csv,17.933439394657643
2139,52139,Milan-MIL01.csv,65.99501542983367,32.997507714916836,Frankfurt-FRA01.csv,48.4085976980239
2140,52140,Milan-MIL01.csv,47.875476262657045,23.937738131328523,Frankfurt-FRA01.csv,33.9713478525059
2141,52141,Milan-MIL01.csv,22.741542467826317,11.370771233913159,Milan-MIL01.csv,22.741542467826317
2142,52142,Milan-MIL01.csv,30.58453039200453,15.292265196002266,Milan-MIL01.csv,30.58453039200453
2143,52143,Milan-MIL01.csv,96.38215157074988,48.19107578537494,Amsterdam-AMS03.csv,26.645700001073326
2144,52144,Milan-MIL01.csv,30.25644452441756,15.12822226220878,Amsterdam-AMS03.csv,29.87905732870728
2145,52145,Milan-MIL01.csv,47.90320086325327,23.951600431626634,Frankfurt-FRA01.csv,37.042379340543775
2146,52146,Milan-MIL01.csv,30.056213851854107,15.028106925927053,Milan-MIL01.csv,30.056213851854107
2147,52147,Milan-MIL01.csv,30.69289179015078,15.34644589507539,Milan-MIL01.csv,30.69289179015078
2148,52148,Milan-MIL01.csv,81.64257659355201,40.821288296776004,Amsterdam-AMS03.csv,20.434368908897117
2149,52149,Milan-MIL01.csv,87.58157217595225,43.79078608797612,Frankfurt-FRA01.csv,32.56120252721652
2150,52150,Milan-MIL01.csv,42.63215677816839,21.316078389084193,Amsterdam-AMS03.csv,41.2633083443445
2151,52151,Milan-MIL01.csv,55.977897254004056,27.988948627002028,Amsterdam-AMS03.csv,35.332103576833354
2152,52152,Milan-MIL01.csv,45.93410517686761,22.967052588433805,Milan-MIL01.csv,45.93410517686761
2153,52153,Milan-MIL01.csv,58.754105776920355,29.377052888460177,Amsterdam-AMS03.csv,36.0854403977784
2154,52154,Milan-MIL01.csv,147.48651987242638,73.74325993621319,Amsterdam-AMS03.csv,35.6404438874346
2155,52155,Milan-MIL01.csv,77.52880561943981,38.764402809719904,Amsterdam-AMS03.csv,41.6477340245663
2156,52156,Milan-MIL01.csv,78.5729311983728,39.2864655991864,Frankfurt-FRA01.csv,36.88588556021972
2157,52157,Milan-MIL01.csv,81.20787968234082,40.60393984117041,Amsterdam-AMS03.csv,23.9692499408675
2158,52158,Milan-MIL01.csv,64.20736605435502,32.10368302717751,Amsterdam-AMS03.csv,54.54084141493366
2159,52159,Milan-MIL01.csv,19.919777962516278,9.959888981258139,Milan-MIL01.csv,19.919777962516278
2160,52160,Milan-MIL01.csv,46.34580976885925,23.172904884429624,Milan-MIL01.csv,46.34580976885925
2161,52161,Milan-MIL01.csv,38.33464549089119,19.167322745445595,Milan-MIL01.csv,38.33464549089119
2162,52162,Milan-MIL01.csv,31.479561735582784,15.739780867791392,Milan-MIL01.csv,31.479561735582784
2163,52163,Milan-MIL01.csv,38.50340908445409,19.251704542227046,Milan-MIL01.csv,38.50340908445409
2164,52164,Milan-MIL01.csv,59.89105979234518,29.94552989617259,Amsterdam-AMS03.csv,46.09105309598234
2165,52165,Milan-MIL01.csv,98.4905685281783,49.24528426408915,Amsterdam-AMS03.csv,40.238982300040576
2166,52166,Milan-MIL01.csv,23.110339786736525,11.555169893368262,Milan-MIL01.csv,23.110339786736525
2167,52167,Milan-MIL01.csv,30.598571371790275,15.299285685895137,Milan-MIL01.csv,30.598571371790275
2168,52168,Milan-MIL01.csv,56.5800283682059,28.29001418410295,Amsterdam-AMS03.csv,47.727279838071176
2169,52169,Milan-MIL01.csv,34.923162417032536,17.461581208516268,Amsterdam-AMS03.csv,33.62735359016632
2170,52170,Milan-MIL01.csv,24.9185680780266,12.4592840390133,Milan-MIL01.csv,24.9185680780266
2171,52171,Milan-MIL01.csv,34.1129450029429,17.05647250147145,Milan-MIL01.csv,34.1129450029429
2172,52172,Milan-MIL01.csv,71.5886542868676,35.7943271434338,Amsterdam-AMS03.csv,46.7335886432059
2173,52173,Milan-MIL01.csv,53.890960031791195,26.945480015895598,Amsterdam-AMS03.csv,31.08027827748251
2174,52174,Milan-MIL01.csv,39.11734899552381,19.558674497761906,Milan-MIL01.csv,39.11734899552381
2175,52175,Milan-MIL01.csv,54.252868089045656,27.126434044522828,Amsterdam-AMS03.csv,51.34442507963178
2176,52176,Milan-MIL01.csv,26.891508968108205,13.445754484054103,Milan-MIL01.csv,26.891508968108205
2177,52177,Milan-MIL01.csv,79.93687908230561,39.968439541152804,Frankfurt-FRA01.csv,36.68961121484116
2178,52178,Milan-MIL01.csv,30.733086144637348,15.366543072318674,Milan-MIL01.csv,30.733086144637348
2179,52179,Milan-MIL01.csv,42.73805313959857,21.369026569799285,Milan-MIL01.csv,42.73805313959857
2180,52180,Milan-MIL01.csv,58.981215677911386,29.490607838955693,Frankfurt-FRA01.csv,39.101383942207214
2181,52181,Milan-MIL01.csv,50.582166540145465,25.291083270072733,Amsterdam-AMS03.csv,37.91040402446227
2182,52182,Milan-MIL01.csv,41.29220520306501,20.646102601532505,Amsterdam-AMS03.csv,18.274740802389953
2183,52183,Milan-MIL01.csv,33.76186408521338,16.88093204260669,Frankfurt-FRA01.csv,33.06049909476078
2184,52184,Milan-MIL01.csv,72.8972494081934,36.4486247040967,Amsterdam-AMS03.csv,38.64415855852135
2185,52185,Milan-MIL01.csv,110.32300541735597,55.161502708677986,Amsterdam-AMS03.csv,36.88337419567677
2186,52186,Milan-MIL01.csv,76.55443059233764,38.27721529616882,Amsterdam-AMS03.csv,41.88248771034974
2187,52187,Milan-MIL01.csv,69.46430404967286,34.73215202483643,Amsterdam-AMS03.csv,40.61720587971602
2188,52188,Milan-MIL01.csv,80.63606018768343,40.31803009384171,Amsterdam-AMS03.csv,75.45662422774296
2189,52189,Milan-MIL01.csv,52.56756471125686,26.28378235562843,Frankfurt-FRA01.csv,27.625394948313176
2190,52190,Milan-MIL01.csv,58.82582869008208,29.41291434504104,Frankfurt-FRA01.csv,47.07677591683241
2191,52191,Milan-MIL01.csv,56.82531413901859,28.412657069509294,Frankfurt-FRA01.csv,35.45798950979324
2192,52192,Milan-MIL01.csv,67.14233669003369,33.571168345016844,Amsterdam-AMS03.csv,43.28814524682284
2193,52193,Milan-MIL01.csv,67.04026007082265,33.52013003541133,Frankfurt-FRA01.csv,38.01376918083151
2194,52194,Milan-MIL01.csv,30.712097299956245,15.356048649978122,Amsterdam-AMS03.csv,24.85185513242256
2195,52195,Milan-MIL01.csv,71.18568799594772,35.59284399797386,Amsterdam-AMS03.csv,34.71994733761426
2196,52196,Milan-MIL01.csv,31.47291712578479,15.736458562892395,Amsterdam-AMS03.csv,28.469203563677375
2197,52197,Milan-MIL01.csv,47.41798868358517,23.708994341792586,Milan-MIL01.csv,47.41798868358517
2198,52198,Milan-MIL01.csv,43.37562824697345,21.687814123486724,Amsterdam-AMS03.csv,29.91374797030762
2199,52199,Milan-MIL01.csv,26.33038954252116,13.16519477126058,Milan-MIL01.csv,26.33038954252116
2200,52200,Milan-MIL01.csv,61.97964506669963,30.989822533349816,Frankfurt-FRA01.csv,41.064387055776415
2201,52201,Milan-MIL01.csv,49.772438844939124,24.886219422469562,Milan-MIL01.csv,49.772438844939124
2202,52202,Milan-MIL01.csv,135.0522145679175,67.52610728395875,Amsterdam-AMS03.csv,33.274103801177546
2203,52203,Milan-MIL01.csv,96.2669189715722,48.1334594857861,Amsterdam-AMS03.csv,27.709155609553825
2204,52204,Milan-MIL01.csv,39.46785197663911,19.733925988319555,Frankfurt-FRA01.csv,34.48165805814748
2205,52205,Milan-MIL01.csv,55.75145690407533,27.875728452037666,Frankfurt-FRA01.csv,34.898160645965355
2206,52206,Milan-MIL01.csv,65.83053167993009,32.915265839965045,Frankfurt-FRA01.csv,57.03147979317061
2207,52207,Milan-MIL01.csv,63.87479294368742,31.93739647184371,Amsterdam-AMS03.csv,44.27469943066106
2208,52208,Milan-MIL01.csv,30.9646658757118,15.4823329378559,Milan-MIL01.csv,30.9646658757118
2209,52209,Milan-MIL01.csv,83.75404477581107,41.877022387905534,Amsterdam-AMS03.csv,27.788322427193012
2210,52210,Milan-MIL01.csv,26.813233029035402,13.406616514517701,Milan-MIL01.csv,26.813233029035402
2211,52211,Milan-MIL01.csv,38.59406455323765,19.297032276618825,Frankfurt-FRA01.csv,27.391561804380625
2212,52212,Milan-MIL01.csv,50.092984419519354,25.046492209759677,Amsterdam-AMS03.csv,31.10835806204673
2213,52213,Milan-MIL01.csv,78.77414783234755,39.387073916173776,Frankfurt-FRA01.csv,31.740343992006803
2214,52214,Milan-MIL01.csv,53.667008739316124,26.833504369658062,Amsterdam-AMS03.csv,22.220485965240503
2215,52215,Milan-MIL01.csv,34.69609257994827,17.348046289974135,Amsterdam-AMS03.csv,32.730889156296605
2216,52216,Milan-MIL01.csv,63.766557785170015,31.883278892585007,Amsterdam-AMS03.csv,36.296058054669906
2217,52217,Milan-MIL01.csv,71.31902693079904,35.65951346539952,Amsterdam-AMS03.csv,30.578057296096432
2218,52218,Milan-MIL01.csv,119.87109817515034,59.93554908757517,Amsterdam-AMS03.csv,37.316546080720634
2219,52219,Milan-MIL01.csv,88.70558751283285,44.352793756416425,Frankfurt-FRA01.csv,36.216045892743956
2220,52220,Milan-MIL01.csv,53.35394973850978,26.67697486925489,Amsterdam-AMS03.csv,30.759760279422583
2221,52221,Milan-MIL01.csv,50.201975550088115,25.100987775044057,Frankfurt-FRA01.csv,31.797239219123455
2222,52222,Milan-MIL01.csv,98.79553193155837,49.397765965779186,Amsterdam-AMS03.csv,42.54394522817704
2223,52223,Milan-MIL01.csv,64.34707642306601,32.17353821153301,Frankfurt-FRA01.csv,35.70619194116877
2224,52224,Milan-MIL01.csv,57.535132368241236,28.767566184120618,Frankfurt-FRA01.csv,34.076798605366406
2225,52225,Milan-MIL01.csv,46.718339051644215,23.359169525822107,Frankfurt-FRA01.csv,46.708613125405186
2226,52226,Milan-MIL01.csv,110.40564064108861,55.202820320544305,Amsterdam-AMS03.csv,35.9400242631171
2227,52227,Milan-MIL01.csv,65.52243757613137,32.76121878806568,Frankfurt-FRA01.csv,24.894651003472163
2228,52228,Milan-MIL01.csv,83.95634368678478,41.97817184339239,Amsterdam-AMS03.csv,26.564116056238277
2229,52229,Milan-MIL01.csv,103.27272362646636,51.63636181323318,Amsterdam-AMS03.csv,68.39183100692343
2230,52230,Milan-MIL01.csv,62.17904589324242,31.08952294662121,Amsterdam-AMS03.csv,13.464760187479026
2231,52231,Milan-MIL01.csv,65.77460538876981,32.88730269438491,Amsterdam-AMS03.csv,28.903311301494828
2232,52232,Milan-MIL01.csv,54.80627326518123,27.403136632590616,Frankfurt-FRA01.csv,40.8942038160319
2233,52233,Milan-MIL01.csv,68.95047656313164,34.47523828156582,Amsterdam-AMS03.csv,66.23832111234327
2234,52234,Milan-MIL01.csv,68.02889530404224,34.01444765202112,Amsterdam-AMS03.csv,67.73260251547964
2235,52235,Milan-MIL01.csv,81.76216729547427,40.881083647737135,Amsterdam-AMS03.csv,62.982249184122814
2236,52236,Milan-MIL01.csv,57.265053092358215,28.632526546179108,Frankfurt-FRA01.csv,41.4528446734579
2237,52237,Milan-MIL01.csv,52.99198026177438,26.49599013088719,Amsterdam-AMS03.csv,19.26488061175916
2238,52238,Milan-MIL01.csv,72.00520914259869,36.002604571299344,Amsterdam-AMS03.csv,45.34426335217941
2239,52239,Milan-MIL01.csv,87.37846813100634,43.68923406550317,Amsterdam-AMS03.csv,20.93152573394938
2240,52240,Milan-MIL01.csv,54.75705796672239,27.378528983361196,Amsterdam-AMS03.csv,32.28724512481191
2241,52241,Milan-MIL01.csv,133.80667368823077,66.90333684411539,Amsterdam-AMS03.csv,29.344812394306146
2242,52242,Milan-MIL01.csv,60.50816549409339,30.254082747046695,Amsterdam-AMS03.csv,48.188234694447964
2243,52243,Milan-MIL01.csv,54.047815630685534,27.023907815342767,Frankfurt-FRA01.csv,33.69625631416429
2244,52244,Milan-MIL01.csv,81.3549474175166,40.6774737087583,Amsterdam-AMS03.csv,15.458126055839628
2245,52245,Milan-MIL01.csv,59.64084505697403,29.820422528487015,Frankfurt-FRA01.csv,36.97034234413749
2246,52246,Milan-MIL01.csv,40.5211603098866,20.2605801549433,Amsterdam-AMS03.csv,40.24795036524691
2247,52247,Milan-MIL01.csv,61.429093102970356,30.714546551485178,Frankfurt-FRA01.csv,26.635391811942284
2248,52248,Milan-MIL01.csv,114.967668897,57.4838344485,Amsterdam-AMS03.csv,33.14547382862425
2249,52249,Milan-MIL01.csv,122.62408381857466,61.31204190928733,Frankfurt-FRA01.csv,23.51948180728927
2250,52250,Milan-MIL01.csv,131.24274977974554,65.62137488987277,Amsterdam-AMS03.csv,19.441953875189686
2251,52251,Milan-MIL01.csv,49.29063971817406,24.64531985908703,Frankfurt-FRA01.csv,48.08137946347361
2252,52252,Milan-MIL01.csv,100.08239653153117,50.04119826576559,Amsterdam-AMS03.csv,38.586141757327745
2253,52253,Milan-MIL01.csv,55.82347687270763,27.911738436353815,Frankfurt-FRA01.csv,42.21190722854575
2254,52254,Milan-MIL01.csv,108.39295863740077,54.19647931870038,Amsterdam-AMS03.csv,25.81395234594298
2255,52255,Milan-MIL01.csv,56.20594591306852,28.10297295653426,Amsterdam-AMS03.csv,30.464043260998338
2256,52256,Milan-MIL01.csv,53.82627574033426,26.91313787016713,Frankfurt-FRA01.csv,33.051410356879906
2257,52257,Milan-MIL01.csv,49.3759944424439,24.68799722122195,Amsterdam-AMS03.csv,34.73189260850294
2258,52258,Milan-MIL01.csv,90.44088898028185,45.22044449014093,Amsterdam-AMS03.csv,36.994607539664756
2259,52259,Milan-MIL01.csv,75.83675021573622,37.91837510786811,Frankfurt-FRA01.csv,45.786346663368555
2260,52260,Milan-MIL01.csv,70.74115453527335,35.370577267636676,Amsterdam-AMS03.csv,35.26209206678649
2261,52261,Milan-MIL01.csv,85.70687837714166,42.85343918857083,Amsterdam-AMS03.csv,38.99381376647536
2262,52262,Milan-MIL01.csv,111.6231231912175,55.81156159560875,Frankfurt-FRA01.csv,49.867452811620055
2263,52263,Milan-MIL01.csv,142.46370238591007,71.23185119295503,Frankfurt-FRA01.csv,37.835927691933115
2264,52264,Milan-MIL01.csv,63.1395543504858,31.5697771752429,Milan-MIL01.csv,63.1395543504858
2265,52265,Milan-MIL01.csv,169.9674118836471,84.98370594182354,Frankfurt-FRA01.csv,45.16368026871351
2266,52266,Milan-MIL01.csv,56.664994171991424,28.332497085995712,Amsterdam-AMS03.csv,34.46854764894404
2267,52267,Milan-MIL01.csv,79.29748207000185,39.648741035000924,Frankfurt-FRA01.csv,43.378840929097855
2268,52268,Milan-MIL01.csv,163.60954964280236,81.80477482140118,Amsterdam-AMS03.csv,35.69402277439925
2269,52269,Milan-MIL01.csv,110.47123072119926,55.23561536059963,Amsterdam-AMS03.csv,32.94623049632294
2270,52270,Milan-MIL01.csv,34.35226724866049,17.176133624330244,Amsterdam-AMS03.csv,20.210628706990065
2271,52271,Milan-MIL01.csv,124.73908850703457,62.36954425351728,Amsterdam-AMS03.csv,82.11235494179923
2272,52272,Milan-MIL01.csv,43.63423873596972,21.81711936798486,Amsterdam-AMS03.csv,38.3193712346086
2273,52273,Milan-MIL01.csv,55.61005819525212,27.80502909762606,Amsterdam-AMS03.csv,28.554683324875555
2274,52274,Milan-MIL01.csv,48.534666800168175,24.267333400084087,Milan-MIL01.csv,48.534666800168175
2275,52275,Milan-MIL01.csv,100.91820870596497,50.459104352982486,Amsterdam-AMS03.csv,37.56395842473635
2276,52276,Milan-MIL01.csv,65.77427266984635,32.88713633492318,Amsterdam-AMS03.csv,36.59716272293818
2277,52277,Milan-MIL01.csv,38.96903253975209,19.484516269876046,Milan-MIL01.csv,38.96903253975209
2278,52278,Milan-MIL01.csv,36.06648802473927,18.033244012369636,Frankfurt-FRA01.csv,25.356385103192775
2279,52279,Milan-MIL01.csv,44.47984332846781,22.239921664233904,Amsterdam-AMS03.csv,34.245291647815534
2280,52280,Milan-MIL01.csv,59.007149681188096,29.503574840594048,Amsterdam-AMS03.csv,34.20871751711324
2281,52281,Milan-MIL01.csv,59.2691160081833,29.63455800409165,Amsterdam-AMS03.csv,54.94395397889901
2282,52282,Milan-MIL01.csv,56.92415295155258,28.46207647577629,Frankfurt-FRA01.csv,39.84817623344485
2283,52283,Milan-MIL01.csv,101.60154117089468,50.80077058544734,Amsterdam-AMS03.csv,30.651181112746816
2284,52284,Milan-MIL01.csv,59.173824832285945,29.586912416142972,Amsterdam-AMS03.csv,32.37758625639739
2285,52285,Milan-MIL01.csv,32.68890378805989,16.344451894029945,Milan-MIL01.csv,32.68890378805989
2286,52286,Milan-MIL01.csv,39.99496758172785,19.997483790863924,Frankfurt-FRA01.csv,29.21547656654197
2287,52287,Milan-MIL01.csv,59.09566716946399,29.547833584731993,Amsterdam-AMS03.csv,29.15151974144676
2288,52288,Milan-MIL01.csv,50.20029480161629,25.100147400808144,Amsterdam-AMS03.csv,32.538364662290306
2289,52289,Milan-MIL01.csv,36.719070278480615,18.359535139240307,Milan-MIL01.csv,36.719070278480615
2290,52290,Milan-MIL01.csv,112.96575860665642,56.48287930332821,Frankfurt-FRA01.csv,40.20945267167541
2291,52291,Milan-MIL01.csv,67.22878275717989,33.61439137858994,Amsterdam-AMS03.csv,38.72239994165678
2292,52292,Milan-MIL01.csv,45.497542442892914,22.748771221446457,Frankfurt-FRA01.csv,42.56883944631778
2293,52293,Milan-MIL01.csv,52.53385114106973,26.266925570534866,Milan-MIL01.csv,52.53385114106973
2294,52294,Milan-MIL01.csv,77.4881824485185,38.74409122425925,Amsterdam-AMS03.csv,44.945768021252356
2295,52295,Milan-MIL01.csv,17.27683257773644,8.63841628886822,Milan-MIL01.csv,17.27683257773644
2296,52296,Milan-MIL01.csv,57.98352580189633,28.991762900948164,Frankfurt-FRA01.csv,33.46533573139315
2297,52297,Milan-MIL01.csv,44.575982061587986,22.287991030793993,Amsterdam-AMS03.csv,43.01206332643257
2298,52298,Milan-MIL01.csv,103.31727707923012,51.65863853961506,Amsterdam-AMS03.csv,70.56155111041686
2299,52299,Milan-MIL01.csv,80.78431630380037,40.39215815190018,Frankfurt-FRA01.csv,58.81892945543941
2300,52300,Milan-MIL01.csv,56.04780113144203,28.023900565721014,Amsterdam-AMS03.csv,33.238356938790226
2301,52301,Milan-MIL01.csv,41.59063509772852,20.79531754886426,Milan-MIL01.csv,41.59063509772852
2302,52302,Milan-MIL01.csv,50.37949297659493,25.189746488297466,Amsterdam-AMS03.csv,46.245155498789664
2303,52303,Milan-MIL01.csv,37.83258827754108,18.91629413877054,Milan-MIL01.csv,37.83258827754108
2304,52304,Milan-MIL01.csv,46.64963915689208,23.32481957844604,Frankfurt-FRA01.csv,38.09125026358894
2305,52305,Milan-MIL01.csv,59.779668658734195,29.889834329367098,Amsterdam-AMS03.csv,35.33129079776736
2306,52306,Milan-MIL01.csv,120.96921071436613,60.484605357183064,Amsterdam-AMS03.csv,30.422303040182356
2307,52307,Milan-MIL01.csv,67.41393322505351,33.706966612526756,Frankfurt-FRA01.csv,39.685325317203514
2308,52308,Milan-MIL01.csv,44.952348611132535,22.476174305566268,Amsterdam-AMS03.csv,43.94956525970131
2309,52309,Milan-MIL01.csv,47.93737414867668,23.96868707433834,Milan-MIL01.csv,47.93737414867668
2310,52310,Milan-MIL01.csv,105.6053615430243,52.80268077151215,Amsterdam-AMS03.csv,42.45272994834456
2311,52311,Milan-MIL01.csv,31.53115128747405,15.765575643737025,Milan-MIL01.csv,31.53115128747405
2312,52312,Milan-MIL01.csv,164.3387086078793,82.16935430393966,Amsterdam-AMS03.csv,23.39694325380483
2313,52313,Milan-MIL01.csv,71.52929984068108,35.76464992034054,Amsterdam-AMS03.csv,49.775392460702406
2314,52314,Milan-MIL01.csv,30.544747667615972,15.272373833807986,Frankfurt-FRA01.csv,26.413203645760152
2315,52315,Milan-MIL01.csv,46.52005406926347,23.260027034631737,Milan-MIL01.csv,46.52005406926347
2316,52316,Milan-MIL01.csv,76.20805938795384,38.10402969397692,Frankfurt-FRA01.csv,39.84490785992142
2317,52317,Milan-MIL01.csv,54.48445429168341,27.242227145841706,Amsterdam-AMS03.csv,52.31820797479584
2318,52318,Milan-MIL01.csv,62.42000729691938,31.21000364845969,Amsterdam-AMS03.csv,23.000415057210166
2319,52319,Milan-MIL01.csv,53.11526137641883,26.557630688209414,Amsterdam-AMS03.csv,30.828562780886966
2320,52320,Milan-MIL01.csv,33.36412804491623,16.682064022458114,Milan-MIL01.csv,33.36412804491623
2321,52321,Milan-MIL01.csv,41.17723284531026,20.58861642265513,Frankfurt-FRA01.csv,35.29340893258254
2322,52322,Milan-MIL01.csv,76.57541720690469,38.287708603452344,Frankfurt-FRA01.csv,41.38951894977555
2323,52323,Milan-MIL01.csv,91.46096329000845,45.730481645004225,Frankfurt-FRA01.csv,31.01319744323684
2324,52324,Milan-MIL01.csv,42.830429580641166,21.415214790320583,Milan-MIL01.csv,42.830429580641166
2325,52325,Milan-MIL01.csv,67.23042259056749,33.61521129528374,Frankfurt-FRA01.csv,41.905696941687566
2326,52326,Milan-MIL01.csv,83.4576639143955,41.72883195719775,Amsterdam-AMS03.csv,49.32463813923166
2327,52327,Milan-MIL01.csv,44.25772157346117,22.128860786730584,Milan-MIL01.csv,44.25772157346117
2328,52328,Milan-MIL01.csv,67.69959741172478,33.84979870586239,Amsterdam-AMS03.csv,34.59205890088604
2329,52329,Milan-MIL01.csv,55.18190211016251,27.590951055081256,Frankfurt-FRA01.csv,39.34883691836916
2330,52330,Milan-MIL01.csv,60.43974497347345,30.219872486736726,Amsterdam-AMS03.csv,34.702599680146676
2331,52331,Milan-MIL01.csv,75.20890092892931,37.604450464464655,Amsterdam-AMS03.csv,21.032721266756038
2332,52332,Milan-MIL01.csv,27.431937740912,13.715968870456,Milan-MIL01.csv,27.431937740912
2333,52333,Milan-MIL01.csv,55.9704331037354,27.9852165518677,Frankfurt-FRA01.csv,35.70481287682015
2334,52334,Milan-MIL01.csv,79.51011970657896,39.75505985328948,Amsterdam-AMS03.csv,34.39381859991369
2335,52335,Milan-MIL01.csv,45.720063203061976,22.860031601530988,Milan-MIL01.csv,45.720063203061976
2336,52336,Milan-MIL01.csv,38.136591226849895,19.068295613424947,Milan-MIL01.csv,38.136591226849895
2337,52337,Milan-MIL01.csv,48.6707678109613,24.33538390548065,Frankfurt-FRA01.csv,33.09832016040744
2338,52338,Milan-MIL01.csv,124.65803162863546,62.32901581431773,Frankfurt-FRA01.csv,45.0061117443286
2339,52339,Milan-MIL01.csv,33.85230027735207,16.926150138676036,Milan-MIL01.csv,33.85230027735207
2340,52340,Milan-MIL01.csv,112.42380803914769,56.21190401957384,Amsterdam-AMS03.csv,29.32144499702178
2341,52341,Milan-MIL01.csv,46.3923860058999,23.19619300294995,Amsterdam-AMS03.csv,35.514012686515656
2342,52342,Milan-MIL01.csv,26.461583083591865,13.230791541795933,Milan-MIL01.csv,26.461583083591865
2343,52343,Milan-MIL01.csv,44.01056248077169,22.005281240385845,Amsterdam-AMS03.csv,23.319986986966637
2344,52344,Milan-MIL01.csv,58.693668616883045,29.346834308441522,Amsterdam-AMS03.csv,50.58047423900026
2345,52345,Milan-MIL01.csv,52.43994012921603,26.219970064608017,Frankfurt-FRA01.csv,26.427095456160583
2346,52346,Milan-MIL01.csv,81.82258073794071,40.911290368970356,Amsterdam-AMS03.csv,74.7013948248317
2347,52347,Milan-MIL01.csv,90.42788539245944,45.21394269622972,Amsterdam-AMS03.csv,22.976792639223717
2348,52348,Milan-MIL01.csv,29.87684723666083,14.938423618330415,Milan-MIL01.csv,29.87684723666083
2349,52349,Milan-MIL01.csv,55.98024809478415,27.990124047392076,Amsterdam-AMS03.csv,43.59396965866139
2350,52350,Milan-MIL01.csv,37.98042175430961,18.990210877154805,Frankfurt-FRA01.csv,24.20277312005926
2351,52351,Milan-MIL01.csv,32.12735944071126,16.06367972035563,Milan-MIL01.csv,32.12735944071126
2352,52352,Milan-MIL01.csv,88.8897848676485,44.44489243382425,Amsterdam-AMS03.csv,47.35459531543975
2353,52353,Milan-MIL01.csv,37.24904028116527,18.624520140582636,Amsterdam-AMS03.csv,25.969545817881134
2354,52354,Milan-MIL01.csv,69.20513325216699,34.602566626083494,Amsterdam-AMS03.csv,53.8464299811233
2355,52355,Milan-MIL01.csv,53.81172260293253,26.905861301466263,Amsterdam-AMS03.csv,39.15815560694807
2356,52356,Milan-MIL01.csv,24.493709826431047,12.246854913215524,Milan-MIL01.csv,24.493709826431047
2357,52357,Milan-MIL01.csv,33.25522416231914,16.62761208115957,Amsterdam-AMS03.csv,28.7844017700936
2358,52358,Milan-MIL01.csv,58.46988769564844,29.23494384782422,Amsterdam-AMS03.csv,33.015350084594196
2359,52359,Milan-MIL01.csv,59.90321474030288,29.95160737015144,Frankfurt-FRA01.csv,41.33897887736117
2360,52360,Milan-MIL01.csv,23.23607296619486,11.61803648309743,Milan-MIL01.csv,23.23607296619486
2361,52361,Milan-MIL01.csv,58.63776003068194,29.31888001534097,Milan-MIL01.csv,58.63776003068194
2362,52362,Milan-MIL01.csv,63.8316740070127,31.91583700350635,Frankfurt-FRA01.csv,38.9884726340734
2363,52363,Milan-MIL01.csv,56.55797828207796,28.27898914103898,Amsterdam-AMS03.csv,37.157288850969294
2364,52364,Milan-MIL01.csv,76.5892831249894,38.2946415624947,Frankfurt-FRA01.csv,32.289187959205755
2365,52365,Milan-MIL01.csv,45.93124960582292,22.96562480291146,Frankfurt-FRA01.csv,40.61496812035906
2366,52366,Milan-MIL01.csv,79.23351453596686,39.61675726798343,Amsterdam-AMS03.csv,34.02925976861033
2367,52367,Milan-MIL01.csv,86.8816739769104,43.4408369884552,Frankfurt-FRA01.csv,47.81014392202403
2368,52368,Milan-MIL01.csv,30.57059436310825,15.285297181554125,Milan-MIL01.csv,30.57059436310825
2369,52369,Milan-MIL01.csv,40.473447262799375,20.236723631399688,Frankfurt-FRA01.csv,37.93781045464415
2370,52370,Milan-MIL01.csv,35.68134860050149,17.840674300250743,Frankfurt-FRA01.csv,30.55948933424219
2371,52371,Milan-MIL01.csv,64.87910673490713,32.43955336745356,Amsterdam-AMS03.csv,33.71063815400682
2372,52372,Milan-MIL01.csv,50.25905690794944,25.12952845397472,Milan-MIL01.csv,50.25905690794944
2373,52373,Milan-MIL01.csv,40.22077314789409,20.110386573947046,Milan-MIL01.csv,40.22077314789409
2374,52374,Milan-MIL01.csv,42.39962668089254,21.19981334044627,Milan-MIL01.csv,42.39962668089254
2375,52375,Milan-MIL01.csv,53.64334681355319,26.821673406776593,Frankfurt-FRA01.csv,42.47614542603201
2376,52376,Milan-MIL01.csv,52.23412936412171,26.117064682060857,Amsterdam-AMS03.csv,44.17901497755528
2377,52377,Milan-MIL01.csv,97.9121873986843,48.95609369934215,Amsterdam-AMS03.csv,32.51669525208359
2378,52378,Milan-MIL01.csv,53.2824904065488,26.6412452032744,Amsterdam-AMS03.csv,38.41277837121721
2379,52379,Milan-MIL01.csv,31.572928038463765,15.786464019231882,Milan-MIL01.csv,31.572928038463765
2380,52380,Milan-MIL01.csv,43.63033693594527,21.815168467972637,Amsterdam-AMS03.csv,29.172745040370064
2381,52381,Milan-MIL01.csv,63.04339103076876,31.52169551538438,Milan-MIL01.csv,63.04339103076876
2382,52382,Milan-MIL01.csv,54.254068831527576,27.127034415763788,Frankfurt-FRA01.csv,37.39629800852537
2383,52383,Milan-MIL01.csv,46.58170650384476,23.29085325192238,Amsterdam-AMS03.csv,44.76004838043369
2384,52384,Milan-MIL01.csv,29.562057454858948,14.781028727429474,Milan-MIL01.csv,29.562057454858948
2385,52385,Milan-MIL01.csv,46.547412648057666,23.273706324028833,Amsterdam-AMS03.csv,41.84791393669108
2386,52386,Milan-MIL01.csv,119.7689257839199,59.88446289195995,Amsterdam-AMS03.csv,28.90209369451922
2387,52387,Milan-MIL01.csv,56.359766515904084,28.179883257952042,Milan-MIL01.csv,56.359766515904084
2388,52388,Milan-MIL01.csv,90.71365518790674,45.35682759395337,Frankfurt-FRA01.csv,39.85025400529819
2389,52389,Milan-MIL01.csv,45.14641919183348,22.57320959591674,Milan-MIL01.csv,45.14641919183348
2390,52390,Milan-MIL01.csv,37.367133948089275,18.683566974044638,Milan-MIL01.csv,37.367133948089275
2391,52391,Milan-MIL01.csv,91.59539130382154,45.79769565191077,Amsterdam-AMS03.csv,46.985103299868186
2392,52392,Milan-MIL01.csv,60.67356831079511,30.336784155397556,Frankfurt-FRA01.csv,36.95066661847139
2393,52393,Milan-MIL01.csv,45.197827916344814,22.598913958172407,Amsterdam-AMS03.csv,36.52444680434082
2394,52394,Milan-MIL01.csv,99.30924764020244,49.65462382010122,Frankfurt-FRA01.csv,36.355537921894836
2395,52395,Milan-MIL01.csv,51.130855439623396,25.565427719811698,Amsterdam-AMS03.csv,45.95137590935564
2396,52396,Milan-MIL01.csv,35.373863095089646,17.686931547544823,Milan-MIL01.csv,35.373863095089646
2397,52397,Milan-MIL01.csv,41.380742005789266,20.690371002894633,Amsterdam-AMS03.csv,40.843862984280065
2398,52398,Milan-MIL01.csv,49.42166296382602,24.71083148191301,Amsterdam-AMS03.csv,19.544636210260677
2399,52399,Milan-MIL01.csv,66.95444624301325,33.477223121506626,Amsterdam-AMS03.csv,28.537596411350588
2400,52400,Milan-MIL01.csv,19.759068478042483,9.879534239021242,Milan-MIL01.csv,19.759068478042483
2401,52401,Milan-MIL01.csv,113.94168361099932,56.97084180549966,Frankfurt-FRA01.csv,41.805328866017014
2402,52402,Milan-MIL01.csv,34.107292959690916,17.053646479845458,Amsterdam-AMS03.csv,18.896011351307962
2403,52403,Milan-MIL01.csv,50.622381721427246,25.311190860713623,Amsterdam-AMS03.csv,39.909036263904476
2404,52404,Milan-MIL01.csv,53.93353606901846,26.96676803450923,Amsterdam-AMS03.csv,40.34941002588438
2405,52405,Milan-MIL01.csv,50.66635602796911,25.333178013984554,Frankfurt-FRA01.csv,31.825793396475547
2406,52406,Milan-MIL01.csv,84.29395258520144,42.14697629260072,Amsterdam-AMS03.csv,39.243589243302026
2407,52407,Milan-MIL01.csv,53.97051803962072,26.98525901981036,Frankfurt-FRA01.csv,35.38059567539532
2408,52408,Milan-MIL01.csv,47.21341580528187,23.606707902640935,Frankfurt-FRA01.csv,29.418322327129022
2409,52409,Milan-MIL01.csv,39.41924058357522,19.70962029178761,Milan-MIL01.csv,39.41924058357522
2410,52410,Milan-MIL01.csv,53.0036236996553,26.50181184982765,Frankfurt-FRA01.csv,48.91787897089906
2411,52411,Milan-MIL01.csv,104.58567591535892,52.29283795767946,Frankfurt-FRA01.csv,44.10547511414721
2412,52412,Milan-MIL01.csv,154.9942729117571,77.49713645587855,Frankfurt-FRA01.csv,33.20657280342008
2413,52413,Milan-MIL01.csv,30.90443597345151,15.452217986725755,Amsterdam-AMS03.csv,21.732084269899534
2414,52414,Milan-MIL01.csv,66.67071562694765,33.33535781347383,Frankfurt-FRA01.csv,54.30236049097959
2415,52415,Milan-MIL01.csv,71.75435892488944,35.87717946244472,Frankfurt-FRA01.csv,50.65696480476781
2416,52416,Milan-MIL01.csv,78.94954283272999,39.474771416364995,Frankfurt-FRA01.csv,67.49027062290477
2417,52417,Milan-MIL01.csv,50.179113231782395,25.089556615891198,Amsterdam-AMS03.csv,39.28080396415201
2418,52418,Milan-MIL01.csv,90.79873340235896,45.39936670117948,Frankfurt-FRA01.csv,27.694368233434496
2419,52419,Milan-MIL01.csv,48.24349143079909,24.121745715399545,Milan-MIL01.csv,48.24349143079909
2420,52420,Milan-MIL01.csv,100.1696978286186,50.0848489143093,Amsterdam-AMS03.csv,29.488435224932026
2421,52421,Milan-MIL01.csv,31.157384625519565,15.578692312759783,Milan-MIL01.csv,31.157384625519565
2422,52422,Milan-MIL01.csv,25.40260089971258,12.70130044985629,Milan-MIL01.csv,25.40260089971258
2423,52423,Milan-MIL01.csv,47.314356722835406,23.657178361417703,Amsterdam-AMS03.csv,32.83026955563304
2424,52424,Milan-MIL01.csv,61.56438119378173,30.782190596890864,Frankfurt-FRA01.csv,38.19360941949811
2425,52425,Milan-MIL01.csv,45.85930488253957,22.929652441269784,Milan-MIL01.csv,45.85930488253957
2426,52426,Milan-MIL01.csv,41.98171797802608,20.99085898901304,Amsterdam-AMS03.csv,41.27018384015874
2427,52427,Milan-MIL01.csv,89.90091405629722,44.95045702814861,Frankfurt-FRA01.csv,40.442242904740326
2428,52428,Milan-MIL01.csv,69.78276995579785,34.89138497789892,Frankfurt-FRA01.csv,34.794001187953455
2429,52429,Milan-MIL01.csv,24.05757856085642,12.02878928042821,Milan-MIL01.csv,24.05757856085642
2430,52430,Milan-MIL01.csv,56.91005288458854,28.45502644229427,Amsterdam-AMS03.csv,53.748576426172086
2431,52431,Milan-MIL01.csv,47.74514753648373,23.872573768241864,Milan-MIL01.csv,47.74514753648373
2432,52432,Milan-MIL01.csv,95.65016309172623,47.825081545863114,Amsterdam-AMS03.csv,31.508017963907317
2433,52433,Milan-MIL01.csv,68.73008911552742,34.36504455776371,Amsterdam-AMS03.csv,36.75146460325262
2434,52434,Milan-MIL01.csv,53.23405659810125,26.617028299050624,Frankfurt-FRA01.csv,35.03848423663526
2435,52435,Milan-MIL01.csv,44.6174743366816,22.3087371683408,Frankfurt-FRA01.csv,38.32890182729553
2436,52436,Milan-MIL01.csv,34.746467510629714,17.373233755314857,Milan-MIL01.csv,34.746467510629714
2437,52437,Milan-MIL01.csv,52.68447523824361,26.342237619121804,Amsterdam-AMS03.csv,39.40479383106967
2438,52438,Milan-MIL01.csv,124.32386559765966,62.16193279882983,Amsterdam-AMS03.csv,52.50512244410836
2439,52439,Milan-MIL01.csv,68.82335870172946,34.41167935086473,Frankfurt-FRA01.csv,27.243802945965566
2440,52440,Milan-MIL01.csv,77.45932056673965,38.729660283369824,Frankfurt-FRA01.csv,63.067567816628056
2441,52441,Milan-MIL01.csv,52.14527316130947,26.072636580654734,Milan-MIL01.csv,52.14527316130947
2442,52442,Milan-MIL01.csv,109.03166393399282,54.51583196699641,Frankfurt-FRA01.csv,43.02624648814446
2443,52443,Milan-MIL01.csv,62.378976814332155,31.189488407166078,Frankfurt-FRA01.csv,43.67108238135382
2444,52444,Milan-MIL01.csv,64.59643683935218,32.29821841967609,Amsterdam-AMS03.csv,32.81388934715563
2445,52445,Milan-MIL01.csv,53.106225642480695,26.553112821240347,Amsterdam-AMS03.csv,28.62789803586298
2446,52446,Milan-MIL01.csv,49.61938064834958,24.80969032417479,Milan-MIL01.csv,49.61938064834958
2447,52447,Milan-MIL01.csv,73.35444272876326,36.67722136438163,Amsterdam-AMS03.csv,31.988683393658473
2448,52448,Milan-MIL01.csv,41.701789794470976,20.850894897235488,Frankfurt-FRA01.csv,32.14303367171796
2449,52449,Milan-MIL01.csv,36.81974231577286,18.40987115788643,Milan-MIL01.csv,36.81974231577286
2450,52450,Milan-MIL01.csv,67.03071111246534,33.51535555623267,Amsterdam-AMS03.csv,40.256785551880284
2451,52451,Milan-MIL01.csv,62.97737301853087,31.488686509265435,Amsterdam-AMS03.csv,30.919965742030893
2452,52452,Milan-MIL01.csv,55.21420675285364,27.60710337642682,Amsterdam-AMS03.csv,46.085477344881646
2453,52453,Milan-MIL01.csv,61.16556418410284,30.58278209205142,Frankfurt-FRA01.csv,32.84670694436518
2454,52454,Milan-MIL01.csv,56.09855839070588,28.04927919535294,Amsterdam-AMS03.csv,47.797137766653684
2455,52455,Milan-MIL01.csv,100.96546343293524,50.48273171646762,Amsterdam-AMS03.csv,33.41873697377294
2456,52456,Milan-MIL01.csv,28.304612528889432,14.152306264444716,Milan-MIL01.csv,28.304612528889432
2457,52457,Milan-MIL01.csv,32.71332607956133,16.356663039780663,Milan-MIL01.csv,32.71332607956133
2458,52458,Milan-MIL01.csv,50.445466164464754,25.222733082232377,Amsterdam-AMS03.csv,27.827508655483907
2459,52459,Milan-MIL01.csv,53.9967571140579,26.99837855702895,Amsterdam-AMS03.csv,38.86854070917225
2460,52460,Milan-MIL01.csv,104.16228139321176,52.08114069660588,Frankfurt-FRA01.csv,39.08189401442019
2461,52461,Milan-MIL01.csv,29.737880595945494,14.868940297972747,Amsterdam-AMS03.csv,24.34256878629619
2462,52462,Milan-MIL01.csv,113.97789113315203,56.988945566576014,Amsterdam-AMS03.csv,24.934098288871734
2463,52463,Milan-MIL01.csv,46.58120949624869,23.290604748124345,Milan-MIL01.csv,46.58120949624869
2464,52464,Milan-MIL01.csv,68.27691462526245,34.138457312631225,Frankfurt-FRA01.csv,22.31384286228492
2465,52465,Milan-MIL01.csv,50.44183856146533,25.220919280732666,Amsterdam-AMS03.csv,37.63882263722326
2466,52466,Milan-MIL01.csv,74.0883685951469,37.04418429757345,Amsterdam-AMS03.csv,55.258063526130236
2467,52467,Milan-MIL01.csv,56.41334125995728,28.20667062997864,Frankfurt-FRA01.csv,40.74732736502402
2468,52468,Milan-MIL01.csv,39.60475150078574,19.80237575039287,Milan-MIL01.csv,39.60475150078574
2469,52469,Milan-MIL01.csv,53.77483546453874,26.88741773226937,Amsterdam-AMS03.csv,22.95409335970185
2470,52470,Milan-MIL01.csv,41.474842494076334,20.737421247038167,Milan-MIL01.csv,41.474842494076334
2471,52471,Milan-MIL01.csv,57.6594197980737,28.82970989903685,Frankfurt-FRA01.csv,42.07446818198363
2472,52472,Milan-MIL01.csv,54.04588199571004,27.02294099785502,Amsterdam-AMS03.csv,37.789848327378486
2473,52473,Milan-MIL01.csv,85.08196223834653,42.54098111917327,Frankfurt-FRA01.csv,30.238439414964954
2474,52474,Milan-MIL01.csv,98.70986767074237,49.354933835371185,Amsterdam-AMS03.csv,40.49386781553574
2475,52475,Milan-MIL01.csv,84.10652510444712,42.05326255222356,Amsterdam-AMS03.csv,27.353577078113855
2476,52476,Milan-MIL01.csv,68.57419435082001,34.287097175410004,Frankfurt-FRA01.csv,27.898080370319583
2477,52477,Milan-MIL01.csv,73.65819340969813,36.829096704849064,Frankfurt-FRA01.csv,45.20450894034662
2478,52478,Milan-MIL01.csv,106.29727181993928,53.14863590996964,Amsterdam-AMS03.csv,34.23175281005399
2479,52479,Milan-MIL01.csv,63.03523402290673,31.517617011453364,Amsterdam-AMS03.csv,47.818119033668
2480,52480,Milan-MIL01.csv,88.37303321269432,44.18651660634716,Frankfurt-FRA01.csv,59.93205644143043
2481,52481,Milan-MIL01.csv,24.67799732427325,12.338998662136625,Frankfurt-FRA01.csv,22.480544447709775
2482,52482,Milan-MIL01.csv,57.01093065395096,28.50546532697548,Amsterdam-AMS03.csv,35.55811974597884
2483,52483,Milan-MIL01.csv,74.7234654314216,37.3617327157108,Amsterdam-AMS03.csv,35.93611087520955
2484,52484,Milan-MIL01.csv,53.7696443822803,26.88482219114015,Frankfurt-FRA01.csv,51.422749759383606
2485,52485,Milan-MIL01.csv,58.69306741537293,29.346533707686465,Frankfurt-FRA01.csv,33.139871886867624
2486,52486,Milan-MIL01.csv,41.088368930243526,20.544184465121763,Amsterdam-AMS03.csv,23.954044578861623
2487,52487,Milan-MIL01.csv,63.161150186158366,31.580575093079183,Frankfurt-FRA01.csv,41.32973909419219
2488,52488,Milan-MIL01.csv,61.53269549337017,30.766347746685085,Amsterdam-AMS03.csv,46.243401523072805
2489,52489,Milan-MIL01.csv,118.94448823011368,59.47224411505684,Frankfurt-FRA01.csv,38.411410520376734
2490,52490,Milan-MIL01.csv,49.082544819656555,24.541272409828277,Amsterdam-AMS03.csv,39.94544024974325
2491,52491,Milan-MIL01.csv,27.65012679538103,13.825063397690515,Milan-MIL01.csv,27.65012679538103
2492,52492,Milan-MIL01.csv,75.25166410486437,37.62583205243219,Frankfurt-FRA01.csv,38.58413682223079
2493,52493,Milan-MIL01.csv,39.82518359506524,19.91259179753262,Frankfurt-FRA01.csv,31.80370598654235
2494,52494,Milan-MIL01.csv,79.05610996881661,39.52805498440831,Frankfurt-FRA01.csv,43.896325013214096
2495,52495,Milan-MIL01.csv,98.00216631301258,49.00108315650629,Amsterdam-AMS03.csv,47.958125487675204
2496,52496,Milan-MIL01.csv,59.16775653513906,29.58387826756953,Frankfurt-FRA01.csv,39.993620892721495
2497,52497,Milan-MIL01.csv,78.75370535741598,39.37685267870799,Frankfurt-FRA01.csv,21.99619425477335
2498,52498,Milan-MIL01.csv,61.45986209209186,30.72993104604593,Amsterdam-AMS03.csv,33.405589180875126
2499,52499,Milan-MIL01.csv,54.88328240748024,27.44164120374012,Amsterdam-AMS03.csv,26.88968623982331
2500,52500,Milan-MIL01.csv,28.586520236440023,14.293260118220012,Milan-MIL01.csv,28.586520236440023
2501,52501,Milan-MIL01.csv,43.27525216836371,21.637626084181854,Amsterdam-AMS03.csv,38.04877078593088
2502,52502,Milan-MIL01.csv,26.411164521755286,13.205582260877643,Milan-MIL01.csv,26.411164521755286
2503,52503,Milan-MIL01.csv,84.5042883919424,42.2521441959712,Frankfurt-FRA01.csv,33.32207657232485
2504,52504,Milan-MIL01.csv,56.524609631545914,28.262304815772957,Milan-MIL01.csv,56.524609631545914
2505,52505,Milan-MIL01.csv,45.296190414585574,22.648095207292787,Milan-MIL01.csv,45.296190414585574
2506,52506,Milan-MIL01.csv,25.02546904199424,12.51273452099712,Milan-MIL01.csv,25.02546904199424
2507,52507,Milan-MIL01.csv,74.78322146068906,37.39161073034453,Amsterdam-AMS03.csv,39.461660714250584
2508,52508,Milan-MIL01.csv,47.579971521092446,23.789985760546223,Amsterdam-AMS03.csv,39.74791280168837
2509,52509,Milan-MIL01.csv,57.115955708033546,28.557977854016773,Amsterdam-AMS03.csv,35.953574647516696
2510,52510,Milan-MIL01.csv,58.6890772373814,29.3445386186907,Milan-MIL01.csv,58.6890772373814
2511,52511,Milan-MIL01.csv,42.69062347824629,21.345311739123144,Amsterdam-AMS03.csv,37.28975433293735
2512,52512,Milan-MIL01.csv,46.60777444257574,23.30388722128787,Amsterdam-AMS03.csv,26.850261888848664
2513,52513,Milan-MIL01.csv,59.85495100524766,29.92747550262383,Amsterdam-AMS03.csv,33.35681053599481
2514,52514,Milan-MIL01.csv,25.336353592368443,12.668176796184222,Milan-MIL01.csv,25.336353592368443
2515,52515,Milan-MIL01.csv,52.353152051163235,26.176576025581618,Frankfurt-FRA01.csv,40.01448342489303
2516,52516,Milan-MIL01.csv,51.67256348210137,25.836281741050684,Frankfurt-FRA01.csv,32.68715134294222
2517,52517,Milan-MIL01.csv,76.88791126084521,38.44395563042261,Amsterdam-AMS03.csv,43.34525917494895
2518,52518,Milan-MIL01.csv,84.4075363565367,42.20376817826835,Amsterdam-AMS03.csv,29.40835188494907
2519,52519,Milan-MIL01.csv,36.41190113299364,18.20595056649682,Amsterdam-AMS03.csv,35.026100017172425
2520,52520,Milan-MIL01.csv,56.34416981790896,28.17208490895448,Amsterdam-AMS03.csv,31.396810764697033
2521,52521,Milan-MIL01.csv,125.39796155105236,62.69898077552618,Amsterdam-AMS03.csv,31.18294529090791
2522,52522,Milan-MIL01.csv,70.45250348702477,35.226251743512385,Frankfurt-FRA01.csv,48.6282486549548
2523,52523,Milan-MIL01.csv,43.33798453495484,21.66899226747742,Milan-MIL01.csv,43.33798453495484
2524,52524,Milan-MIL01.csv,61.32966551717923,30.664832758589615,Frankfurt-FRA01.csv,30.809541553064147
2525,52525,Milan-MIL01.csv,28.114002180214396,14.057001090107198,Milan-MIL01.csv,28.114002180214396
2526,52526,Milan-MIL01.csv,32.61521901629251,16.307609508146253,Milan-MIL01.csv,32.61521901629251
2527,52527,Milan-MIL01.csv,99.85239628421257,49.92619814210629,Amsterdam-AMS03.csv,27.038036969350134
2528,52528,Milan-MIL01.csv,24.220400022156415,12.110200011078208,Milan-MIL01.csv,24.220400022156415
2529,52529,Milan-MIL01.csv,45.321619252669706,22.660809626334853,Milan-MIL01.csv,45.321619252669706
2530,52530,Milan-MIL01.csv,62.711350405122396,31.355675202561198,Amsterdam-AMS03.csv,51.79842518462201
2531,52531,Milan-MIL01.csv,105.58012776175269,52.790063880876346,Amsterdam-AMS03.csv,24.409988384269138
2532,52532,Milan-MIL01.csv,33.500575657709554,16.750287828854777,Milan-MIL01.csv,33.500575657709554
2533,52533,Milan-MIL01.csv,25.710351674727605,12.855175837363802,Frankfurt-FRA01.csv,25.046253605928158
2534,52534,Milan-MIL01.csv,108.22505089654462,54.11252544827231,Amsterdam-AMS03.csv,27.12438032042194
2535,52535,Milan-MIL01.csv,75.11091053321995,37.555455266609975,Amsterdam-AMS03.csv,39.36117570282908
2536,52536,Milan-MIL01.csv,63.02240832529004,31.51120416264502,Amsterdam-AMS03.csv,62.4217879630779
2537,52537,Milan-MIL01.csv,53.1445846625717,26.57229233128585,Amsterdam-AMS03.csv,46.37717362378613
2538,52538,Milan-MIL01.csv,61.6917471816631,30.84587359083155,Frankfurt-FRA01.csv,55.604844129849596
2539,52539,Milan-MIL01.csv,35.918310163395105,17.959155081697553,Milan-MIL01.csv,35.918310163395105
2540,52540,Milan-MIL01.csv,36.30714248786726,18.15357124393363,Milan-MIL01.csv,36.30714248786726
2541,52541,Milan-MIL01.csv,19.5894746299757,9.79473731498785,Milan-MIL01.csv,19.5894746299757
2542,52542,Milan-MIL01.csv,73.40203948904289,36.701019744521446,Frankfurt-FRA01.csv,28.941591711729533
2543,52543,Milan-MIL01.csv,64.15337869215574,32.07668934607787,Frankfurt-FRA01.csv,27.64520211059317
2544,52544,Milan-MIL01.csv,39.34305172272927,19.671525861364636,Frankfurt-FRA01.csv,38.94785269937502
2545,52545,Milan-MIL01.csv,45.026688867887614,22.513344433943807,Frankfurt-FRA01.csv,33.94118673988908
2546,52546,Milan-MIL01.csv,77.79281221456496,38.89640610728248,Frankfurt-FRA01.csv,30.339725391450575
2547,52547,Milan-MIL01.csv,40.631381305851114,20.315690652925557,Amsterdam-AMS03.csv,19.15700798941366
2548,52548,Milan-MIL01.csv,59.741283955337174,29.870641977668587,Amsterdam-AMS03.csv,51.14810627256219
2549,52549,Milan-MIL01.csv,45.632070441273996,22.816035220636998,Amsterdam-AMS03.csv,27.87304822266959
2550,52550,Milan-MIL01.csv,49.998409074301044,24.999204537150522,Frankfurt-FRA01.csv,35.04182234889978
2551,52551,Milan-MIL01.csv,47.42783942187677,23.713919710938384,Amsterdam-AMS03.csv,35.44380585136806
2552,52552,Milan-MIL01.csv,127.0736958870757,63.53684794353785,Amsterdam-AMS03.csv,24.839742655597384
2553,52553,Milan-MIL01.csv,31.304039685190606,15.652019842595303,Milan-MIL01.csv,31.304039685190606
2554,52554,Milan-MIL01.csv,20.6246112105134,10.3123056052567,Milan-MIL01.csv,20.6246112105134
2555,52555,Milan-MIL01.csv,37.379852854361054,18.689926427180527,Milan-MIL01.csv,37.379852854361054
2556,52556,Milan-MIL01.csv,29.820856771173187,14.910428385586593,Milan-MIL01.csv,29.820856771173187
2557,52557,Milan-MIL01.csv,106.40690436861742,53.20345218430871,Frankfurt-FRA01.csv,41.542591548996356
2558,52558,Milan-MIL01.csv,68.36972338132952,34.18486169066476,Frankfurt-FRA01.csv,67.352152059024
2559,52559,Milan-MIL01.csv,45.80674800320581,22.903374001602906,Frankfurt-FRA01.csv,32.04128214984655
2560,52560,Milan-MIL01.csv,26.459171685296198,13.229585842648099,Milan-MIL01.csv,26.459171685296198
2561,52561,Milan-MIL01.csv,30.279387034436457,15.139693517218229,Frankfurt-FRA01.csv,23.21902455160469
2562,52562,Milan-MIL01.csv,72.0134854100995,36.00674270504975,Amsterdam-AMS03.csv,32.397047923343216
2563,52563,Milan-MIL01.csv,53.620357094871814,26.810178547435907,Amsterdam-AMS03.csv,36.232075527156695
2564,52564,Milan-MIL01.csv,71.82573714690989,35.91286857345494,Amsterdam-AMS03.csv,28.465594853379418
2565,52565,Milan-MIL01.csv,57.27214743673349,28.636073718366745,Amsterdam-AMS03.csv,52.87242593316133
2566,52566,Milan-MIL01.csv,93.46722498745461,46.73361249372731,Amsterdam-AMS03.csv,45.32641471008596
2567,52567,Milan-MIL01.csv,113.43208703902562,56.71604351951281,Amsterdam-AMS03.csv,35.50365065229978
2568,52568,Milan-MIL01.csv,47.196526330499765,23.598263165249882,Amsterdam-AMS03.csv,33.68324033877947
2569,52569,Milan-MIL01.csv,63.45201834786767,31.726009173933836,Amsterdam-AMS03.csv,42.89965787727901
2570,52570,Milan-MIL01.csv,66.04519929248801,33.022599646244004,Amsterdam-AMS03.csv,28.351985193348284
2571,52571,Milan-MIL01.csv,40.10076560889591,20.050382804447956,Amsterdam-AMS03.csv,35.93305655006243
2572,52572,Milan-MIL01.csv,47.98502488067808,23.99251244033904,Frankfurt-FRA01.csv,35.69001629776823
2573,52573,Milan-MIL01.csv,55.63864533173896,27.81932266586948,Frankfurt-FRA01.csv,27.226561736506067
2574,52574,Milan-MIL01.csv,43.6254184172326,21.8127092086163,Frankfurt-FRA01.csv,41.391742710640855
2575,52575,Milan-MIL01.csv,40.02048677152466,20.01024338576233,Milan-MIL01.csv,40.02048677152466
2576,52576,Milan-MIL01.csv,58.81121933589071,29.405609667945356,Amsterdam-AMS03.csv,37.31491079390002
2577,52577,Milan-MIL01.csv,38.77155761338973,19.385778806694866,Milan-MIL01.csv,38.77155761338973
2578,52578,Milan-MIL01.csv,52.45846235618521,26.229231178092604,Amsterdam-AMS03.csv,26.105393260681392
2579,52579,Milan-MIL01.csv,71.90506073618562,35.95253036809281,Amsterdam-AMS03.csv,41.945854633064435
2580,52580,Milan-MIL01.csv,45.08582125743459,22.542910628717294,Amsterdam-AMS03.csv,36.68691072227253
2581,52581,Milan-MIL01.csv,20.984932292237552,10.492466146118776,Milan-MIL01.csv,20.984932292237552
2582,52582,Milan-MIL01.csv,41.87934652797363,20.939673263986815,Frankfurt-FRA01.csv,37.22112941516894
2583,52583,Milan-MIL01.csv,41.051833220855514,20.525916610427757,Amsterdam-AMS03.csv,29.0250781309652
2584,52584,Milan-MIL01.csv,22.956840779707104,11.478420389853552,Milan-MIL01.csv,22.956840779707104
2585,52585,Milan-MIL01.csv,45.38021936497532,22.69010968248766,Frankfurt-FRA01.csv,33.888383343034704
2586,52586,Milan-MIL01.csv,22.979023545363148,11.489511772681574,Milan-MIL01.csv,22.979023545363148
2587,52587,Milan-MIL01.csv,37.26901676770171,18.634508383850854,Amsterdam-AMS03.csv,29.82934782688462
2588,52588,Milan-MIL01.csv,92.02742693287011,46.01371346643506,Amsterdam-AMS03.csv,43.15927481367291
2589,52589,Milan-MIL01.csv,64.8455620192583,32.42278100962915,Frankfurt-FRA01.csv,39.291993924703235
2590,52590,Milan-MIL01.csv,61.17096204570618,30.58548102285309,Frankfurt-FRA01.csv,29.559861584163112
2591,52591,Milan-MIL01.csv,33.226186366495035,16.613093183247518,Milan-MIL01.csv,33.226186366495035
2592,52592,Milan-MIL01.csv,74.53858144525861,37.26929072262931,Frankfurt-FRA01.csv,71.63041220555571
2593,52593,Milan-MIL01.csv,44.92973758343572,22.46486879171786,Frankfurt-FRA01.csv,39.53799404109065
2594,52594,Milan-MIL01.csv,62.050249221398175,31.025124610699088,Frankfurt-FRA01.csv,35.33324362054802
2595,52595,Milan-MIL01.csv,25.134162620458472,12.567081310229236,Milan-MIL01.csv,25.134162620458472
2596,52596,Milan-MIL01.csv,39.74763705228797,19.873818526143985,Amsterdam-AMS03.csv,31.384980444859654
2597,52597,Milan-MIL01.csv,31.572539682352936,15.786269841176468,Amsterdam-AMS03.csv,30.419572323941974
2598,52598,Milan-MIL01.csv,56.6381273992645,28.31906369963225,Amsterdam-AMS03.csv,49.522211754296876
2599,52599,Milan-MIL01.csv,38.979994251878985,19.489997125939492,Amsterdam-AMS03.csv,19.31231670739902
2600,52600,Milan-MIL01.csv,73.00010512382016,36.50005256191008,Amsterdam-AMS03.csv,58.82925954151571
2601,52601,Milan-MIL01.csv,77.78643171645207,38.893215858226036,Amsterdam-AMS03.csv,37.11777572261913
2602,52602,Milan-MIL01.csv,43.905346149016594,21.952673074508297,Milan-MIL01.csv,43.905346149016594
2603,52603,Milan-MIL01.csv,30.208982396720973,15.104491198360487,Milan-MIL01.csv,30.208982396720973
2604,52604,Milan-MIL01.csv,49.09332799870258,24.54666399935129,Amsterdam-AMS03.csv,48.003494727372626
2605,52605,Milan-MIL01.csv,47.35772804347976,23.67886402173988,Amsterdam-AMS03.csv,38.41088081168359
2606,52606,Milan-MIL01.csv,48.59170584362312,24.29585292181156,Frankfurt-FRA01.csv,37.33338768552421
2607,52607,Milan-MIL01.csv,41.19308998756035,20.596544993780174,Amsterdam-AMS03.csv,35.29955355785093
2608,52608,Milan-MIL01.csv,80.1729300851852,40.0864650425926,Amsterdam-AMS03.csv,40.06000023943522
2609,52609,Milan-MIL01.csv,36.50188691561334,18.25094345780667,Milan-MIL01.csv,36.50188691561334
2610,52610,Milan-MIL01.csv,40.91411814694906,20.45705907347453,Amsterdam-AMS03.csv,35.89259305824469
2611,52611,Milan-MIL01.csv,43.57910768075815,21.789553840379075,Milan-MIL01.csv,43.57910768075815
2612,52612,Milan-MIL01.csv,79.94294290645192,39.97147145322596,Frankfurt-FRA01.csv,46.76419924928506
2613,52613,Milan-MIL01.csv,57.46041018752046,28.73020509376023,Frankfurt-FRA01.csv,26.38741713056189
2614,52614,Milan-MIL01.csv,42.261586457728555,21.130793228864277,Milan-MIL01.csv,42.261586457728555
2615,52615,Milan-MIL01.csv,22.86008825707599,11.430044128537995,Milan-MIL01.csv,22.86008825707599
2616,52616,Milan-MIL01.csv,102.61119164485984,51.30559582242992,Frankfurt-FRA01.csv,37.306778421999155
2617,52617,Milan-MIL01.csv,74.50959493309163,37.25479746654582,Frankfurt-FRA01.csv,29.749420366363157
2618,52618,Milan-MIL01.csv,77.42666108440521,38.713330542202605,Amsterdam-AMS03.csv,50.78506524914471
2619,52619,Milan-MIL01.csv,32.53293323296036,16.26646661648018,Milan-MIL01.csv,32.53293323296036
2620,52620,Milan-MIL01.csv,57.337613007907635,28.668806503953817,Amsterdam-AMS03.csv,31.317759100005272
2621,52621,Milan-MIL01.csv,31.090649848523327,15.545324924261664,Milan-MIL01.csv,31.090649848523327
2622,52622,Milan-MIL01.csv,32.21700913246128,16.10850456623064,Milan-MIL01.csv,32.21700913246128
2623,52623,Milan-MIL01.csv,44.9815616017175,22.49078080085875,Frankfurt-FRA01.csv,33.837394194044
2624,52624,Milan-MIL01.csv,30.92122904794779,15.460614523973895,Amsterdam-AMS03.csv,22.08637727648508
2625,52625,Milan-MIL01.csv,62.44892859487117,31.224464297435585,Amsterdam-AMS03.csv,28.521070887374382
2626,52626,Milan-MIL01.csv,75.66487710417985,37.832438552089926,Amsterdam-AMS03.csv,59.90260999659121
2627,52627,Milan-MIL01.csv,40.921624345529125,20.460812172764562,Amsterdam-AMS03.csv,34.35328593180645
2628,52628,Milan-MIL01.csv,57.81485076449394,28.90742538224697,Frankfurt-FRA01.csv,56.016883464323186
2629,52629,Milan-MIL01.csv,111.25228716545165,55.626143582725824,Amsterdam-AMS03.csv,35.849827460732584
2630,52630,Milan-MIL01.csv,32.202255617823745,16.101127808911873,Milan-MIL01.csv,32.202255617823745
2631,52631,Milan-MIL01.csv,47.55558426547769,23.777792132738846,Milan-MIL01.csv,47.55558426547769
2632,52632,Milan-MIL01.csv,92.36208833924017,46.18104416962009,Amsterdam-AMS03.csv,51.40063269623334
2633,52633,Milan-MIL01.csv,49.871476483844695,24.935738241922348,Frankfurt-FRA01.csv,46.28192532670647
2634,52634,Milan-MIL01.csv,47.75009086071821,23.875045430359105,Milan-MIL01.csv,47.75009086071821
2635,52635,Milan-MIL01.csv,44.80172305729322,22.40086152864661,Milan-MIL01.csv,44.80172305729322
2636,52636,Milan-MIL01.csv,85.34651784575954,42.67325892287977,Amsterdam-AMS03.csv,54.28703827742847
2637,52637,Milan-MIL01.csv,64.1701563890864,32.0850781945432,Amsterdam-AMS03.csv,49.20666192443434
2638,52638,Milan-MIL01.csv,23.708494091631096,11.854247045815548,Milan-MIL01.csv,23.708494091631096
2639,52639,Milan-MIL01.csv,66.10685979412688,33.05342989706344,Frankfurt-FRA01.csv,46.64651484086868
2640,52640,Milan-MIL01.csv,23.219820142822435,11.609910071411218,Milan-MIL01.csv,23.219820142822435
2641,52641,Milan-MIL01.csv,62.67064203239245,31.335321016196225,Frankfurt-FRA01.csv,41.09041739505414
2642,52642,Milan-MIL01.csv,68.61758243696985,34.30879121848493,Amsterdam-AMS03.csv,16.99988325868842
2643,52643,Milan-MIL01.csv,33.696231963890554,16.848115981945277,Frankfurt-FRA01.csv,28.057580415675112
2644,52644,Milan-MIL01.csv,71.16387397263644,35.58193698631822,Amsterdam-AMS03.csv,27.748536380202744
2645,52645,Milan-MIL01.csv,59.451247743013305,29.725623871506652,Amsterdam-AMS03.csv,30.240213429099576
2646,52646,Milan-MIL01.csv,69.8002051969144,34.9001025984572,Frankfurt-FRA01.csv,46.898392054469035
2647,52647,Milan-MIL01.csv,54.653726392395136,27.326863196197568,Amsterdam-AMS03.csv,35.543306819320044
2648,52648,Milan-MIL01.csv,71.16599160792492,35.58299580396246,Frankfurt-FRA01.csv,46.45828530071708
2649,52649,Milan-MIL01.csv,69.89180126062821,34.94590063031411,Amsterdam-AMS03.csv,39.323973056498026
2650,52650,Milan-MIL01.csv,90.75374745045849,45.376873725229245,Frankfurt-FRA01.csv,58.23705258070182
2651,52651,Milan-MIL01.csv,88.32217958398444,44.16108979199222,Amsterdam-AMS03.csv,27.316303991018977
2652,52652,Milan-MIL01.csv,60.62486273368645,30.312431366843224,Amsterdam-AMS03.csv,35.93936945708055
2653,52653,Milan-MIL01.csv,73.44694010821935,36.723470054109676,Amsterdam-AMS03.csv,72.73431232900172
2654,52654,Milan-MIL01.csv,65.05277090216903,32.526385451084515,Frankfurt-FRA01.csv,34.14284098115614
2655,52655,Milan-MIL01.csv,36.50254243832862,18.25127121916431,Milan-MIL01.csv,36.50254243832862
2656,52656,Milan-MIL01.csv,55.862151132099434,27.931075566049717,Milan-MIL01.csv,55.862151132099434
2657,52657,Milan-MIL01.csv,74.66191908708808,37.33095954354404,Amsterdam-AMS03.csv,59.738800372705924
2658,52658,Milan-MIL01.csv,59.018119027954356,29.509059513977178,Amsterdam-AMS03.csv,38.3076264756635
2659,52659,Milan-MIL01.csv,34.4704655100039,17.23523275500195,Milan-MIL01.csv,34.4704655100039
2660,52660,Milan-MIL01.csv,82.69968015823594,41.34984007911797,Frankfurt-FRA01.csv,39.15086632157048
2661,52661,Milan-MIL01.csv,48.141875351869274,24.070937675934637,Frankfurt-FRA01.csv,38.995701330607574
2662,52662,Milan-MIL01.csv,79.7413254823155,39.87066274115775,Amsterdam-AMS03.csv,46.603065781529665
2663,52663,Milan-MIL01.csv,71.73463059418991,35.867315297094954,Frankfurt-FRA01.csv,34.05255288199825
2664,52664,Milan-MIL01.csv,45.28059215546481,22.640296077732405,Milan-MIL01.csv,45.28059215546481
2665,52665,Milan-MIL01.csv,39.74312883973757,19.871564419868786,Milan-MIL01.csv,39.74312883973757
2666,52666,Milan-MIL01.csv,47.27113084471325,23.635565422356624,Frankfurt-FRA01.csv,43.97565710397955
2667,52667,Milan-MIL01.csv,81.29301966594355,40.64650983297177,Frankfurt-FRA01.csv,37.17285292895855
2668,52668,Milan-MIL01.csv,51.55704770446876,25.77852385223438,Amsterdam-AMS03.csv,37.40865942761674
2669,52669,Milan-MIL01.csv,33.47058830851307,16.735294154256536,Milan-MIL01.csv,33.47058830851307
2670,52670,Milan-MIL01.csv,42.10315073324152,21.05157536662076,Milan-MIL01.csv,42.10315073324152
2671,52671,Milan-MIL01.csv,43.672894255880635,21.836447127940318,Milan-MIL01.csv,43.672894255880635
2672,52672,Milan-MIL01.csv,47.517377730389576,23.758688865194788,Amsterdam-AMS03.csv,37.61025508263944
2673,52673,Milan-MIL01.csv,45.34343793108241,22.671718965541206,Frankfurt-FRA01.csv,40.2404039537677
2674,52674,Milan-MIL01.csv,45.716173415500556,22.858086707750278,Milan-MIL01.csv,45.716173415500556
2675,52675,Milan-MIL01.csv,62.66593500926213,31.332967504631064,Amsterdam-AMS03.csv,28.674803597120096
2676,52676,Milan-MIL01.csv,67.79493342602056,33.89746671301028,Amsterdam-AMS03.csv,52.846862770009444
2677,52677,Milan-MIL01.csv,42.21399738143309,21.106998690716544,Frankfurt-FRA01.csv,28.358905799140004
2678,52678,Milan-MIL01.csv,39.94106790866872,19.97053395433436,Amsterdam-AMS03.csv,32.74979689256375
2679,52679,Milan-MIL01.csv,51.2717135156539,25.63585675782695,Amsterdam-AMS03.csv,50.219029012682654
2680,52680,Milan-MIL01.csv,63.22804183395101,31.614020916975505,Frankfurt-FRA01.csv,60.61936104117554
2681,52681,Milan-MIL01.csv,29.99474684819516,14.99737342409758,Milan-MIL01.csv,29.99474684819516
2682,52682,Milan-MIL01.csv,72.81659539192857,36.408297695964286,Frankfurt-FRA01.csv,43.8313061692463
2683,52683,Milan-MIL01.csv,42.19366768041915,21.096833840209577,Milan-MIL01.csv,42.19366768041915
2684,52684,Milan-MIL01.csv,48.185964913162344,24.092982456581172,Amsterdam-AMS03.csv,31.17082543558206
2685,52685,Milan-MIL01.csv,89.79252369138922,44.89626184569461,Amsterdam-AMS03.csv,38.31125169779914
2686,52686,Milan-MIL01.csv,48.631259163257,24.3156295816285,Milan-MIL01.csv,48.631259163257
2687,52687,Milan-MIL01.csv,153.41003316545155,76.70501658272578,Amsterdam-AMS03.csv,32.19951052511517
2688,52688,Milan-MIL01.csv,81.24608555788171,40.62304277894086,Amsterdam-AMS03.csv,42.15317861148364
2689,52689,Milan-MIL01.csv,57.856724687874454,28.928362343937227,Amsterdam-AMS03.csv,24.395830142071798
2690,52690,Milan-MIL01.csv,102.6192435311084,51.3096217655542,Amsterdam-AMS03.csv,35.483274512614315
2691,52691,Milan-MIL01.csv,50.057726704006996,25.028863352003498,Frankfurt-FRA01.csv,43.16682733922522
2692,52692,Milan-MIL01.csv,44.89801189536365,22.449005947681826,Milan-MIL01.csv,44.89801189536365
2693,52693,Milan-MIL01.csv,30.19946752381189,15.099733761905945,Milan-MIL01.csv,30.19946752381189
2694,52694,Milan-MIL01.csv,45.74577884769898,22.87288942384949,Frankfurt-FRA01.csv,35.20941229926487
2695,52695,Milan-MIL01.csv,43.153918861672246,21.576959430836123,Frankfurt-FRA01.csv,26.97929742547675
2696,52696,Milan-MIL01.csv,37.31056220442726,18.65528110221363,Amsterdam-AMS03.csv,32.077587380849884
2697,52697,Milan-MIL01.csv,28.856677168092933,14.428338584046466,Amsterdam-AMS03.csv,28.510137822643077
2698,52698,Milan-MIL01.csv,30.616929328262305,15.308464664131153,Amsterdam-AMS03.csv,23.774923531905326
2699,52699,Milan-MIL01.csv,67.35022780990023,33.675113904950116,Amsterdam-AMS03.csv,34.365662929927296
2700,52700,Milan-MIL01.csv,65.75949224103326,32.87974612051663,Amsterdam-AMS03.csv,47.14795871812569
2701,52701,Milan-MIL01.csv,114.32995294571718,57.16497647285859,Frankfurt-FRA01.csv,28.539642262355326
2702,52702,Milan-MIL01.csv,90.40160388686796,45.20080194343398,Frankfurt-FRA01.csv,37.85141004190269
2703,52703,Milan-MIL01.csv,70.04840865181504,35.02420432590752,Amsterdam-AMS03.csv,40.0789866022094
2704,52704,Milan-MIL01.csv,92.72676156120181,46.363380780600906,Amsterdam-AMS03.csv,68.47685497028799
2705,52705,Milan-MIL01.csv,118.14772356263428,59.07386178131714,Frankfurt-FRA01.csv,47.04218244359289
2706,52706,Milan-MIL01.csv,20.475307744661947,10.237653872330974,Milan-MIL01.csv,20.475307744661947
2707,52707,Milan-MIL01.csv,21.401570381301266,10.700785190650633,Milan-MIL01.csv,21.401570381301266
2708,52708,Milan-MIL01.csv,49.62967532321366,24.81483766160683,Frankfurt-FRA01.csv,34.327844716991656
2709,52709,Milan-MIL01.csv,133.3109948186565,66.65549740932825,Frankfurt-FRA01.csv,40.41882597179293
2710,52710,Milan-MIL01.csv,38.25283354232922,19.12641677116461,Milan-MIL01.csv,38.25283354232922
2711,52711,Milan-MIL01.csv,37.00493343455452,18.50246671727726,Milan-MIL01.csv,37.00493343455452
2712,52712,Milan-MIL01.csv,69.50546450094856,34.75273225047428,Amsterdam-AMS03.csv,58.18334802000606
2713,52713,Milan-MIL01.csv,39.86277119987703,19.931385599938515,Milan-MIL01.csv,39.86277119987703
2714,52714,Milan-MIL01.csv,42.32704702878288,21.16352351439144,Amsterdam-AMS03.csv,36.42801837883039
2715,52715,Milan-MIL01.csv,48.79298163627818,24.39649081813909,Amsterdam-AMS03.csv,27.941870578086235
2716,52716,Milan-MIL01.csv,65.65860797862183,32.829303989310915,Amsterdam-AMS03.csv,39.586957289466866
2717,52717,Milan-MIL01.csv,36.93437515680751,18.467187578403756,Milan-MIL01.csv,36.93437515680751
2718,52718,Milan-MIL01.csv,145.29898987567972,72.64949493783986,Amsterdam-AMS03.csv,39.158483869667535
2719,52719,Milan-MIL01.csv,58.94035233922716,29.47017616961358,Amsterdam-AMS03.csv,32.589538389005604
2720,52720,Milan-MIL01.csv,62.24647584289002,31.12323792144501,Milan-MIL01.csv,62.24647584289002
2721,52721,Milan-MIL01.csv,76.96865467390633,38.484327336953164,Frankfurt-FRA01.csv,44.65914858416388
2722,52722,Milan-MIL01.csv,37.94598811811031,18.972994059055154,Amsterdam-AMS03.csv,19.1398247765397
2723,52723,Milan-MIL01.csv,59.431996912909995,29.715998456454997,Milan-MIL01.csv,59.431996912909995
2724,52724,Milan-MIL01.csv,38.335000510485706,19.167500255242853,Milan-MIL01.csv,38.335000510485706
2725,52725,Milan-MIL01.csv,64.34969204867164,32.17484602433582,Frankfurt-FRA01.csv,47.66270723567473
2726,52726,Milan-MIL01.csv,86.41723218084834,43.20861609042417,Frankfurt-FRA01.csv,26.439695911030512
2727,52727,Milan-MIL01.csv,78.52909713462128,39.26454856731064,Amsterdam-AMS03.csv,48.17129903015953
2728,52728,Milan-MIL01.csv,42.63170681231956,21.31585340615978,Milan-MIL01.csv,42.63170681231956
2729,52729,Milan-MIL01.csv,50.61081994612536,25.30540997306268,Amsterdam-AMS03.csv,35.78628873980854
2730,52730,Milan-MIL01.csv,121.50638056049753,60.753190280248766,Frankfurt-FRA01.csv,31.251594796870158
2731,52731,Milan-MIL01.csv,82.19322892719973,41.09661446359986,Amsterdam-AMS03.csv,42.41156663214498
2732,52732,Milan-MIL01.csv,64.21255005993243,32.10627502996621,Frankfurt-FRA01.csv,25.213873642427416
2733,52733,Milan-MIL01.csv,65.44635347436949,32.723176737184744,Frankfurt-FRA01.csv,56.22703947695623
2734,52734,Milan-MIL01.csv,21.18631681115277,10.593158405576386,Milan-MIL01.csv,21.18631681115277
2735,52735,Milan-MIL01.csv,77.37479848385478,38.68739924192739,Amsterdam-AMS03.csv,46.30166430397519
2736,52736,Milan-MIL01.csv,68.81618409447243,34.40809204723622,Amsterdam-AMS03.csv,38.79613939149032
2737,52737,Milan-MIL01.csv,65.15550509508589,32.57775254754294,Frankfurt-FRA01.csv,38.228827489844036
2738,52738,Milan-MIL01.csv,61.15825354824444,30.57912677412222,Amsterdam-AMS03.csv,23.479593939918708
2739,52739,Milan-MIL01.csv,45.79640106550334,22.89820053275167,Amsterdam-AMS03.csv,43.382296608441266
2740,52740,Milan-MIL01.csv,64.0561998493829,32.02809992469145,Amsterdam-AMS03.csv,34.1759958187655
2741,52741,Milan-MIL01.csv,132.16753661247608,66.08376830623804,Amsterdam-AMS03.csv,34.35271973619307
2742,52742,Milan-MIL01.csv,28.68823741655557,14.344118708277785,Milan-MIL01.csv,28.68823741655557
2743,52743,Milan-MIL01.csv,66.92736551132234,33.46368275566117,Frankfurt-FRA01.csv,30.903905016792123
2744,52744,Milan-MIL01.csv,93.01745751986758,46.50872875993379,Frankfurt-FRA01.csv,40.950548628301576
2745,52745,Milan-MIL01.csv,47.344816841677094,23.672408420838547,Frankfurt-FRA01.csv,25.259839873865012
2746,52746,Milan-MIL01.csv,60.68227675603921,30.341138378019604,Amsterdam-AMS03.csv,40.3032610762015
2747,52747,Milan-MIL01.csv,24.963216417167473,12.481608208583737,Milan-MIL01.csv,24.963216417167473
2748,52748,Milan-MIL01.csv,48.25076687068786,24.12538343534393,Frankfurt-FRA01.csv,39.30914098940926
2749,52749,Milan-MIL01.csv,110.49376981629202,55.24688490814601,Amsterdam-AMS03.csv,34.1242790863701
2750,52750,Milan-MIL01.csv,29.92696823222737,14.963484116113685,Milan-MIL01.csv,29.92696823222737
2751,52751,Milan-MIL01.csv,24.369298439884115,12.184649219942058,Milan-MIL01.csv,24.369298439884115
2752,52752,Milan-MIL01.csv,44.35529441481702,22.17764720740851,Amsterdam-AMS03.csv,30.76650172516956
2753,52753,Milan-MIL01.csv,58.66897138974931,29.334485694874655,Amsterdam-AMS03.csv,43.75181686872679
2754,52754,Milan-MIL01.csv,54.92480884480298,27.46240442240149,Milan-MIL01.csv,54.92480884480298
2755,52755,Milan-MIL01.csv,95.37658857772315,47.68829428886158,Amsterdam-AMS03.csv,26.715519822283174
2756,52756,Milan-MIL01.csv,26.587106565746744,13.293553282873372,Milan-MIL01.csv,26.587106565746744
2757,52757,Milan-MIL01.csv,24.108827294641817,12.054413647320908,Milan-MIL01.csv,24.108827294641817
2758,52758,Milan-MIL01.csv,83.54443014377811,41.77221507188906,Frankfurt-FRA01.csv,57.942175039767484
2759,52759,Milan-MIL01.csv,48.882870450975396,24.441435225487698,Amsterdam-AMS03.csv,42.51181604891162
2760,52760,Milan-MIL01.csv,82.68775070996116,41.34387535498058,Amsterdam-AMS03.csv,26.032878503657845
2761,52761,Milan-MIL01.csv,41.8849897654015,20.94249488270075,Amsterdam-AMS03.csv,26.388095405173516
2762,52762,Milan-MIL01.csv,79.77924701440564,39.88962350720282,Frankfurt-FRA01.csv,42.35964704111708
2763,52763,Milan-MIL01.csv,43.30920654379789,21.654603271898946,Milan-MIL01.csv,43.30920654379789
2764,52764,Milan-MIL01.csv,53.60623396030443,26.803116980152215,Frankfurt-FRA01.csv,22.21187329765558
2765,52765,Milan-MIL01.csv,45.598851661378134,22.799425830689067,Amsterdam-AMS03.csv,40.522270590172944
2766,52766,Milan-MIL01.csv,108.52892166871442,54.26446083435721,Amsterdam-AMS03.csv,35.37966329591214
2767,52767,Milan-MIL01.csv,39.47318978935958,19.73659489467979,Milan-MIL01.csv,39.47318978935958
2768,52768,Milan-MIL01.csv,52.5379828979638,26.2689914489819,Frankfurt-FRA01.csv,27.886538596214326
2769,52769,Milan-MIL01.csv,66.17484815160122,33.08742407580061,Frankfurt-FRA01.csv,48.194644042791474
2770,52770,Milan-MIL01.csv,48.228109418696185,24.114054709348093,Frankfurt-FRA01.csv,42.423077246149134
2771,52771,Milan-MIL01.csv,41.72148164889988,20.86074082444994,Amsterdam-AMS03.csv,37.799018011247114
2772,52772,Milan-MIL01.csv,80.67740576694463,40.338702883472315,Frankfurt-FRA01.csv,26.066753906213062
2773,52773,Milan-MIL01.csv,24.819035849525594,12.409517924762797,Milan-MIL01.csv,24.819035849525594
2774,52774,Milan-MIL01.csv,28.668300208356616,14.334150104178308,Milan-MIL01.csv,28.668300208356616
2775,52775,Milan-MIL01.csv,24.57890941823797,12.289454709118985,Milan-MIL01.csv,24.57890941823797
2776,52776,Milan-MIL01.csv,38.713660039050694,19.356830019525347,Milan-MIL01.csv,38.713660039050694
2777,52777,Milan-MIL01.csv,57.100791034190785,28.550395517095392,Frankfurt-FRA01.csv,46.92266892851314
2778,52778,Milan-MIL01.csv,59.46539186729421,29.732695933647104,Frankfurt-FRA01.csv,39.93904793316491
2779,52779,Milan-MIL01.csv,76.46744844886993,38.233724224434965,Amsterdam-AMS03.csv,28.939735758648975
2780,52780,Milan-MIL01.csv,65.09720036712709,32.54860018356354,Amsterdam-AMS03.csv,22.66415024290891
2781,52781,Milan-MIL01.csv,44.94521572463142,22.47260786231571,Amsterdam-AMS03.csv,30.435069442667608
2782,52782,Milan-MIL01.csv,48.3907817504334,24.1953908752167,Frankfurt-FRA01.csv,46.804870822276115
2783,52783,Milan-MIL01.csv,73.40892392215125,36.70446196107562,Frankfurt-FRA01.csv,33.06123268270408
2784,52784,Milan-MIL01.csv,149.90125031157993,74.95062515578996,Frankfurt-FRA01.csv,27.360150868857453
2785,52785,Milan-MIL01.csv,96.88323918000084,48.44161959000042,Amsterdam-AMS03.csv,24.84761548668546
2786,52786,Milan-MIL01.csv,18.948265963885188,9.474132981942594,Milan-MIL01.csv,18.948265963885188
2787,52787,Milan-MIL01.csv,84.87324481296794,42.43662240648397,Frankfurt-FRA01.csv,43.06579766400908
2788,52788,Milan-MIL01.csv,151.11122081219975,75.55561040609987,Frankfurt-FRA01.csv,36.81103663178278
2789,52789,Milan-MIL01.csv,47.95721687095604,23.97860843547802,Amsterdam-AMS03.csv,38.48005704268841
2790,52790,Milan-MIL01.csv,52.605168120491825,26.302584060245913,Amsterdam-AMS03.csv,50.27289207555068
2791,52791,Milan-MIL01.csv,44.69068994811825,22.345344974059124,Amsterdam-AMS03.csv,37.66595777457248
2792,52792,Milan-MIL01.csv,46.31622359127475,23.158111795637375,Milan-MIL01.csv,46.31622359127475
2793,52793,Milan-MIL01.csv,103.16393474687995,51.58196737343997,Frankfurt-FRA01.csv,49.33695041657803
2794,52794,Milan-MIL01.csv,119.60746889644905,59.803734448224525,Frankfurt-FRA01.csv,47.24074929965001
2795,52795,Milan-MIL01.csv,34.04285829623127,17.021429148115637,Milan-MIL01.csv,34.04285829623127
2796,52796,Milan-MIL01.csv,31.266664414074828,15.633332207037414,Milan-MIL01.csv,31.266664414074828
2797,52797,Milan-MIL01.csv,56.90739426481127,28.453697132405637,Milan-MIL01.csv,56.90739426481127
2798,52798,Milan-MIL01.csv,63.70367502340855,31.851837511704275,Frankfurt-FRA01.csv,26.047251707422014
2799,52799,Milan-MIL01.csv,27.462339804442063,13.731169902221032,Milan-MIL01.csv,27.462339804442063
2800,52800,Milan-MIL01.csv,46.16058741052369,23.080293705261845,Frankfurt-FRA01.csv,35.07303660249185
2801,52801,Milan-MIL01.csv,49.386914361120425,24.693457180560213,Frankfurt-FRA01.csv,34.72460141065125
2802,52802,Milan-MIL01.csv,55.71555543459308,27.85777771729654,Amsterdam-AMS03.csv,35.618997844712176
2803,52803,Milan-MIL01.csv,74.43148524392656,37.21574262196328,Amsterdam-AMS03.csv,36.3049627194074
2804,52804,Milan-MIL01.csv,45.53278046591147,22.766390232955736,Milan-MIL01.csv,45.53278046591147
2805,52805,Milan-MIL01.csv,94.4708220612994,47.2354110306497,Amsterdam-AMS03.csv,34.97517460229928
2806,52806,Milan-MIL01.csv,88.43549277114923,44.217746385574614,Amsterdam-AMS03.csv,44.96184259651543
2807,52807,Milan-MIL01.csv,67.08981489340825,33.54490744670412,Amsterdam-AMS03.csv,33.84674750447804
2808,52808,Milan-MIL01.csv,52.748539648667936,26.374269824333968,Frankfurt-FRA01.csv,36.61869629901976
2809,52809,Milan-MIL01.csv,92.87856776135212,46.43928388067606,Amsterdam-AMS03.csv,39.09619018703457
2810,52810,Milan-MIL01.csv,56.37539757224294,28.18769878612147,Amsterdam-AMS03.csv,42.73011582972046
2811,52811,Milan-MIL01.csv,67.80021744913981,33.900108724569904,Amsterdam-AMS03.csv,41.97366880702281
2812,52812,Milan-MIL01.csv,95.61745674073582,47.80872837036791,Amsterdam-AMS03.csv,31.43894421670288
2813,52813,Milan-MIL01.csv,65.46804550426744,32.73402275213372,Amsterdam-AMS03.csv,29.541075630951788
2814,52814,Milan-MIL01.csv,80.00487299130468,40.00243649565234,Amsterdam-AMS03.csv,30.99801044086576
2815,52815,Milan-MIL01.csv,33.147890023107415,16.573945011553707,Milan-MIL01.csv,33.147890023107415
2816,52816,Milan-MIL01.csv,73.55316073836836,36.77658036918418,Frankfurt-FRA01.csv,39.43352175322897
2817,52817,Milan-MIL01.csv,34.933202569067916,17.466601284533958,Milan-MIL01.csv,34.933202569067916
2818,52818,Milan-MIL01.csv,34.5571366359922,17.2785683179961,Milan-MIL01.csv,34.5571366359922
2819,52819,Milan-MIL01.csv,63.09242425188842,31.54621212594421,Frankfurt-FRA01.csv,48.30434712194107
2820,52820,Milan-MIL01.csv,29.05590859389234,14.52795429694617,Milan-MIL01.csv,29.05590859389234
2821,52821,Milan-MIL01.csv,59.515115796376655,29.757557898188328,Amsterdam-AMS03.csv,33.50734748372884
2822,52822,Milan-MIL01.csv,68.271244001497,34.1356220007485,Amsterdam-AMS03.csv,42.01403178378251
2823,52823,Milan-MIL01.csv,33.67216052952482,16.83608026476241,Milan-MIL01.csv,33.67216052952482
2824,52824,Milan-MIL01.csv,90.20548622779528,45.10274311389764,Frankfurt-FRA01.csv,53.05298464678431
2825,52825,Milan-MIL01.csv,80.60258509225305,40.301292546126525,Amsterdam-AMS03.csv,41.85495109328533
2826,52826,Milan-MIL01.csv,77.94071058383909,38.970355291919546,Frankfurt-FRA01.csv,34.312349952284414
2827,52827,Milan-MIL01.csv,58.44066414593406,29.22033207296703,Frankfurt-FRA01.csv,52.36225868580701
2828,52828,Milan-MIL01.csv,51.14673786224344,25.57336893112172,Amsterdam-AMS03.csv,40.476814195274834
2829,52829,Milan-MIL01.csv,31.297492750114234,15.648746375057117,Frankfurt-FRA01.csv,30.38248259408669
2830,52830,Milan-MIL01.csv,68.71327353659638,34.35663676829819,Frankfurt-FRA01.csv,36.022697499634276
2831,52831,Milan-MIL01.csv,28.178401235516198,14.089200617758099,Milan-MIL01.csv,28.178401235516198
2832,52832,Milan-MIL01.csv,59.17016435648335,29.585082178241674,Frankfurt-FRA01.csv,39.27565481795071
2833,52833,Milan-MIL01.csv,41.51868947085055,20.759344735425277,Milan-MIL01.csv,41.51868947085055
2834,52834,Milan-MIL01.csv,47.88651193799602,23.94325596899801,Frankfurt-FRA01.csv,37.662376639816735
2835,52835,Milan-MIL01.csv,130.7115122366166,65.3557561183083,Amsterdam-AMS03.csv,42.376796381060515
2836,52836,Milan-MIL01.csv,78.34086831078301,39.170434155391504,Frankfurt-FRA01.csv,33.31050417723456
2837,52837,Milan-MIL01.csv,79.412681680577,39.7063408402885,Frankfurt-FRA01.csv,62.035741289399795
2838,52838,Milan-MIL01.csv,77.0887649457406,38.5443824728703,Frankfurt-FRA01.csv,41.48845179476955
2839,52839,Milan-MIL01.csv,35.49435371203843,17.747176856019216,Frankfurt-FRA01.csv,32.31800031548579
2840,52840,Milan-MIL01.csv,72.58985144004572,36.29492572002286,Amsterdam-AMS03.csv,39.897760236972694
2841,52841,Milan-MIL01.csv,62.32996537610854,31.16498268805427,Frankfurt-FRA01.csv,24.6562952619626
2842,52842,Milan-MIL01.csv,60.517370576626604,30.258685288313302,Amsterdam-AMS03.csv,40.49553590981839
2843,52843,Milan-MIL01.csv,50.86017560556052,25.43008780278026,Amsterdam-AMS03.csv,43.55227750331064
2844,52844,Milan-MIL01.csv,68.58331929484727,34.291659647423636,Amsterdam-AMS03.csv,46.233580944991544
2845,52845,Milan-MIL01.csv,85.22492848504945,42.61246424252472,Amsterdam-AMS03.csv,53.00121139611282
2846,52846,Milan-MIL01.csv,48.65802039790667,24.329010198953334,Milan-MIL01.csv,48.65802039790667
2847,52847,Milan-MIL01.csv,95.67176430884187,47.835882154420936,Amsterdam-AMS03.csv,31.480589805439283
2848,52848,Milan-MIL01.csv,42.801188660048794,21.400594330024397,Milan-MIL01.csv,42.801188660048794
2849,52849,Milan-MIL01.csv,73.64074721069609,36.820373605348045,Amsterdam-AMS03.csv,38.603293861208805
2850,52850,Milan-MIL01.csv,59.66525929327556,29.83262964663778,Frankfurt-FRA01.csv,49.82265352966832
2851,52851,Milan-MIL01.csv,118.08692408494952,59.04346204247476,Frankfurt-FRA01.csv,53.32438966453164
2852,52852,Milan-MIL01.csv,38.32956784062953,19.164783920314765,Milan-MIL01.csv,38.32956784062953
2853,52853,Milan-MIL01.csv,44.433089280309936,22.216544640154968,Frankfurt-FRA01.csv,35.71108029290847
2854,52854,Milan-MIL01.csv,29.503924950349436,14.751962475174718,Milan-MIL01.csv,29.503924950349436
2855,52855,Milan-MIL01.csv,60.278446581471464,30.139223290735732,Frankfurt-FRA01.csv,27.553917964306788
2856,52856,Milan-MIL01.csv,53.33409625722709,26.667048128613544,Milan-MIL01.csv,53.33409625722709
2857,52857,Milan-MIL01.csv,33.85138629676922,16.92569314838461,Frankfurt-FRA01.csv,32.68637028212277
2858,52858,Milan-MIL01.csv,36.26735085514622,18.13367542757311,Milan-MIL01.csv,36.26735085514622
2859,52859,Milan-MIL01.csv,31.190061995927586,15.595030997963793,Milan-MIL01.csv,31.190061995927586
2860,52860,Milan-MIL01.csv,31.52714293658885,15.763571468294424,Amsterdam-AMS03.csv,26.876569946458556
2861,52861,Milan-MIL01.csv,43.80876915990496,21.90438457995248,Milan-MIL01.csv,43.80876915990496
2862,52862,Milan-MIL01.csv,105.94577495786497,52.972887478932485,Amsterdam-AMS03.csv,46.97434799027372
2863,52863,Milan-MIL01.csv,50.48505553046407,25.242527765232033,Amsterdam-AMS03.csv,25.958540375053964
2864,52864,Milan-MIL01.csv,46.36258423480159,23.181292117400794,Amsterdam-AMS03.csv,24.75123084142173
2865,52865,Milan-MIL01.csv,38.26535892437939,19.132679462189696,Frankfurt-FRA01.csv,37.56359210102993
2866,52866,Milan-MIL01.csv,54.87596723160387,27.437983615801937,Milan-MIL01.csv,54.87596723160387
2867,52867,Milan-MIL01.csv,29.018596943357274,14.509298471678637,Milan-MIL01.csv,29.018596943357274
2868,52868,Milan-MIL01.csv,53.76420839417434,26.88210419708717,Frankfurt-FRA01.csv,46.51665366330904
2869,52869,Milan-MIL01.csv,34.04746710827072,17.02373355413536,Milan-MIL01.csv,34.04746710827072
2870,52870,Milan-MIL01.csv,47.516663406393256,23.758331703196628,Milan-MIL01.csv,47.516663406393256
2871,52871,Milan-MIL01.csv,63.83571832042811,31.917859160214054,Amsterdam-AMS03.csv,27.648729265682512
2872,52872,Milan-MIL01.csv,47.269045615513974,23.634522807756987,Frankfurt-FRA01.csv,34.29995868174397
2873,52873,Milan-MIL01.csv,46.3260743886944,23.1630371943472,Amsterdam-AMS03.csv,39.46932743177557
2874,52874,Milan-MIL01.csv,75.65736986363629,37.828684931818145,Frankfurt-FRA01.csv,36.43464092096829
2875,52875,Milan-MIL01.csv,50.538283389979895,25.269141694989948,Frankfurt-FRA01.csv,25.530813806879816
2876,52876,Milan-MIL01.csv,30.093533510957055,15.046766755478528,Milan-MIL01.csv,30.093533510957055
2877,52877,Milan-MIL01.csv,85.95784914461291,42.978924572306454,Amsterdam-AMS03.csv,30.311177919835423
2878,52878,Milan-MIL01.csv,115.13980594691647,57.569902973458234,Amsterdam-AMS03.csv,43.2712478060692
2879,52879,Milan-MIL01.csv,45.53568519491688,22.76784259745844,Milan-MIL01.csv,45.53568519491688
2880,52880,Milan-MIL01.csv,25.593039185475558,12.796519592737779,Frankfurt-FRA01.csv,21.34296045027635
2881,52881,Milan-MIL01.csv,87.45079380277078,43.72539690138539,Frankfurt-FRA01.csv,31.219170599967327
2882,52882,Milan-MIL01.csv,113.29435722355119,56.647178611775594,Amsterdam-AMS03.csv,29.380209742261673
2883,52883,Milan-MIL01.csv,78.92286032251214,39.46143016125607,Amsterdam-AMS03.csv,25.99053378933423
2884,52884,Milan-MIL01.csv,58.579428736487934,29.289714368243967,Amsterdam-AMS03.csv,38.44202213619434
2885,52885,Milan-MIL01.csv,62.23063714018941,31.115318570094704,Amsterdam-AMS03.csv,30.679983101437987
2886,52886,Milan-MIL01.csv,55.700864921794775,27.850432460897387,Amsterdam-AMS03.csv,45.805435314078785
2887,52887,Milan-MIL01.csv,127.15983988919706,63.57991994459853,Frankfurt-FRA01.csv,61.69559644782719
2888,52888,Milan-MIL01.csv,58.35650038548008,29.17825019274004,Frankfurt-FRA01.csv,38.81764484527581
2889,52889,Milan-MIL01.csv,37.05778794560881,18.528893972804404,Frankfurt-FRA01.csv,24.1439419653322
2890,52890,Milan-MIL01.csv,46.619495178273915,23.309747589136958,Amsterdam-AMS03.csv,23.852762190118256
2891,52891,Milan-MIL01.csv,55.84500947204857,27.922504736024283,Amsterdam-AMS03.csv,37.01306573716321
2892,52892,Milan-MIL01.csv,35.56086200670467,17.780431003352334,Frankfurt-FRA01.csv,27.712261032833695
2893,52893,Milan-MIL01.csv,34.69390609197365,17.346953045986826,Milan-MIL01.csv,34.69390609197365
2894,52894,Milan-MIL01.csv,39.504769330996346,19.752384665498173,Frankfurt-FRA01.csv,33.383791232239936
2895,52895,Milan-MIL01.csv,41.43605328070031,20.718026640350153,Amsterdam-AMS03.csv,32.00588812494937
2896,52896,Milan-MIL01.csv,52.56445144378184,26.28222572189092,Amsterdam-AMS03.csv,38.49747552088621
2897,52897,Milan-MIL01.csv,56.87929645818796,28.43964822909398,Frankfurt-FRA01.csv,50.68512649041795
2898,52898,Milan-MIL01.csv,199.48675260355233,99.74337630177617,Amsterdam-AMS03.csv,22.17836543426275
2899,52899,Milan-MIL01.csv,52.92758684832794,26.46379342416397,Amsterdam-AMS03.csv,40.88443833262163
2900,52900,Milan-MIL01.csv,43.776505750482464,21.888252875241232,Frankfurt-FRA01.csv,33.10500816563475
2901,52901,Milan-MIL01.csv,55.121120321696694,27.560560160848347,Frankfurt-FRA01.csv,19.862931108990438
2902,52902,Milan-MIL01.csv,66.83418888221242,33.41709444110621,Frankfurt-FRA01.csv,61.612543732709895
2903,52903,Milan-MIL01.csv,57.26346092211443,28.631730461057217,Amsterdam-AMS03.csv,22.15050468169718
2904,52904,Milan-MIL01.csv,47.93504964501036,23.96752482250518,Amsterdam-AMS03.csv,37.824682517248434
2905,52905,Milan-MIL01.csv,110.05423178701568,55.02711589350784,Amsterdam-AMS03.csv,36.98981007320753
2906,52906,Milan-MIL01.csv,30.700561830366798,15.350280915183399,Milan-MIL01.csv,30.700561830366798
2907,52907,Milan-MIL01.csv,166.40146170438388,83.20073085219194,Frankfurt-FRA01.csv,44.03273929464674
2908,52908,Milan-MIL01.csv,35.8907332623156,17.9453666311578,Milan-MIL01.csv,35.8907332623156
2909,52909,Milan-MIL01.csv,85.38651989496948,42.69325994748474,Amsterdam-AMS03.csv,26.185335557083157
2910,52910,Milan-MIL01.csv,123.53055634303675,61.765278171518375,Amsterdam-AMS03.csv,30.706411737240767
2911,52911,Milan-MIL01.csv,60.10573487589352,30.05286743794676,Frankfurt-FRA01.csv,36.110838414916365
2912,52912,Milan-MIL01.csv,23.02977657052418,11.51488828526209,Milan-MIL01.csv,23.02977657052418
2913,52913,Milan-MIL01.csv,35.81103647659994,17.90551823829997,Milan-MIL01.csv,35.81103647659994
2914,52914,Milan-MIL01.csv,137.46531088515044,68.73265544257522,Frankfurt-FRA01.csv,36.84015189192909
2915,52915,Milan-MIL01.csv,57.8890186382915,28.94450931914575,Amsterdam-AMS03.csv,30.738364581108904
2916,52916,Milan-MIL01.csv,60.869345322954004,30.434672661477002,Amsterdam-AMS03.csv,39.607373586011796
2917,52917,Milan-MIL01.csv,62.00780079723896,31.00390039861948,Amsterdam-AMS03.csv,20.821367475405015
2918,52918,Milan-MIL01.csv,40.19236417911997,20.096182089559985,Milan-MIL01.csv,40.19236417911997
2919,52919,Milan-MIL01.csv,62.28906849631657,31.144534248158283,Frankfurt-FRA01.csv,35.49859836850543
2920,52920,Milan-MIL01.csv,97.58060775452287,48.79030387726144,Frankfurt-FRA01.csv,42.072933453352185
2921,52921,Milan-MIL01.csv,73.914436967392,36.957218483696,Frankfurt-FRA01.csv,36.73732157056122
2922,52922,Milan-MIL01.csv,33.316788619536084,16.658394309768042,Milan-MIL01.csv,33.316788619536084
2923,52923,Milan-MIL01.csv,67.60446881230983,33.802234406154916,Milan-MIL01.csv,67.60446881230983
2924,52924,Milan-MIL01.csv,20.80949116935767,10.404745584678835,Milan-MIL01.csv,20.80949116935767
2925,52925,Milan-MIL01.csv,47.72827627718758,23.86413813859379,Frankfurt-FRA01.csv,34.61243937752924
2926,52926,Milan-MIL01.csv,63.829155231639554,31.914577615819777,Amsterdam-AMS03.csv,35.49051987069145
2927,52927,Milan-MIL01.csv,65.62564419104574,32.81282209552287,Frankfurt-FRA01.csv,53.323628874660535
2928,52928,Milan-MIL01.csv,81.3362625686826,40.6681312843413,Amsterdam-AMS03.csv,45.613025401203245
2929,52929,Milan-MIL01.csv,55.88567407219221,27.942837036096105,Milan-MIL01.csv,55.88567407219221
2930,52930,Milan-MIL01.csv,65.7100883290464,32.8550441645232,Amsterdam-AMS03.csv,31.96850238126475
2931,52931,Milan-MIL01.csv,68.22388455418219,34.111942277091096,Frankfurt-FRA01.csv,40.60406317469316
2932,52932,Milan-MIL01.csv,90.92330284008037,45.461651420040184,Amsterdam-AMS03.csv,47.045974875083566
2933,52933,Milan-MIL01.csv,31.619035101048762,15.809517550524381,Milan-MIL01.csv,31.619035101048762
2934,52934,Milan-MIL01.csv,162.3161878883054,81.1580939441527,Amsterdam-AMS03.csv,25.182877264983812
2935,52935,Milan-MIL01.csv,28.436542657235094,14.218271328617547,Milan-MIL01.csv,28.436542657235094
2936,52936,Milan-MIL01.csv,59.399095239690055,29.699547619845028,Frankfurt-FRA01.csv,47.218405210675954
2937,52937,Milan-MIL01.csv,35.536796970011565,17.768398485005783,Amsterdam-AMS03.csv,28.38545357793725
2938,52938,Milan-MIL01.csv,92.37072139327915,46.18536069663958,Amsterdam-AMS03.csv,28.88390201029734
2939,52939,Milan-MIL01.csv,58.1657776780939,29.08288883904695,Frankfurt-FRA01.csv,40.29534104982678
2940,52940,Milan-MIL01.csv,75.5437546840284,37.7718773420142,Amsterdam-AMS03.csv,68.92678106612736
2941,52941,Milan-MIL01.csv,84.52562194306464,42.26281097153232,Amsterdam-AMS03.csv,23.709612940407386
2942,52942,Milan-MIL01.csv,119.80420751293877,59.90210375646939,Frankfurt-FRA01.csv,49.75258940507864
2943,52943,Milan-MIL01.csv,167.1870013827349,83.59350069136745,Amsterdam-AMS03.csv,58.53797789218389
2944,52944,Milan-MIL01.csv,52.3764603893247,26.18823019466235,Milan-MIL01.csv,52.3764603893247
2945,52945,Milan-MIL01.csv,41.431456255567646,20.715728127783823,Amsterdam-AMS03.csv,29.741953738266073
2946,52946,Milan-MIL01.csv,98.98703420028797,49.49351710014398,Amsterdam-AMS03.csv,30.658285427003058
2947,52947,Milan-MIL01.csv,45.16046849268294,22.58023424634147,Frankfurt-FRA01.csv,32.72423765419287
2948,52948,Milan-MIL01.csv,44.27935234184607,22.139676170923035,Milan-MIL01.csv,44.27935234184607
2949,52949,Milan-MIL01.csv,162.50303370429765,81.25151685214882,Amsterdam-AMS03.csv,54.5210484289115
2950,52950,Milan-MIL01.csv,73.61212764200017,36.80606382100009,Frankfurt-FRA01.csv,30.850712317852004
2951,52951,Milan-MIL01.csv,38.01116977825085,19.005584889125426,Milan-MIL01.csv,38.01116977825085
2952,52952,Milan-MIL01.csv,47.25467961712295,23.627339808561477,Amsterdam-AMS03.csv,22.56460081506402
2953,52953,Milan-MIL01.csv,35.46595408674056,17.73297704337028,Milan-MIL01.csv,35.46595408674056
2954,52954,Milan-MIL01.csv,64.52554570619454,32.26277285309727,Frankfurt-FRA01.csv,33.524057541531796
2955,52955,Milan-MIL01.csv,30.83800295773362,15.41900147886681,Milan-MIL01.csv,30.83800295773362
2956,52956,Milan-MIL01.csv,48.69923974276653,24.349619871383265,Milan-MIL01.csv,48.69923974276653
2957,52957,Milan-MIL01.csv,51.972016063892816,25.986008031946408,Amsterdam-AMS03.csv,36.229965022929356
2958,52958,Milan-MIL01.csv,93.78667215034125,46.89333607517062,Amsterdam-AMS03.csv,41.76821290388348
2959,52959,Milan-MIL01.csv,33.25431276498272,16.62715638249136,Milan-MIL01.csv,33.25431276498272
2960,52960,Milan-MIL01.csv,96.31855417889588,48.15927708944794,Frankfurt-FRA01.csv,34.46051341115626
2961,52961,Milan-MIL01.csv,134.25554519404034,67.12777259702017,Frankfurt-FRA01.csv,19.568127403944
2962,52962,Milan-MIL01.csv,50.2054002835287,25.10270014176435,Amsterdam-AMS03.csv,35.57315458185753
2963,52963,Milan-MIL01.csv,86.45319957175,43.226599785875,Frankfurt-FRA01.csv,27.718291244689627
2964,52964,Milan-MIL01.csv,93.5158245810689,46.75791229053445,Frankfurt-FRA01.csv,38.50376277873557
2965,52965,Milan-MIL01.csv,88.04875332148475,44.02437666074238,Amsterdam-AMS03.csv,52.094679862587675
2966,52966,Milan-MIL01.csv,47.60845975828469,23.804229879142344,Milan-MIL01.csv,47.60845975828469
2967,52967,Milan-MIL01.csv,36.8814211638582,18.4407105819291,Milan-MIL01.csv,36.8814211638582
2968,52968,Milan-MIL01.csv,51.36278772883559,25.681393864417796,Amsterdam-AMS03.csv,19.806572773551512
2969,52969,Milan-MIL01.csv,53.90449657390082,26.95224828695041,Amsterdam-AMS03.csv,46.61774965793399
2970,52970,Milan-MIL01.csv,46.38104249167123,23.190521245835615,Frankfurt-FRA01.csv,29.051607213867154
2971,52971,Milan-MIL01.csv,103.80769843177451,51.903849215887256,Frankfurt-FRA01.csv,38.5094672246975
2972,52972,Milan-MIL01.csv,63.23875996067118,31.61937998033559,Amsterdam-AMS03.csv,35.48331357381597
2973,52973,Milan-MIL01.csv,96.56861050501213,48.284305252506066,Frankfurt-FRA01.csv,51.357506781267745
2974,52974,Milan-MIL01.csv,77.52456399727096,38.76228199863548,Frankfurt-FRA01.csv,47.32356756698666
2975,52975,Milan-MIL01.csv,82.49049205756481,41.245246028782404,Amsterdam-AMS03.csv,24.741949490195644
2976,52976,Milan-MIL01.csv,33.917358339788365,16.958679169894182,Milan-MIL01.csv,33.917358339788365
2977,52977,Milan-MIL01.csv,50.60860286030394,25.30430143015197,Amsterdam-AMS03.csv,36.85590986984687
2978,52978,Milan-MIL01.csv,138.43094312326912,69.21547156163456,Amsterdam-AMS03.csv,52.12487353226265
2979,52979,Milan-MIL01.csv,88.46079488478658,44.23039744239329,Amsterdam-AMS03.csv,45.81909703320307
2980,52980,Milan-MIL01.csv,44.29722567993125,22.148612839965626,Amsterdam-AMS03.csv,20.867432239569276
2981,52981,Milan-MIL01.csv,48.469703286919945,24.234851643459972,Amsterdam-AMS03.csv,22.8992856944877
2982,52982,Milan-MIL01.csv,51.64895394193219,25.824476970966096,Amsterdam-AMS03.csv,29.58244670868888
2983,52983,Milan-MIL01.csv,23.740938282811086,11.870469141405543,Milan-MIL01.csv,23.740938282811086
2984,52984,Milan-MIL01.csv,22.02809104316652,11.01404552158326,Milan-MIL01.csv,22.02809104316652
2985,52985,Milan-MIL01.csv,86.00092678269844,43.00046339134922,Frankfurt-FRA01.csv,34.703369913819905
2986,52986,Milan-MIL01.csv,51.20904263746144,25.60452131873072,Frankfurt-FRA01.csv,45.817071590219534
2987,52987,Milan-MIL01.csv,116.79434741342509,58.39717370671254,Amsterdam-AMS03.csv,36.73307817951714
2988,52988,Milan-MIL01.csv,130.92855251410398,65.46427625705199,Amsterdam-AMS03.csv,33.154141789779885
2989,52989,Milan-MIL01.csv,104.62244643435668,52.31122321717834,Amsterdam-AMS03.csv,45.327814292311395
2990,52990,Milan-MIL01.csv,32.92169354639498,16.46084677319749,Amsterdam-AMS03.csv,29.66153255119637
2991,52991,Milan-MIL01.csv,69.50022448019169,34.750112240095845,Frankfurt-FRA01.csv,22.43825273080929
2992,52992,Milan-MIL01.csv,47.84387617726235,23.921938088631176,Frankfurt-FRA01.csv,33.09023492614676
2993,52993,Milan-MIL01.csv,78.07438653410394,39.03719326705197,Amsterdam-AMS03.csv,24.469555562041485
2994,52994,Milan-MIL01.csv,65.00525691917511,32.502628459587555,Amsterdam-AMS03.csv,56.23157489739444
2995,52995,Milan-MIL01.csv,40.555534811075596,20.277767405537798,Amsterdam-AMS03.csv,38.433957457114666
2996,52996,Milan-MIL01.csv,73.74791266759755,36.87395633379877,Amsterdam-AMS03.csv,40.72330699487111
2997,52997,Milan-MIL01.csv,93.05715593050158,46.52857796525079,Amsterdam-AMS03.csv,37.725907152791144
2998,52998,Milan-MIL01.csv,81.77307699551032,40.88653849775516,Amsterdam-AMS03.csv,53.45579588465128
2999,52999,Milan-MIL01.csv,39.16688994797636,19.58344497398818,Amsterdam-AMS03.csv,38.8767576232321
3000,53000,Milan-MIL01.csv,153.57984887607293,76.78992443803646,Amsterdam-AMS03.csv,31.104724238839186
3001,53001,Milan-MIL01.csv,54.42033115648499,27.210165578242496,Frankfurt-FRA01.csv,32.67039042007937
3002,53002,Milan-MIL01.csv,99.42869352196664,49.71434676098332,Frankfurt-FRA01.csv,41.56542147534555
3003,53003,Milan-MIL01.csv,39.362305459227734,19.681152729613867,Milan-MIL01.csv,39.362305459227734
3004,53004,Milan-MIL01.csv,80.09461701307873,40.047308506539366,Amsterdam-AMS03.csv,35.3907211236625
3005,53005,Milan-MIL01.csv,37.826006002043094,18.913003001021547,Frankfurt-FRA01.csv,22.99166579520355
3006,53006,Milan-MIL01.csv,50.51346457082875,25.256732285414376,Amsterdam-AMS03.csv,42.45373614891134
3007,53007,Milan-MIL01.csv,93.66449009540959,46.832245047704795,Amsterdam-AMS03.csv,29.853476897647948
3008,53008,Milan-MIL01.csv,51.50940749052528,25.75470374526264,Milan-MIL01.csv,51.50940749052528
3009,53009,Milan-MIL01.csv,91.71788060298371,45.858940301491856,Amsterdam-AMS03.csv,42.091572934935854
3010,53010,Milan-MIL01.csv,66.2130748370904,33.1065374185452,Frankfurt-FRA01.csv,31.769733196329465
3011,53011,Milan-MIL01.csv,29.410039393731928,14.705019696865964,Milan-MIL01.csv,29.410039393731928
3012,53012,Milan-MIL01.csv,136.6248381997389,68.31241909986944,Amsterdam-AMS03.csv,41.194356608586716
3013,53013,Milan-MIL01.csv,72.16383738127381,36.081918690636904,Amsterdam-AMS03.csv,24.139708682769044
3014,53014,Milan-MIL01.csv,52.480711908275765,26.240355954137883,Amsterdam-AMS03.csv,43.87283667213481
3015,53015,Milan-MIL01.csv,33.974032957925665,16.987016478962833,Milan-MIL01.csv,33.974032957925665
3016,53016,Milan-MIL01.csv,27.06679261072887,13.533396305364436,Milan-MIL01.csv,27.06679261072887
3017,53017,Milan-MIL01.csv,39.50734457891553,19.753672289457764,Milan-MIL01.csv,39.50734457891553
3018,53018,Milan-MIL01.csv,53.51362052195861,26.756810260979304,Frankfurt-FRA01.csv,36.999568810803225
3019,53019,Milan-MIL01.csv,183.29916241731746,91.64958120865873,Amsterdam-AMS03.csv,53.854006832965304
3020,53020,Milan-MIL01.csv,41.27204173617237,20.636020868086185,Milan-MIL01.csv,41.27204173617237
3021,53021,Milan-MIL01.csv,18.33514983882996,9.16757491941498,Milan-MIL01.csv,18.33514983882996
3022,53022,Milan-MIL01.csv,51.38285236120044,25.69142618060022,Amsterdam-AMS03.csv,33.2435501261416
3023,53023,Milan-MIL01.csv,33.17000823788179,16.585004118940894,Amsterdam-AMS03.csv,28.37310223913289
3024,53024,Milan-MIL01.csv,48.20626588463373,24.103132942316865,Frankfurt-FRA01.csv,32.94424983489407
3025,53025,Milan-MIL01.csv,58.39015374335947,29.195076871679735,Frankfurt-FRA01.csv,25.390920064078347
3026,53026,Milan-MIL01.csv,107.98510187794734,53.99255093897367,Frankfurt-FRA01.csv,29.748749913969757
3027,53027,Milan-MIL01.csv,55.3922954728109,27.69614773640545,Frankfurt-FRA01.csv,49.345154823376475
3028,53028,Milan-MIL01.csv,48.253712334681175,24.126856167340588,Amsterdam-AMS03.csv,44.00927150673492
3029,53029,Milan-MIL01.csv,56.62334830532964,28.31167415266482,Frankfurt-FRA01.csv,42.09042411921553
3030,53030,Milan-MIL01.csv,98.26476743184561,49.132383715922806,Frankfurt-FRA01.csv,31.858386301029203
3031,53031,Milan-MIL01.csv,46.52290748566342,23.26145374283171,Amsterdam-AMS03.csv,28.384069470382375
3032,53032,Milan-MIL01.csv,54.365453262344104,27.182726631172052,Frankfurt-FRA01.csv,38.214591337455616
3033,53033,Milan-MIL01.csv,52.413747698115095,26.206873849057548,Milan-MIL01.csv,52.413747698115095
3034,53034,Milan-MIL01.csv,78.45854979945534,39.22927489972767,Amsterdam-AMS03.csv,22.188746336002932
3035,53035,Milan-MIL01.csv,31.405151862976997,15.702575931488498,Amsterdam-AMS03.csv,28.460620889987794
3036,53036,Milan-MIL01.csv,66.80019907958857,33.40009953979428,Amsterdam-AMS03.csv,44.271409547238314
3037,53037,Milan-MIL01.csv,83.62717902830633,41.813589514153165,Amsterdam-AMS03.csv,34.726695406360854
3038,53038,Milan-MIL01.csv,47.41835133588595,23.709175667942976,Amsterdam-AMS03.csv,44.27733253497549
3039,53039,Milan-MIL01.csv,59.10245821360666,29.55122910680333,Amsterdam-AMS03.csv,36.729263721993284
3040,53040,Milan-MIL01.csv,74.21485362644138,37.10742681322069,Amsterdam-AMS03.csv,41.56133484868163
3041,53041,Milan-MIL01.csv,50.877869860387214,25.438934930193607,Amsterdam-AMS03.csv,43.52573744688364
3042,53042,Milan-MIL01.csv,45.43994294124264,22.71997147062132,Frankfurt-FRA01.csv,33.473703826864444
3043,53043,Milan-MIL01.csv,65.9935822127911,32.99679110639555,Milan-MIL01.csv,65.9935822127911
3044,53044,Milan-MIL01.csv,57.53344747885944,28.76672373942972,Amsterdam-AMS03.csv,38.06489394706268
3045,53045,Milan-MIL01.csv,48.33557028164912,24.16778514082456,Amsterdam-AMS03.csv,34.114696493791456
3046,53046,Milan-MIL01.csv,89.19468078746213,44.597340393731066,Amsterdam-AMS03.csv,50.08211297320235
3047,53047,Milan-MIL01.csv,77.73005340962935,38.865026704814674,Amsterdam-AMS03.csv,25.900455015628204
3048,53048,Milan-MIL01.csv,32.91416292275172,16.45708146137586,Milan-MIL01.csv,32.91416292275172
3049,53049,Milan-MIL01.csv,76.6190527856233,38.30952639281165,Frankfurt-FRA01.csv,39.42378824224897
3050,53050,Milan-MIL01.csv,50.07928812291674,25.03964406145837,Frankfurt-FRA01.csv,49.97480921667661
3051,53051,Milan-MIL01.csv,32.99169697790681,16.495848488953406,Milan-MIL01.csv,32.99169697790681
3052,53052,Milan-MIL01.csv,38.59981754534075,19.299908772670374,Amsterdam-AMS03.csv,29.5570703894008
3053,53053,Milan-MIL01.csv,84.02806010424894,42.01403005212447,Amsterdam-AMS03.csv,46.72505933702804
3054,53054,Milan-MIL01.csv,76.15335713147242,38.07667856573621,Frankfurt-FRA01.csv,32.60883182947806
3055,53055,Milan-MIL01.csv,53.13650715323569,26.568253576617845,Frankfurt-FRA01.csv,46.85190820319654
3056,53056,Milan-MIL01.csv,23.18726512360549,11.593632561802744,Milan-MIL01.csv,23.18726512360549
3057,53057,Milan-MIL01.csv,66.19277854685893,33.096389273429466,Amsterdam-AMS03.csv,31.620890641353267
3058,53058,Milan-MIL01.csv,77.24852592260332,38.62426296130166,Frankfurt-FRA01.csv,48.50116551743993
3059,53059,Milan-MIL01.csv,36.61839236214522,18.30919618107261,Milan-MIL01.csv,36.61839236214522
3060,53060,Milan-MIL01.csv,56.24508159986641,28.122540799933205,Frankfurt-FRA01.csv,45.01738664625973
3061,53061,Milan-MIL01.csv,67.05454462571417,33.527272312857086,Amsterdam-AMS03.csv,49.27819493899686
3062,53062,Milan-MIL01.csv,112.71420607569686,56.35710303784843,Amsterdam-AMS03.csv,41.314167281419046
3063,53063,Milan-MIL01.csv,41.55759311289262,20.77879655644631,Milan-MIL01.csv,41.55759311289262
3064,53064,Milan-MIL01.csv,58.38380356440863,29.191901782204315,Amsterdam-AMS03.csv,34.77232202831514
3065,53065,Milan-MIL01.csv,75.24846792863008,37.62423396431504,Frankfurt-FRA01.csv,27.43422728564909
3066,53066,Milan-MIL01.csv,75.82412383670304,37.91206191835152,Frankfurt-FRA01.csv,34.405681662557015
3067,53067,Milan-MIL01.csv,48.041805448343474,24.020902724171737,Frankfurt-FRA01.csv,47.11362260293986
3068,53068,Milan-MIL01.csv,33.11169799567578,16.55584899783789,Milan-MIL01.csv,33.11169799567578
3069,53069,Milan-MIL01.csv,50.861256018711416,25.430628009355708,Frankfurt-FRA01.csv,38.20179676727389
3070,53070,Milan-MIL01.csv,48.79244676983885,24.396223384919423,Amsterdam-AMS03.csv,43.305269894465326
3071,53071,Milan-MIL01.csv,59.72000316327866,29.86000158163933,Amsterdam-AMS03.csv,46.321555261536574
3072,53072,Milan-MIL01.csv,20.9027186074916,10.4513593037458,Milan-MIL01.csv,20.9027186074916
3073,53073,Milan-MIL01.csv,31.188077687857135,15.594038843928567,Milan-MIL01.csv,31.188077687857135
3074,53074,Milan-MIL01.csv,69.74435275913709,34.87217637956854,Frankfurt-FRA01.csv,34.89856969410673
3075,53075,Milan-MIL01.csv,44.34990603057633,22.174953015288164,Amsterdam-AMS03.csv,31.003587733493198
3076,53076,Milan-MIL01.csv,42.02870866158597,21.014354330792987,Frankfurt-FRA01.csv,33.24508864596713
3077,53077,Milan-MIL01.csv,114.23287487832393,57.11643743916196,Amsterdam-AMS03.csv,40.282240230742836
3078,53078,Milan-MIL01.csv,35.104185229889474,17.552092614944737,Milan-MIL01.csv,35.104185229889474
3079,53079,Milan-MIL01.csv,68.43338057759394,34.21669028879697,Amsterdam-AMS03.csv,39.146218948835
3080,53080,Milan-MIL01.csv,61.0014824749303,30.50074123746515,Amsterdam-AMS03.csv,29.308398823498205
3081,53081,Milan-MIL01.csv,72.25020428133517,36.125102140667586,Amsterdam-AMS03.csv,45.773974473711135
3082,53082,Milan-MIL01.csv,81.57617701428542,40.78808850714271,Amsterdam-AMS03.csv,54.20566652057972
3083,53083,Milan-MIL01.csv,41.805125247145085,20.902562623572543,Milan-MIL01.csv,41.805125247145085
3084,53084,Milan-MIL01.csv,50.53838891650312,25.26919445825156,Amsterdam-AMS03.csv,46.60374962034033
3085,53085,Milan-MIL01.csv,88.52200449391225,44.261002246956124,Amsterdam-AMS03.csv,32.23941203436725
3086,53086,Milan-MIL01.csv,59.50879225646399,29.754396128231996,Amsterdam-AMS03.csv,30.762496318834
3087,53087,Milan-MIL01.csv,53.04692927606541,26.523464638032706,Amsterdam-AMS03.csv,31.767399981574446
3088,53088,Milan-MIL01.csv,93.46626064975696,46.73313032487848,Amsterdam-AMS03.csv,27.103519765206038
3089,53089,Milan-MIL01.csv,57.86372386372154,28.93186193186077,Amsterdam-AMS03.csv,29.941617359511323
3090,53090,Milan-MIL01.csv,62.87216085693335,31.436080428466674,Frankfurt-FRA01.csv,32.56515239185187
3091,53091,Milan-MIL01.csv,15.40307323481246,7.70153661740623,Milan-MIL01.csv,15.40307323481246
3092,53092,Milan-MIL01.csv,349.771429612439,174.8857148062195,Amsterdam-AMS03.csv,27.90919353020909
3093,53093,Milan-MIL01.csv,133.7526988835546,66.8763494417773,Frankfurt-FRA01.csv,28.034791763704472
3094,53094,Milan-MIL01.csv,22.813952231006933,11.406976115503467,Milan-MIL01.csv,22.813952231006933
3095,53095,Milan-MIL01.csv,65.41340157735355,32.70670078867678,Amsterdam-AMS03.csv,42.61545798686533
3096,53096,Milan-MIL01.csv,67.27469137676428,33.63734568838214,Amsterdam-AMS03.csv,31.005648508609458
3097,53097,Milan-MIL01.csv,62.72701002556001,31.363505012780006,Frankfurt-FRA01.csv,50.4751550481386
3098,53098,Milan-MIL01.csv,27.018787719601715,13.509393859800857,Milan-MIL01.csv,27.018787719601715
3099,53099,Milan-MIL01.csv,65.92354738374969,32.961773691874846,Amsterdam-AMS03.csv,27.633033869870165
3100,53100,Milan-MIL01.csv,79.69840494786118,39.84920247393059,Frankfurt-FRA01.csv,51.81895293000229
3101,53101,Milan-MIL01.csv,56.315247229716775,28.157623614858387,Frankfurt-FRA01.csv,35.9710581165573
3102,53102,Milan-MIL01.csv,23.50836282357724,11.75418141178862,Milan-MIL01.csv,23.50836282357724
3103,53103,Milan-MIL01.csv,21.941752946202623,10.970876473101312,Milan-MIL01.csv,21.941752946202623
3104,53104,Milan-MIL01.csv,32.369895350659895,16.184947675329948,Frankfurt-FRA01.csv,31.683309566620885
3105,53105,Milan-MIL01.csv,24.216962076132745,12.108481038066373,Milan-MIL01.csv,24.216962076132745
3106,53106,Milan-MIL01.csv,66.47104599642832,33.23552299821416,Frankfurt-FRA01.csv,45.96533462440436
3107,53107,Milan-MIL01.csv,87.4872492541275,43.74362462706375,Amsterdam-AMS03.csv,39.059601718868656
3108,53108,Milan-MIL01.csv,67.7355686521398,33.8677843260699,Frankfurt-FRA01.csv,39.588937132623556
3109,53109,Milan-MIL01.csv,63.56011855842214,31.78005927921107,Amsterdam-AMS03.csv,41.39952971249761
3110,53110,Milan-MIL01.csv,43.686734125962964,21.843367062981482,Amsterdam-AMS03.csv,42.60548987434294
3111,53111,Milan-MIL01.csv,20.338266662190403,10.169133331095201,Milan-MIL01.csv,20.338266662190403
3112,53112,Milan-MIL01.csv,47.89101645943805,23.945508229719024,Milan-MIL01.csv,47.89101645943805
3113,53113,Milan-MIL01.csv,42.69003408332057,21.345017041660284,Amsterdam-AMS03.csv,26.049655013961488
3114,53114,Milan-MIL01.csv,74.6895586551903,37.34477932759515,Frankfurt-FRA01.csv,56.26949472102573
3115,53115,Milan-MIL01.csv,75.7574184507242,37.8787092253621,Amsterdam-AMS03.csv,47.1291354066356
3116,53116,Milan-MIL01.csv,23.784515284513677,11.892257642256839,Milan-MIL01.csv,23.784515284513677
3117,53117,Milan-MIL01.csv,79.22713768176597,39.613568840882984,Amsterdam-AMS03.csv,53.08439296521041
3118,53118,Milan-MIL01.csv,74.8089722962705,37.40448614813525,Amsterdam-AMS03.csv,30.28257934996252
3119,53119,Milan-MIL01.csv,68.21095476091284,34.10547738045642,Amsterdam-AMS03.csv,34.67431679545491
3120,53120,Milan-MIL01.csv,33.130039460541255,16.565019730270627,Milan-MIL01.csv,33.130039460541255
3121,53121,Milan-MIL01.csv,34.79678554424277,17.398392772121387,Milan-MIL01.csv,34.79678554424277
3122,53122,Milan-MIL01.csv,25.23616933987096,12.61808466993548,Milan-MIL01.csv,25.23616933987096
3123,53123,Milan-MIL01.csv,18.45141610322052,9.22570805161026,Milan-MIL01.csv,18.45141610322052
3124,53124,Milan-MIL01.csv,107.99830959569276,53.99915479784638,Amsterdam-AMS03.csv,25.007821754683594
3125,53125,Milan-MIL01.csv,34.56119742391894,17.28059871195947,Amsterdam-AMS03.csv,30.922779048388936
3126,53126,Milan-MIL01.csv,47.73634306359989,23.868171531799945,Frankfurt-FRA01.csv,37.99849615106536
3127,53127,Milan-MIL01.csv,22.696859168064854,11.348429584032427,Milan-MIL01.csv,22.696859168064854
3128,53128,Milan-MIL01.csv,90.1450530823396,45.0725265411698,Frankfurt-FRA01.csv,33.33890538075231
3129,53129,Milan-MIL01.csv,82.12619745828319,41.06309872914159,Amsterdam-AMS03.csv,50.4765356482141
3130,53130,Milan-MIL01.csv,116.9140869515779,58.45704347578895,Frankfurt-FRA01.csv,47.87780300352719
3131,53131,Milan-MIL01.csv,32.21141834330286,16.10570917165143,Amsterdam-AMS03.csv,22.48798698599045
3132,53132,Milan-MIL01.csv,52.36866799575454,26.18433399787727,Frankfurt-FRA01.csv,31.241344567806152
3133,53133,Milan-MIL01.csv,169.53461424353497,84.76730712176749,Amsterdam-AMS03.csv,38.7076051393177
3134,53134,Milan-MIL01.csv,109.18872160159948,54.59436080079974,Amsterdam-AMS03.csv,52.52625994784024
3135,53135,Milan-MIL01.csv,48.82305271946503,24.411526359732516,Amsterdam-AMS03.csv,41.916040498308114
3136,53136,Milan-MIL01.csv,68.42549959282971,34.212749796414855,Frankfurt-FRA01.csv,39.519247902329425
3137,53137,Milan-MIL01.csv,134.89300706236665,67.44650353118332,Frankfurt-FRA01.csv,46.03449410130556
3138,53138,Milan-MIL01.csv,73.95056507939074,36.97528253969537,Amsterdam-AMS03.csv,22.224615635079623
3139,53139,Milan-MIL01.csv,49.58187563431541,24.790937817157705,Frankfurt-FRA01.csv,39.26989883460439
3140,53140,Milan-MIL01.csv,62.761710569773236,31.380855284886618,Frankfurt-FRA01.csv,28.139251427756932
3141,53141,Milan-MIL01.csv,33.49281020648449,16.746405103242246,Amsterdam-AMS03.csv,16.88299695303881
3142,53142,Milan-MIL01.csv,49.24892758887631,24.624463794438157,Amsterdam-AMS03.csv,43.06088122204934
3143,53143,Milan-MIL01.csv,36.31068843577456,18.15534421788728,Milan-MIL01.csv,36.31068843577456
3144,53144,Milan-MIL01.csv,54.84994921301732,27.42497460650866,Frankfurt-FRA01.csv,34.478288293948275
3145,53145,Milan-MIL01.csv,36.85106502498694,18.42553251249347,Milan-MIL01.csv,36.85106502498694
3146,53146,Milan-MIL01.csv,54.32367281518847,27.161836407594237,Frankfurt-FRA01.csv,39.299661498060935
3147,53147,Milan-MIL01.csv,41.68323326728685,20.841616633643426,Amsterdam-AMS03.csv,30.67914560354899
3148,53148,Milan-MIL01.csv,63.96854856268125,31.984274281340625,Amsterdam-AMS03.csv,34.21290065338685
3149,53149,Milan-MIL01.csv,19.75826489017102,9.87913244508551,Milan-MIL01.csv,19.75826489017102
3150,53150,Milan-MIL01.csv,51.05692360598256,25.52846180299128,Milan-MIL01.csv,51.05692360598256
3151,53151,Milan-MIL01.csv,52.91973299720588,26.45986649860294,Amsterdam-AMS03.csv,28.58168000674468
3152,53152,Milan-MIL01.csv,87.38786428205839,43.693932141029194,Frankfurt-FRA01.csv,35.84474783693734
3153,53153,Milan-MIL01.csv,66.72224415061453,33.361122075307264,Amsterdam-AMS03.csv,45.8549795396335
3154,53154,Milan-MIL01.csv,26.890779918730917,13.445389959365459,Milan-MIL01.csv,26.890779918730917
3155,53155,Milan-MIL01.csv,62.28826980869852,31.14413490434926,Amsterdam-AMS03.csv,45.30950497765575
3156,53156,Milan-MIL01.csv,65.73499187532052,32.86749593766026,Frankfurt-FRA01.csv,45.64778712558193
3157,53157,Milan-MIL01.csv,74.19962091835983,37.09981045917991,Amsterdam-AMS03.csv,49.52348779453055
3158,53158,Milan-MIL01.csv,40.36609226468734,20.18304613234367,Milan-MIL01.csv,40.36609226468734
3159,53159,Milan-MIL01.csv,57.28562811624102,28.64281405812051,Frankfurt-FRA01.csv,34.670488127222725
3160,53160,Milan-MIL01.csv,96.19480646778821,48.097403233894106,Frankfurt-FRA01.csv,33.72111426000387
3161,53161,Milan-MIL01.csv,128.19991646089315,64.09995823044657,Amsterdam-AMS03.csv,41.39847995181154
3162,53162,Milan-MIL01.csv,60.09381711767771,30.046908558838854,Milan-MIL01.csv,60.09381711767771
3163,53163,Milan-MIL01.csv,64.23042311739151,32.115211558695755,Amsterdam-AMS03.csv,44.602987033514374
3164,53164,Milan-MIL01.csv,29.087414506955138,14.543707253477569,Milan-MIL01.csv,29.087414506955138
3165,53165,Milan-MIL01.csv,65.02378716585359,32.511893582926795,Amsterdam-AMS03.csv,25.54561370877701
3166,53166,Milan-MIL01.csv,100.90108688424223,50.450543442121116,Frankfurt-FRA01.csv,32.096276908763095
3167,53167,Milan-MIL01.csv,54.726359550859385,27.363179775429693,Amsterdam-AMS03.csv,33.71658594941673
3168,53168,Milan-MIL01.csv,43.42067065969475,21.710335329847375,Frankfurt-FRA01.csv,37.682756034376155
3169,53169,Milan-MIL01.csv,53.967327477948906,26.983663738974453,Amsterdam-AMS03.csv,39.91698341241346
3170,53170,Milan-MIL01.csv,65.00612098912605,32.50306049456302,Frankfurt-FRA01.csv,62.889655700811815
3171,53171,Milan-MIL01.csv,35.90387803100533,17.951939015502663,Milan-MIL01.csv,35.90387803100533
3172,53172,Milan-MIL01.csv,68.90952145926418,34.45476072963209,Amsterdam-AMS03.csv,34.52491383012639
3173,53173,Milan-MIL01.csv,58.71324295876342,29.35662147938171,Frankfurt-FRA01.csv,23.535101609703915
3174,53174,Milan-MIL01.csv,83.08204304386575,41.541021521932876,Frankfurt-FRA01.csv,37.851856733491246
3175,53175,Milan-MIL01.csv,56.418191570309524,28.209095785154762,Frankfurt-FRA01.csv,45.46594502153203
3176,53176,Milan-MIL01.csv,30.684950992785726,15.342475496392863,Milan-MIL01.csv,30.684950992785726
3177,53177,Milan-MIL01.csv,33.18142922769058,16.59071461384529,Milan-MIL01.csv,33.18142922769058
3178,53178,Milan-MIL01.csv,67.69842129537372,33.84921064768686,Amsterdam-AMS03.csv,34.274567198513324
3179,53179,Milan-MIL01.csv,45.146309278908355,22.573154639454177,Frankfurt-FRA01.csv,30.3733961011261
3180,53180,Milan-MIL01.csv,37.149923483763146,18.574961741881573,Amsterdam-AMS03.csv,34.28731191212509
3181,53181,Milan-MIL01.csv,66.10086690274719,33.05043345137359,Frankfurt-FRA01.csv,54.50512884473637
3182,53182,Milan-MIL01.csv,68.88859449518914,34.44429724759457,Frankfurt-FRA01.csv,30.065540903097858
3183,53183,Milan-MIL01.csv,38.046310485233626,19.023155242616813,Milan-MIL01.csv,38.046310485233626
3184,53184,Milan-MIL01.csv,48.856871603776504,24.428435801888252,Milan-MIL01.csv,48.856871603776504
3185,53185,Milan-MIL01.csv,18.40939010922714,9.20469505461357,Milan-MIL01.csv,18.40939010922714
3186,53186,Milan-MIL01.csv,41.884196230406545,20.942098115203272,Milan-MIL01.csv,41.884196230406545
3187,53187,Milan-MIL01.csv,42.560102299834895,21.280051149917448,Frankfurt-FRA01.csv,32.287995013757445
3188,53188,Milan-MIL01.csv,84.39317212215379,42.19658606107689,Amsterdam-AMS03.csv,44.84331591011273
3189,53189,Milan-MIL01.csv,74.03463260903092,37.01731630451546,Frankfurt-FRA01.csv,63.22664578675901
3190,53190,Milan-MIL01.csv,69.66933165395866,34.83466582697933,Frankfurt-FRA01.csv,39.77820882195058
3191,53191,Milan-MIL01.csv,34.35451258502991,17.177256292514954,Amsterdam-AMS03.csv,21.703999512924078
3192,53192,Milan-MIL01.csv,33.90185508719396,16.95092754359698,Milan-MIL01.csv,33.90185508719396
3193,53193,Milan-MIL01.csv,96.05396893116779,48.026984465583894,Frankfurt-FRA01.csv,49.04428743089286
3194,53194,Milan-MIL01.csv,63.692811342757736,31.846405671378868,Amsterdam-AMS03.csv,30.656757139938488
3195,53195,Milan-MIL01.csv,85.49987002974886,42.74993501487443,Frankfurt-FRA01.csv,39.08110621101207
3196,53196,Milan-MIL01.csv,36.00440651282193,18.002203256410965,Amsterdam-AMS03.csv,32.0917384348871
3197,53197,Milan-MIL01.csv,80.00593231697759,40.002966158488796,Frankfurt-FRA01.csv,25.55526624300525
3198,53198,Milan-MIL01.csv,62.57601116723292,31.28800558361646,Amsterdam-AMS03.csv,60.434600172283616
3199,53199,Milan-MIL01.csv,61.56262895329449,30.781314476647246,Amsterdam-AMS03.csv,55.868714768165226
3200,53200,Milan-MIL01.csv,73.78596269669107,36.892981348345536,Amsterdam-AMS03.csv,23.616546313208065
3201,53201,Milan-MIL01.csv,24.389584322060493,12.194792161030247,Milan-MIL01.csv,24.389584322060493
3202,53202,Milan-MIL01.csv,28.610464518808435,14.305232259404217,Milan-MIL01.csv,28.610464518808435
3203,53203,Milan-MIL01.csv,119.23974432512776,59.61987216256388,Frankfurt-FRA01.csv,31.806344708054716
3204,53204,Milan-MIL01.csv,66.99624863477894,33.49812431738947,Amsterdam-AMS03.csv,38.90650182622867
3205,53205,Milan-MIL01.csv,62.045917585576255,31.022958792788128,Milan-MIL01.csv,62.045917585576255
3206,53206,Milan-MIL01.csv,47.54389406028852,23.77194703014426,Frankfurt-FRA01.csv,42.21803895728611
3207,53207,Milan-MIL01.csv,36.334618519077495,18.167309259538747,Frankfurt-FRA01.csv,29.27691218881331
3208,53208,Milan-MIL01.csv,55.46661983555662,27.73330991777831,Amsterdam-AMS03.csv,43.967576106429924
3209,53209,Milan-MIL01.csv,45.031609161313774,22.515804580656887,Frankfurt-FRA01.csv,42.705040426832845
3210,53210,Milan-MIL01.csv,91.56792555509111,45.783962777545554,Frankfurt-FRA01.csv,29.36027401128979
3211,53211,Milan-MIL01.csv,86.37491901177044,43.18745950588522,Frankfurt-FRA01.csv,47.955154836568525
3212,53212,Milan-MIL01.csv,88.01869984263621,44.009349921318105,Amsterdam-AMS03.csv,24.553092747879564
3213,53213,Milan-MIL01.csv,59.24845047453059,29.624225237265296,Amsterdam-AMS03.csv,42.974743493223585
3214,53214,Milan-MIL01.csv,55.38331015274266,27.69165507637133,Frankfurt-FRA01.csv,42.910718917979196
3215,53215,Milan-MIL01.csv,92.45106645780682,46.22553322890341,Amsterdam-AMS03.csv,35.3911876036502
3216,53216,Milan-MIL01.csv,13.644776645991747,6.822388322995874,Milan-MIL01.csv,13.644776645991747
3217,53217,Milan-MIL01.csv,30.28474451227339,15.142372256136696,Frankfurt-FRA01.csv,29.630994961152382
3218,53218,Milan-MIL01.csv,37.2358709347782,18.6179354673891,Milan-MIL01.csv,37.2358709347782
3219,53219,Milan-MIL01.csv,21.73441360839422,10.86720680419711,Milan-MIL01.csv,21.73441360839422
3220,53220,Milan-MIL01.csv,40.89838939538231,20.449194697691155,Amsterdam-AMS03.csv,29.532616744656448
3221,53221,Milan-MIL01.csv,134.8410982853257,67.42054914266285,Amsterdam-AMS03.csv,31.122354639376752
3222,53222,Milan-MIL01.csv,43.495533784848085,21.747766892424043,Frankfurt-FRA01.csv,42.547352886208586
3223,53223,Milan-MIL01.csv,41.664851607242895,20.832425803621447,Milan-MIL01.csv,41.664851607242895
3224,53224,Milan-MIL01.csv,46.22782860420646,23.11391430210323,Milan-MIL01.csv,46.22782860420646
3225,53225,Milan-MIL01.csv,76.89150352422173,38.445751762110866,Frankfurt-FRA01.csv,41.71955960744525
3226,53226,Milan-MIL01.csv,90.43488372925098,45.21744186462549,Amsterdam-AMS03.csv,40.09856842059697
3227,53227,Milan-MIL01.csv,40.64727230529023,20.323636152645115,Frankfurt-FRA01.csv,38.41977169574598
3228,53228,Milan-MIL01.csv,37.22747943574667,18.613739717873337,Milan-MIL01.csv,37.22747943574667
3229,53229,Milan-MIL01.csv,55.019779579710445,27.509889789855222,Amsterdam-AMS03.csv,27.059891562653878
3230,53230,Milan-MIL01.csv,44.093020099322715,22.046510049661357,Amsterdam-AMS03.csv,28.05839520973239
3231,53231,Milan-MIL01.csv,96.30563414602997,48.15281707301499,Amsterdam-AMS03.csv,78.1654621981511
3232,53232,Milan-MIL01.csv,76.79494555843092,38.39747277921546,Amsterdam-AMS03.csv,57.74186917080913
3233,53233,Milan-MIL01.csv,64.30070426376248,32.15035213188124,Amsterdam-AMS03.csv,49.052117849428754
3234,53234,Milan-MIL01.csv,45.56491769359784,22.78245884679892,Amsterdam-AMS03.csv,30.549114462266395
3235,53235,Milan-MIL01.csv,37.39256352857145,18.696281764285725,Frankfurt-FRA01.csv,32.40827720872205
3236,53236,Milan-MIL01.csv,39.688391748435144,19.844195874217572,Milan-MIL01.csv,39.688391748435144
3237,53237,Milan-MIL01.csv,69.05898542691143,34.52949271345572,Amsterdam-AMS03.csv,29.969215089901873
3238,53238,Milan-MIL01.csv,60.27917811429454,30.13958905714727,Amsterdam-AMS03.csv,28.21103589787265
3239,53239,Milan-MIL01.csv,61.0998448897575,30.54992244487875,Frankfurt-FRA01.csv,32.90042148240088
3240,53240,Milan-MIL01.csv,12.996846798283293,6.498423399141647,Milan-MIL01.csv,12.996846798283293
3241,53241,Milan-MIL01.csv,102.51049026751457,51.255245133757285,Amsterdam-AMS03.csv,32.88828703017762
3242,53242,Milan-MIL01.csv,86.80750617735852,43.40375308867926,Amsterdam-AMS03.csv,37.60011061102875
3243,53243,Milan-MIL01.csv,45.299534594682,22.649767297341,Frankfurt-FRA01.csv,39.67147133138322
3244,53244,Milan-MIL01.csv,101.1086166352709,50.55430831763545,Amsterdam-AMS03.csv,39.69928203297005
3245,53245,Milan-MIL01.csv,42.83832788146493,21.419163940732464,Frankfurt-FRA01.csv,24.74799362630571
3246,53246,Milan-MIL01.csv,67.07091488477558,33.53545744238779,Amsterdam-AMS03.csv,29.588711769495696
3247,53247,Milan-MIL01.csv,12.42408901683195,6.212044508415975,Milan-MIL01.csv,12.42408901683195
3248,53248,Milan-MIL01.csv,39.2289168386575,19.61445841932875,Amsterdam-AMS03.csv,30.60679937954434
3249,53249,Milan-MIL01.csv,44.103438002852954,22.051719001426477,Amsterdam-AMS03.csv,25.15031561474181
3250,53250,Milan-MIL01.csv,45.13008919909042,22.56504459954521,Amsterdam-AMS03.csv,40.27924060381558
3251,53251,Milan-MIL01.csv,121.63504541011571,60.817522705057854,Amsterdam-AMS03.csv,41.913655875811706
3252,53252,Milan-MIL01.csv,40.08763727695371,20.043818638476854,Frankfurt-FRA01.csv,35.4538573071077
3253,53253,Milan-MIL01.csv,30.83986651433106,15.41993325716553,Amsterdam-AMS03.csv,28.321565365360904
3254,53254,Milan-MIL01.csv,53.51085180621956,26.75542590310978,Frankfurt-FRA01.csv,49.807949903339825
3255,53255,Milan-MIL01.csv,96.6944436591746,48.3472218295873,Frankfurt-FRA01.csv,38.230427928779875
3256,53256,Milan-MIL01.csv,62.113574312750366,31.056787156375183,Amsterdam-AMS03.csv,33.112164776911484
3257,53257,Milan-MIL01.csv,29.370866043538193,14.685433021769096,Milan-MIL01.csv,29.370866043538193
3258,53258,Milan-MIL01.csv,70.04258798801686,35.02129399400843,Frankfurt-FRA01.csv,60.55086604161762
3259,53259,Milan-MIL01.csv,52.859640999644,26.429820499822,Amsterdam-AMS03.csv,29.09371450100574
3260,53260,Milan-MIL01.csv,80.64065654172026,40.32032827086013,Amsterdam-AMS03.csv,24.39055601107473
3261,53261,Milan-MIL01.csv,39.72539903120189,19.862699515600944,Milan-MIL01.csv,39.72539903120189
3262,53262,Milan-MIL01.csv,49.50001147886841,24.750005739434204,Amsterdam-AMS03.csv,41.987841629950466
3263,53263,Milan-MIL01.csv,27.211318169609893,13.605659084804946,Amsterdam-AMS03.csv,22.75802029701879
3264,53264,Milan-MIL01.csv,49.15728949085948,24.57864474542974,Amsterdam-AMS03.csv,34.259758880386
3265,53265,Milan-MIL01.csv,88.6149215119265,44.30746075596325,Amsterdam-AMS03.csv,42.55189052778155
3266,53266,Milan-MIL01.csv,28.56237517122403,14.281187585612015,Milan-MIL01.csv,28.56237517122403
3267,53267,Milan-MIL01.csv,74.47117149971112,37.23558574985556,Amsterdam-AMS03.csv,42.49718295715711
3268,53268,Milan-MIL01.csv,42.12571961327279,21.062859806636396,Milan-MIL01.csv,42.12571961327279
3269,53269,Milan-MIL01.csv,49.237610593744115,24.618805296872058,Milan-MIL01.csv,49.237610593744115
3270,53270,Milan-MIL01.csv,32.77492394880653,16.387461974403266,Milan-MIL01.csv,32.77492394880653
3271,53271,Milan-MIL01.csv,55.20675856559241,27.603379282796205,Frankfurt-FRA01.csv,38.58181286579207
3272,53272,Milan-MIL01.csv,59.2196746215407,29.60983731077035,Frankfurt-FRA01.csv,42.6195429127872
3273,53273,Milan-MIL01.csv,53.8134819303102,26.9067409651551,Amsterdam-AMS03.csv,28.004959392741295
3274,53274,Milan-MIL01.csv,27.027650886436643,13.513825443218321,Amsterdam-AMS03.csv,14.542987482699667
3275,53275,Milan-MIL01.csv,54.848900192663855,27.424450096331928,Milan-MIL01.csv,54.848900192663855
3276,53276,Milan-MIL01.csv,130.23071779408906,65.11535889704453,Amsterdam-AMS03.csv,32.49610013496647
3277,53277,Milan-MIL01.csv,100.17845590050979,50.089227950254894,Amsterdam-AMS03.csv,40.7779877156809
3278,53278,Milan-MIL01.csv,37.023541415720366,18.511770707860183,Frankfurt-FRA01.csv,28.541423383740568
3279,53279,Milan-MIL01.csv,57.557413457504936,28.778706728752468,Amsterdam-AMS03.csv,40.50163108280922
3280,53280,Milan-MIL01.csv,54.01394483228299,27.006972416141494,Frankfurt-FRA01.csv,48.47812180121003
3281,53281,Milan-MIL01.csv,79.43637592253172,39.71818796126586,Frankfurt-FRA01.csv,46.43993318595514
3282,53282,Milan-MIL01.csv,46.82144795150682,23.41072397575341,Amsterdam-AMS03.csv,40.61726281754126
3283,53283,Milan-MIL01.csv,39.87447552615344,19.93723776307672,Amsterdam-AMS03.csv,33.00752747544065
3284,53284,Milan-MIL01.csv,68.54041972804805,34.270209864024025,Amsterdam-AMS03.csv,47.083676382399055
3285,53285,Milan-MIL01.csv,42.64694987478057,21.323474937390284,Amsterdam-AMS03.csv,31.56271815622746
3286,53286,Milan-MIL01.csv,66.27186428303293,33.13593214151646,Amsterdam-AMS03.csv,33.499850679331324
3287,53287,Milan-MIL01.csv,47.51881476147747,23.759407380738736,Frankfurt-FRA01.csv,29.21826667559405
3288,53288,Milan-MIL01.csv,50.894332525808125,25.447166262904062,Frankfurt-FRA01.csv,37.12624172811053
3289,53289,Milan-MIL01.csv,169.5974794910735,84.79873974553675,Amsterdam-AMS03.csv,34.24406154034809
3290,53290,Milan-MIL01.csv,30.911236886141392,15.455618443070696,Milan-MIL01.csv,30.911236886141392
3291,53291,Milan-MIL01.csv,83.48481411687396,41.74240705843698,Frankfurt-FRA01.csv,44.17515470235179
3292,53292,Milan-MIL01.csv,38.87584055572961,19.437920277864805,Milan-MIL01.csv,38.87584055572961
3293,53293,Milan-MIL01.csv,43.881379783478,21.940689891739,Amsterdam-AMS03.csv,21.44144411237558
3294,53294,Milan-MIL01.csv,28.733084670786216,14.366542335393108,Milan-MIL01.csv,28.733084670786216
3295,53295,Milan-MIL01.csv,68.16842536181908,34.08421268090954,Frankfurt-FRA01.csv,41.74266045690916
3296,53296,Milan-MIL01.csv,69.39601710194108,34.69800855097054,Frankfurt-FRA01.csv,20.851994918931023
3297,53297,Milan-MIL01.csv,49.27564050680193,24.637820253400964,Frankfurt-FRA01.csv,43.34931273624703
3298,53298,Milan-MIL01.csv,34.04875742125352,17.02437871062676,Milan-MIL01.csv,34.04875742125352
3299,53299,Milan-MIL01.csv,37.6582502148497,18.82912510742485,Frankfurt-FRA01.csv,26.87622049291312
3300,53300,Milan-MIL01.csv,75.63715781360703,37.818578906803516,Frankfurt-FRA01.csv,43.23383362474588
3301,53301,Milan-MIL01.csv,63.4241504211574,31.7120752105787,Amsterdam-AMS03.csv,42.214959942789456
3302,53302,Milan-MIL01.csv,29.078417304780114,14.539208652390057,Amsterdam-AMS03.csv,27.217563337730457
3303,53303,Milan-MIL01.csv,44.53794213340611,22.268971066703056,Frankfurt-FRA01.csv,43.89652929036787
3304,53304,Milan-MIL01.csv,35.48560628566082,17.74280314283041,Milan-MIL01.csv,35.48560628566082
3305,53305,Milan-MIL01.csv,49.344736324347686,24.672368162173843,Frankfurt-FRA01.csv,31.865983889901162
3306,53306,Milan-MIL01.csv,41.07187892427123,20.535939462135616,Frankfurt-FRA01.csv,37.61104672385993
3307,53307,Milan-MIL01.csv,24.70011795857303,12.350058979286516,Milan-MIL01.csv,24.70011795857303
3308,53308,Milan-MIL01.csv,44.42677627619128,22.21338813809564,Amsterdam-AMS03.csv,23.67354203493299
3309,53309,Milan-MIL01.csv,40.412547252181,20.2062736260905,Milan-MIL01.csv,40.412547252181
3310,53310,Milan-MIL01.csv,27.673141099286603,13.836570549643302,Milan-MIL01.csv,27.673141099286603
3311,53311,Milan-MIL01.csv,53.83012679052834,26.91506339526417,Frankfurt-FRA01.csv,36.3435803327543
3312,53312,Milan-MIL01.csv,65.123796061684,32.561898030842,Frankfurt-FRA01.csv,61.69442737751561
3313,53313,Milan-MIL01.csv,89.73446301216403,44.867231506082014,Amsterdam-AMS03.csv,40.66024677079673
3314,53314,Milan-MIL01.csv,38.19898114935651,19.099490574678256,Milan-MIL01.csv,38.19898114935651
3315,53315,Milan-MIL01.csv,45.47121483084267,22.735607415421335,Milan-MIL01.csv,45.47121483084267
3316,53316,Milan-MIL01.csv,27.316840391080795,13.658420195540398,Milan-MIL01.csv,27.316840391080795
3317,53317,Milan-MIL01.csv,92.83230464625144,46.41615232312572,Frankfurt-FRA01.csv,43.57841729805051
3318,53318,Milan-MIL01.csv,69.12786024459288,34.56393012229644,Frankfurt-FRA01.csv,41.04928486414063
3319,53319,Milan-MIL01.csv,97.69720954890133,48.84860477445066,Amsterdam-AMS03.csv,31.640858125978976
3320,53320,Milan-MIL01.csv,107.40658896703417,53.703294483517084,Amsterdam-AMS03.csv,44.535868817904976
3321,53321,Milan-MIL01.csv,108.6338828873572,54.3169414436786,Amsterdam-AMS03.csv,29.543579381306714
3322,53322,Milan-MIL01.csv,48.65341481216649,24.326707406083244,Milan-MIL01.csv,48.65341481216649
3323,53323,Milan-MIL01.csv,61.68796755171957,30.843983775859783,Frankfurt-FRA01.csv,36.25877705676526
3324,53324,Milan-MIL01.csv,91.93138720307104,45.96569360153552,Amsterdam-AMS03.csv,36.65600094649614
3325,53325,Milan-MIL01.csv,73.37308267162994,36.68654133581497,Frankfurt-FRA01.csv,38.12737722533954
3326,53326,Milan-MIL01.csv,41.149833765783804,20.574916882891902,Milan-MIL01.csv,41.149833765783804
3327,53327,Milan-MIL01.csv,46.180737532731534,23.090368766365767,Frankfurt-FRA01.csv,32.6685259283236
3328,53328,Milan-MIL01.csv,35.88760255134609,17.943801275673046,Amsterdam-AMS03.csv,26.54749306762704
3329,53329,Milan-MIL01.csv,33.6582789951906,16.8291394975953,Amsterdam-AMS03.csv,31.25129979014464
3330,53330,Milan-MIL01.csv,27.87433404142617,13.937167020713085,Milan-MIL01.csv,27.87433404142617
3331,53331,Milan-MIL01.csv,87.42934864214055,43.71467432107028,Frankfurt-FRA01.csv,33.25422240187876
3332,53332,Milan-MIL01.csv,66.10090937249724,33.05045468624862,Amsterdam-AMS03.csv,31.398769392606408
3333,53333,Milan-MIL01.csv,37.477368972175654,18.738684486087827,Frankfurt-FRA01.csv,31.943201134684113
3334,53334,Milan-MIL01.csv,28.510097573639577,14.255048786819788,Milan-MIL01.csv,28.510097573639577
3335,53335,Milan-MIL01.csv,23.395991264881733,11.697995632440866,Milan-MIL01.csv,23.395991264881733
3336,53336,Milan-MIL01.csv,55.87445594972117,27.937227974860583,Amsterdam-AMS03.csv,41.51914813124327
3337,53337,Milan-MIL01.csv,47.33731812397282,23.66865906198641,Milan-MIL01.csv,47.33731812397282
3338,53338,Milan-MIL01.csv,21.065312897954495,10.532656448977248,Milan-MIL01.csv,21.065312897954495
3339,53339,Milan-MIL01.csv,49.03467804017412,24.51733902008706,Milan-MIL01.csv,49.03467804017412
3340,53340,Milan-MIL01.csv,195.19272455128382,97.59636227564191,Frankfurt-FRA01.csv,54.75796147900212
3341,53341,Milan-MIL01.csv,77.17421805200954,38.58710902600477,Amsterdam-AMS03.csv,36.80715733413821
3342,53342,Milan-MIL01.csv,51.47891724847807,25.739458624239035,Frankfurt-FRA01.csv,47.1205840208037
3343,53343,Milan-MIL01.csv,35.901298515533256,17.950649257766628,Milan-MIL01.csv,35.901298515533256
3344,53344,Milan-MIL01.csv,81.21983778555028,40.60991889277514,Amsterdam-AMS03.csv,32.553081895876545
3345,53345,Milan-MIL01.csv,54.81618145587905,27.408090727939523,Amsterdam-AMS03.csv,37.86129907393621
3346,53346,Milan-MIL01.csv,41.67613175483246,20.83806587741623,Milan-MIL01.csv,41.67613175483246
3347,53347,Milan-MIL01.csv,43.24091222409066,21.62045611204533,Milan-MIL01.csv,43.24091222409066
3348,53348,Milan-MIL01.csv,80.10415127551147,40.052075637755735,Amsterdam-AMS03.csv,36.6008908541379
3349,53349,Milan-MIL01.csv,43.510017668812196,21.755008834406098,Amsterdam-AMS03.csv,27.097077928678484
3350,53350,Milan-MIL01.csv,43.71929425661817,21.859647128309085,Milan-MIL01.csv,43.71929425661817
3351,53351,Milan-MIL01.csv,35.55322239654436,17.77661119827218,Milan-MIL01.csv,35.55322239654436
3352,53352,Milan-MIL01.csv,39.13644140191815,19.568220700959074,Frankfurt-FRA01.csv,31.42090937234185
3353,53353,Milan-MIL01.csv,55.46252755643899,27.731263778219496,Amsterdam-AMS03.csv,36.71569869094665
3354,53354,Milan-MIL01.csv,22.354662834792606,11.177331417396303,Milan-MIL01.csv,22.354662834792606
3355,53355,Milan-MIL01.csv,28.55452547413952,14.27726273706976,Milan-MIL01.csv,28.55452547413952
3356,53356,Milan-MIL01.csv,32.77524444651875,16.387622223259374,Milan-MIL01.csv,32.77524444651875
3357,53357,Milan-MIL01.csv,56.710929949369095,28.355464974684548,Frankfurt-FRA01.csv,31.568640221204458
3358,53358,Milan-MIL01.csv,53.17484133462923,26.587420667314614,Amsterdam-AMS03.csv,32.930421772699745
3359,53359,Milan-MIL01.csv,100.22483992030952,50.11241996015476,Amsterdam-AMS03.csv,27.73347816736719
3360,53360,Milan-MIL01.csv,80.95963681597615,40.47981840798808,Amsterdam-AMS03.csv,35.01567675603299
3361,53361,Milan-MIL01.csv,62.15194875714653,31.075974378573264,Frankfurt-FRA01.csv,26.937546295969902
3362,53362,Milan-MIL01.csv,51.49484491646472,25.74742245823236,Amsterdam-AMS03.csv,40.94217040537958
3363,53363,Milan-MIL01.csv,27.698587746200896,13.849293873100448,Milan-MIL01.csv,27.698587746200896
3364,53364,Milan-MIL01.csv,49.07820774417868,24.53910387208934,Milan-MIL01.csv,49.07820774417868
3365,53365,Milan-MIL01.csv,57.75748462814769,28.878742314073843,Amsterdam-AMS03.csv,34.26494724945973
3366,53366,Milan-MIL01.csv,37.205328359045374,18.602664179522687,Milan-MIL01.csv,37.205328359045374
3367,53367,Milan-MIL01.csv,50.13260755755953,25.066303778779766,Amsterdam-AMS03.csv,29.352518380040337
3368,53368,Milan-MIL01.csv,118.56725264958271,59.283626324791356,Frankfurt-FRA01.csv,38.15040206113762
3369,53369,Milan-MIL01.csv,39.93429386575146,19.96714693287573,Milan-MIL01.csv,39.93429386575146
3370,53370,Milan-MIL01.csv,68.56738826491168,34.28369413245584,Frankfurt-FRA01.csv,31.430975304498084
3371,53371,Milan-MIL01.csv,68.17618256507212,34.08809128253606,Amsterdam-AMS03.csv,33.98434534091514
3372,53372,Milan-MIL01.csv,64.79054299160342,32.39527149580171,Amsterdam-AMS03.csv,41.69515812407525
3373,53373,Milan-MIL01.csv,35.74572691169331,17.872863455846655,Milan-MIL01.csv,35.74572691169331
3374,53374,Milan-MIL01.csv,86.35227002718086,43.17613501359043,Frankfurt-FRA01.csv,38.51754716863832
3375,53375,Milan-MIL01.csv,59.788523129212265,29.894261564606133,Amsterdam-AMS03.csv,44.75569580839957
3376,53376,Milan-MIL01.csv,146.02125668820904,73.01062834410452,Amsterdam-AMS03.csv,37.442132281513096
3377,53377,Milan-MIL01.csv,50.75465724781724,25.37732862390862,Frankfurt-FRA01.csv,39.16916752500998
3378,53378,Milan-MIL01.csv,63.02018642064764,31.51009321032382,Frankfurt-FRA01.csv,26.4741305249687
3379,53379,Milan-MIL01.csv,54.05196009580019,27.025980047900095,Frankfurt-FRA01.csv,28.91452276834594
3380,53380,Milan-MIL01.csv,35.620626145416125,17.810313072708063,Amsterdam-AMS03.csv,33.40555230687732
3381,53381,Milan-MIL01.csv,52.93740170646484,26.46870085323242,Milan-MIL01.csv,52.93740170646484
3382,53382,Milan-MIL01.csv,32.26927091112346,16.13463545556173,Amsterdam-AMS03.csv,30.637035612551454
3383,53383,Milan-MIL01.csv,88.20487363314743,44.102436816573714,Amsterdam-AMS03.csv,32.146136899555174
3384,53384,Milan-MIL01.csv,18.347630196568506,9.173815098284253,Milan-MIL01.csv,18.347630196568506
3385,53385,Milan-MIL01.csv,67.23158522439077,33.615792612195385,Amsterdam-AMS03.csv,30.584310850024725
3386,53386,Milan-MIL01.csv,38.851249122683875,19.425624561341937,Milan-MIL01.csv,38.851249122683875
3387,53387,Milan-MIL01.csv,75.38111378101335,37.69055689050668,Frankfurt-FRA01.csv,38.480730988105535
3388,53388,Milan-MIL01.csv,51.41160539040463,25.705802695202316,Amsterdam-AMS03.csv,32.91369296302567
3389,53389,Milan-MIL01.csv,35.1530365122184,17.5765182561092,Milan-MIL01.csv,35.1530365122184
3390,53390,Milan-MIL01.csv,23.408330647384517,11.704165323692258,Milan-MIL01.csv,23.408330647384517
3391,53391,Milan-MIL01.csv,87.5833960745914,43.7916980372957,Frankfurt-FRA01.csv,53.78959405953333
3392,53392,Milan-MIL01.csv,64.78344163679537,32.39172081839769,Amsterdam-AMS03.csv,42.24076180508643
3393,53393,Milan-MIL01.csv,36.57415814807106,18.28707907403553,Amsterdam-AMS03.csv,32.894054462417806
3394,53394,Milan-MIL01.csv,115.51427433294664,57.75713716647332,Amsterdam-AMS03.csv,50.61666467654246
3395,53395,Milan-MIL01.csv,55.24697542168345,27.623487710841726,Frankfurt-FRA01.csv,38.43250590786129
3396,53396,Milan-MIL01.csv,59.861019286470864,29.930509643235432,Amsterdam-AMS03.csv,45.971854828171224
3397,53397,Milan-MIL01.csv,91.76171810051476,45.88085905025738,Amsterdam-AMS03.csv,49.98715423127686
3398,53398,Milan-MIL01.csv,23.758637855881755,11.879318927940878,Milan-MIL01.csv,23.758637855881755
3399,53399,Milan-MIL01.csv,115.51467425559963,57.757337127799815,Frankfurt-FRA01.csv,43.537201418567946
3400,53400,Milan-MIL01.csv,61.00799655658444,30.50399827829222,Frankfurt-FRA01.csv,27.670596198324322
3401,53401,Milan-MIL01.csv,63.39930014167261,31.699650070836306,Amsterdam-AMS03.csv,23.69513443089741
3402,53402,Milan-MIL01.csv,31.490747702248854,15.745373851124427,Milan-MIL01.csv,31.490747702248854
3403,53403,Milan-MIL01.csv,68.37499327989954,34.18749663994977,Amsterdam-AMS03.csv,52.48532681387794
3404,53404,Milan-MIL01.csv,24.820940635861046,12.410470317930523,Milan-MIL01.csv,24.820940635861046
3405,53405,Milan-MIL01.csv,39.957097184317185,19.978548592158592,Amsterdam-AMS03.csv,26.30836918659428
3406,53406,Milan-MIL01.csv,127.56581180470731,63.782905902353654,Frankfurt-FRA01.csv,27.366188475365902
3407,53407,Milan-MIL01.csv,66.09199707494953,33.045998537474766,Frankfurt-FRA01.csv,35.843850175314856
3408,53408,Milan-MIL01.csv,40.62743807931858,20.31371903965929,Amsterdam-AMS03.csv,23.740511610380928
3409,53409,Milan-MIL01.csv,82.23199540480437,41.11599770240218,Amsterdam-AMS03.csv,64.86256143372236
3410,53410,Milan-MIL01.csv,73.76690206265137,36.883451031325684,Frankfurt-FRA01.csv,34.173930734882894
3411,53411,Milan-MIL01.csv,62.94528188940821,31.472640944704104,Frankfurt-FRA01.csv,60.453466398115275
3412,53412,Milan-MIL01.csv,47.32027584134674,23.66013792067337,Frankfurt-FRA01.csv,27.35502486989115
3413,53413,Milan-MIL01.csv,79.84978174251157,39.92489087125578,Amsterdam-AMS03.csv,52.00757023665133
3414,53414,Milan-MIL01.csv,78.15423863979979,39.07711931989989,Amsterdam-AMS03.csv,51.48898514028015
3415,53415,Milan-MIL01.csv,25.43970628902118,12.71985314451059,Milan-MIL01.csv,25.43970628902118
3416,53416,Milan-MIL01.csv,34.82172666266376,17.41086333133188,Milan-MIL01.csv,34.82172666266376
3417,53417,Milan-MIL01.csv,43.924494597509565,21.962247298754782,Milan-MIL01.csv,43.924494597509565
3418,53418,Milan-MIL01.csv,28.21797248505274,14.10898624252637,Milan-MIL01.csv,28.21797248505274
3419,53419,Milan-MIL01.csv,138.714631327266,69.357315663633,Amsterdam-AMS03.csv,35.275110593342504
3420,53420,Milan-MIL01.csv,53.99957011838446,26.99978505919223,Frankfurt-FRA01.csv,42.50391045957132
3421,53421,Milan-MIL01.csv,58.25869941238751,29.129349706193754,Amsterdam-AMS03.csv,40.994213646910715
3422,53422,Milan-MIL01.csv,63.69202419858403,31.846012099292015,Frankfurt-FRA01.csv,42.08219397722681
3423,53423,Milan-MIL01.csv,58.73814531552393,29.369072657761965,Frankfurt-FRA01.csv,38.18094394504716
3424,53424,Milan-MIL01.csv,65.1904299276463,32.59521496382315,Amsterdam-AMS03.csv,31.235619925549457
3425,53425,Milan-MIL01.csv,91.65474839963586,45.82737419981793,Amsterdam-AMS03.csv,44.907123120811995
3426,53426,Milan-MIL01.csv,50.486863752309866,25.243431876154933,Milan-MIL01.csv,50.486863752309866
3427,53427,Milan-MIL01.csv,64.80086364666597,32.40043182333299,Amsterdam-AMS03.csv,40.61053081870102
3428,53428,Milan-MIL01.csv,35.85195979842963,17.925979899214816,Milan-MIL01.csv,35.85195979842963
3429,53429,Milan-MIL01.csv,34.46547043525061,17.232735217625304,Milan-MIL01.csv,34.46547043525061
3430,53430,Milan-MIL01.csv,56.00496178714089,28.002480893570446,Amsterdam-AMS03.csv,50.81100195579056
3431,53431,Milan-MIL01.csv,131.76152533917002,65.88076266958501,Frankfurt-FRA01.csv,38.41679988975332
3432,53432,Milan-MIL01.csv,77.01345459025657,38.506727295128286,Amsterdam-AMS03.csv,27.041276174181444
3433,53433,Milan-MIL01.csv,55.21926307335916,27.60963153667958,Milan-MIL01.csv,55.21926307335916
3434,53434,Milan-MIL01.csv,21.444378284775084,10.722189142387542,Milan-MIL01.csv,21.444378284775084
3435,53435,Milan-MIL01.csv,35.783712218612294,17.891856109306147,Amsterdam-AMS03.csv,30.736673208355068
3436,53436,Milan-MIL01.csv,45.06261557856062,22.53130778928031,Amsterdam-AMS03.csv,30.892518739193935
3437,53437,Milan-MIL01.csv,43.18734132139298,21.59367066069649,Frankfurt-FRA01.csv,29.170463883209166
3438,53438,Milan-MIL01.csv,34.91384476392996,17.45692238196498,Milan-MIL01.csv,34.91384476392996
3439,53439,Milan-MIL01.csv,80.79770149519767,40.398850747598836,Frankfurt-FRA01.csv,44.69663743269529
3440,53440,Milan-MIL01.csv,40.87233782613279,20.436168913066396,Amsterdam-AMS03.csv,23.563991916412085
3441,53441,Milan-MIL01.csv,29.45662351638229,14.728311758191145,Milan-MIL01.csv,29.45662351638229
3442,53442,Milan-MIL01.csv,44.372605474894264,22.186302737447132,Frankfurt-FRA01.csv,30.177416489182168
3443,53443,Milan-MIL01.csv,62.9739190210478,31.4869595105239,Milan-MIL01.csv,62.9739190210478
3444,53444,Milan-MIL01.csv,65.1697847647605,32.58489238238025,Milan-MIL01.csv,65.1697847647605
3445,53445,Milan-MIL01.csv,84.62517907849818,42.31258953924909,Frankfurt-FRA01.csv,51.81161923561074
3446,53446,Milan-MIL01.csv,17.780122033797426,8.890061016898713,Milan-MIL01.csv,17.780122033797426
3447,53447,Milan-MIL01.csv,30.668226066643566,15.334113033321783,Milan-MIL01.csv,30.668226066643566
3448,53448,Milan-MIL01.csv,45.819293485733375,22.909646742866688,Milan-MIL01.csv,45.819293485733375
3449,53449,Milan-MIL01.csv,38.512626165638906,19.256313082819453,Milan-MIL01.csv,38.512626165638906
3450,53450,Milan-MIL01.csv,67.58102155676683,33.790510778383414,Amsterdam-AMS03.csv,45.72708050441627
3451,53451,Milan-MIL01.csv,65.87621610825276,32.93810805412638,Frankfurt-FRA01.csv,47.77296198651954
3452,53452,Milan-MIL01.csv,31.996063321251192,15.998031660625596,Milan-MIL01.csv,31.996063321251192
3453,53453,Milan-MIL01.csv,51.179714441016905,25.589857220508453,Milan-MIL01.csv,51.179714441016905
3454,53454,Milan-MIL01.csv,49.64428921792859,24.822144608964294,Frankfurt-FRA01.csv,47.64470751284466
3455,53455,Milan-MIL01.csv,41.08102951974603,20.540514759873016,Frankfurt-FRA01.csv,36.642719666866896
3456,53456,Milan-MIL01.csv,33.542660234530736,16.771330117265368,Milan-MIL01.csv,33.542660234530736
3457,53457,Milan-MIL01.csv,45.47377263707596,22.73688631853798,Frankfurt-FRA01.csv,41.67829341887729
3458,53458,Milan-MIL01.csv,36.13439024431273,18.067195122156367,Frankfurt-FRA01.csv,27.574490173033297
3459,53459,Milan-MIL01.csv,50.24172353241598,25.12086176620799,Frankfurt-FRA01.csv,46.684193999702714
3460,53460,Milan-MIL01.csv,23.51334730697289,11.756673653486445,Milan-MIL01.csv,23.51334730697289
3461,53461,Milan-MIL01.csv,84.91797396484623,42.45898698242311,Amsterdam-AMS03.csv,51.788184159614815
3462,53462,Milan-MIL01.csv,28.91301421872412,14.45650710936206,Milan-MIL01.csv,28.91301421872412
3463,53463,Milan-MIL01.csv,54.15541869307225,27.077709346536125,Frankfurt-FRA01.csv,52.5569249893682
3464,53464,Milan-MIL01.csv,44.19153284652477,22.095766423262386,Frankfurt-FRA01.csv,29.576794264857487
3465,53465,Milan-MIL01.csv,53.33567501193638,26.66783750596819,Frankfurt-FRA01.csv,37.2616938956452
3466,53466,Milan-MIL01.csv,68.96093204555588,34.48046602277794,Amsterdam-AMS03.csv,60.06060098865421
3467,53467,Milan-MIL01.csv,76.80632313626876,38.40316156813438,Frankfurt-FRA01.csv,29.763670253147403
3468,53468,Milan-MIL01.csv,51.124672091629755,25.562336045814877,Frankfurt-FRA01.csv,45.479812439717705
3469,53469,Milan-MIL01.csv,38.23452582963808,19.11726291481904,Frankfurt-FRA01.csv,33.196194907076766
3470,53470,Milan-MIL01.csv,46.70331230674605,23.351656153373025,Milan-MIL01.csv,46.70331230674605
3471,53471,Milan-MIL01.csv,49.39647772555836,24.69823886277918,Amsterdam-AMS03.csv,42.81321947746863
3472,53472,Milan-MIL01.csv,63.247690599297314,31.623845299648657,Amsterdam-AMS03.csv,40.697134783182065
3473,53473,Milan-MIL01.csv,44.242022472673966,22.121011236336983,Milan-MIL01.csv,44.242022472673966
3474,53474,Milan-MIL01.csv,56.784190906968334,28.392095453484167,Amsterdam-AMS03.csv,26.072635376187613
3475,53475,Milan-MIL01.csv,67.26362154379522,33.63181077189761,Amsterdam-AMS03.csv,40.607379360585654
3476,53476,Milan-MIL01.csv,53.64913154300733,26.824565771503664,Amsterdam-AMS03.csv,40.1499012177959
3477,53477,Milan-MIL01.csv,97.13757600029426,48.56878800014713,Amsterdam-AMS03.csv,34.033111077428906
3478,53478,Milan-MIL01.csv,63.7998132925673,31.89990664628365,Frankfurt-FRA01.csv,48.3169036816821
3479,53479,Milan-MIL01.csv,45.13703502053861,22.568517510269306,Amsterdam-AMS03.csv,29.877778773003385
3480,53480,Milan-MIL01.csv,36.83116057425011,18.415580287125056,Milan-MIL01.csv,36.83116057425011
3481,53481,Milan-MIL01.csv,57.05717907452656,28.52858953726328,Amsterdam-AMS03.csv,33.77868892514658
3482,53482,Milan-MIL01.csv,32.75403195412612,16.37701597706306,Frankfurt-FRA01.csv,31.036131106680422
3483,53483,Milan-MIL01.csv,68.38052870586061,34.190264352930306,Frankfurt-FRA01.csv,38.73806464441674
3484,53484,Milan-MIL01.csv,39.268661045157955,19.634330522578978,Frankfurt-FRA01.csv,30.55144280528489
3485,53485,Milan-MIL01.csv,69.57706235664521,34.78853117832261,Amsterdam-AMS03.csv,62.52387069905618
3486,53486,Milan-MIL01.csv,60.16829298416006,30.08414649208003,Frankfurt-FRA01.csv,57.244938748744765
3487,53487,Milan-MIL01.csv,77.92867032678436,38.96433516339218,Amsterdam-AMS03.csv,32.23980172028013
3488,53488,Milan-MIL01.csv,58.693739877257656,29.346869938628828,Frankfurt-FRA01.csv,20.15509545506829
3489,53489,Milan-MIL01.csv,27.44545161713531,13.722725808567654,Milan-MIL01.csv,27.44545161713531
3490,53490,Milan-MIL01.csv,61.610615745085234,30.805307872542617,Amsterdam-AMS03.csv,39.453496698442606
3491,53491,Milan-MIL01.csv,76.56191320157951,38.28095660078976,Frankfurt-FRA01.csv,43.77812286104525
3492,53492,Milan-MIL01.csv,37.002657047699294,18.501328523849647,Amsterdam-AMS03.csv,36.711525807434455
3493,53493,Milan-MIL01.csv,25.517010147846975,12.758505073923487,Milan-MIL01.csv,25.517010147846975
3494,53494,Milan-MIL01.csv,188.36716600138098,94.18358300069049,Frankfurt-FRA01.csv,42.13806715151504
3495,53495,Milan-MIL01.csv,42.45050959452419,21.225254797262096,Milan-MIL01.csv,42.45050959452419
3496,53496,Milan-MIL01.csv,40.24081663116725,20.120408315583624,Milan-MIL01.csv,40.24081663116725
3497,53497,Milan-MIL01.csv,35.6696242332445,17.83481211662225,Milan-MIL01.csv,35.6696242332445
3498,53498,Milan-MIL01.csv,47.057100170619016,23.528550085309508,Amsterdam-AMS03.csv,19.333100123540344
3499,53499,Milan-MIL01.csv,75.59203271271232,37.79601635635616,Frankfurt-FRA01.csv,33.20034458674538
3500,53500,Milan-MIL01.csv,101.21494906143491,50.607474530717454,Frankfurt-FRA01.csv,33.807731519780724
3501,53501,Milan-MIL01.csv,34.520528401841965,17.260264200920982,Amsterdam-AMS03.csv,33.2386362507716
3502,53502,Milan-MIL01.csv,57.24576125390157,28.622880626950785,Amsterdam-AMS03.csv,29.613355163402076
3503,53503,Milan-MIL01.csv,87.65718646835995,43.828593234179976,Frankfurt-FRA01.csv,47.49158262777455
3504,53504,Milan-MIL01.csv,96.39673306399862,48.19836653199931,Amsterdam-AMS03.csv,37.23283445083546
3505,53505,Milan-MIL01.csv,37.21051899505881,18.605259497529406,Amsterdam-AMS03.csv,29.40313356539096
3506,53506,Milan-MIL01.csv,55.9027920957442,27.9513960478721,Amsterdam-AMS03.csv,23.690448991565503
3507,53507,Milan-MIL01.csv,101.8396277688946,50.9198138844473,Amsterdam-AMS03.csv,35.595574873459654
3508,53508,Milan-MIL01.csv,58.817246718037076,29.408623359018538,Frankfurt-FRA01.csv,53.30702754695596
3509,53509,Milan-MIL01.csv,53.21224652465945,26.606123262329724,Amsterdam-AMS03.csv,30.042578109887824
3510,53510,Milan-MIL01.csv,62.80203747286043,31.401018736430213,Amsterdam-AMS03.csv,41.452265704307216
3511,53511,Milan-MIL01.csv,65.0902771546784,32.5451385773392,Amsterdam-AMS03.csv,26.121610484732674
3512,53512,Milan-MIL01.csv,39.90697036894256,19.95348518447128,Amsterdam-AMS03.csv,36.839865245328454
3513,53513,Milan-MIL01.csv,50.500010701765056,25.250005350882528,Frankfurt-FRA01.csv,50.040573076324826
3514,53514,Milan-MIL01.csv,74.56537098334955,37.282685491674776,Amsterdam-AMS03.csv,31.00041691426926
3515,53515,Milan-MIL01.csv,81.10587468070783,40.552937340353914,Amsterdam-AMS03.csv,28.362380242139174
3516,53516,Milan-MIL01.csv,40.835280512552345,20.417640256276172,Milan-MIL01.csv,40.835280512552345
3517,53517,Milan-MIL01.csv,35.68786594761749,17.843932973808744,Amsterdam-AMS03.csv,13.030983156684433
3518,53518,Milan-MIL01.csv,60.25718015398158,30.12859007699079,Amsterdam-AMS03.csv,38.80275110717271
3519,53519,Milan-MIL01.csv,51.22748440631311,25.613742203156555,Frankfurt-FRA01.csv,48.363254600465254
3520,53520,Milan-MIL01.csv,20.90310753675068,10.45155376837534,Milan-MIL01.csv,20.90310753675068
3521,53521,Milan-MIL01.csv,92.17543254714677,46.087716273573385,Amsterdam-AMS03.csv,35.3031392733764
3522,53522,Milan-MIL01.csv,66.625652846077,33.3128264230385,Amsterdam-AMS03.csv,29.713758569252967
3523,53523,Milan-MIL01.csv,65.22052988473864,32.61026494236932,Frankfurt-FRA01.csv,34.415292465436735
3524,53524,Milan-MIL01.csv,112.62131000801045,56.31065500400523,Amsterdam-AMS03.csv,38.79719699894501
3525,53525,Milan-MIL01.csv,28.367468689679626,14.183734344839813,Milan-MIL01.csv,28.367468689679626
3526,53526,Milan-MIL01.csv,75.12480185070964,37.56240092535482,Amsterdam-AMS03.csv,30.71831589047753
3527,53527,Milan-MIL01.csv,65.66758254356638,32.83379127178319,Amsterdam-AMS03.csv,22.997253931448917
3528,53528,Milan-MIL01.csv,61.290794303620494,30.645397151810247,Frankfurt-FRA01.csv,42.45968902854499
3529,53529,Milan-MIL01.csv,38.83382970697247,19.416914853486237,Milan-MIL01.csv,38.83382970697247
3530,53530,Milan-MIL01.csv,56.5359726873361,28.26798634366805,Frankfurt-FRA01.csv,24.586957331637706
3531,53531,Milan-MIL01.csv,26.651118209767187,13.325559104883594,Milan-MIL01.csv,26.651118209767187
3532,53532,Milan-MIL01.csv,46.00306261515094,23.00153130757547,Milan-MIL01.csv,46.00306261515094
3533,53533,Milan-MIL01.csv,19.897669119856772,9.948834559928386,Milan-MIL01.csv,19.897669119856772
3534,53534,Milan-MIL01.csv,58.09926289070591,29.049631445352954,Amsterdam-AMS03.csv,19.372333817396054
3535,53535,Milan-MIL01.csv,55.184116702931355,27.592058351465678,Amsterdam-AMS03.csv,45.29376043447848
3536,53536,Milan-MIL01.csv,69.21640495111683,34.608202475558414,Amsterdam-AMS03.csv,35.26923443509864
3537,53537,Milan-MIL01.csv,64.560832087083,32.2804160435415,Frankfurt-FRA01.csv,43.97934329115549
3538,53538,Milan-MIL01.csv,148.086846322661,74.0434231613305,Frankfurt-FRA01.csv,35.16604972220253
3539,53539,Milan-MIL01.csv,78.06963321944221,39.034816609721105,Amsterdam-AMS03.csv,41.916553652107844
3540,53540,Milan-MIL01.csv,55.01390046707526,27.50695023353763,Amsterdam-AMS03.csv,24.36404581057758
3541,53541,Milan-MIL01.csv,77.33793734978015,38.668968674890074,Amsterdam-AMS03.csv,48.540033745430215
3542,53542,Milan-MIL01.csv,34.305137890110885,17.152568945055442,Frankfurt-FRA01.csv,30.716334623409047
3543,53543,Milan-MIL01.csv,76.9255061588394,38.4627530794197,Amsterdam-AMS03.csv,34.039143019606385
3544,53544,Milan-MIL01.csv,39.385064117326316,19.692532058663158,Frankfurt-FRA01.csv,38.027180359751625
3545,53545,Milan-MIL01.csv,61.001407304002186,30.500703652001093,Frankfurt-FRA01.csv,30.139390040402734
3546,53546,Milan-MIL01.csv,57.344120726774555,28.672060363387278,Frankfurt-FRA01.csv,33.5630717138426
3547,53547,Milan-MIL01.csv,41.3408141917295,20.67040709586475,Amsterdam-AMS03.csv,21.56958813216832
3548,53548,Milan-MIL01.csv,60.635339232958,30.317669616479,Amsterdam-AMS03.csv,52.16631289497595
3549,53549,Milan-MIL01.csv,34.89841234825735,17.449206174128676,Milan-MIL01.csv,34.89841234825735
3550,53550,Milan-MIL01.csv,35.45874008960917,17.729370044804586,Milan-MIL01.csv,35.45874008960917
3551,53551,Milan-MIL01.csv,33.381368983992026,16.690684491996013,Milan-MIL01.csv,33.381368983992026
3552,53552,Milan-MIL01.csv,42.05803976962323,21.029019884811614,Frankfurt-FRA01.csv,28.567928840845536
3553,53553,Milan-MIL01.csv,45.21376466843653,22.606882334218266,Frankfurt-FRA01.csv,44.9898891430769
3554,53554,Milan-MIL01.csv,42.6639407674044,21.3319703837022,Frankfurt-FRA01.csv,35.18170030229866
3555,53555,Milan-MIL01.csv,72.50712093146693,36.253560465733464,Amsterdam-AMS03.csv,29.927135685252384
3556,53556,Milan-MIL01.csv,37.236464763720356,18.618232381860178,Milan-MIL01.csv,37.236464763720356
3557,53557,Milan-MIL01.csv,24.893818129918476,12.446909064959238,Milan-MIL01.csv,24.893818129918476
3558,53558,Milan-MIL01.csv,104.78221461425136,52.39110730712568,Frankfurt-FRA01.csv,26.468142073161758
3559,53559,Milan-MIL01.csv,61.785152798569065,30.892576399284533,Frankfurt-FRA01.csv,46.22218170126919
3560,53560,Milan-MIL01.csv,33.851973786185404,16.925986893092702,Milan-MIL01.csv,33.851973786185404
3561,53561,Milan-MIL01.csv,14.393774569083094,7.196887284541547,Milan-MIL01.csv,14.393774569083094
3562,53562,Milan-MIL01.csv,36.6590672230271,18.32953361151355,Milan-MIL01.csv,36.6590672230271
3563,53563,Milan-MIL01.csv,52.26477732918729,26.132388664593645,Frankfurt-FRA01.csv,36.43555148474406
3564,53564,Milan-MIL01.csv,59.38604316963068,29.69302158481534,Amsterdam-AMS03.csv,28.66950284315809
3565,53565,Milan-MIL01.csv,48.283040908187886,24.141520454093943,Amsterdam-AMS03.csv,30.902477425529913
3566,53566,Milan-MIL01.csv,40.71761101156166,20.35880550578083,Milan-MIL01.csv,40.71761101156166
3567,53567,Milan-MIL01.csv,40.18238161121338,20.09119080560669,Milan-MIL01.csv,40.18238161121338
3568,53568,Milan-MIL01.csv,59.178204458829,29.5891022294145,Amsterdam-AMS03.csv,22.03912480029625
3569,53569,Milan-MIL01.csv,32.870580212931394,16.435290106465697,Amsterdam-AMS03.csv,32.03895970353085
3570,53570,Milan-MIL01.csv,65.08833893066458,32.54416946533229,Amsterdam-AMS03.csv,52.004536631174574
3571,53571,Milan-MIL01.csv,42.99687966885628,21.49843983442814,Frankfurt-FRA01.csv,34.36688233751605
3572,53572,Milan-MIL01.csv,35.24761212883582,17.62380606441791,Milan-MIL01.csv,35.24761212883582
3573,53573,Milan-MIL01.csv,96.85936442320389,48.42968221160194,Frankfurt-FRA01.csv,35.83092529041226
3574,53574,Milan-MIL01.csv,39.6355775053385,19.81778875266925,Frankfurt-FRA01.csv,38.37742321413591
3575,53575,Milan-MIL01.csv,42.42182270157627,21.210911350788134,Amsterdam-AMS03.csv,36.9252257669781
3576,53576,Milan-MIL01.csv,97.11189228122767,48.555946140613834,Frankfurt-FRA01.csv,37.84330514529426
3577,53577,Milan-MIL01.csv,167.1848646706809,83.59243233534045,Frankfurt-FRA01.csv,38.123836721784755
3578,53578,Milan-MIL01.csv,42.42659070642671,21.213295353213354,Milan-MIL01.csv,42.42659070642671
3579,53579,Milan-MIL01.csv,38.26528056065593,19.132640280327966,Milan-MIL01.csv,38.26528056065593
3580,53580,Milan-MIL01.csv,48.0744544457344,24.0372272228672,Amsterdam-AMS03.csv,26.617015417979605
3581,53581,Milan-MIL01.csv,79.50093917263062,39.75046958631531,Frankfurt-FRA01.csv,33.41073698386636
3582,53582,Milan-MIL01.csv,72.57880288135685,36.289401440678425,Frankfurt-FRA01.csv,31.06864106129886
3583,53583,Milan-MIL01.csv,94.48858827097769,47.24429413548884,Amsterdam-AMS03.csv,44.21561533526662
3584,53584,Milan-MIL01.csv,38.73959251717153,19.369796258585765,Milan-MIL01.csv,38.73959251717153
3585,53585,Milan-MIL01.csv,64.14138520247009,32.070692601235045,Frankfurt-FRA01.csv,48.80858678262814
3586,53586,Milan-MIL01.csv,96.18006408386347,48.090032041931735,Frankfurt-FRA01.csv,41.70849856296223
3587,53587,Milan-MIL01.csv,29.980373139014798,14.990186569507399,Amsterdam-AMS03.csv,24.21976604409893
3588,53588,Milan-MIL01.csv,40.0109622628508,20.0054811314254,Milan-MIL01.csv,40.0109622628508
3589,53589,Milan-MIL01.csv,44.964029425861455,22.482014712930727,Frankfurt-FRA01.csv,29.10605991058638
3590,53590,Milan-MIL01.csv,62.554426878899555,31.277213439449778,Milan-MIL01.csv,62.554426878899555
3591,53591,Milan-MIL01.csv,61.742700423822896,30.871350211911448,Frankfurt-FRA01.csv,31.43230750076291
3592,53592,Milan-MIL01.csv,88.5821022334423,44.29105111672115,Amsterdam-AMS03.csv,44.57983584721076
3593,53593,Milan-MIL01.csv,43.09382910169979,21.546914550849895,Amsterdam-AMS03.csv,34.056229322041716
3594,53594,Milan-MIL01.csv,171.10400595656003,85.55200297828002,Amsterdam-AMS03.csv,24.078231370449913
3595,53595,Milan-MIL01.csv,46.07648855604014,23.03824427802007,Frankfurt-FRA01.csv,22.07434351955253
3596,53596,Milan-MIL01.csv,53.44561281585863,26.722806407929315,Amsterdam-AMS03.csv,45.83143238429387
3597,53597,Milan-MIL01.csv,55.59285322087783,27.796426610438914,Frankfurt-FRA01.csv,46.674548962074795
3598,53598,Milan-MIL01.csv,44.077830923606534,22.038915461803267,Milan-MIL01.csv,44.077830923606534
3599,53599,Milan-MIL01.csv,83.37513950855778,41.68756975427889,Frankfurt-FRA01.csv,61.85809889521773
3600,53600,Milan-MIL01.csv,107.1781347367269,53.58906736836345,Amsterdam-AMS03.csv,29.001573112851908
3601,53601,Milan-MIL01.csv,35.63199773318339,17.815998866591695,Amsterdam-AMS03.csv,33.440020925423845
3602,53602,Milan-MIL01.csv,66.46300120964348,33.23150060482174,Amsterdam-AMS03.csv,42.4853542283855
3603,53603,Milan-MIL01.csv,61.370215569479335,30.685107784739667,Frankfurt-FRA01.csv,17.797218258250815
3604,53604,Milan-MIL01.csv,53.24394712097792,26.62197356048896,Frankfurt-FRA01.csv,25.04293923276229
3605,53605,Milan-MIL01.csv,43.95667137346735,21.978335686733676,Milan-MIL01.csv,43.95667137346735
3606,53606,Milan-MIL01.csv,48.97123971297962,24.48561985648981,Amsterdam-AMS03.csv,35.63621367961469
3607,53607,Milan-MIL01.csv,30.362410369715636,15.181205184857818,Milan-MIL01.csv,30.362410369715636
3608,53608,Milan-MIL01.csv,37.251897194447324,18.625948597223662,Frankfurt-FRA01.csv,35.8042091385271
3609,53609,Milan-MIL01.csv,52.793906035788496,26.396953017894248,Amsterdam-AMS03.csv,28.623262289396816
3610,53610,Milan-MIL01.csv,72.0715390412586,36.0357695206293,Frankfurt-FRA01.csv,20.501586704740276
3611,53611,Milan-MIL01.csv,69.73609496441009,34.86804748220504,Amsterdam-AMS03.csv,28.10843120320599
3612,53612,Milan-MIL01.csv,80.87110617281377,40.435553086406884,Frankfurt-FRA01.csv,35.57871602280135
3613,53613,Milan-MIL01.csv,72.69859382663833,36.349296913319165,Frankfurt-FRA01.csv,46.676061096021954
3614,53614,Milan-MIL01.csv,25.462937816639926,12.731468908319963,Milan-MIL01.csv,25.462937816639926
3615,53615,Milan-MIL01.csv,117.440788272368,58.720394136184,Frankfurt-FRA01.csv,41.074203756562824
3616,53616,Milan-MIL01.csv,100.99657216939067,50.49828608469534,Frankfurt-FRA01.csv,52.93783275201264
3617,53617,Milan-MIL01.csv,69.20853246611868,34.60426623305934,Amsterdam-AMS03.csv,46.38969194770636
3618,53618,Milan-MIL01.csv,40.470762400025606,20.235381200012803,Amsterdam-AMS03.csv,35.055535913644746
3619,53619,Milan-MIL01.csv,55.71010836530786,27.85505418265393,Milan-MIL01.csv,55.71010836530786
3620,53620,Milan-MIL01.csv,23.77609946126556,11.88804973063278,Milan-MIL01.csv,23.77609946126556
3621,53621,Milan-MIL01.csv,46.94891270312771,23.474456351563855,Milan-MIL01.csv,46.94891270312771
3622,53622,Milan-MIL01.csv,107.78144060988757,53.890720304943784,Amsterdam-AMS03.csv,54.08683342944888
3623,53623,Milan-MIL01.csv,57.2411756462609,28.62058782313045,Amsterdam-AMS03.csv,37.69082713399583
3624,53624,Milan-MIL01.csv,28.875275236195222,14.437637618097611,Milan-MIL01.csv,28.875275236195222
3625,53625,Milan-MIL01.csv,28.532884463794357,14.266442231897178,Milan-MIL01.csv,28.532884463794357
3626,53626,Milan-MIL01.csv,82.02544468240563,41.01272234120282,Amsterdam-AMS03.csv,30.64314404144777
3627,53627,Milan-MIL01.csv,36.628786692939215,18.314393346469608,Frankfurt-FRA01.csv,27.355479266876195
3628,53628,Milan-MIL01.csv,55.79591853578914,27.89795926789457,Frankfurt-FRA01.csv,44.01300011379191
3629,53629,Milan-MIL01.csv,42.18520682377189,21.092603411885946,Milan-MIL01.csv,42.18520682377189
3630,53630,Milan-MIL01.csv,19.508795454235145,9.754397727117572,Milan-MIL01.csv,19.508795454235145
3631,53631,Milan-MIL01.csv,33.460979410305,16.7304897051525,Amsterdam-AMS03.csv,26.313678677743308
3632,53632,Milan-MIL01.csv,50.34028022848839,25.170140114244195,Milan-MIL01.csv,50.34028022848839
3633,53633,Milan-MIL01.csv,43.99587865522911,21.997939327614557,Amsterdam-AMS03.csv,37.95344721187788
3634,53634,Milan-MIL01.csv,96.9789883567059,48.48949417835295,Amsterdam-AMS03.csv,28.209573507567523
3635,53635,Milan-MIL01.csv,83.00940386585886,41.50470193292943,Amsterdam-AMS03.csv,42.66224525689409
3636,53636,Milan-MIL01.csv,46.123575446031964,23.061787723015982,Milan-MIL01.csv,46.123575446031964
3637,53637,Milan-MIL01.csv,75.2563232824048,37.6281616412024,Frankfurt-FRA01.csv,47.0649019554347
3638,53638,Milan-MIL01.csv,44.046051054799136,22.023025527399568,Milan-MIL01.csv,44.046051054799136
3639,53639,Milan-MIL01.csv,128.9405261706658,64.4702630853329,Amsterdam-AMS03.csv,56.8249604115582
3640,53640,Milan-MIL01.csv,44.96710434924296,22.48355217462148,Frankfurt-FRA01.csv,21.283645064579986
3641,53641,Milan-MIL01.csv,66.2783372113273,33.13916860566365,Amsterdam-AMS03.csv,55.45628082801122
3642,53642,Milan-MIL01.csv,46.40968066270779,23.204840331353896,Milan-MIL01.csv,46.40968066270779
3643,53643,Milan-MIL01.csv,70.52012016283852,35.26006008141926,Frankfurt-FRA01.csv,37.52820944559839
3644,53644,Milan-MIL01.csv,54.739599567631146,27.369799783815573,Frankfurt-FRA01.csv,46.86041235926873
3645,53645,Milan-MIL01.csv,70.82056748870119,35.41028374435059,Amsterdam-AMS03.csv,25.59955891421709
3646,53646,Milan-MIL01.csv,60.46682354074638,30.23341177037319,Amsterdam-AMS03.csv,32.04802561115401
3647,53647,Milan-MIL01.csv,79.96252811804743,39.981264059023715,Amsterdam-AMS03.csv,56.35163195473916
3648,53648,Milan-MIL01.csv,102.88635083846461,51.443175419232304,Frankfurt-FRA01.csv,29.445404461597246
3649,53649,Milan-MIL01.csv,66.00128537628177,33.000642688140886,Frankfurt-FRA01.csv,45.269403082871406
3650,53650,Milan-MIL01.csv,90.44123617619492,45.22061808809746,Amsterdam-AMS03.csv,29.833889708601856
3651,53651,Milan-MIL01.csv,59.16721867518712,29.58360933759356,Frankfurt-FRA01.csv,41.40401355092176
3652,53652,Milan-MIL01.csv,99.99811753158275,49.999058765791375,Frankfurt-FRA01.csv,36.607032315874584
3653,53653,Milan-MIL01.csv,43.60594374412506,21.80297187206253,Frankfurt-FRA01.csv,42.76926545884464
3654,53654,Milan-MIL01.csv,33.074520970961714,16.537260485480857,Milan-MIL01.csv,33.074520970961714
3655,53655,Milan-MIL01.csv,35.6131923987583,17.80659619937915,Milan-MIL01.csv,35.6131923987583
3656,53656,Milan-MIL01.csv,123.18967311927064,61.59483655963532,Amsterdam-AMS03.csv,37.61698826209894
3657,53657,Milan-MIL01.csv,70.74251531130186,35.37125765565093,Amsterdam-AMS03.csv,36.27749429640468
3658,53658,Milan-MIL01.csv,30.7765090768529,15.38825453842645,Milan-MIL01.csv,30.7765090768529
3659,53659,Milan-MIL01.csv,34.43825871896223,17.219129359481116,Milan-MIL01.csv,34.43825871896223
3660,53660,Milan-MIL01.csv,56.52415899857431,28.262079499287154,Frankfurt-FRA01.csv,32.99729031757822
3661,53661,Milan-MIL01.csv,48.037646874924015,24.018823437462007,Milan-MIL01.csv,48.037646874924015
3662,53662,Milan-MIL01.csv,22.35248024508645,11.176240122543225,Milan-MIL01.csv,22.35248024508645
3663,53663,Milan-MIL01.csv,99.7664869163571,49.88324345817855,Amsterdam-AMS03.csv,24.037620240549394
3664,53664,Milan-MIL01.csv,57.63029612152636,28.81514806076318,Frankfurt-FRA01.csv,29.443632295162885
3665,53665,Milan-MIL01.csv,35.16912357667048,17.58456178833524,Milan-MIL01.csv,35.16912357667048
3666,53666,Milan-MIL01.csv,99.96662545780256,49.98331272890128,Frankfurt-FRA01.csv,44.40848896737047
3667,53667,Milan-MIL01.csv,63.98859186076556,31.99429593038278,Frankfurt-FRA01.csv,50.42470131481441
3668,53668,Milan-MIL01.csv,38.96211557654269,19.481057788271347,Amsterdam-AMS03.csv,27.412338219653442
3669,53669,Milan-MIL01.csv,54.61067333771873,27.305336668859365,Frankfurt-FRA01.csv,49.36942428002886
3670,53670,Milan-MIL01.csv,78.7595786399718,39.3797893199859,Amsterdam-AMS03.csv,27.28933938383091
3671,53671,Milan-MIL01.csv,109.59583921361352,54.79791960680676,Amsterdam-AMS03.csv,54.88263816005689
3672,53672,Milan-MIL01.csv,62.066997678014964,31.033498839007482,Milan-MIL01.csv,62.066997678014964
3673,53673,Milan-MIL01.csv,80.43468002242179,40.217340011210894,Frankfurt-FRA01.csv,33.619193924315205
3674,53674,Milan-MIL01.csv,37.72884815116223,18.864424075581116,Amsterdam-AMS03.csv,29.21547989726082
3675,53675,Milan-MIL01.csv,51.450775064913394,25.725387532456697,Amsterdam-AMS03.csv,34.25818919131409
3676,53676,Milan-MIL01.csv,31.71555057600316,15.85777528800158,Milan-MIL01.csv,31.71555057600316
3677,53677,Milan-MIL01.csv,41.894896010509974,20.947448005254987,Amsterdam-AMS03.csv,41.59393325170023
3678,53678,Milan-MIL01.csv,53.81130405602644,26.90565202801322,Milan-MIL01.csv,53.81130405602644
3679,53679,Milan-MIL01.csv,77.01393504838667,38.506967524193335,Amsterdam-AMS03.csv,37.90801796150117
3680,53680,Milan-MIL01.csv,48.021931950327165,24.010965975163582,Frankfurt-FRA01.csv,14.644978997808304
3681,53681,Milan-MIL01.csv,38.37800882220368,19.18900441110184,Milan-MIL01.csv,38.37800882220368
3682,53682,Milan-MIL01.csv,98.79632107488791,49.39816053744396,Amsterdam-AMS03.csv,31.114613409497043
3683,53683,Milan-MIL01.csv,42.02985082884528,21.01492541442264,Milan-MIL01.csv,42.02985082884528
3684,53684,Milan-MIL01.csv,78.81335365715826,39.40667682857913,Amsterdam-AMS03.csv,33.70233597719823
3685,53685,Milan-MIL01.csv,66.05536183193374,33.02768091596687,Frankfurt-FRA01.csv,35.04644033648241
3686,53686,Milan-MIL01.csv,34.188613040988464,17.094306520494232,Frankfurt-FRA01.csv,31.05472428534562
3687,53687,Milan-MIL01.csv,76.64498956497195,38.322494782485975,Amsterdam-AMS03.csv,37.10241575495702
3688,53688,Milan-MIL01.csv,74.9071434082947,37.45357170414735,Amsterdam-AMS03.csv,38.340483854311685
3689,53689,Milan-MIL01.csv,67.08970243627876,33.54485121813938,Amsterdam-AMS03.csv,34.32471302324652
3690,53690,Milan-MIL01.csv,69.10775335099365,34.553876675496824,Amsterdam-AMS03.csv,33.4524399948976
3691,53691,Milan-MIL01.csv,57.12551221089083,28.562756105445416,Amsterdam-AMS03.csv,28.90239430921139
3692,53692,Milan-MIL01.csv,48.5105555814506,24.2552777907253,Amsterdam-AMS03.csv,44.62259946451698
3693,53693,Milan-MIL01.csv,58.08224280552781,29.041121402763906,Amsterdam-AMS03.csv,36.98119164224777
3694,53694,Milan-MIL01.csv,69.7802819787639,34.89014098938195,Amsterdam-AMS03.csv,44.822961939700484
3695,53695,Milan-MIL01.csv,63.04063749599954,31.52031874799977,Amsterdam-AMS03.csv,44.92358903383976
3696,53696,Milan-MIL01.csv,41.322385199438976,20.661192599719488,Milan-MIL01.csv,41.322385199438976
3697,53697,Milan-MIL01.csv,37.49845090199982,18.74922545099991,Milan-MIL01.csv,37.49845090199982
3698,53698,Milan-MIL01.csv,139.51716080910393,69.75858040455196,Frankfurt-FRA01.csv,41.66634059992472
3699,53699,Milan-MIL01.csv,65.12638659570766,32.56319329785383,Frankfurt-FRA01.csv,56.35674052832305
3700,53700,Milan-MIL01.csv,46.28179785428331,23.140898927141656,Milan-MIL01.csv,46.28179785428331
3701,53701,Milan-MIL01.csv,133.876150557592,66.938075278796,Amsterdam-AMS03.csv,47.860794060903814
3702,53702,Milan-MIL01.csv,24.256326229413144,12.128163114706572,Milan-MIL01.csv,24.256326229413144
3703,53703,Milan-MIL01.csv,46.18449864103742,23.09224932051871,Milan-MIL01.csv,46.18449864103742
3704,53704,Milan-MIL01.csv,126.34035566487513,63.17017783243757,Amsterdam-AMS03.csv,41.90613430041066
3705,53705,Milan-MIL01.csv,59.102400959765625,29.551200479882812,Frankfurt-FRA01.csv,56.018552632415854
3706,53706,Milan-MIL01.csv,105.4266950656232,52.7133475328116,Frankfurt-FRA01.csv,43.2034079850819
3707,53707,Milan-MIL01.csv,90.10295944560819,45.051479722804096,Amsterdam-AMS03.csv,37.36342798275064
3708,53708,Milan-MIL01.csv,130.6378186282186,65.3189093141093,Frankfurt-FRA01.csv,33.010857494231
3709,53709,Milan-MIL01.csv,76.16186732206411,38.080933661032056,Amsterdam-AMS03.csv,36.73888029497299
3710,53710,Milan-MIL01.csv,79.82046252773851,39.91023126386926,Frankfurt-FRA01.csv,32.904389406432564
3711,53711,Milan-MIL01.csv,63.03102551166039,31.515512755830194,Amsterdam-AMS03.csv,25.00954083323268
3712,53712,Milan-MIL01.csv,67.68001688466272,33.84000844233136,Amsterdam-AMS03.csv,47.92307025937403
3713,53713,Milan-MIL01.csv,133.53213811950064,66.76606905975032,Amsterdam-AMS03.csv,42.48784745678416
3714,53714,Milan-MIL01.csv,57.70366724190447,28.851833620952235,Amsterdam-AMS03.csv,26.590011397520406
3715,53715,Milan-MIL01.csv,77.30975395213034,38.65487697606517,Amsterdam-AMS03.csv,41.685130825115436
3716,53716,Milan-MIL01.csv,45.47882692189682,22.73941346094841,Frankfurt-FRA01.csv,32.6841819256465
3717,53717,Milan-MIL01.csv,60.40032459418914,30.20016229709457,Frankfurt-FRA01.csv,28.79759271801407
3718,53718,Milan-MIL01.csv,61.756254031282396,30.878127015641198,Frankfurt-FRA01.csv,48.406975200465006
3719,53719,Milan-MIL01.csv,37.528287122816394,18.764143561408197,Amsterdam-AMS03.csv,33.40376582340348
3720,53720,Milan-MIL01.csv,38.08598607398908,19.04299303699454,Milan-MIL01.csv,38.08598607398908
3721,53721,Milan-MIL01.csv,30.021888448867323,15.010944224433661,Milan-MIL01.csv,30.021888448867323
3722,53722,Milan-MIL01.csv,139.9947955366412,69.9973977683206,Amsterdam-AMS03.csv,27.331033045634328
3723,53723,Milan-MIL01.csv,64.6119368123568,32.3059684061784,Amsterdam-AMS03.csv,35.95321281268219
3724,53724,Milan-MIL01.csv,78.97685096051264,39.48842548025632,Amsterdam-AMS03.csv,58.727403457041966
3725,53725,Milan-MIL01.csv,53.72636730009841,26.863183650049205,Frankfurt-FRA01.csv,29.587399737314456
3726,53726,Milan-MIL01.csv,44.44671629228472,22.22335814614236,Frankfurt-FRA01.csv,40.902312910604984
3727,53727,Milan-MIL01.csv,143.01377329758841,71.50688664879421,Frankfurt-FRA01.csv,86.14153614243493
3728,53728,Milan-MIL01.csv,51.533823372452936,25.766911686226468,Amsterdam-AMS03.csv,47.35943969909398
3729,53729,Milan-MIL01.csv,43.51633208093501,21.758166040467504,Milan-MIL01.csv,43.51633208093501
3730,53730,Milan-MIL01.csv,105.28566637245487,52.642833186227435,Frankfurt-FRA01.csv,38.709752201103235
3731,53731,Milan-MIL01.csv,55.533883679482386,27.766941839741193,Amsterdam-AMS03.csv,44.697406191676286
3732,53732,Milan-MIL01.csv,106.20385133986257,53.10192566993128,Frankfurt-FRA01.csv,36.20026645145178
3733,53733,Milan-MIL01.csv,57.385326640964074,28.692663320482037,Frankfurt-FRA01.csv,22.44253979719351
3734,53734,Milan-MIL01.csv,43.51482437310144,21.75741218655072,Frankfurt-FRA01.csv,37.515684521468685
3735,53735,Milan-MIL01.csv,41.20792551469952,20.60396275734976,Milan-MIL01.csv,41.20792551469952
3736,53736,Milan-MIL01.csv,43.49360868289587,21.746804341447934,Milan-MIL01.csv,43.49360868289587
3737,53737,Milan-MIL01.csv,24.007398449018517,12.003699224509258,Milan-MIL01.csv,24.007398449018517
3738,53738,Milan-MIL01.csv,75.33725810458313,37.668629052291564,Frankfurt-FRA01.csv,23.361102574429797
3739,53739,Milan-MIL01.csv,42.060110818275945,21.030055409137972,Amsterdam-AMS03.csv,29.763247794361767
3740,53740,Milan-MIL01.csv,55.92390196628193,27.961950983140966,Amsterdam-AMS03.csv,30.257582349237506
3741,53741,Milan-MIL01.csv,22.501028256235678,11.250514128117839,Milan-MIL01.csv,22.501028256235678
3742,53742,Milan-MIL01.csv,49.821409685613034,24.910704842806517,Amsterdam-AMS03.csv,49.26122746384034
3743,53743,Milan-MIL01.csv,67.20344847192861,33.601724235964305,Frankfurt-FRA01.csv,26.63191315510729
3744,53744,Milan-MIL01.csv,98.79572992930127,49.39786496465064,Frankfurt-FRA01.csv,37.54453637254347
3745,53745,Milan-MIL01.csv,69.16172440899346,34.58086220449673,Amsterdam-AMS03.csv,33.28853292444015
3746,53746,Milan-MIL01.csv,41.42262375502432,20.71131187751216,Frankfurt-FRA01.csv,36.17376936146201
3747,53747,Milan-MIL01.csv,97.42039074715484,48.71019537357742,Frankfurt-FRA01.csv,43.538523162440924
3748,53748,Milan-MIL01.csv,60.99085662328833,30.495428311644165,Amsterdam-AMS03.csv,33.16561268362168
3749,53749,Milan-MIL01.csv,71.00464924890089,35.502324624450445,Milan-MIL01.csv,71.00464924890089
3750,53750,Milan-MIL01.csv,65.75103999790423,32.875519998952115,Frankfurt-FRA01.csv,36.0356261614968
3751,53751,Milan-MIL01.csv,49.44396834596341,24.721984172981706,Amsterdam-AMS03.csv,29.216226389945376
3752,53752,Milan-MIL01.csv,80.14483665661312,40.07241832830656,Frankfurt-FRA01.csv,34.71007807328722
3753,53753,Milan-MIL01.csv,34.94525123350776,17.47262561675388,Amsterdam-AMS03.csv,31.727427290944792
3754,53754,Milan-MIL01.csv,29.797345459649854,14.898672729824927,Milan-MIL01.csv,29.797345459649854
3755,53755,Milan-MIL01.csv,140.9544619782008,70.4772309891004,Frankfurt-FRA01.csv,22.576668303866143
3756,53756,Milan-MIL01.csv,61.657396511023144,30.828698255511572,Amsterdam-AMS03.csv,44.935366224388005
3757,53757,Milan-MIL01.csv,47.829819156511405,23.914909578255703,Amsterdam-AMS03.csv,32.93942899503322
3758,53758,Milan-MIL01.csv,39.71224169780995,19.856120848904975,Milan-MIL01.csv,39.71224169780995
3759,53759,Milan-MIL01.csv,40.62588367424114,20.31294183712057,Amsterdam-AMS03.csv,27.52875007435146
3760,53760,Milan-MIL01.csv,63.615304772693555,31.807652386346778,Amsterdam-AMS03.csv,36.16551403324442
3761,53761,Milan-MIL01.csv,19.989471821094785,9.994735910547393,Milan-MIL01.csv,19.989471821094785
3762,53762,Milan-MIL01.csv,53.10640894015237,26.553204470076185,Milan-MIL01.csv,53.10640894015237
3763,53763,Milan-MIL01.csv,70.56095075711491,35.280475378557455,Frankfurt-FRA01.csv,62.000490526581686
3764,53764,Milan-MIL01.csv,56.20400559283957,28.102002796419786,Frankfurt-FRA01.csv,49.84851850710426
3765,53765,Milan-MIL01.csv,40.50403818979064,20.25201909489532,Amsterdam-AMS03.csv,34.48759719426596
3766,53766,Milan-MIL01.csv,36.63879437934596,18.31939718967298,Amsterdam-AMS03.csv,26.934387640481663
3767,53767,Milan-MIL01.csv,73.09380052427899,36.546900262139495,Frankfurt-FRA01.csv,46.23777171133993
3768,53768,Milan-MIL01.csv,82.96337415779766,41.48168707889883,Amsterdam-AMS03.csv,26.881132312523814
3769,53769,Milan-MIL01.csv,77.97804749242502,38.98902374621251,Frankfurt-FRA01.csv,35.1710568417187
3770,53770,Milan-MIL01.csv,36.26899602971703,18.134498014858515,Milan-MIL01.csv,36.26899602971703
3771,53771,Milan-MIL01.csv,112.97176581216873,56.48588290608436,Amsterdam-AMS03.csv,26.269237586724433
3772,53772,Milan-MIL01.csv,42.69951435697504,21.34975717848752,Milan-MIL01.csv,42.69951435697504
3773,53773,Milan-MIL01.csv,26.865213824924037,13.432606912462019,Milan-MIL01.csv,26.865213824924037
3774,53774,Milan-MIL01.csv,59.325642660556625,29.662821330278312,Amsterdam-AMS03.csv,27.53750486682553
3775,53775,Milan-MIL01.csv,68.9990249995257,34.49951249976285,Amsterdam-AMS03.csv,18.036377755578734
3776,53776,Milan-MIL01.csv,31.92772079603399,15.963860398016996,Milan-MIL01.csv,31.92772079603399
3777,53777,Milan-MIL01.csv,41.00153065524573,20.500765327622865,Amsterdam-AMS03.csv,39.39629751390289
3778,53778,Milan-MIL01.csv,116.52359686177607,58.261798430888035,Amsterdam-AMS03.csv,32.60543885701682
3779,53779,Milan-MIL01.csv,41.230072744579964,20.615036372289982,Milan-MIL01.csv,41.230072744579964
3780,53780,Milan-MIL01.csv,86.4239046164046,43.2119523082023,Frankfurt-FRA01.csv,36.272438957979105
3781,53781,Milan-MIL01.csv,73.9389235884447,36.96946179422235,Frankfurt-FRA01.csv,48.952802037498
3782,53782,Milan-MIL01.csv,28.582964156836077,14.291482078418039,Milan-MIL01.csv,28.582964156836077
3783,53783,Milan-MIL01.csv,17.85203706090695,8.926018530453476,Milan-MIL01.csv,17.85203706090695
3784,53784,Milan-MIL01.csv,37.879593134565326,18.939796567282663,Milan-MIL01.csv,37.879593134565326
3785,53785,Milan-MIL01.csv,91.03556620717801,45.517783103589004,Amsterdam-AMS03.csv,33.643416462745314
3786,53786,Milan-MIL01.csv,44.815948325221264,22.407974162610632,Frankfurt-FRA01.csv,33.14199547291335
3787,53787,Milan-MIL01.csv,152.50125194798625,76.25062597399312,Frankfurt-FRA01.csv,41.3417884230586
3788,53788,Milan-MIL01.csv,31.311023529007507,15.655511764503753,Milan-MIL01.csv,31.311023529007507
3789,53789,Milan-MIL01.csv,106.9401326967478,53.4700663483739,Amsterdam-AMS03.csv,23.687956251293734
3790,53790,Milan-MIL01.csv,71.06562535613602,35.53281267806801,Frankfurt-FRA01.csv,30.77361788257653
3791,53791,Milan-MIL01.csv,76.73159032404577,38.365795162022884,Amsterdam-AMS03.csv,25.756511561657312
3792,53792,Milan-MIL01.csv,76.76280210649095,38.381401053245476,Amsterdam-AMS03.csv,52.25135987747133
3793,53793,Milan-MIL01.csv,133.32594426849064,66.66297213424532,Amsterdam-AMS03.csv,34.39822490391365
3794,53794,Milan-MIL01.csv,56.82351952031419,28.411759760157096,Amsterdam-AMS03.csv,36.424514575233204
3795,53795,Milan-MIL01.csv,162.86790973762652,81.43395486881326,Frankfurt-FRA01.csv,37.10584014668247
3796,53796,Milan-MIL01.csv,42.621504725535445,21.310752362767722,Amsterdam-AMS03.csv,30.47550536362256
3797,53797,Milan-MIL01.csv,97.9219239725569,48.96096198627845,Frankfurt-FRA01.csv,50.13208712066491
3798,53798,Milan-MIL01.csv,67.64942169541138,33.82471084770569,Frankfurt-FRA01.csv,34.33511996605159
3799,53799,Milan-MIL01.csv,29.242666197906907,14.621333098953453,Milan-MIL01.csv,29.242666197906907
3800,53800,Milan-MIL01.csv,92.36082198748097,46.18041099374049,Amsterdam-AMS03.csv,49.44455575433379
3801,53801,Milan-MIL01.csv,28.583629257949543,14.291814628974771,Milan-MIL01.csv,28.583629257949543
3802,53802,Milan-MIL01.csv,39.12029610400633,19.560148052003164,Frankfurt-FRA01.csv,26.107668345035197
3803,53803,Milan-MIL01.csv,205.23336747629935,102.61668373814967,Amsterdam-AMS03.csv,40.147925263207476
3804,53804,Milan-MIL01.csv,53.04168021608051,26.520840108040254,Amsterdam-AMS03.csv,36.59021993082199
3805,53805,Milan-MIL01.csv,85.72225001528854,42.86112500764427,Frankfurt-FRA01.csv,17.86036367881834
3806,53806,Milan-MIL01.csv,48.71258858923156,24.35629429461578,Amsterdam-AMS03.csv,25.005068082412663
3807,53807,Milan-MIL01.csv,37.83171577889079,18.915857889445395,Amsterdam-AMS03.csv,25.265763989561304
3808,53808,Milan-MIL01.csv,56.115835021435835,28.057917510717918,Amsterdam-AMS03.csv,20.68737755322485
3809,53809,Milan-MIL01.csv,136.39345322279087,68.19672661139543,Amsterdam-AMS03.csv,31.780573608967536
3810,53810,Milan-MIL01.csv,51.704704613231115,25.852352306615558,Amsterdam-AMS03.csv,23.9406962214151
3811,53811,Milan-MIL01.csv,47.471634234795566,23.735817117397783,Amsterdam-AMS03.csv,24.735237839378502
3812,53812,Milan-MIL01.csv,72.73969755425124,36.36984877712562,Frankfurt-FRA01.csv,41.33651482087405
3813,53813,Milan-MIL01.csv,48.035221341849734,24.017610670924867,Amsterdam-AMS03.csv,24.91065313007461
3814,53814,Milan-MIL01.csv,68.69001999347817,34.34500999673909,Frankfurt-FRA01.csv,36.297679422591564
3815,53815,Milan-MIL01.csv,102.30364390090436,51.15182195045218,Frankfurt-FRA01.csv,56.28917033027579
3816,53816,Milan-MIL01.csv,32.00310104738428,16.00155052369214,Milan-MIL01.csv,32.00310104738428
3817,53817,Milan-MIL01.csv,43.90339099548002,21.95169549774001,Amsterdam-AMS03.csv,28.67545522972895
3818,53818,Milan-MIL01.csv,39.408861950348836,19.704430975174418,Milan-MIL01.csv,39.408861950348836
3819,53819,Milan-MIL01.csv,34.87100013170497,17.435500065852484,Amsterdam-AMS03.csv,29.57080954520093
3820,53820,Milan-MIL01.csv,67.07795969185855,33.538979845929276,Amsterdam-AMS03.csv,34.254523242748014
3821,53821,Milan-MIL01.csv,39.9459940222567,19.97299701112835,Milan-MIL01.csv,39.9459940222567
3822,53822,Milan-MIL01.csv,29.702519448192383,14.851259724096192,Milan-MIL01.csv,29.702519448192383
3823,53823,Milan-MIL01.csv,20.35204188729925,10.176020943649625,Milan-MIL01.csv,20.35204188729925
3824,53824,Milan-MIL01.csv,53.63677576057361,26.818387880286807,Frankfurt-FRA01.csv,46.24234709286058
3825,53825,Milan-MIL01.csv,41.4479950129011,20.72399750645055,Amsterdam-AMS03.csv,37.96874533447326
3826,53826,Milan-MIL01.csv,47.81562689045565,23.907813445227823,Frankfurt-FRA01.csv,31.06884241688789
3827,53827,Milan-MIL01.csv,31.409725839692733,15.704862919846367,Milan-MIL01.csv,31.409725839692733
3828,53828,Milan-MIL01.csv,29.167582381085065,14.583791190542533,Milan-MIL01.csv,29.167582381085065
3829,53829,Milan-MIL01.csv,59.905909341138454,29.952954670569227,Frankfurt-FRA01.csv,49.51091036886658
3830,53830,Milan-MIL01.csv,51.385980018270786,25.692990009135393,Amsterdam-AMS03.csv,19.703190071786864
3831,53831,Milan-MIL01.csv,41.15557249783164,20.57778624891582,Milan-MIL01.csv,41.15557249783164
3832,53832,Milan-MIL01.csv,49.732412437232234,24.866206218616117,Amsterdam-AMS03.csv,33.791742233599784
3833,53833,Milan-MIL01.csv,41.16154030870699,20.580770154353495,Frankfurt-FRA01.csv,35.97599745449651
3834,53834,Milan-MIL01.csv,22.406820498383915,11.203410249191958,Milan-MIL01.csv,22.406820498383915
3835,53835,Milan-MIL01.csv,63.476989632890565,31.738494816445282,Amsterdam-AMS03.csv,28.19825101194455
3836,53836,Milan-MIL01.csv,63.994239025754645,31.997119512877322,Amsterdam-AMS03.csv,45.95182820180194
3837,53837,Milan-MIL01.csv,138.1317064174295,69.06585320871476,Amsterdam-AMS03.csv,65.821121541262
3838,53838,Milan-MIL01.csv,72.98554517837012,36.49277258918506,Frankfurt-FRA01.csv,44.89253780134674
3839,53839,Milan-MIL01.csv,34.07459417425231,17.037297087126156,Milan-MIL01.csv,34.07459417425231
3840,53840,Milan-MIL01.csv,32.47471542023755,16.237357710118776,Milan-MIL01.csv,32.47471542023755
3841,53841,Milan-MIL01.csv,33.50622827032372,16.75311413516186,Milan-MIL01.csv,33.50622827032372
3842,53842,Milan-MIL01.csv,59.51398797371969,29.756993986859847,Frankfurt-FRA01.csv,33.516519864933215
3843,53843,Milan-MIL01.csv,75.02331875168485,37.51165937584243,Amsterdam-AMS03.csv,39.62954681052909
3844,53844,Milan-MIL01.csv,29.227113815887197,14.613556907943599,Milan-MIL01.csv,29.227113815887197
3845,53845,Milan-MIL01.csv,61.232542869952866,30.616271434976433,Amsterdam-AMS03.csv,30.91533078858089
3846,53846,Milan-MIL01.csv,40.83580914061149,20.417904570305744,Amsterdam-AMS03.csv,33.50497458707557
3847,53847,Milan-MIL01.csv,80.61047819859574,40.30523909929787,Amsterdam-AMS03.csv,31.84805536925814
3848,53848,Milan-MIL01.csv,49.23121642788693,24.615608213943464,Frankfurt-FRA01.csv,34.27106730253457
3849,53849,Milan-MIL01.csv,101.73398487795899,50.866992438979494,Amsterdam-AMS03.csv,32.63679963540795
3850,53850,Milan-MIL01.csv,49.3163277281339,24.65816386406695,Amsterdam-AMS03.csv,47.15843934018452
3851,53851,Milan-MIL01.csv,107.43465080266238,53.71732540133119,Frankfurt-FRA01.csv,28.541411221933597
3852,53852,Milan-MIL01.csv,32.9383468254182,16.4691734127091,Milan-MIL01.csv,32.9383468254182
3853,53853,Milan-MIL01.csv,25.827191380975414,12.913595690487707,Milan-MIL01.csv,25.827191380975414
3854,53854,Milan-MIL01.csv,32.65087007918532,16.32543503959266,Milan-MIL01.csv,32.65087007918532
3855,53855,Milan-MIL01.csv,36.64566718004859,18.322833590024295,Amsterdam-AMS03.csv,33.34656557738661
3856,53856,Milan-MIL01.csv,34.5749269234726,17.2874634617363,Amsterdam-AMS03.csv,23.707989698018437
3857,53857,Milan-MIL01.csv,43.77482561970361,21.887412809851806,Amsterdam-AMS03.csv,38.14880830734179
3858,53858,Milan-MIL01.csv,62.04929189692693,31.024645948463466,Frankfurt-FRA01.csv,45.28368319080946
3859,53859,Milan-MIL01.csv,86.19832211871393,43.099161059356966,Frankfurt-FRA01.csv,46.9541281920783
3860,53860,Milan-MIL01.csv,85.6130221898097,42.80651109490485,Amsterdam-AMS03.csv,52.904149836542736
3861,53861,Milan-MIL01.csv,47.94572851153189,23.972864255765945,Milan-MIL01.csv,47.94572851153189
3862,53862,Milan-MIL01.csv,68.46876417553489,34.23438208776744,Frankfurt-FRA01.csv,45.64180150858361
3863,53863,Milan-MIL01.csv,72.17555606494707,36.08777803247354,Amsterdam-AMS03.csv,55.215391477958136
3864,53864,Milan-MIL01.csv,46.47954776954956,23.23977388477478,Amsterdam-AMS03.csv,34.15529290411627
3865,53865,Milan-MIL01.csv,34.38209657537795,17.191048287688975,Milan-MIL01.csv,34.38209657537795
3866,53866,Milan-MIL01.csv,38.239718113403136,19.119859056701568,Frankfurt-FRA01.csv,32.44219356841258
3867,53867,Milan-MIL01.csv,45.950077685106876,22.975038842553438,Amsterdam-AMS03.csv,30.382132115742213
3868,53868,Milan-MIL01.csv,81.6726531471567,40.83632657357835,Amsterdam-AMS03.csv,19.757446510312814
3869,53869,Milan-MIL01.csv,29.26512114080459,14.632560570402296,Milan-MIL01.csv,29.26512114080459
3870,53870,Milan-MIL01.csv,60.648539361856386,30.324269680928193,Amsterdam-AMS03.csv,34.52368311640019
3871,53871,Milan-MIL01.csv,52.952636257546125,26.476318128773062,Frankfurt-FRA01.csv,31.84417051405389
3872,53872,Milan-MIL01.csv,90.32067545870309,45.160337729351546,Amsterdam-AMS03.csv,41.67448909633737
3873,53873,Milan-MIL01.csv,42.420178660602716,21.210089330301358,Amsterdam-AMS03.csv,17.906758377849734
3874,53874,Milan-MIL01.csv,73.41497472679208,36.70748736339604,Amsterdam-AMS03.csv,25.820651851103037
3875,53875,Milan-MIL01.csv,33.7184506442041,16.85922532210205,Milan-MIL01.csv,33.7184506442041
3876,53876,Milan-MIL01.csv,20.614530533162522,10.307265266581261,Milan-MIL01.csv,20.614530533162522
3877,53877,Milan-MIL01.csv,49.1182219176328,24.5591109588164,Amsterdam-AMS03.csv,37.1512000182197
3878,53878,Milan-MIL01.csv,32.930604757508355,16.465302378754178,Milan-MIL01.csv,32.930604757508355
3879,53879,Milan-MIL01.csv,20.174019050103006,10.087009525051503,Milan-MIL01.csv,20.174019050103006
3880,53880,Milan-MIL01.csv,90.1813260835114,45.0906630417557,Amsterdam-AMS03.csv,31.00837409665481
3881,53881,Milan-MIL01.csv,66.60582032769896,33.30291016384948,Amsterdam-AMS03.csv,34.848334003489995
3882,53882,Milan-MIL01.csv,52.02783045000037,26.013915225000186,Frankfurt-FRA01.csv,33.4441563634642
3883,53883,Milan-MIL01.csv,84.94663900555163,42.473319502775816,Amsterdam-AMS03.csv,45.34618162565608
3884,53884,Milan-MIL01.csv,125.08495888779966,62.54247944389983,Frankfurt-FRA01.csv,56.63616730669751
3885,53885,Milan-MIL01.csv,85.66523247698791,42.832616238493955,Amsterdam-AMS03.csv,48.84291986069679
3886,53886,Milan-MIL01.csv,101.29685681539577,50.648428407697885,Frankfurt-FRA01.csv,25.101572802569986
3887,53887,Milan-MIL01.csv,28.352405871797824,14.176202935898912,Amsterdam-AMS03.csv,25.853983282983194
3888,53888,Milan-MIL01.csv,16.770028624030864,8.385014312015432,Milan-MIL01.csv,16.770028624030864
3889,53889,Milan-MIL01.csv,40.128447647414724,20.064223823707362,Milan-MIL01.csv,40.128447647414724
3890,53890,Milan-MIL01.csv,62.751790729274546,31.375895364637273,Frankfurt-FRA01.csv,48.952670431355436
3891,53891,Milan-MIL01.csv,32.60467991153224,16.30233995576612,Milan-MIL01.csv,32.60467991153224
3892,53892,Milan-MIL01.csv,32.74128192145034,16.37064096072517,Frankfurt-FRA01.csv,19.781028254213265
3893,53893,Milan-MIL01.csv,125.84430740830649,62.922153704153246,Frankfurt-FRA01.csv,30.2954680413637
3894,53894,Milan-MIL01.csv,21.537583014475278,10.768791507237639,Milan-MIL01.csv,21.537583014475278
3895,53895,Milan-MIL01.csv,74.68462614123577,37.342313070617884,Amsterdam-AMS03.csv,39.04474250196546
3896,53896,Milan-MIL01.csv,34.66630210138768,17.33315105069384,Milan-MIL01.csv,34.66630210138768
3897,53897,Milan-MIL01.csv,46.71772040946303,23.358860204731513,Frankfurt-FRA01.csv,26.218449637852178
3898,53898,Milan-MIL01.csv,66.36151323594811,33.180756617974055,Frankfurt-FRA01.csv,29.45875258327984
3899,53899,Milan-MIL01.csv,82.96152610749627,41.480763053748134,Amsterdam-AMS03.csv,33.16582967823718
3900,53900,Milan-MIL01.csv,10.1825872871873,5.09129364359365,Milan-MIL01.csv,10.1825872871873
3901,53901,Milan-MIL01.csv,59.12740469665255,29.563702348326274,Amsterdam-AMS03.csv,52.1437696794863
3902,53902,Milan-MIL01.csv,71.39252106760524,35.69626053380262,Amsterdam-AMS03.csv,47.264090264365805
3903,53903,Milan-MIL01.csv,26.402274105750667,13.201137052875334,Milan-MIL01.csv,26.402274105750667
3904,53904,Milan-MIL01.csv,29.708059559716727,14.854029779858363,Milan-MIL01.csv,29.708059559716727
3905,53905,Milan-MIL01.csv,24.982028106922183,12.491014053461091,Milan-MIL01.csv,24.982028106922183
3906,53906,Milan-MIL01.csv,52.08889524349376,26.04444762174688,Frankfurt-FRA01.csv,38.42705604578878
3907,53907,Milan-MIL01.csv,103.9718009782404,51.9859004891202,Frankfurt-FRA01.csv,51.76401073756367
3908,53908,Milan-MIL01.csv,75.0720436612829,37.53602183064145,Frankfurt-FRA01.csv,38.908718309997404
3909,53909,Milan-MIL01.csv,60.26091419530559,30.130457097652794,Amsterdam-AMS03.csv,37.281597871121015
3910,53910,Milan-MIL01.csv,31.614431134841624,15.807215567420812,Milan-MIL01.csv,31.614431134841624
3911,53911,Milan-MIL01.csv,40.574412933311436,20.287206466655718,Amsterdam-AMS03.csv,32.242844671632845
3912,53912,Milan-MIL01.csv,133.20623842087096,66.60311921043548,Amsterdam-AMS03.csv,54.47843683373908
3913,53913,Milan-MIL01.csv,32.962690800240885,16.481345400120443,Milan-MIL01.csv,32.962690800240885
3914,53914,Milan-MIL01.csv,67.19390422468429,33.596952112342144,Milan-MIL01.csv,67.19390422468429
3915,53915,Milan-MIL01.csv,76.61767086285484,38.30883543142742,Amsterdam-AMS03.csv,39.198455047259436
3916,53916,Milan-MIL01.csv,35.55943645712242,17.77971822856121,Amsterdam-AMS03.csv,19.192316802982607
3917,53917,Milan-MIL01.csv,52.341111575170885,26.170555787585442,Frankfurt-FRA01.csv,51.292937829346315
3918,53918,Milan-MIL01.csv,32.66675849805074,16.33337924902537,Milan-MIL01.csv,32.66675849805074
3919,53919,Milan-MIL01.csv,62.46676275698153,31.233381378490765,Amsterdam-AMS03.csv,41.29566738887116
3920,53920,Milan-MIL01.csv,71.27312597924704,35.63656298962352,Frankfurt-FRA01.csv,31.71510532566702
3921,53921,Milan-MIL01.csv,108.78364264786829,54.391821323934145,Frankfurt-FRA01.csv,37.104380968778315
3922,53922,Milan-MIL01.csv,52.34784401422074,26.17392200711037,Milan-MIL01.csv,52.34784401422074
3923,53923,Milan-MIL01.csv,30.468770222680092,15.234385111340046,Milan-MIL01.csv,30.468770222680092
3924,53924,Milan-MIL01.csv,27.507949759580534,13.753974879790267,Milan-MIL01.csv,27.507949759580534
3925,53925,Milan-MIL01.csv,84.19575896198654,42.09787948099327,Amsterdam-AMS03.csv,35.248064451331295
3926,53926,Milan-MIL01.csv,63.10839530581729,31.554197652908645,Frankfurt-FRA01.csv,20.119071954657404
3927,53927,Milan-MIL01.csv,44.816897964216444,22.408448982108222,Frankfurt-FRA01.csv,34.32530291847759
3928,53928,Milan-MIL01.csv,104.75372361129628,52.37686180564814,Amsterdam-AMS03.csv,37.99615834092272
3929,53929,Milan-MIL01.csv,40.138621611106124,20.069310805553062,Milan-MIL01.csv,40.138621611106124
3930,53930,Milan-MIL01.csv,106.81501428358203,53.407507141791015,Amsterdam-AMS03.csv,35.25652097269287
3931,53931,Milan-MIL01.csv,40.6672319507206,20.3336159753603,Amsterdam-AMS03.csv,25.99328199931901
3932,53932,Milan-MIL01.csv,62.3845898134771,31.19229490673855,Frankfurt-FRA01.csv,38.59027239830089
3933,53933,Milan-MIL01.csv,115.47035683754736,57.73517841877368,Frankfurt-FRA01.csv,76.95905115377202
3934,53934,Milan-MIL01.csv,36.9853112301226,18.4926556150613,Milan-MIL01.csv,36.9853112301226
3935,53935,Milan-MIL01.csv,58.55785584117988,29.27892792058994,Amsterdam-AMS03.csv,31.000368344530987
3936,53936,Milan-MIL01.csv,40.89513560846327,20.447567804231635,Amsterdam-AMS03.csv,37.630466706282455
3937,53937,Milan-MIL01.csv,54.051436641160315,27.025718320580157,Amsterdam-AMS03.csv,40.743420851560096
3938,53938,Milan-MIL01.csv,38.250485360577805,19.125242680288903,Frankfurt-FRA01.csv,32.012863635315334
3939,53939,Milan-MIL01.csv,51.219249583492235,25.609624791746118,Amsterdam-AMS03.csv,36.146941676753485
3940,53940,Milan-MIL01.csv,55.6139005561436,27.8069502780718,Frankfurt-FRA01.csv,24.570582256280602
3941,53941,Milan-MIL01.csv,33.559452077001346,16.779726038500673,Milan-MIL01.csv,33.559452077001346
3942,53942,Milan-MIL01.csv,40.999888885459356,20.499944442729678,Milan-MIL01.csv,40.999888885459356
3943,53943,Milan-MIL01.csv,62.865645755328636,31.432822877664318,Amsterdam-AMS03.csv,38.82070576131021
3944,53944,Milan-MIL01.csv,53.912948569036914,26.956474284518457,Amsterdam-AMS03.csv,35.25926367929524
3945,53945,Milan-MIL01.csv,62.851314366836654,31.425657183418327,Frankfurt-FRA01.csv,43.94031002586473
3946,53946,Milan-MIL01.csv,74.363221955143,37.1816109775715,Amsterdam-AMS03.csv,20.310935154193018
3947,53947,Milan-MIL01.csv,39.59791733538901,19.798958667694507,Amsterdam-AMS03.csv,29.6754172429372
3948,53948,Milan-MIL01.csv,100.00509087502614,50.00254543751307,Frankfurt-FRA01.csv,46.33631214961178
3949,53949,Milan-MIL01.csv,106.7283665575987,53.36418327879935,Amsterdam-AMS03.csv,80.48428403917585
3950,53950,Milan-MIL01.csv,33.622225055321685,16.811112527660843,Milan-MIL01.csv,33.622225055321685
3951,53951,Milan-MIL01.csv,79.84919931363336,39.92459965681668,Amsterdam-AMS03.csv,33.1226172663307
3952,53952,Milan-MIL01.csv,31.539529058834226,15.769764529417113,Milan-MIL01.csv,31.539529058834226
3953,53953,Milan-MIL01.csv,100.92666875951497,50.463334379757484,Frankfurt-FRA01.csv,30.024275328330425
3954,53954,Milan-MIL01.csv,50.52101195363766,25.26050597681883,Milan-MIL01.csv,50.52101195363766
3955,53955,Milan-MIL01.csv,70.12488670670734,35.06244335335367,Frankfurt-FRA01.csv,53.34718575707077
3956,53956,Milan-MIL01.csv,55.5255958844166,27.7627979422083,Frankfurt-FRA01.csv,34.89194725669044
3957,53957,Milan-MIL01.csv,55.05609791925266,27.52804895962633,Amsterdam-AMS03.csv,35.86522431110783
3958,53958,Milan-MIL01.csv,61.93643482914239,30.968217414571196,Amsterdam-AMS03.csv,56.691639018973
3959,53959,Milan-MIL01.csv,52.05931767457109,26.029658837285545,Milan-MIL01.csv,52.05931767457109
3960,53960,Milan-MIL01.csv,39.850656888084295,19.925328444042147,Amsterdam-AMS03.csv,26.33333434626439
3961,53961,Milan-MIL01.csv,75.7577092125814,37.8788546062907,Frankfurt-FRA01.csv,40.82130171552405
3962,53962,Milan-MIL01.csv,38.865376271052696,19.432688135526348,Milan-MIL01.csv,38.865376271052696
3963,53963,Milan-MIL01.csv,41.09012054821565,20.545060274107826,Amsterdam-AMS03.csv,24.05527141554524
3964,53964,Milan-MIL01.csv,65.50100275475724,32.75050137737862,Amsterdam-AMS03.csv,23.5508122601821
3965,53965,Milan-MIL01.csv,68.68030594301209,34.34015297150604,Frankfurt-FRA01.csv,16.285955611401388
3966,53966,Milan-MIL01.csv,43.250934973407944,21.625467486703972,Milan-MIL01.csv,43.250934973407944
3967,53967,Milan-MIL01.csv,54.40394531348043,27.201972656740214,Amsterdam-AMS03.csv,27.098546745508905
3968,53968,Milan-MIL01.csv,70.4975844685542,35.2487922342771,Amsterdam-AMS03.csv,57.36908203115044
3969,53969,Milan-MIL01.csv,62.126507741099815,31.063253870549907,Frankfurt-FRA01.csv,35.00627779682642
3970,53970,Milan-MIL01.csv,41.15245185409768,20.57622592704884,Amsterdam-AMS03.csv,32.56462374205273
3971,53971,Milan-MIL01.csv,78.53744124362217,39.268720621811084,Amsterdam-AMS03.csv,32.02980115169215
3972,53972,Milan-MIL01.csv,30.745972977450418,15.372986488725209,Milan-MIL01.csv,30.745972977450418
3973,53973,Milan-MIL01.csv,44.538218903075006,22.269109451537503,Amsterdam-AMS03.csv,30.542212656363443
3974,53974,Milan-MIL01.csv,61.02291578159985,30.511457890799925,Amsterdam-AMS03.csv,29.68504965250949
3975,53975,Milan-MIL01.csv,79.87577858189779,39.937889290948895,Frankfurt-FRA01.csv,33.413530801854726
3976,53976,Milan-MIL01.csv,84.8560037805191,42.42800189025955,Amsterdam-AMS03.csv,34.25648524632437
3977,53977,Milan-MIL01.csv,78.17269453285878,39.08634726642939,Amsterdam-AMS03.csv,72.6181337118874
3978,53978,Milan-MIL01.csv,31.443650081321497,15.721825040660748,Milan-MIL01.csv,31.443650081321497
3979,53979,Milan-MIL01.csv,46.63631621824117,23.318158109120585,Amsterdam-AMS03.csv,32.960212761745886
3980,53980,Milan-MIL01.csv,91.67204144407589,45.836020722037944,Amsterdam-AMS03.csv,41.88050581577558
3981,53981,Milan-MIL01.csv,56.807850698624556,28.403925349312278,Amsterdam-AMS03.csv,26.618769924924873
3982,53982,Milan-MIL01.csv,72.27178568899117,36.13589284449559,Amsterdam-AMS03.csv,20.435888202480815
3983,53983,Milan-MIL01.csv,40.886447584679416,20.443223792339708,Frankfurt-FRA01.csv,22.302997916599548
3984,53984,Milan-MIL01.csv,37.87723769166063,18.938618845830316,Milan-MIL01.csv,37.87723769166063
3985,53985,Milan-MIL01.csv,42.699057714901976,21.349528857450988,Amsterdam-AMS03.csv,32.33600882364398
3986,53986,Milan-MIL01.csv,43.85069107531038,21.92534553765519,Milan-MIL01.csv,43.85069107531038
3987,53987,Milan-MIL01.csv,51.49966954889179,25.749834774445894,Amsterdam-AMS03.csv,41.72552947972068
3988,53988,Milan-MIL01.csv,75.40106470652655,37.70053235326328,Milan-MIL01.csv,75.40106470652655
3989,53989,Milan-MIL01.csv,53.27470681688044,26.63735340844022,Milan-MIL01.csv,53.27470681688044
3990,53990,Milan-MIL01.csv,71.83967785597909,35.919838927989545,Frankfurt-FRA01.csv,49.01255003561207
3991,53991,Milan-MIL01.csv,24.023671472676238,12.011835736338119,Amsterdam-AMS03.csv,23.882008962267648
3992,53992,Milan-MIL01.csv,110.27674874981065,55.138374374905325,Amsterdam-AMS03.csv,29.07294022810033
3993,53993,Milan-MIL01.csv,26.3664897581451,13.18324487907255,Amsterdam-AMS03.csv,24.329940505404647
3994,53994,Milan-MIL01.csv,37.60168201669204,18.80084100834602,Milan-MIL01.csv,37.60168201669204
3995,53995,Milan-MIL01.csv,43.031250138659914,21.515625069329957,Amsterdam-AMS03.csv,26.55767671031985
3996,53996,Milan-MIL01.csv,98.6837871978042,49.3418935989021,Frankfurt-FRA01.csv,30.264664865179558
3997,53997,Milan-MIL01.csv,48.33670410846072,24.16835205423036,Amsterdam-AMS03.csv,38.511316118962796
3998,53998,Milan-MIL01.csv,50.53828312130747,25.269141560653736,Milan-MIL01.csv,50.53828312130747
3999,53999,Milan-MIL01.csv,68.53665487082641,34.268327435413205,Amsterdam-AMS03.csv,32.89721382283148
4000,54000,Milan-MIL01.csv,31.49475091888233,15.747375459441164,Milan-MIL01.csv,31.49475091888233
4001,54001,Milan-MIL01.csv,28.948174886773774,14.474087443386887,Milan-MIL01.csv,28.948174886773774
4002,54002,Milan-MIL01.csv,45.839557612493245,22.919778806246622,Amsterdam-AMS03.csv,30.64041045658107
4003,54003,Milan-MIL01.csv,102.38361302511638,51.19180651255819,Frankfurt-FRA01.csv,67.00155170221318
4004,54004,Milan-MIL01.csv,51.84255344054048,25.92127672027024,Amsterdam-AMS03.csv,39.42795646755179
4005,54005,Milan-MIL01.csv,68.40130884497965,34.200654422489826,Frankfurt-FRA01.csv,37.37390182141248
4006,54006,Milan-MIL01.csv,96.4545303685274,48.2272651842637,Frankfurt-FRA01.csv,51.813678022840115
4007,54007,Milan-MIL01.csv,43.91706418555426,21.95853209277713,Milan-MIL01.csv,43.91706418555426
4008,54008,Milan-MIL01.csv,26.849907539541626,13.424953769770813,Milan-MIL01.csv,26.849907539541626
4009,54009,Milan-MIL01.csv,56.46505842646818,28.23252921323409,Frankfurt-FRA01.csv,44.19282109790009
4010,54010,Milan-MIL01.csv,48.538787881896376,24.269393940948188,Milan-MIL01.csv,48.538787881896376
4011,54011,Milan-MIL01.csv,77.10608627473597,38.553043137367986,Frankfurt-FRA01.csv,50.032333774414965
4012,54012,Milan-MIL01.csv,96.75063569068844,48.37531784534422,Amsterdam-AMS03.csv,25.893755425319107
4013,54013,Milan-MIL01.csv,54.3520738772627,27.17603693863135,Milan-MIL01.csv,54.3520738772627
4014,54014,Milan-MIL01.csv,86.735838059066,43.367919029533,Frankfurt-FRA01.csv,27.82609423778654
4015,54015,Milan-MIL01.csv,70.31724372405205,35.158621862026024,Amsterdam-AMS03.csv,19.48509579150043
4016,54016,Milan-MIL01.csv,46.950323834788705,23.475161917394352,Amsterdam-AMS03.csv,31.01562974338386
4017,54017,Milan-MIL01.csv,36.66971020544055,18.334855102720276,Milan-MIL01.csv,36.66971020544055
4018,54018,Milan-MIL01.csv,97.63743356186512,48.81871678093256,Amsterdam-AMS03.csv,31.401941810846708
4019,54019,Milan-MIL01.csv,23.661694037811007,11.830847018905503,Milan-MIL01.csv,23.661694037811007
4020,54020,Milan-MIL01.csv,56.186878265876715,28.093439132938357,Frankfurt-FRA01.csv,34.91841657307212
4021,54021,Milan-MIL01.csv,87.05876807104434,43.52938403552217,Frankfurt-FRA01.csv,41.03040198381579
4022,54022,Milan-MIL01.csv,106.39843824180731,53.199219120903656,Amsterdam-AMS03.csv,47.61453658384663
4023,54023,Milan-MIL01.csv,62.93797928121691,31.468989640608456,Amsterdam-AMS03.csv,39.997947119672716
4024,54024,Milan-MIL01.csv,39.97585282774106,19.98792641387053,Amsterdam-AMS03.csv,27.302206809122243
4025,54025,Milan-MIL01.csv,52.930451005630765,26.465225502815382,Amsterdam-AMS03.csv,26.30723729874286
4026,54026,Milan-MIL01.csv,41.600245042886336,20.800122521443168,Milan-MIL01.csv,41.600245042886336
4027,54027,Milan-MIL01.csv,31.953713072682753,15.976856536341376,Milan-MIL01.csv,31.953713072682753
4028,54028,Milan-MIL01.csv,26.172959260720155,13.086479630360078,Milan-MIL01.csv,26.172959260720155
4029,54029,Milan-MIL01.csv,54.0321026866722,27.0160513433361,Amsterdam-AMS03.csv,33.09171112649943
4030,54030,Milan-MIL01.csv,80.90722627558138,40.45361313779069,Frankfurt-FRA01.csv,39.818910872380364
4031,54031,Milan-MIL01.csv,31.903462212486417,15.951731106243209,Milan-MIL01.csv,31.903462212486417
4032,54032,Milan-MIL01.csv,57.855803693626264,28.927901846813132,Amsterdam-AMS03.csv,54.8565586613629
4033,54033,Milan-MIL01.csv,49.63141309218406,24.81570654609203,Amsterdam-AMS03.csv,43.799479446298065
4034,54034,Milan-MIL01.csv,92.618246017468,46.309123008734,Amsterdam-AMS03.csv,41.474134500681
4035,54035,Milan-MIL01.csv,39.504176327894754,19.752088163947377,Amsterdam-AMS03.csv,37.33360377945907
4036,54036,Milan-MIL01.csv,59.592984823757995,29.796492411878997,Amsterdam-AMS03.csv,45.13812444345193
4037,54037,Milan-MIL01.csv,36.09366558689612,18.04683279344806,Amsterdam-AMS03.csv,29.21312397394618
4038,54038,Milan-MIL01.csv,134.9198219795713,67.45991098978566,Frankfurt-FRA01.csv,46.39959393006248
4039,54039,Milan-MIL01.csv,43.486057936954445,21.743028968477223,Amsterdam-AMS03.csv,27.5681294049376
4040,54040,Milan-MIL01.csv,53.75434277700053,26.877171388500265,Frankfurt-FRA01.csv,24.77010534010176
4041,54041,Milan-MIL01.csv,48.94188384185297,24.470941920926485,Amsterdam-AMS03.csv,40.87201053980939
4042,54042,Milan-MIL01.csv,92.46070298448312,46.23035149224156,Amsterdam-AMS03.csv,35.944413348812695
4043,54043,Milan-MIL01.csv,55.758217863427674,27.879108931713837,Amsterdam-AMS03.csv,37.91211693968002
4044,54044,Milan-MIL01.csv,85.31480046555686,42.65740023277843,Amsterdam-AMS03.csv,17.96790808134325
4045,54045,Milan-MIL01.csv,29.520832003576963,14.760416001788482,Milan-MIL01.csv,29.520832003576963
4046,54046,Milan-MIL01.csv,57.91232905846873,28.956164529234364,Milan-MIL01.csv,57.91232905846873
4047,54047,Milan-MIL01.csv,51.46319644046963,25.731598220234815,Frankfurt-FRA01.csv,44.76128749139428
4048,54048,Milan-MIL01.csv,58.61969742575229,29.309848712876146,Amsterdam-AMS03.csv,40.056067245449334
4049,54049,Milan-MIL01.csv,133.8465735640101,66.92328678200505,Amsterdam-AMS03.csv,36.75693338513592
4050,54050,Milan-MIL01.csv,37.11468236157415,18.557341180787073,Milan-MIL01.csv,37.11468236157415
4051,54051,Milan-MIL01.csv,31.838848787336897,15.919424393668448,Milan-MIL01.csv,31.838848787336897
4052,54052,Milan-MIL01.csv,56.01115064587898,28.00557532293949,Amsterdam-AMS03.csv,52.406155033273116
4053,54053,Milan-MIL01.csv,47.38870218636893,23.694351093184466,Milan-MIL01.csv,47.38870218636893
4054,54054,Milan-MIL01.csv,90.51375201960956,45.25687600980478,Frankfurt-FRA01.csv,25.407957081236212
4055,54055,Milan-MIL01.csv,34.57882949983375,17.289414749916876,Milan-MIL01.csv,34.57882949983375
4056,54056,Milan-MIL01.csv,36.52096801934461,18.260484009672304,Milan-MIL01.csv,36.52096801934461
4057,54057,Milan-MIL01.csv,33.53476077308457,16.767380386542285,Amsterdam-AMS03.csv,33.08728589667602
4058,54058,Milan-MIL01.csv,44.106707116663266,22.053353558331633,Milan-MIL01.csv,44.106707116663266
4059,54059,Milan-MIL01.csv,57.0771231784477,28.53856158922385,Amsterdam-AMS03.csv,30.679517663372643
4060,54060,Milan-MIL01.csv,55.50121438165527,27.750607190827633,Frankfurt-FRA01.csv,36.055693269139816
4061,54061,Milan-MIL01.csv,48.27387159344657,24.136935796723286,Frankfurt-FRA01.csv,34.97807983104534
4062,54062,Milan-MIL01.csv,100.10787692095356,50.05393846047678,Amsterdam-AMS03.csv,34.65720121249025
4063,54063,Milan-MIL01.csv,47.966551239281394,23.983275619640697,Amsterdam-AMS03.csv,35.08489286770582
4064,54064,Milan-MIL01.csv,74.84807515816529,37.42403757908264,Amsterdam-AMS03.csv,40.716676897112094
4065,54065,Milan-MIL01.csv,39.28999932801509,19.644999664007546,Amsterdam-AMS03.csv,37.64197112889081
4066,54066,Milan-MIL01.csv,18.942810081102255,9.471405040551128,Milan-MIL01.csv,18.942810081102255
4067,54067,Milan-MIL01.csv,40.96872519720731,20.484362598603656,Milan-MIL01.csv,40.96872519720731
4068,54068,Milan-MIL01.csv,50.27338147331064,25.13669073665532,Frankfurt-FRA01.csv,38.93726094969512
4069,54069,Milan-MIL01.csv,16.19287204500375,8.096436022501875,Milan-MIL01.csv,16.19287204500375
4070,54070,Milan-MIL01.csv,37.89440926836593,18.947204634182967,Milan-MIL01.csv,37.89440926836593
4071,54071,Milan-MIL01.csv,37.051200862314865,18.525600431157432,Amsterdam-AMS03.csv,26.545987563014787
4072,54072,Milan-MIL01.csv,80.78129542367499,40.390647711837495,Amsterdam-AMS03.csv,36.10666811812724
4073,54073,Milan-MIL01.csv,108.82505137369118,54.41252568684559,Frankfurt-FRA01.csv,40.02440692369449
4074,54074,Milan-MIL01.csv,96.83673612840533,48.41836806420267,Amsterdam-AMS03.csv,31.35721179349376
4075,54075,Milan-MIL01.csv,44.74543782114875,22.372718910574374,Milan-MIL01.csv,44.74543782114875
4076,54076,Milan-MIL01.csv,88.71232389091988,44.35616194545994,Amsterdam-AMS03.csv,43.34467389983146
4077,54077,Milan-MIL01.csv,25.53933113143399,12.769665565716995,Milan-MIL01.csv,25.53933113143399
4078,54078,Milan-MIL01.csv,42.03643859606553,21.018219298032765,Milan-MIL01.csv,42.03643859606553
4079,54079,Milan-MIL01.csv,82.74883051267118,41.37441525633559,Frankfurt-FRA01.csv,47.03103550056429
4080,54080,Milan-MIL01.csv,37.587431086314815,18.793715543157408,Milan-MIL01.csv,37.587431086314815
4081,54081,Milan-MIL01.csv,61.158805025927855,30.579402512963927,Amsterdam-AMS03.csv,40.29953058928038
4082,54082,Milan-MIL01.csv,40.45936835591687,20.229684177958436,Amsterdam-AMS03.csv,32.903421892366836
4083,54083,Milan-MIL01.csv,45.929570489358426,22.964785244679213,Amsterdam-AMS03.csv,45.10060718637064
4084,54084,Milan-MIL01.csv,36.326875564629276,18.163437782314638,Frankfurt-FRA01.csv,26.5492110357912
4085,54085,Milan-MIL01.csv,52.93644703172993,26.468223515864963,Amsterdam-AMS03.csv,39.2971338263001
4086,54086,Milan-MIL01.csv,45.46021920907063,22.730109604535315,Milan-MIL01.csv,45.46021920907063
4087,54087,Milan-MIL01.csv,72.64176066866061,36.320880334330305,Frankfurt-FRA01.csv,46.60370049636022
4088,54088,Milan-MIL01.csv,39.71575119631794,19.85787559815897,Milan-MIL01.csv,39.71575119631794
4089,54089,Milan-MIL01.csv,48.303536963948474,24.151768481974237,Frankfurt-FRA01.csv,44.294861356184285
4090,54090,Milan-MIL01.csv,55.38431020416612,27.69215510208306,Amsterdam-AMS03.csv,45.50649639662847
4091,54091,Milan-MIL01.csv,55.13723516530839,27.568617582654195,Amsterdam-AMS03.csv,29.23155121257975
4092,54092,Milan-MIL01.csv,79.65416517502372,39.82708258751186,Amsterdam-AMS03.csv,60.60358992207505
4093,54093,Milan-MIL01.csv,54.19532151482392,27.09766075741196,Amsterdam-AMS03.csv,41.77611762741657
4094,54094,Milan-MIL01.csv,33.53586809983412,16.76793404991706,Frankfurt-FRA01.csv,16.30338084741806
4095,54095,Milan-MIL01.csv,82.48801256255491,41.24400628127746,Frankfurt-FRA01.csv,40.802649922229385
4096,54096,Milan-MIL01.csv,76.22587014896556,38.11293507448278,Amsterdam-AMS03.csv,43.66979438505637
4097,54097,Milan-MIL01.csv,43.346689493767144,21.673344746883572,Milan-MIL01.csv,43.346689493767144
4098,54098,Milan-MIL01.csv,45.876177219635544,22.938088609817772,Frankfurt-FRA01.csv,27.315134903600793
4099,54099,Milan-MIL01.csv,60.99117294860312,30.49558647430156,Amsterdam-AMS03.csv,45.02950440507109
4100,54100,Milan-MIL01.csv,54.40986390941218,27.20493195470609,Amsterdam-AMS03.csv,33.65652682161437
4101,54101,Milan-MIL01.csv,49.824542101175915,24.912271050587957,Amsterdam-AMS03.csv,22.509987857235874
4102,54102,Milan-MIL01.csv,41.06310145473705,20.531550727368526,Milan-MIL01.csv,41.06310145473705
4103,54103,Milan-MIL01.csv,48.43192053018112,24.21596026509056,Amsterdam-AMS03.csv,36.31377356773389
4104,54104,Milan-MIL01.csv,80.94943380012371,40.47471690006186,Frankfurt-FRA01.csv,28.984311686395017
4105,54105,Milan-MIL01.csv,37.562501559569405,18.781250779784703,Milan-MIL01.csv,37.562501559569405
4106,54106,Milan-MIL01.csv,58.33890438676157,29.169452193380785,Amsterdam-AMS03.csv,24.75717978110584
4107,54107,Milan-MIL01.csv,51.068377573604174,25.534188786802087,Frankfurt-FRA01.csv,30.99961205292821
4108,54108,Milan-MIL01.csv,42.63568192569102,21.31784096284551,Amsterdam-AMS03.csv,42.39196545781319
4109,54109,Milan-MIL01.csv,57.572342604253244,28.786171302126622,Amsterdam-AMS03.csv,26.7530277044875
4110,54110,Milan-MIL01.csv,67.05059405113849,33.525297025569245,Frankfurt-FRA01.csv,39.12974190464569
4111,54111,Milan-MIL01.csv,62.6799508918205,31.33997544591025,Frankfurt-FRA01.csv,23.938652771343808
4112,54112,Milan-MIL01.csv,122.51447994444509,61.25723997222254,Amsterdam-AMS03.csv,28.64365327385255
4113,54113,Milan-MIL01.csv,49.538722362383425,24.769361181191712,Amsterdam-AMS03.csv,37.794645737528135
4114,54114,Milan-MIL01.csv,31.28714051657402,15.64357025828701,Milan-MIL01.csv,31.28714051657402
4115,54115,Milan-MIL01.csv,31.273386113508614,15.636693056754307,Milan-MIL01.csv,31.273386113508614
4116,54116,Milan-MIL01.csv,104.58303306275222,52.29151653137611,Amsterdam-AMS03.csv,41.474276803828495
4117,54117,Milan-MIL01.csv,57.237830182579366,28.618915091289683,Frankfurt-FRA01.csv,19.644707136630743
4118,54118,Milan-MIL01.csv,15.173787923722061,7.586893961861031,Milan-MIL01.csv,15.173787923722061
4119,54119,Milan-MIL01.csv,89.57247964510084,44.78623982255042,Frankfurt-FRA01.csv,39.39834808602912
4120,54120,Milan-MIL01.csv,51.240212055740116,25.620106027870058,Frankfurt-FRA01.csv,39.92426154258404
4121,54121,Milan-MIL01.csv,44.13351925440275,22.066759627201375,Amsterdam-AMS03.csv,34.18729858489372
4122,54122,Milan-MIL01.csv,27.36091227056268,13.68045613528134,Milan-MIL01.csv,27.36091227056268
4123,54123,Milan-MIL01.csv,37.54104309298621,18.770521546493104,Milan-MIL01.csv,37.54104309298621
4124,54124,Milan-MIL01.csv,81.46745443070756,40.73372721535378,Amsterdam-AMS03.csv,40.39675687784577
4125,54125,Milan-MIL01.csv,72.41524410911448,36.20762205455724,Amsterdam-AMS03.csv,42.025986315508945
4126,54126,Milan-MIL01.csv,27.151384103161366,13.575692051580683,Milan-MIL01.csv,27.151384103161366
4127,54127,Milan-MIL01.csv,19.90646959292193,9.953234796460965,Milan-MIL01.csv,19.90646959292193
4128,54128,Milan-MIL01.csv,37.933987360624904,18.966993680312452,Milan-MIL01.csv,37.933987360624904
4129,54129,Milan-MIL01.csv,69.12481687544643,34.562408437723214,Frankfurt-FRA01.csv,30.736973631816884
4130,54130,Milan-MIL01.csv,54.07620909643763,27.038104548218815,Frankfurt-FRA01.csv,28.99102666268924
4131,54131,Milan-MIL01.csv,29.881427322796288,14.940713661398144,Milan-MIL01.csv,29.881427322796288
4132,54132,Milan-MIL01.csv,99.93241765362677,49.966208826813386,Amsterdam-AMS03.csv,29.05819895826666
4133,54133,Milan-MIL01.csv,90.8907523191079,45.44537615955395,Amsterdam-AMS03.csv,40.70292822374562
4134,54134,Milan-MIL01.csv,33.01573860553023,16.507869302765116,Milan-MIL01.csv,33.01573860553023
4135,54135,Milan-MIL01.csv,39.453471583179336,19.726735791589668,Frankfurt-FRA01.csv,31.07054392590245
4136,54136,Milan-MIL01.csv,78.52048173632846,39.26024086816423,Frankfurt-FRA01.csv,34.24600725206896
4137,54137,Milan-MIL01.csv,55.70825081126569,27.854125405632846,Frankfurt-FRA01.csv,45.14642873175132
4138,54138,Milan-MIL01.csv,45.43587694736366,22.71793847368183,Milan-MIL01.csv,45.43587694736366
4139,54139,Milan-MIL01.csv,56.66335445074427,28.331677225372136,Amsterdam-AMS03.csv,51.58302807280784
4140,54140,Milan-MIL01.csv,67.80386910280895,33.90193455140447,Frankfurt-FRA01.csv,36.5577437686161
4141,54141,Milan-MIL01.csv,35.420765099117865,17.710382549558933,Frankfurt-FRA01.csv,31.748935303479268
4142,54142,Milan-MIL01.csv,44.9337798836305,22.46688994181525,Amsterdam-AMS03.csv,13.592191062733841
4143,54143,Milan-MIL01.csv,83.77465505431711,41.887327527158554,Amsterdam-AMS03.csv,30.693880663770436
4144,54144,Milan-MIL01.csv,56.454035009348814,28.227017504674407,Amsterdam-AMS03.csv,45.58847059355908
4145,54145,Milan-MIL01.csv,102.62697809444168,51.31348904722084,Amsterdam-AMS03.csv,26.807773945491917
4146,54146,Milan-MIL01.csv,86.31693333885934,43.15846666942967,Amsterdam-AMS03.csv,39.65067137824934
4147,54147,Milan-MIL01.csv,98.2095795067738,49.1047897533869,Frankfurt-FRA01.csv,74.15089443532435
4148,54148,Milan-MIL01.csv,21.62362593422677,10.811812967113385,Milan-MIL01.csv,21.62362593422677
4149,54149,Milan-MIL01.csv,34.188076717246446,17.094038358623223,Milan-MIL01.csv,34.188076717246446
4150,54150,Milan-MIL01.csv,108.14576409296843,54.07288204648422,Amsterdam-AMS03.csv,68.31801470886084
4151,54151,Milan-MIL01.csv,37.96099349305384,18.98049674652692,Milan-MIL01.csv,37.96099349305384
4152,54152,Milan-MIL01.csv,41.68732661286932,20.84366330643466,Milan-MIL01.csv,41.68732661286932
4153,54153,Milan-MIL01.csv,46.03873046768886,23.01936523384443,Milan-MIL01.csv,46.03873046768886
4154,54154,Milan-MIL01.csv,74.27000403495421,37.135002017477106,Amsterdam-AMS03.csv,59.18767469805546
4155,54155,Milan-MIL01.csv,82.94528690162332,41.47264345081166,Amsterdam-AMS03.csv,34.035618848309916
4156,54156,Milan-MIL01.csv,16.682653951382864,8.341326975691432,Milan-MIL01.csv,16.682653951382864
4157,54157,Milan-MIL01.csv,31.311557786227095,15.655778893113547,Milan-MIL01.csv,31.311557786227095
4158,54158,Milan-MIL01.csv,57.861234903065025,28.930617451532513,Frankfurt-FRA01.csv,34.61594570761044
4159,54159,Milan-MIL01.csv,40.87905447943241,20.439527239716206,Milan-MIL01.csv,40.87905447943241
4160,54160,Milan-MIL01.csv,55.927156298406885,27.963578149203443,Frankfurt-FRA01.csv,46.36945730780769
4161,54161,Milan-MIL01.csv,38.04013009924052,19.02006504962026,Frankfurt-FRA01.csv,36.36095500045906
4162,54162,Milan-MIL01.csv,28.01714939951655,14.008574699758276,Milan-MIL01.csv,28.01714939951655
4163,54163,Milan-MIL01.csv,43.36364819408542,21.68182409704271,Frankfurt-FRA01.csv,30.2585127418967
4164,54164,Milan-MIL01.csv,35.03707595647239,17.518537978236196,Frankfurt-FRA01.csv,31.985768984518593
4165,54165,Milan-MIL01.csv,89.17178947417483,44.585894737087415,Frankfurt-FRA01.csv,23.275298408131697
4166,54166,Milan-MIL01.csv,38.510001741106365,19.255000870553182,Milan-MIL01.csv,38.510001741106365
4167,54167,Milan-MIL01.csv,58.95852012690136,29.47926006345068,Frankfurt-FRA01.csv,44.60040907378797
4168,54168,Milan-MIL01.csv,72.21498102661847,36.10749051330924,Frankfurt-FRA01.csv,36.929182462818396
4169,54169,Milan-MIL01.csv,45.940542708044255,22.970271354022127,Amsterdam-AMS03.csv,30.683576857490838
4170,54170,Milan-MIL01.csv,39.164413286837224,19.582206643418612,Amsterdam-AMS03.csv,29.849677223818517
4171,54171,Milan-MIL01.csv,45.49419586568198,22.74709793284099,Amsterdam-AMS03.csv,38.375915386086746
4172,54172,Milan-MIL01.csv,62.21357405470131,31.106787027350656,Amsterdam-AMS03.csv,23.14107326673852
4173,54173,Milan-MIL01.csv,135.80687208913358,67.90343604456679,Frankfurt-FRA01.csv,32.40542396330514
4174,54174,Milan-MIL01.csv,73.51280042978378,36.75640021489189,Frankfurt-FRA01.csv,42.20196619024194
4175,54175,Milan-MIL01.csv,101.88664997497223,50.943324987486115,Amsterdam-AMS03.csv,44.13548430634721
4176,54176,Milan-MIL01.csv,47.46796807438289,23.733984037191444,Amsterdam-AMS03.csv,30.62935530715902
4177,54177,Milan-MIL01.csv,63.0030338631365,31.50151693156825,Frankfurt-FRA01.csv,39.07057193949502
4178,54178,Milan-MIL01.csv,34.74903952583005,17.374519762915025,Milan-MIL01.csv,34.74903952583005
4179,54179,Milan-MIL01.csv,73.94626840772553,36.97313420386276,Amsterdam-AMS03.csv,54.80344941177306
4180,54180,Milan-MIL01.csv,51.45578791090125,25.727893955450625,Frankfurt-FRA01.csv,31.43218942573418
4181,54181,Milan-MIL01.csv,65.3524023909941,32.67620119549705,Frankfurt-FRA01.csv,32.33186830813832
4182,54182,Milan-MIL01.csv,52.26387185562498,26.13193592781249,Frankfurt-FRA01.csv,47.04772157977887
4183,54183,Milan-MIL01.csv,33.591065181495935,16.795532590747968,Milan-MIL01.csv,33.591065181495935
4184,54184,Milan-MIL01.csv,116.87608955970144,58.43804477985072,Amsterdam-AMS03.csv,28.365057328923506
4185,54185,Milan-MIL01.csv,73.85989524233241,36.92994762116621,Frankfurt-FRA01.csv,30.695892092670405
4186,54186,Milan-MIL01.csv,88.38290306652176,44.19145153326088,Amsterdam-AMS03.csv,26.119946989003516
4187,54187,Milan-MIL01.csv,82.28690000381575,41.14345000190787,Frankfurt-FRA01.csv,46.17525251594075
4188,54188,Milan-MIL01.csv,51.91756792480124,25.95878396240062,Frankfurt-FRA01.csv,36.82541732180136
4189,54189,Milan-MIL01.csv,46.29937357827811,23.149686789139054,Amsterdam-AMS03.csv,27.039089987973306
4190,54190,Milan-MIL01.csv,36.78921337012137,18.394606685060683,Milan-MIL01.csv,36.78921337012137
4191,54191,Milan-MIL01.csv,32.301597351349876,16.150798675674938,Amsterdam-AMS03.csv,19.733023846406972
4192,54192,Milan-MIL01.csv,48.91801181509332,24.45900590754666,Frankfurt-FRA01.csv,40.39723257247213
4193,54193,Milan-MIL01.csv,43.827821737289064,21.913910868644532,Milan-MIL01.csv,43.827821737289064
4194,54194,Milan-MIL01.csv,79.24674761244151,39.623373806220755,Frankfurt-FRA01.csv,48.69994774576873
4195,54195,Milan-MIL01.csv,78.98668583285651,39.493342916428254,Amsterdam-AMS03.csv,63.43493991057747
4196,54196,Milan-MIL01.csv,48.21856648885929,24.109283244429644,Amsterdam-AMS03.csv,45.14651019406547
4197,54197,Milan-MIL01.csv,29.269717847173858,14.634858923586929,Milan-MIL01.csv,29.269717847173858
4198,54198,Milan-MIL01.csv,79.26410383180952,39.63205191590476,Frankfurt-FRA01.csv,60.58788112552494
4199,54199,Milan-MIL01.csv,43.17346496691021,21.586732483455105,Milan-MIL01.csv,43.17346496691021
4200,54200,Milan-MIL01.csv,41.33187281368549,20.665936406842746,Amsterdam-AMS03.csv,41.28032139699862
4201,54201,Milan-MIL01.csv,72.51259185497881,36.256295927489404,Milan-MIL01.csv,72.51259185497881
4202,54202,Milan-MIL01.csv,78.44249869009136,39.22124934504568,Frankfurt-FRA01.csv,43.82404559541578
4203,54203,Milan-MIL01.csv,65.48655155075673,32.743275775378365,Amsterdam-AMS03.csv,49.89119520158463
4204,54204,Milan-MIL01.csv,68.76074447081697,34.38037223540849,Frankfurt-FRA01.csv,32.88354320169486
4205,54205,Milan-MIL01.csv,65.92591664935574,32.96295832467787,Frankfurt-FRA01.csv,25.43504999103714
4206,54206,Milan-MIL01.csv,24.323021090166023,12.161510545083011,Milan-MIL01.csv,24.323021090166023
4207,54207,Milan-MIL01.csv,89.96740732105962,44.98370366052981,Amsterdam-AMS03.csv,38.61627068291721
4208,54208,Milan-MIL01.csv,100.60079523618886,50.30039761809443,Amsterdam-AMS03.csv,40.111544915773386
4209,54209,Milan-MIL01.csv,21.91701691767428,10.95850845883714,Milan-MIL01.csv,21.91701691767428
4210,54210,Milan-MIL01.csv,95.07193763792031,47.53596881896016,Amsterdam-AMS03.csv,42.05044038777277
4211,54211,Milan-MIL01.csv,67.93064627522178,33.96532313761089,Frankfurt-FRA01.csv,44.01357832007031
4212,54212,Milan-MIL01.csv,44.54866635802627,22.274333179013134,Amsterdam-AMS03.csv,42.843170059042556
4213,54213,Milan-MIL01.csv,39.954483683283875,19.977241841641938,Amsterdam-AMS03.csv,29.542762763079306
4214,54214,Milan-MIL01.csv,36.77669249036291,18.388346245181456,Frankfurt-FRA01.csv,30.144582218801585
4215,54215,Milan-MIL01.csv,82.05179439885471,41.025897199427355,Amsterdam-AMS03.csv,46.07364501672994
4216,54216,Milan-MIL01.csv,65.65248201121672,32.82624100560836,Amsterdam-AMS03.csv,56.11534060769124
4217,54217,Milan-MIL01.csv,24.925377896728477,12.462688948364239,Milan-MIL01.csv,24.925377896728477
4218,54218,Milan-MIL01.csv,62.106945401910366,31.053472700955183,Amsterdam-AMS03.csv,33.58035871575232
4219,54219,Milan-MIL01.csv,68.591191631508,34.295595815754,Amsterdam-AMS03.csv,25.686206930665012
4220,54220,Milan-MIL01.csv,189.69579033424455,94.84789516712227,Amsterdam-AMS03.csv,32.52897850052359
4221,54221,Milan-MIL01.csv,99.50764274533236,49.75382137266618,Amsterdam-AMS03.csv,40.47049864971436
4222,54222,Milan-MIL01.csv,110.81262412151932,55.40631206075966,Amsterdam-AMS03.csv,41.10330357637706
4223,54223,Milan-MIL01.csv,84.48300877525173,42.24150438762587,Amsterdam-AMS03.csv,34.03209318382852
4224,54224,Milan-MIL01.csv,35.564075474308375,17.782037737154187,Milan-MIL01.csv,35.564075474308375
4225,54225,Milan-MIL01.csv,34.572817641782514,17.286408820891257,Amsterdam-AMS03.csv,28.137945076541385
4226,54226,Milan-MIL01.csv,49.544498532219094,24.772249266109547,Amsterdam-AMS03.csv,38.33299234996361
4227,54227,Milan-MIL01.csv,96.59247091862012,48.29623545931006,Frankfurt-FRA01.csv,69.23613927892265
4228,54228,Milan-MIL01.csv,52.301567399040955,26.150783699520478,Milan-MIL01.csv,52.301567399040955
4229,54229,Milan-MIL01.csv,53.703231692406675,26.851615846203337,Milan-MIL01.csv,53.703231692406675
4230,54230,Milan-MIL01.csv,34.73188241894765,17.365941209473824,Milan-MIL01.csv,34.73188241894765
4231,54231,Milan-MIL01.csv,20.12487098941338,10.06243549470669,Milan-MIL01.csv,20.12487098941338
4232,54232,Milan-MIL01.csv,40.625557346146884,20.312778673073442,Amsterdam-AMS03.csv,34.78540960717097
4233,54233,Milan-MIL01.csv,43.46291094025003,21.731455470125017,Milan-MIL01.csv,43.46291094025003
4234,54234,Milan-MIL01.csv,54.037180345056555,27.018590172528278,Frankfurt-FRA01.csv,40.212772415185256
4235,54235,Milan-MIL01.csv,19.802141393784108,9.901070696892054,Milan-MIL01.csv,19.802141393784108
4236,54236,Milan-MIL01.csv,69.24690702472076,34.62345351236038,Amsterdam-AMS03.csv,66.86645123903756
4237,54237,Milan-MIL01.csv,81.5370326414473,40.76851632072365,Frankfurt-FRA01.csv,62.123332791485495
4238,54238,Milan-MIL01.csv,71.26453819648455,35.632269098242276,Amsterdam-AMS03.csv,63.187392643919246
4239,54239,Milan-MIL01.csv,66.78124758160995,33.39062379080497,Amsterdam-AMS03.csv,35.061434636117326
4240,54240,Milan-MIL01.csv,49.49816177979038,24.74908088989519,Frankfurt-FRA01.csv,47.580726674336745
4241,54241,Milan-MIL01.csv,26.775343657459715,13.387671828729857,Milan-MIL01.csv,26.775343657459715
4242,54242,Milan-MIL01.csv,113.57184237427818,56.78592118713909,Frankfurt-FRA01.csv,33.1645241819438
4243,54243,Milan-MIL01.csv,48.35190875420283,24.175954377101416,Amsterdam-AMS03.csv,23.840791718593326
4244,54244,Milan-MIL01.csv,29.946520906566594,14.973260453283297,Milan-MIL01.csv,29.946520906566594
4245,54245,Milan-MIL01.csv,112.631966780923,56.3159833904615,Frankfurt-FRA01.csv,30.604586404239228
4246,54246,Milan-MIL01.csv,45.076063900422575,22.538031950211288,Frankfurt-FRA01.csv,42.93061621551587
4247,54247,Milan-MIL01.csv,55.903683667553544,27.951841833776772,Amsterdam-AMS03.csv,35.099724642844855
4248,54248,Milan-MIL01.csv,68.84431129912224,34.42215564956112,Amsterdam-AMS03.csv,41.203474813067636
4249,54249,Milan-MIL01.csv,84.27996211400193,42.139981057000966,Amsterdam-AMS03.csv,35.07975210900603
4250,54250,Milan-MIL01.csv,30.65931794541375,15.329658972706875,Frankfurt-FRA01.csv,23.787670061632433
4251,54251,Milan-MIL01.csv,47.52923666464155,23.764618332320776,Frankfurt-FRA01.csv,41.09058063344588
4252,54252,Milan-MIL01.csv,54.66295976181395,27.331479880906976,Amsterdam-AMS03.csv,17.767935946018465
4253,54253,Milan-MIL01.csv,61.26767123211965,30.633835616059827,Amsterdam-AMS03.csv,44.409481295736114
4254,54254,Milan-MIL01.csv,71.89423598271576,35.94711799135788,Amsterdam-AMS03.csv,41.646242668161456
4255,54255,Milan-MIL01.csv,56.1507666305028,28.0753833152514,Frankfurt-FRA01.csv,31.83700031246379
4256,54256,Milan-MIL01.csv,41.023678468335724,20.511839234167862,Frankfurt-FRA01.csv,28.272578179483485
4257,54257,Milan-MIL01.csv,77.96772813437526,38.98386406718763,Amsterdam-AMS03.csv,55.30451931143102
4258,54258,Milan-MIL01.csv,55.86550474481869,27.932752372409347,Amsterdam-AMS03.csv,51.83886040791336
4259,54259,Milan-MIL01.csv,44.550820274364874,22.275410137182437,Milan-MIL01.csv,44.550820274364874
4260,54260,Milan-MIL01.csv,113.74360134891064,56.87180067445532,Frankfurt-FRA01.csv,19.758685108145126
4261,54261,Milan-MIL01.csv,48.579814830080394,24.289907415040197,Amsterdam-AMS03.csv,38.75053632014
4262,54262,Milan-MIL01.csv,62.39906213576239,31.199531067881196,Amsterdam-AMS03.csv,33.7735206489243
4263,54263,Milan-MIL01.csv,96.83484515814357,48.41742257907178,Frankfurt-FRA01.csv,31.90196248318418
4264,54264,Milan-MIL01.csv,45.279211452344235,22.639605726172118,Milan-MIL01.csv,45.279211452344235
4265,54265,Milan-MIL01.csv,55.077384294111276,27.538692147055638,Amsterdam-AMS03.csv,23.847385287429123
4266,54266,Milan-MIL01.csv,38.251106421636564,19.125553210818282,Milan-MIL01.csv,38.251106421636564
4267,54267,Milan-MIL01.csv,57.50342602054869,28.751713010274344,Frankfurt-FRA01.csv,30.117365748512487
4268,54268,Milan-MIL01.csv,95.60466899998532,47.80233449999266,Amsterdam-AMS03.csv,40.05982007453024
4269,54269,Milan-MIL01.csv,39.16432001914614,19.58216000957307,Frankfurt-FRA01.csv,36.57452237117871
4270,54270,Milan-MIL01.csv,63.099159781039106,31.549579890519553,Amsterdam-AMS03.csv,47.78461927884564
4271,54271,Milan-MIL01.csv,54.13374264854922,27.06687132427461,Amsterdam-AMS03.csv,22.190466818183733
4272,54272,Milan-MIL01.csv,50.9398234182294,25.4699117091147,Frankfurt-FRA01.csv,47.08133184234328
4273,54273,Milan-MIL01.csv,69.31809579139151,34.65904789569576,Frankfurt-FRA01.csv,47.81091399331469
4274,54274,Milan-MIL01.csv,51.4237554162545,25.71187770812725,Amsterdam-AMS03.csv,44.21553690333115
4275,54275,Milan-MIL01.csv,91.20687504640868,45.60343752320434,Amsterdam-AMS03.csv,40.41386247408321
4276,54276,Milan-MIL01.csv,111.69081950634938,55.84540975317469,Amsterdam-AMS03.csv,38.328788368276044
4277,54277,Milan-MIL01.csv,95.08853408301611,47.54426704150806,Amsterdam-AMS03.csv,32.76342028649854
4278,54278,Milan-MIL01.csv,68.25861099380809,34.129305496904045,Amsterdam-AMS03.csv,39.63371577604048
4279,54279,Milan-MIL01.csv,84.96764434783763,42.48382217391882,Amsterdam-AMS03.csv,69.84106540953864
4280,54280,Milan-MIL01.csv,25.056014782445274,12.528007391222637,Milan-MIL01.csv,25.056014782445274
4281,54281,Milan-MIL01.csv,89.57262544120287,44.78631272060144,Amsterdam-AMS03.csv,43.57644550814141
4282,54282,Milan-MIL01.csv,29.643593055716533,14.821796527858266,Milan-MIL01.csv,29.643593055716533
4283,54283,Milan-MIL01.csv,44.7838619772587,22.39193098862935,Frankfurt-FRA01.csv,40.70753306279246
4284,54284,Milan-MIL01.csv,38.67711527755782,19.33855763877891,Milan-MIL01.csv,38.67711527755782
4285,54285,Milan-MIL01.csv,56.3669391096114,28.1834695548057,Amsterdam-AMS03.csv,30.135080277805173
4286,54286,Milan-MIL01.csv,39.344469368614966,19.672234684307483,Milan-MIL01.csv,39.344469368614966
4287,54287,Milan-MIL01.csv,40.77558833728612,20.38779416864306,Amsterdam-AMS03.csv,27.182581489985218
4288,54288,Milan-MIL01.csv,67.00837169730487,33.50418584865243,Frankfurt-FRA01.csv,66.02183081696792
4289,54289,Milan-MIL01.csv,29.588212865375432,14.794106432687716,Frankfurt-FRA01.csv,23.345895933100437
4290,54290,Milan-MIL01.csv,39.10318565370239,19.551592826851195,Milan-MIL01.csv,39.10318565370239
4291,54291,Milan-MIL01.csv,40.28208429433405,20.141042147167024,Milan-MIL01.csv,40.28208429433405
4292,54292,Milan-MIL01.csv,49.037027151550404,24.518513575775202,Amsterdam-AMS03.csv,33.11790859885256
4293,54293,Milan-MIL01.csv,77.30015005807421,38.650075029037104,Amsterdam-AMS03.csv,58.984307602999245
4294,54294,Milan-MIL01.csv,62.37711451994985,31.188557259974925,Frankfurt-FRA01.csv,36.1252091690406
4295,54295,Milan-MIL01.csv,95.56022487726223,47.780112438631114,Frankfurt-FRA01.csv,24.493643185893944
4296,54296,Milan-MIL01.csv,34.017444375176815,17.008722187588408,Amsterdam-AMS03.csv,33.97963852201354
4297,54297,Milan-MIL01.csv,31.931231854245485,15.965615927122743,Milan-MIL01.csv,31.931231854245485
4298,54298,Milan-MIL01.csv,23.966025065596213,11.983012532798107,Milan-MIL01.csv,23.966025065596213
4299,54299,Milan-MIL01.csv,64.0252415867038,32.0126207933519,Amsterdam-AMS03.csv,18.10894786766622
4300,54300,Milan-MIL01.csv,87.9610369543205,43.98051847716025,Amsterdam-AMS03.csv,38.47257328795899
4301,54301,Milan-MIL01.csv,74.04749547829947,37.023747739149734,Amsterdam-AMS03.csv,70.91246405924274
4302,54302,Milan-MIL01.csv,40.84790470373326,20.42395235186663,Frankfurt-FRA01.csv,25.425619336819228
4303,54303,Milan-MIL01.csv,50.096603365150315,25.048301682575158,Milan-MIL01.csv,50.096603365150315
4304,54304,Milan-MIL01.csv,33.83090872334493,16.915454361672467,Amsterdam-AMS03.csv,27.620032677256557
4305,54305,Milan-MIL01.csv,133.44694310443734,66.72347155221867,Frankfurt-FRA01.csv,41.104854368638314
4306,54306,Milan-MIL01.csv,30.845979872831283,15.422989936415641,Milan-MIL01.csv,30.845979872831283
4307,54307,Milan-MIL01.csv,125.43968481487944,62.71984240743972,Frankfurt-FRA01.csv,40.32423701417988
4308,54308,Milan-MIL01.csv,43.96427910423563,21.982139552117815,Milan-MIL01.csv,43.96427910423563
4309,54309,Milan-MIL01.csv,47.88739308613098,23.94369654306549,Amsterdam-AMS03.csv,41.24783031581607
4310,54310,Milan-MIL01.csv,51.22545540380964,25.61272770190482,Frankfurt-FRA01.csv,36.981153781060385
4311,54311,Milan-MIL01.csv,69.41529120639956,34.70764560319978,Amsterdam-AMS03.csv,32.596827078361585
4312,54312,Milan-MIL01.csv,95.08420371739702,47.54210185869851,Amsterdam-AMS03.csv,34.78034136116433
4313,54313,Milan-MIL01.csv,38.09397528550506,19.04698764275253,Milan-MIL01.csv,38.09397528550506
4314,54314,Milan-MIL01.csv,29.336132385012544,14.668066192506272,Milan-MIL01.csv,29.336132385012544
4315,54315,Milan-MIL01.csv,43.826557885427036,21.913278942713518,Frankfurt-FRA01.csv,33.31597502741185
4316,54316,Milan-MIL01.csv,22.909434933409084,11.454717466704542,Milan-MIL01.csv,22.909434933409084
4317,54317,Milan-MIL01.csv,104.17938311674295,52.08969155837148,Frankfurt-FRA01.csv,56.25154593293324
4318,54318,Milan-MIL01.csv,50.76709411098707,25.383547055493533,Amsterdam-AMS03.csv,29.94165612375361
4319,54319,Milan-MIL01.csv,70.23379130532605,35.116895652663025,Frankfurt-FRA01.csv,58.750829873910114
4320,54320,Milan-MIL01.csv,40.647215040939855,20.323607520469928,Milan-MIL01.csv,40.647215040939855
4321,54321,Milan-MIL01.csv,52.16213562115734,26.08106781057867,Frankfurt-FRA01.csv,34.29989012113434
4322,54322,Milan-MIL01.csv,77.74576287182002,38.87288143591001,Amsterdam-AMS03.csv,38.70520635509178
4323,54323,Milan-MIL01.csv,114.96271639745484,57.48135819872742,Frankfurt-FRA01.csv,61.023573210439565
4324,54324,Milan-MIL01.csv,24.54471927491454,12.27235963745727,Milan-MIL01.csv,24.54471927491454
4325,54325,Milan-MIL01.csv,46.01189946662291,23.005949733311454,Frankfurt-FRA01.csv,36.264752541952234
4326,54326,Milan-MIL01.csv,49.75907272086038,24.87953636043019,Amsterdam-AMS03.csv,36.50865116688322
4327,54327,Milan-MIL01.csv,43.18319459485837,21.591597297429185,Milan-MIL01.csv,43.18319459485837
4328,54328,Milan-MIL01.csv,83.3110048597852,41.6555024298926,Frankfurt-FRA01.csv,46.57353747304169
4329,54329,Milan-MIL01.csv,60.78579691552398,30.39289845776199,Amsterdam-AMS03.csv,51.6060124730081
4330,54330,Milan-MIL01.csv,40.18864511278016,20.09432255639008,Amsterdam-AMS03.csv,37.1504352608752
4331,54331,Milan-MIL01.csv,93.2639534303783,46.63197671518915,Amsterdam-AMS03.csv,40.81629508958543
4332,54332,Milan-MIL01.csv,101.48831780229641,50.744158901148204,Frankfurt-FRA01.csv,45.36470386614655
4333,54333,Milan-MIL01.csv,34.14013099284168,17.07006549642084,Milan-MIL01.csv,34.14013099284168
4334,54334,Milan-MIL01.csv,45.431702612366784,22.715851306183392,Amsterdam-AMS03.csv,40.99743470298937
4335,54335,Milan-MIL01.csv,33.81491876587417,16.907459382937084,Milan-MIL01.csv,33.81491876587417
4336,54336,Milan-MIL01.csv,58.62642285830889,29.313211429154446,Frankfurt-FRA01.csv,26.182648200234862
4337,54337,Milan-MIL01.csv,120.80976029504092,60.40488014752046,Amsterdam-AMS03.csv,37.958470609713935
4338,54338,Milan-MIL01.csv,22.552930913043756,11.276465456521878,Milan-MIL01.csv,22.552930913043756
4339,54339,Milan-MIL01.csv,46.4643436092788,23.2321718046394,Frankfurt-FRA01.csv,29.440461813117132
4340,54340,Milan-MIL01.csv,35.338392581216915,17.669196290608458,Milan-MIL01.csv,35.338392581216915
4341,54341,Milan-MIL01.csv,40.635712752866084,20.317856376433042,Amsterdam-AMS03.csv,29.618169115168143
4342,54342,Milan-MIL01.csv,57.51174742155667,28.755873710778335,Frankfurt-FRA01.csv,48.449118510169264
4343,54343,Milan-MIL01.csv,124.79384699957492,62.39692349978746,Frankfurt-FRA01.csv,55.20227394841773
4344,54344,Milan-MIL01.csv,100.3799575466128,50.1899787733064,Frankfurt-FRA01.csv,58.94925290246414
4345,54345,Milan-MIL01.csv,74.40325135275877,37.201625676379386,Amsterdam-AMS03.csv,32.2938021107913
4346,54346,Milan-MIL01.csv,37.97122918565152,18.98561459282576,Amsterdam-AMS03.csv,33.295635159454655
4347,54347,Milan-MIL01.csv,151.69821024183216,75.84910512091608,Frankfurt-FRA01.csv,35.4348673571658
4348,54348,Milan-MIL01.csv,43.918654783138,21.959327391569,Amsterdam-AMS03.csv,30.52129598269038
4349,54349,Milan-MIL01.csv,118.79056762581189,59.395283812905944,Frankfurt-FRA01.csv,44.643473465555196
4350,54350,Milan-MIL01.csv,88.13550824246343,44.067754121231715,Amsterdam-AMS03.csv,29.174093055847727
4351,54351,Milan-MIL01.csv,43.886751332686195,21.943375666343098,Amsterdam-AMS03.csv,32.46915414235855
4352,54352,Milan-MIL01.csv,62.04838494323762,31.02419247161881,Amsterdam-AMS03.csv,26.398487034022263
4353,54353,Milan-MIL01.csv,39.19905937015537,19.599529685077684,Frankfurt-FRA01.csv,27.917913152756636
4354,54354,Milan-MIL01.csv,32.62805700739423,16.314028503697116,Milan-MIL01.csv,32.62805700739423
4355,54355,Milan-MIL01.csv,68.45914197406385,34.22957098703193,Amsterdam-AMS03.csv,52.63621688993598
4356,54356,Milan-MIL01.csv,25.801610115559296,12.900805057779648,Milan-MIL01.csv,25.801610115559296
4357,54357,Milan-MIL01.csv,40.88509859189297,20.442549295946485,Milan-MIL01.csv,40.88509859189297
4358,54358,Milan-MIL01.csv,94.08282516051356,47.04141258025678,Frankfurt-FRA01.csv,92.05510816021922
4359,54359,Milan-MIL01.csv,103.53424213281025,51.767121066405124,Frankfurt-FRA01.csv,59.169081190576215
4360,54360,Milan-MIL01.csv,73.97595213748464,36.98797606874232,Amsterdam-AMS03.csv,47.806455080495894
4361,54361,Milan-MIL01.csv,63.95793979894409,31.978969899472045,Amsterdam-AMS03.csv,45.96525879033438
4362,54362,Milan-MIL01.csv,83.65063390157547,41.82531695078774,Amsterdam-AMS03.csv,35.1911294731676
4363,54363,Milan-MIL01.csv,75.77307326939611,37.886536634698054,Amsterdam-AMS03.csv,32.99047764222466
4364,54364,Milan-MIL01.csv,22.616000072893772,11.308000036446886,Frankfurt-FRA01.csv,20.53405003582667
4365,54365,Milan-MIL01.csv,151.7886579633045,75.89432898165225,Amsterdam-AMS03.csv,49.21203121744328
4366,54366,Milan-MIL01.csv,92.6464122599396,46.3232061299698,Amsterdam-AMS03.csv,44.353772992392834
4367,54367,Milan-MIL01.csv,32.48940538906471,16.244702694532354,Frankfurt-FRA01.csv,28.86263258388557
4368,54368,Milan-MIL01.csv,83.72331826972734,41.86165913486367,Frankfurt-FRA01.csv,65.68964700394922
4369,54369,Milan-MIL01.csv,77.00218210245411,38.50109105122706,Amsterdam-AMS03.csv,40.68111892948016
4370,54370,Milan-MIL01.csv,45.85274999071546,22.92637499535773,Milan-MIL01.csv,45.85274999071546
4371,54371,Milan-MIL01.csv,37.89042722505193,18.945213612525965,Frankfurt-FRA01.csv,37.24438825491935
4372,54372,Milan-MIL01.csv,45.93047190151811,22.965235950759055,Frankfurt-FRA01.csv,32.9056132111039
4373,54373,Milan-MIL01.csv,23.41462165533576,11.70731082766788,Milan-MIL01.csv,23.41462165533576
4374,54374,Milan-MIL01.csv,52.49867509036252,26.24933754518126,Amsterdam-AMS03.csv,45.25067660587572
4375,54375,Milan-MIL01.csv,24.069158045633934,12.034579022816967,Amsterdam-AMS03.csv,19.884737399084944
4376,54376,Milan-MIL01.csv,52.9904047178092,26.4952023589046,Amsterdam-AMS03.csv,28.248529729401668
4377,54377,Milan-MIL01.csv,134.0532112945135,67.02660564725674,Amsterdam-AMS03.csv,58.49875817517795
4378,54378,Milan-MIL01.csv,55.8552423749279,27.92762118746395,Frankfurt-FRA01.csv,27.50937571391725
4379,54379,Milan-MIL01.csv,44.823473321854244,22.411736660927122,Milan-MIL01.csv,44.823473321854244
4380,54380,Milan-MIL01.csv,54.648446675878795,27.324223337939397,Milan-MIL01.csv,54.648446675878795
4381,54381,Milan-MIL01.csv,56.16993323199449,28.084966615997246,Frankfurt-FRA01.csv,36.768552697557425
4382,54382,Milan-MIL01.csv,65.07464377947515,32.537321889737576,Amsterdam-AMS03.csv,34.89992646281645
4383,54383,Milan-MIL01.csv,71.16366737552543,35.58183368776272,Frankfurt-FRA01.csv,27.24504560085898
4384,54384,Milan-MIL01.csv,98.57129378762436,49.28564689381218,Amsterdam-AMS03.csv,49.94732057210037
4385,54385,Milan-MIL01.csv,66.32068076363528,33.16034038181764,Amsterdam-AMS03.csv,46.28927248326226
4386,54386,Milan-MIL01.csv,100.86352925180765,50.431764625903824,Amsterdam-AMS03.csv,48.42584091331706
4387,54387,Milan-MIL01.csv,24.63672933782531,12.318364668912656,Milan-MIL01.csv,24.63672933782531
4388,54388,Milan-MIL01.csv,71.73482115910156,35.86741057955078,Amsterdam-AMS03.csv,31.20483184812005
4389,54389,Milan-MIL01.csv,63.465378644704344,31.732689322352172,Amsterdam-AMS03.csv,54.87735969885099
4390,54390,Milan-MIL01.csv,70.70982569359886,35.35491284679943,Frankfurt-FRA01.csv,44.037710068461045
4391,54391,Milan-MIL01.csv,28.34535586954435,14.172677934772175,Milan-MIL01.csv,28.34535586954435
4392,54392,Milan-MIL01.csv,43.54323663713869,21.771618318569345,Amsterdam-AMS03.csv,42.51389085435405
4393,54393,Milan-MIL01.csv,52.9131993426173,26.45659967130865,Milan-MIL01.csv,52.9131993426173
4394,54394,Milan-MIL01.csv,52.87615263233957,26.438076316169784,Amsterdam-AMS03.csv,30.428049335763674
4395,54395,Milan-MIL01.csv,79.84700513893591,39.923502569467956,Amsterdam-AMS03.csv,37.515222742596265
4396,54396,Milan-MIL01.csv,64.71795233229255,32.35897616614628,Amsterdam-AMS03.csv,63.30260954496566
4397,54397,Milan-MIL01.csv,76.3063284990421,38.15316424952105,Amsterdam-AMS03.csv,44.134248300332914
4398,54398,Milan-MIL01.csv,84.78074059634993,42.390370298174965,Amsterdam-AMS03.csv,60.83355350211244
4399,54399,Milan-MIL01.csv,34.87019608091682,17.43509804045841,Milan-MIL01.csv,34.87019608091682
4400,54400,Milan-MIL01.csv,44.78314284816639,22.391571424083196,Milan-MIL01.csv,44.78314284816639
4401,54401,Milan-MIL01.csv,73.39683279716758,36.69841639858379,Frankfurt-FRA01.csv,22.505014123957494
4402,54402,Milan-MIL01.csv,53.79364376122755,26.896821880613775,Amsterdam-AMS03.csv,34.3827013658943
4403,54403,Milan-MIL01.csv,107.78787084200096,53.89393542100048,Frankfurt-FRA01.csv,49.28445441358368
4404,54404,Milan-MIL01.csv,51.90419640909522,25.95209820454761,Amsterdam-AMS03.csv,40.92992811731697
4405,54405,Milan-MIL01.csv,31.323933342146407,15.661966671073204,Milan-MIL01.csv,31.323933342146407
4406,54406,Milan-MIL01.csv,62.41216466833564,31.20608233416782,Milan-MIL01.csv,62.41216466833564
4407,54407,Milan-MIL01.csv,83.31832327547968,41.65916163773984,Amsterdam-AMS03.csv,42.07174557902004
4408,54408,Milan-MIL01.csv,93.4205683362429,46.71028416812145,Frankfurt-FRA01.csv,50.031829697340115
4409,54409,Milan-MIL01.csv,69.8610108197383,34.93050540986915,Amsterdam-AMS03.csv,43.59659086736522
4410,54410,Milan-MIL01.csv,55.923157966742664,27.961578983371332,Amsterdam-AMS03.csv,46.49602257939965
4411,54411,Milan-MIL01.csv,177.24397339762547,88.62198669881273,Amsterdam-AMS03.csv,47.1893115209856
4412,54412,Milan-MIL01.csv,61.74720894920699,30.873604474603496,Amsterdam-AMS03.csv,44.68519594266837
4413,54413,Milan-MIL01.csv,34.19595495593151,17.097977477965756,Frankfurt-FRA01.csv,19.388506502564738
4414,54414,Milan-MIL01.csv,48.15843510637301,24.079217553186506,Amsterdam-AMS03.csv,34.50220870776527
4415,54415,Milan-MIL01.csv,108.93095258459027,54.465476292295136,Amsterdam-AMS03.csv,37.39770248716676
4416,54416,Milan-MIL01.csv,66.41303638920519,33.206518194602594,Frankfurt-FRA01.csv,35.55843556817708
4417,54417,Milan-MIL01.csv,91.7431957705394,45.8715978852697,Frankfurt-FRA01.csv,43.73694753340388
4418,54418,Milan-MIL01.csv,66.33090711963798,33.16545355981899,Amsterdam-AMS03.csv,43.32676697437083
4419,54419,Milan-MIL01.csv,77.10780646316067,38.553903231580335,Amsterdam-AMS03.csv,21.110105304615843
4420,54420,Milan-MIL01.csv,101.6743465745546,50.8371732872773,Frankfurt-FRA01.csv,56.885284609325886
4421,54421,Milan-MIL01.csv,42.252096115081805,21.126048057540903,Milan-MIL01.csv,42.252096115081805
4422,54422,Milan-MIL01.csv,74.43764372830867,37.218821864154336,Amsterdam-AMS03.csv,61.579321947547115
4423,54423,Milan-MIL01.csv,53.611306648235114,26.805653324117557,Frankfurt-FRA01.csv,51.35587068657841
4424,54424,Milan-MIL01.csv,153.376231083469,76.6881155417345,Amsterdam-AMS03.csv,36.82293401423323
4425,54425,Milan-MIL01.csv,36.849508802950986,18.424754401475493,Milan-MIL01.csv,36.849508802950986
4426,54426,Milan-MIL01.csv,36.911573246879655,18.455786623439828,Milan-MIL01.csv,36.911573246879655
4427,54427,Milan-MIL01.csv,70.82300162483614,35.41150081241807,Milan-MIL01.csv,70.82300162483614
4428,54428,Milan-MIL01.csv,100.23764284179822,50.11882142089911,Frankfurt-FRA01.csv,35.21134752727078
4429,54429,Milan-MIL01.csv,46.76335377544527,23.381676887722634,Amsterdam-AMS03.csv,46.55110741581765
4430,54430,Milan-MIL01.csv,168.65272245666182,84.32636122833091,Frankfurt-FRA01.csv,43.89470732539099
4431,54431,Milan-MIL01.csv,44.94871479884117,22.474357399420587,Amsterdam-AMS03.csv,33.85977345393801
4432,54432,Milan-MIL01.csv,69.88658373333753,34.943291866668766,Frankfurt-FRA01.csv,28.43787772560747
4433,54433,Milan-MIL01.csv,53.82364226153998,26.91182113076999,Amsterdam-AMS03.csv,35.27661132975272
4434,54434,Milan-MIL01.csv,55.07218132377137,27.536090661885684,Frankfurt-FRA01.csv,50.81664814229552
4435,54435,Milan-MIL01.csv,70.62820027803043,35.31410013901522,Frankfurt-FRA01.csv,48.29568368375676
4436,54436,Milan-MIL01.csv,53.5461366194756,26.7730683097378,Amsterdam-AMS03.csv,38.870395816377474
4437,54437,Milan-MIL01.csv,68.61651879679707,34.30825939839853,Frankfurt-FRA01.csv,39.09895488552117
4438,54438,Milan-MIL01.csv,109.08742574631357,54.543712873156785,Frankfurt-FRA01.csv,44.095065171994435
4439,54439,Milan-MIL01.csv,43.018189302947015,21.509094651473507,Frankfurt-FRA01.csv,23.715642871247496
4440,54440,Milan-MIL01.csv,78.62193042807955,39.310965214039776,Amsterdam-AMS03.csv,40.44363657244556
4441,54441,Milan-MIL01.csv,35.02380262107424,17.51190131053712,Amsterdam-AMS03.csv,25.136114818088508
4442,54442,Milan-MIL01.csv,57.68167123369783,28.840835616848914,Amsterdam-AMS03.csv,40.08364000872623
4443,54443,Milan-MIL01.csv,29.053905511292612,14.526952755646306,Milan-MIL01.csv,29.053905511292612
4444,54444,Milan-MIL01.csv,30.01170976640176,15.00585488320088,Milan-MIL01.csv,30.01170976640176
4445,54445,Milan-MIL01.csv,99.62131807654953,49.810659038274764,Amsterdam-AMS03.csv,20.344575512234023
4446,54446,Milan-MIL01.csv,58.38199770867615,29.190998854338076,Amsterdam-AMS03.csv,25.761110742381156
4447,54447,Milan-MIL01.csv,34.00862212720786,17.00431106360393,Milan-MIL01.csv,34.00862212720786
4448,54448,Milan-MIL01.csv,67.22597299286826,33.61298649643413,Frankfurt-FRA01.csv,56.729478565856134
4449,54449,Milan-MIL01.csv,32.561610871434034,16.280805435717017,Milan-MIL01.csv,32.561610871434034
4450,54450,Milan-MIL01.csv,57.46172694559899,28.730863472799495,Amsterdam-AMS03.csv,39.31509101719663
4451,54451,Milan-MIL01.csv,78.19894172622676,39.09947086311338,Amsterdam-AMS03.csv,33.10573923168241
4452,54452,Milan-MIL01.csv,39.551504494727304,19.775752247363652,Milan-MIL01.csv,39.551504494727304
4453,54453,Milan-MIL01.csv,68.39920556518032,34.19960278259016,Frankfurt-FRA01.csv,37.03932593636925
4454,54454,Milan-MIL01.csv,67.94711991893709,33.973559959468545,Milan-MIL01.csv,67.94711991893709
4455,54455,Milan-MIL01.csv,38.770803094519835,19.385401547259917,Milan-MIL01.csv,38.770803094519835
4456,54456,Milan-MIL01.csv,60.96698642075655,30.483493210378274,Amsterdam-AMS03.csv,33.02251595849903
4457,54457,Milan-MIL01.csv,121.31366080795631,60.656830403978155,Frankfurt-FRA01.csv,43.742829395190164
4458,54458,Milan-MIL01.csv,38.89820749804108,19.44910374902054,Milan-MIL01.csv,38.89820749804108
4459,54459,Milan-MIL01.csv,26.31240795810344,13.15620397905172,Frankfurt-FRA01.csv,23.701651882213035
4460,54460,Milan-MIL01.csv,69.45839521106062,34.72919760553031,Amsterdam-AMS03.csv,31.136143248836433
4461,54461,Milan-MIL01.csv,53.81152555124226,26.90576277562113,Frankfurt-FRA01.csv,29.702017665382606
4462,54462,Milan-MIL01.csv,58.852682387151,29.4263411935755,Amsterdam-AMS03.csv,43.32229686180118
4463,54463,Milan-MIL01.csv,125.07633325494271,62.538166627471355,Amsterdam-AMS03.csv,20.953484927225773
4464,54464,Milan-MIL01.csv,44.564802625374945,22.282401312687472,Milan-MIL01.csv,44.564802625374945
4465,54465,Milan-MIL01.csv,84.66101942645658,42.33050971322829,Frankfurt-FRA01.csv,67.37449168066244
4466,54466,Milan-MIL01.csv,48.69350813676415,24.346754068382076,Frankfurt-FRA01.csv,38.494409053014955
4467,54467,Milan-MIL01.csv,45.80977161819886,22.90488580909943,Frankfurt-FRA01.csv,24.783233232377352
4468,54468,Milan-MIL01.csv,25.33399300726576,12.66699650363288,Milan-MIL01.csv,25.33399300726576
4469,54469,Milan-MIL01.csv,87.67948390655849,43.839741953279244,Frankfurt-FRA01.csv,39.4919102928779
4470,54470,Milan-MIL01.csv,30.343392152163585,15.171696076081792,Milan-MIL01.csv,30.343392152163585
4471,54471,Milan-MIL01.csv,62.44800213040797,31.224001065203986,Frankfurt-FRA01.csv,55.97434997813874
4472,54472,Milan-MIL01.csv,38.03570189924998,19.01785094962499,Frankfurt-FRA01.csv,37.61579413163274
4473,54473,Milan-MIL01.csv,60.12329668361839,30.061648341809196,Frankfurt-FRA01.csv,38.897676381011046
4474,54474,Milan-MIL01.csv,55.76225795935147,27.881128979675736,Amsterdam-AMS03.csv,31.077493143391404
4475,54475,Milan-MIL01.csv,35.780557089606226,17.890278544803113,Amsterdam-AMS03.csv,16.91030074847247
4476,54476,Milan-MIL01.csv,50.01201891125588,25.00600945562794,Milan-MIL01.csv,50.01201891125588
4477,54477,Milan-MIL01.csv,29.963791735371125,14.981895867685562,Milan-MIL01.csv,29.963791735371125
4478,54478,Milan-MIL01.csv,66.64567015179666,33.32283507589833,Frankfurt-FRA01.csv,65.00895342835115
4479,54479,Milan-MIL01.csv,96.80790779245825,48.403953896229126,Frankfurt-FRA01.csv,55.88379336273945
4480,54480,Milan-MIL01.csv,65.73703192930067,32.868515964650335,Milan-MIL01.csv,65.73703192930067
4481,54481,Milan-MIL01.csv,13.377880719856703,6.688940359928352,Milan-MIL01.csv,13.377880719856703
4482,54482,Milan-MIL01.csv,100.930046469446,50.465023234723,Frankfurt-FRA01.csv,46.39506779291109
4483,54483,Milan-MIL01.csv,43.38668693692968,21.69334346846484,Amsterdam-AMS03.csv,23.619510757895913
4484,54484,Milan-MIL01.csv,67.99431782839008,33.99715891419504,Frankfurt-FRA01.csv,29.3645087112511
4485,54485,Milan-MIL01.csv,30.977278702957225,15.488639351478612,Milan-MIL01.csv,30.977278702957225
4486,54486,Milan-MIL01.csv,86.77643675689158,43.38821837844579,Amsterdam-AMS03.csv,41.9981228320105
4487,54487,Milan-MIL01.csv,98.84346656136731,49.421733280683654,Amsterdam-AMS03.csv,52.76308272633389
4488,54488,Milan-MIL01.csv,57.29473558395811,28.647367791979054,Amsterdam-AMS03.csv,39.407893089556815
4489,54489,Milan-MIL01.csv,35.1220455095169,17.56102275475845,Amsterdam-AMS03.csv,24.55872985042861
4490,54490,Milan-MIL01.csv,87.77792206715355,43.88896103357678,Amsterdam-AMS03.csv,26.202659366945408
4491,54491,Milan-MIL01.csv,58.59555010522149,29.297775052610746,Amsterdam-AMS03.csv,29.01897593919309
4492,54492,Milan-MIL01.csv,42.57440726269697,21.287203631348486,Milan-MIL01.csv,42.57440726269697
4493,54493,Milan-MIL01.csv,80.37014685480821,40.185073427404106,Frankfurt-FRA01.csv,30.5691462111959
4494,54494,Milan-MIL01.csv,78.83008807614556,39.41504403807278,Amsterdam-AMS03.csv,33.143958940736475
4495,54495,Milan-MIL01.csv,54.01804718678526,27.00902359339263,Frankfurt-FRA01.csv,31.14549225745237
4496,54496,Milan-MIL01.csv,110.1198691938067,55.05993459690335,Frankfurt-FRA01.csv,42.55904061313005
4497,54497,Milan-MIL01.csv,36.15150043729639,18.075750218648196,Milan-MIL01.csv,36.15150043729639
4498,54498,Milan-MIL01.csv,58.2817163776878,29.1408581888439,Frankfurt-FRA01.csv,34.19587069873462
4499,54499,Milan-MIL01.csv,37.867490794306775,18.933745397153388,Milan-MIL01.csv,37.867490794306775
4500,54500,Milan-MIL01.csv,54.10720564661298,27.05360282330649,Frankfurt-FRA01.csv,23.087101975809784
4501,54501,Milan-MIL01.csv,33.258736713665634,16.629368356832817,Frankfurt-FRA01.csv,27.9719589805723
4502,54502,Milan-MIL01.csv,82.18450884691791,41.092254423458954,Frankfurt-FRA01.csv,43.250189332326585
4503,54503,Milan-MIL01.csv,40.84055548423535,20.420277742117676,Amsterdam-AMS03.csv,27.7199576632669
4504,54504,Milan-MIL01.csv,31.636225270728726,15.818112635364363,Amsterdam-AMS03.csv,30.915540998391936
4505,54505,Milan-MIL01.csv,50.030603340732114,25.015301670366057,Amsterdam-AMS03.csv,39.69247490821569
4506,54506,Milan-MIL01.csv,22.139055119953778,11.069527559976889,Milan-MIL01.csv,22.139055119953778
4507,54507,Milan-MIL01.csv,105.63593228598305,52.81796614299152,Frankfurt-FRA01.csv,45.727599355366145
4508,54508,Milan-MIL01.csv,95.26250625129106,47.63125312564553,Frankfurt-FRA01.csv,39.19425494007842
4509,54509,Milan-MIL01.csv,44.35371840527442,22.17685920263721,Milan-MIL01.csv,44.35371840527442
4510,54510,Milan-MIL01.csv,113.40582485385981,56.702912426929906,Frankfurt-FRA01.csv,58.88767619669131
4511,54511,Milan-MIL01.csv,60.256068507645374,30.128034253822687,Amsterdam-AMS03.csv,30.640265219017532
4512,54512,Milan-MIL01.csv,31.313533571642736,15.656766785821368,Milan-MIL01.csv,31.313533571642736
4513,54513,Milan-MIL01.csv,17.18483909243741,8.592419546218705,Milan-MIL01.csv,17.18483909243741
4514,54514,Milan-MIL01.csv,29.56452059163693,14.782260295818466,Milan-MIL01.csv,29.56452059163693
4515,54515,Milan-MIL01.csv,50.96938023259686,25.48469011629843,Amsterdam-AMS03.csv,35.49853865315797
4516,54516,Milan-MIL01.csv,100.95248817848574,50.47624408924287,Frankfurt-FRA01.csv,53.614365340982374
4517,54517,Milan-MIL01.csv,97.2370789398608,48.6185394699304,Frankfurt-FRA01.csv,47.70877175007386
4518,54518,Milan-MIL01.csv,91.2384519385467,45.61922596927335,Amsterdam-AMS03.csv,27.553496321085092
4519,54519,Milan-MIL01.csv,28.955148558627723,14.477574279313862,Milan-MIL01.csv,28.955148558627723
4520,54520,Milan-MIL01.csv,51.87876570919295,25.939382854596474,Amsterdam-AMS03.csv,38.73898584398906
4521,54521,Milan-MIL01.csv,45.27555285061532,22.63777642530766,Amsterdam-AMS03.csv,32.416013650800735
4522,54522,Milan-MIL01.csv,102.30021419421738,51.15010709710869,Amsterdam-AMS03.csv,28.325268143917228
4523,54523,Milan-MIL01.csv,48.01939316892652,24.00969658446326,Amsterdam-AMS03.csv,24.843021164670024
4524,54524,Milan-MIL01.csv,41.443268914224575,20.721634457112287,Frankfurt-FRA01.csv,38.24262407634747
4525,54525,Milan-MIL01.csv,52.145100420288685,26.072550210144342,Milan-MIL01.csv,52.145100420288685
4526,54526,Milan-MIL01.csv,60.37997159618749,30.189985798093744,Frankfurt-FRA01.csv,34.64602974996427
4527,54527,Milan-MIL01.csv,98.13457973627187,49.06728986813594,Amsterdam-AMS03.csv,52.578647170824375
4528,54528,Milan-MIL01.csv,35.9809165845236,17.9904582922618,Milan-MIL01.csv,35.9809165845236
4529,54529,Milan-MIL01.csv,33.36031160186257,16.680155800931285,Frankfurt-FRA01.csv,29.582622754732196
4530,54530,Milan-MIL01.csv,191.24013916459856,95.62006958229928,Frankfurt-FRA01.csv,40.839278601506095
4531,54531,Milan-MIL01.csv,65.43538959280231,32.717694796401155,Amsterdam-AMS03.csv,36.793048593614735
4532,54532,Milan-MIL01.csv,81.85430567958319,40.927152839791596,Frankfurt-FRA01.csv,39.110073877750224
4533,54533,Milan-MIL01.csv,48.534918602720026,24.267459301360013,Milan-MIL01.csv,48.534918602720026
4534,54534,Milan-MIL01.csv,99.83706596681672,49.91853298340836,Amsterdam-AMS03.csv,39.09502267960538
4535,54535,Milan-MIL01.csv,72.19638840079178,36.09819420039589,Amsterdam-AMS03.csv,18.063092646651562
4536,54536,Milan-MIL01.csv,31.178069592592895,15.589034796296447,Milan-MIL01.csv,31.178069592592895
4537,54537,Milan-MIL01.csv,78.66176917790727,39.33088458895364,Frankfurt-FRA01.csv,34.65396587739873
4538,54538,Milan-MIL01.csv,64.96386556553348,32.48193278276674,Amsterdam-AMS03.csv,31.86691281807699
4539,54539,Milan-MIL01.csv,51.939502432969206,25.969751216484603,Amsterdam-AMS03.csv,39.734775666132755
4540,54540,Milan-MIL01.csv,76.85108920559142,38.42554460279571,Amsterdam-AMS03.csv,41.58548124842397
4541,54541,Milan-MIL01.csv,62.2852153338563,31.14260766692815,Amsterdam-AMS03.csv,39.56970579702412
4542,54542,Milan-MIL01.csv,59.43770602281507,29.718853011407536,Milan-MIL01.csv,59.43770602281507
4543,54543,Milan-MIL01.csv,55.84538435405027,27.922692177025134,Frankfurt-FRA01.csv,55.709574278676314
4544,54544,Milan-MIL01.csv,68.89131232986074,34.44565616493037,Frankfurt-FRA01.csv,22.819132929784452
4545,54545,Milan-MIL01.csv,37.724724453184656,18.862362226592328,Amsterdam-AMS03.csv,19.006475194046995
4546,54546,Milan-MIL01.csv,78.69621522495761,39.348107612478806,Amsterdam-AMS03.csv,33.51900075077247
4547,54547,Milan-MIL01.csv,47.77806268885444,23.88903134442722,Amsterdam-AMS03.csv,30.615067718154933
4548,54548,Milan-MIL01.csv,88.41642080384925,44.208210401924624,Amsterdam-AMS03.csv,35.7646657391233
4549,54549,Milan-MIL01.csv,80.84832149581418,40.42416074790709,Frankfurt-FRA01.csv,51.05569978319688
4550,54550,Milan-MIL01.csv,34.642967116092485,17.321483558046243,Frankfurt-FRA01.csv,25.444752536796898
4551,54551,Milan-MIL01.csv,65.17461325831187,32.58730662915593,Amsterdam-AMS03.csv,30.73118382600453
4552,54552,Milan-MIL01.csv,65.78793230969264,32.89396615484632,Amsterdam-AMS03.csv,40.059661182942705
4553,54553,Milan-MIL01.csv,50.29180104090749,25.145900520453743,Frankfurt-FRA01.csv,37.32865694853982
4554,54554,Milan-MIL01.csv,47.07870614729084,23.53935307364542,Milan-MIL01.csv,47.07870614729084
4555,54555,Milan-MIL01.csv,62.86241583734298,31.43120791867149,Amsterdam-AMS03.csv,50.24474243031342
4556,54556,Milan-MIL01.csv,62.916609109223366,31.458304554611683,Amsterdam-AMS03.csv,23.863557303772648
4557,54557,Milan-MIL01.csv,64.02920872512762,32.01460436256381,Amsterdam-AMS03.csv,25.29892534745754
4558,54558,Milan-MIL01.csv,37.455825956721334,18.727912978360667,Amsterdam-AMS03.csv,20.721263187200986
4559,54559,Milan-MIL01.csv,19.842371976507117,9.921185988253558,Milan-MIL01.csv,19.842371976507117
4560,54560,Milan-MIL01.csv,62.755067938920746,31.377533969460373,Amsterdam-AMS03.csv,26.413383053579953
4561,54561,Milan-MIL01.csv,81.37126052186015,40.685630260930076,Amsterdam-AMS03.csv,36.78414846283359
4562,54562,Milan-MIL01.csv,73.7599906964404,36.8799953482202,Frankfurt-FRA01.csv,31.601972357637027
4563,54563,Milan-MIL01.csv,48.68289166823008,24.34144583411504,Amsterdam-AMS03.csv,34.386501627559234
4564,54564,Milan-MIL01.csv,117.99590203985692,58.99795101992846,Amsterdam-AMS03.csv,50.94775961441943
4565,54565,Milan-MIL01.csv,41.373401419663885,20.686700709831943,Amsterdam-AMS03.csv,32.991287537630896
4566,54566,Milan-MIL01.csv,54.76146765008287,27.380733825041435,Frankfurt-FRA01.csv,50.03209415149557
4567,54567,Milan-MIL01.csv,39.88592018465826,19.94296009232913,Frankfurt-FRA01.csv,26.65554121919277
4568,54568,Milan-MIL01.csv,37.262712754433025,18.631356377216512,Amsterdam-AMS03.csv,35.55159692934402
4569,54569,Milan-MIL01.csv,23.67871419477852,11.83935709738926,Milan-MIL01.csv,23.67871419477852
4570,54570,Milan-MIL01.csv,36.87298201453272,18.43649100726636,Milan-MIL01.csv,36.87298201453272
4571,54571,Milan-MIL01.csv,79.76954572915585,39.884772864577926,Amsterdam-AMS03.csv,48.77359034786419
4572,54572,Milan-MIL01.csv,50.03999187307668,25.01999593653834,Frankfurt-FRA01.csv,33.61311230377942
4573,54573,Milan-MIL01.csv,42.66767598123608,21.33383799061804,Amsterdam-AMS03.csv,38.03874975713734
4574,54574,Milan-MIL01.csv,53.46039545955829,26.730197729779146,Amsterdam-AMS03.csv,20.48741674189469
4575,54575,Milan-MIL01.csv,51.94114774212837,25.970573871064186,Amsterdam-AMS03.csv,34.498972773129296
4576,54576,Milan-MIL01.csv,67.74887706319512,33.87443853159756,Amsterdam-AMS03.csv,67.42087624466197
4577,54577,Milan-MIL01.csv,39.02512943715948,19.51256471857974,Milan-MIL01.csv,39.02512943715948
4578,54578,Milan-MIL01.csv,85.30234933108618,42.65117466554309,Amsterdam-AMS03.csv,43.72314769438712
4579,54579,Milan-MIL01.csv,57.203372563176615,28.601686281588307,Amsterdam-AMS03.csv,44.16820215841799
4580,54580,Milan-MIL01.csv,54.636736367974876,27.318368183987438,Amsterdam-AMS03.csv,53.79200334302259
4581,54581,Milan-MIL01.csv,87.77719842437216,43.88859921218608,Frankfurt-FRA01.csv,39.04865816275925
4582,54582,Milan-MIL01.csv,107.36502084041297,53.682510420206484,Frankfurt-FRA01.csv,30.885765139643674
4583,54583,Milan-MIL01.csv,60.153819956357765,30.076909978178882,Amsterdam-AMS03.csv,32.54173203872333
4584,54584,Milan-MIL01.csv,46.33035904909512,23.16517952454756,Amsterdam-AMS03.csv,30.2658572854557
4585,54585,Milan-MIL01.csv,43.04514803229062,21.52257401614531,Milan-MIL01.csv,43.04514803229062
4586,54586,Milan-MIL01.csv,95.31842579535183,47.659212897675914,Frankfurt-FRA01.csv,36.32840122715991
4587,54587,Milan-MIL01.csv,99.19704328209937,49.598521641049686,Frankfurt-FRA01.csv,48.16189377310724
4588,54588,Milan-MIL01.csv,67.52501751364845,33.762508756824225,Amsterdam-AMS03.csv,25.24417837393808
4589,54589,Milan-MIL01.csv,70.65774680557843,35.32887340278921,Amsterdam-AMS03.csv,48.01146393098071
4590,54590,Milan-MIL01.csv,68.86034921881246,34.43017460940623,Frankfurt-FRA01.csv,32.01716189278436
4591,54591,Milan-MIL01.csv,57.717262027382,28.858631013691,Frankfurt-FRA01.csv,52.841398274478315
4592,54592,Milan-MIL01.csv,56.673908017869245,28.336954008934622,Amsterdam-AMS03.csv,23.349283673003956
4593,54593,Milan-MIL01.csv,60.695855377719234,30.347927688859617,Milan-MIL01.csv,60.695855377719234
4594,54594,Milan-MIL01.csv,48.81954949343892,24.40977474671946,Amsterdam-AMS03.csv,35.63094245466541
4595,54595,Milan-MIL01.csv,80.85445307585795,40.42722653792897,Frankfurt-FRA01.csv,47.82144732657174
4596,54596,Milan-MIL01.csv,45.653444581266044,22.826722290633022,Amsterdam-AMS03.csv,39.4395451807029
4597,54597,Milan-MIL01.csv,55.01053931162118,27.50526965581059,Frankfurt-FRA01.csv,35.23526189882872
4598,54598,Milan-MIL01.csv,64.59686762430492,32.29843381215246,Amsterdam-AMS03.csv,31.19636377121297
4599,54599,Milan-MIL01.csv,88.91689284432589,44.45844642216294,Amsterdam-AMS03.csv,38.31177543193909
4600,54600,Milan-MIL01.csv,56.22667128842831,28.113335644214153,Frankfurt-FRA01.csv,34.1732940378168
4601,54601,Milan-MIL01.csv,34.81032849002969,17.405164245014845,Amsterdam-AMS03.csv,32.31356198274746
4602,54602,Milan-MIL01.csv,57.61368085777745,28.806840428888727,Amsterdam-AMS03.csv,52.735707151449716
4603,54603,Milan-MIL01.csv,31.34026629942858,15.67013314971429,Milan-MIL01.csv,31.34026629942858
4604,54604,Milan-MIL01.csv,58.25184067670498,29.12592033835249,Amsterdam-AMS03.csv,33.56254878929524
4605,54605,Milan-MIL01.csv,45.30968497315573,22.654842486577866,Milan-MIL01.csv,45.30968497315573
4606,54606,Milan-MIL01.csv,43.29958991822414,21.64979495911207,Frankfurt-FRA01.csv,33.19684602209708
4607,54607,Milan-MIL01.csv,74.26077545139701,37.130387725698505,Amsterdam-AMS03.csv,67.31603999086386
4608,54608,Milan-MIL01.csv,59.782887262117455,29.891443631058728,Frankfurt-FRA01.csv,45.40607322252303
4609,54609,Milan-MIL01.csv,57.38518242432346,28.69259121216173,Frankfurt-FRA01.csv,30.348995115577836
4610,54610,Milan-MIL01.csv,49.47852979648963,24.739264898244816,Frankfurt-FRA01.csv,26.58138414476947
4611,54611,Milan-MIL01.csv,83.06714278775021,41.53357139387511,Amsterdam-AMS03.csv,46.920123017611594
4612,54612,Milan-MIL01.csv,48.11730575256426,24.05865287628213,Amsterdam-AMS03.csv,45.91026820360974
4613,54613,Milan-MIL01.csv,31.36257263955514,15.68128631977757,Milan-MIL01.csv,31.36257263955514
4614,54614,Milan-MIL01.csv,56.28222022186304,28.14111011093152,Frankfurt-FRA01.csv,55.62208199643269
4615,54615,Milan-MIL01.csv,82.95585965916914,41.47792982958457,Frankfurt-FRA01.csv,39.069145368967405
4616,54616,Milan-MIL01.csv,54.517775471494495,27.258887735747248,Amsterdam-AMS03.csv,29.882638739666184
4617,54617,Milan-MIL01.csv,84.08838421560417,42.04419210780208,Frankfurt-FRA01.csv,39.2292578889649
4618,54618,Milan-MIL01.csv,13.090473758976465,6.5452368794882325,Milan-MIL01.csv,13.090473758976465
4619,54619,Milan-MIL01.csv,68.06376113121198,34.03188056560599,Amsterdam-AMS03.csv,44.677250467529525
4620,54620,Milan-MIL01.csv,46.57281342722652,23.28640671361326,Milan-MIL01.csv,46.57281342722652
4621,54621,Milan-MIL01.csv,25.344873131332015,12.672436565666008,Amsterdam-AMS03.csv,24.028747432818
4622,54622,Milan-MIL01.csv,68.3202548132595,34.16012740662975,Amsterdam-AMS03.csv,32.040588065400335
4623,54623,Milan-MIL01.csv,71.51576667667464,35.75788333833732,Frankfurt-FRA01.csv,27.48940402629776
4624,54624,Milan-MIL01.csv,39.678622166276476,19.839311083138238,Amsterdam-AMS03.csv,32.66308392089853
4625,54625,Milan-MIL01.csv,31.889215069749124,15.944607534874562,Milan-MIL01.csv,31.889215069749124
4626,54626,Milan-MIL01.csv,45.76391776559864,22.88195888279932,Amsterdam-AMS03.csv,24.761011171482348
4627,54627,Milan-MIL01.csv,44.90716052110684,22.45358026055342,Frankfurt-FRA01.csv,39.82302201503441
4628,54628,Milan-MIL01.csv,29.038570804640237,14.519285402320119,Amsterdam-AMS03.csv,24.34003342200276
4629,54629,Milan-MIL01.csv,42.330310454035356,21.165155227017678,Frankfurt-FRA01.csv,28.804571967423886
4630,54630,Milan-MIL01.csv,42.46085236116287,21.230426180581436,Amsterdam-AMS03.csv,41.651178414718764
4631,54631,Milan-MIL01.csv,50.566841845281026,25.283420922640513,Milan-MIL01.csv,50.566841845281026
4632,54632,Milan-MIL01.csv,44.233290880574295,22.116645440287147,Amsterdam-AMS03.csv,21.909081538472158
4633,54633,Milan-MIL01.csv,90.26787841068273,45.13393920534136,Amsterdam-AMS03.csv,43.25140232486656
4634,54634,Milan-MIL01.csv,41.00998528608018,20.50499264304009,Milan-MIL01.csv,41.00998528608018
4635,54635,Milan-MIL01.csv,57.0955976685897,28.54779883429485,Milan-MIL01.csv,57.0955976685897
4636,54636,Milan-MIL01.csv,70.82948907997404,35.41474453998702,Amsterdam-AMS03.csv,39.2693848433206
4637,54637,Milan-MIL01.csv,37.24256236259062,18.62128118129531,Milan-MIL01.csv,37.24256236259062
4638,54638,Milan-MIL01.csv,45.29725200513491,22.648626002567454,Amsterdam-AMS03.csv,43.52851510435399
4639,54639,Milan-MIL01.csv,54.22654012282539,27.113270061412695,Amsterdam-AMS03.csv,30.265766676181823
4640,54640,Milan-MIL01.csv,41.58305761171915,20.791528805859574,Amsterdam-AMS03.csv,32.29109574339009
4641,54641,Milan-MIL01.csv,61.36335679064275,30.681678395321374,Frankfurt-FRA01.csv,29.18618377323389
4642,54642,Milan-MIL01.csv,35.8736997778387,17.93684988891935,Amsterdam-AMS03.csv,23.471741738287097
4643,54643,Milan-MIL01.csv,76.53936418247638,38.26968209123819,Amsterdam-AMS03.csv,29.1889436328498
4644,54644,Milan-MIL01.csv,32.941101289307475,16.470550644653738,Milan-MIL01.csv,32.941101289307475
4645,54645,Milan-MIL01.csv,57.29088487573582,28.64544243786791,Amsterdam-AMS03.csv,42.734670272251904
4646,54646,Milan-MIL01.csv,60.21367062325537,30.106835311627684,Amsterdam-AMS03.csv,53.215632019225446
4647,54647,Milan-MIL01.csv,119.90564026036049,59.95282013018024,Amsterdam-AMS03.csv,42.08492146890667
4648,54648,Milan-MIL01.csv,61.99669591857289,30.998347959286445,Frankfurt-FRA01.csv,29.55990542611369
4649,54649,Milan-MIL01.csv,44.48603021358557,22.243015106792786,Amsterdam-AMS03.csv,32.89460831754952
4650,54650,Milan-MIL01.csv,40.760125172280404,20.380062586140202,Milan-MIL01.csv,40.760125172280404
4651,54651,Milan-MIL01.csv,37.507450779483,18.7537253897415,Amsterdam-AMS03.csv,26.174850375685153
4652,54652,Milan-MIL01.csv,59.667374395353754,29.833687197676877,Amsterdam-AMS03.csv,39.481144632128235
4653,54653,Milan-MIL01.csv,75.48505861033442,37.74252930516721,Amsterdam-AMS03.csv,31.354860374307545
4654,54654,Milan-MIL01.csv,63.027527910866276,31.513763955433138,Amsterdam-AMS03.csv,55.62764974871971
4655,54655,Milan-MIL01.csv,84.681421986407,42.3407109932035,Amsterdam-AMS03.csv,31.26150121397678
4656,54656,Milan-MIL01.csv,101.54026802647093,50.77013401323546,Frankfurt-FRA01.csv,51.18641943973564
4657,54657,Milan-MIL01.csv,40.86753958627502,20.43376979313751,Amsterdam-AMS03.csv,30.62872123556225
4658,54658,Milan-MIL01.csv,50.5711267917144,25.2855633958572,Amsterdam-AMS03.csv,31.69887301030697
4659,54659,Milan-MIL01.csv,73.60256221708367,36.801281108541836,Amsterdam-AMS03.csv,37.5621599588479
4660,54660,Milan-MIL01.csv,58.370008292657516,29.185004146328758,Frankfurt-FRA01.csv,27.946886080076343
4661,54661,Milan-MIL01.csv,27.043236245872755,13.521618122936378,Milan-MIL01.csv,27.043236245872755
4662,54662,Milan-MIL01.csv,73.08229981309361,36.541149906546806,Frankfurt-FRA01.csv,34.92484830365121
4663,54663,Milan-MIL01.csv,39.34832560013245,19.674162800066224,Amsterdam-AMS03.csv,31.969066640803774
4664,54664,Milan-MIL01.csv,52.786720729550474,26.393360364775237,Amsterdam-AMS03.csv,35.23358178698006
4665,54665,Milan-MIL01.csv,56.05374177556499,28.026870887782493,Frankfurt-FRA01.csv,31.9470087364711
4666,54666,Milan-MIL01.csv,61.37287962097841,30.686439810489205,Amsterdam-AMS03.csv,44.68485176010277
4667,54667,Milan-MIL01.csv,54.90506989403598,27.45253494701799,Frankfurt-FRA01.csv,40.018305343083085
4668,54668,Milan-MIL01.csv,128.84458764684857,64.42229382342428,Amsterdam-AMS03.csv,31.917528978162377
4669,54669,Milan-MIL01.csv,87.71998890389634,43.85999445194817,Amsterdam-AMS03.csv,36.042208178421326
4670,54670,Milan-MIL01.csv,105.98163262329794,52.99081631164897,Amsterdam-AMS03.csv,45.593201466586024
4671,54671,Milan-MIL01.csv,60.25634258145211,30.128171290726055,Amsterdam-AMS03.csv,37.833206176093896
4672,54672,Milan-MIL01.csv,62.55518408007051,31.277592040035255,Frankfurt-FRA01.csv,32.62910515803722
4673,54673,Milan-MIL01.csv,85.81323715072675,42.906618575363375,Frankfurt-FRA01.csv,40.13965238915782
4674,54674,Milan-MIL01.csv,31.186693679301,15.5933468396505,Milan-MIL01.csv,31.186693679301
4675,54675,Milan-MIL01.csv,45.742787748911475,22.871393874455737,Milan-MIL01.csv,45.742787748911475
4676,54676,Milan-MIL01.csv,60.020998166860466,30.010499083430233,Frankfurt-FRA01.csv,29.842363293992474
4677,54677,Milan-MIL01.csv,90.96616314856887,45.483081574284434,Frankfurt-FRA01.csv,26.87148295976769
4678,54678,Milan-MIL01.csv,74.2466625853994,37.1233312926997,Frankfurt-FRA01.csv,48.04517843784235
4679,54679,Milan-MIL01.csv,25.612472477912227,12.806236238956114,Milan-MIL01.csv,25.612472477912227
4680,54680,Milan-MIL01.csv,16.024250815511717,8.012125407755859,Milan-MIL01.csv,16.024250815511717
4681,54681,Milan-MIL01.csv,56.79978411809817,28.399892059049083,Amsterdam-AMS03.csv,30.60827573424986
4682,54682,Milan-MIL01.csv,78.1485252829556,39.0742626414778,Amsterdam-AMS03.csv,47.96322787019156
4683,54683,Milan-MIL01.csv,61.483501827811835,30.741750913905918,Amsterdam-AMS03.csv,28.821726092383702
4684,54684,Milan-MIL01.csv,39.04733643443441,19.523668217217207,Amsterdam-AMS03.csv,28.979853653726785
4685,54685,Milan-MIL01.csv,58.307240952600395,29.153620476300198,Frankfurt-FRA01.csv,44.082593750553066
4686,54686,Milan-MIL01.csv,42.70976867972804,21.35488433986402,Frankfurt-FRA01.csv,23.32213505850478
4687,54687,Milan-MIL01.csv,45.38833540834527,22.694167704172635,Amsterdam-AMS03.csv,25.997248600342942
4688,54688,Milan-MIL01.csv,41.391673617224455,20.695836808612228,Amsterdam-AMS03.csv,32.07682347713678
4689,54689,Milan-MIL01.csv,85.12586893026264,42.56293446513132,Frankfurt-FRA01.csv,32.81355384214185
4690,54690,Milan-MIL01.csv,123.44489674622558,61.72244837311279,Frankfurt-FRA01.csv,32.27628227476853
4691,54691,Milan-MIL01.csv,62.26835289848859,31.134176449244293,Amsterdam-AMS03.csv,35.18865343247251
4692,54692,Milan-MIL01.csv,112.81593687709055,56.407968438545275,Amsterdam-AMS03.csv,39.528892441840604
4693,54693,Milan-MIL01.csv,51.23128495147955,25.615642475739776,Frankfurt-FRA01.csv,27.44201200450091
4694,54694,Milan-MIL01.csv,50.0390099265383,25.01950496326915,Amsterdam-AMS03.csv,29.869427206102696
4695,54695,Milan-MIL01.csv,92.78970261971902,46.39485130985951,Frankfurt-FRA01.csv,28.987315283640985
4696,54696,Milan-MIL01.csv,83.52121501309087,41.76060750654543,Amsterdam-AMS03.csv,57.93155263915725
4697,54697,Milan-MIL01.csv,53.41276643771714,26.70638321885857,Amsterdam-AMS03.csv,51.31603747737517
4698,54698,Milan-MIL01.csv,44.27442068545676,22.13721034272838,Milan-MIL01.csv,44.27442068545676
4699,54699,Milan-MIL01.csv,44.065401295394075,22.032700647697038,Amsterdam-AMS03.csv,31.714303570654554
4700,54700,Milan-MIL01.csv,95.21193118833283,47.60596559416641,Frankfurt-FRA01.csv,38.75918359501075
4701,54701,Milan-MIL01.csv,38.72962666656734,19.36481333328367,Milan-MIL01.csv,38.72962666656734
4702,54702,Milan-MIL01.csv,43.97191935537975,21.985959677689873,Frankfurt-FRA01.csv,27.43121196548968
4703,54703,Milan-MIL01.csv,83.33200120964594,41.66600060482297,Amsterdam-AMS03.csv,45.3075924626461
4704,54704,Milan-MIL01.csv,48.44213200407366,24.22106600203683,Amsterdam-AMS03.csv,23.814646243912094
4705,54705,Milan-MIL01.csv,69.44082512663894,34.72041256331947,Frankfurt-FRA01.csv,30.920635979747534
4706,54706,Milan-MIL01.csv,64.67933647008721,32.339668235043604,Amsterdam-AMS03.csv,46.16253530039077
4707,54707,Milan-MIL01.csv,78.23263277606037,39.116316388030185,Amsterdam-AMS03.csv,46.82035277219391
4708,54708,Milan-MIL01.csv,42.62623860913972,21.31311930456986,Amsterdam-AMS03.csv,35.380075809036796
4709,54709,Milan-MIL01.csv,89.83524484705596,44.91762242352798,Amsterdam-AMS03.csv,29.286134740521327
4710,54710,Milan-MIL01.csv,82.93049308510442,41.46524654255221,Frankfurt-FRA01.csv,57.88912418983056
4711,54711,Milan-MIL01.csv,58.27415649072527,29.137078245362634,Frankfurt-FRA01.csv,48.46859808121233
4712,54712,Milan-MIL01.csv,67.5415720820525,33.77078604102625,Amsterdam-AMS03.csv,24.97578484667556
4713,54713,Milan-MIL01.csv,21.57237654818133,10.786188274090666,Milan-MIL01.csv,21.57237654818133
4714,54714,Milan-MIL01.csv,142.5088161027467,71.25440805137335,Frankfurt-FRA01.csv,39.46369590759033
4715,54715,Milan-MIL01.csv,78.13013334142697,39.065066670713485,Amsterdam-AMS03.csv,36.38656835586139
4716,54716,Milan-MIL01.csv,53.27385251956247,26.636926259781234,Amsterdam-AMS03.csv,29.27877232101696
4717,54717,Milan-MIL01.csv,63.023225814811354,31.511612907405677,Frankfurt-FRA01.csv,33.431831212909835
4718,54718,Milan-MIL01.csv,62.329010761050704,31.164505380525352,Amsterdam-AMS03.csv,42.849334645716056
4719,54719,Milan-MIL01.csv,45.53766908734498,22.76883454367249,Amsterdam-AMS03.csv,34.874305373576
4720,54720,Milan-MIL01.csv,30.171017558457482,15.085508779228741,Milan-MIL01.csv,30.171017558457482
4721,54721,Milan-MIL01.csv,79.64898465205205,39.824492326026025,Amsterdam-AMS03.csv,49.27941795728047
4722,54722,Milan-MIL01.csv,20.058735779465756,10.029367889732878,Milan-MIL01.csv,20.058735779465756
4723,54723,Milan-MIL01.csv,32.15141771210476,16.07570885605238,Milan-MIL01.csv,32.15141771210476
4724,54724,Milan-MIL01.csv,32.05870324647927,16.029351623239634,Milan-MIL01.csv,32.05870324647927
4725,54725,Milan-MIL01.csv,102.03751565185243,51.018757825926215,Frankfurt-FRA01.csv,39.48502927935032
4726,54726,Milan-MIL01.csv,45.27954183202009,22.639770916010043,Amsterdam-AMS03.csv,34.82333414534887
4727,54727,Milan-MIL01.csv,58.09278412552048,29.04639206276024,Amsterdam-AMS03.csv,21.00532590318183
4728,54728,Milan-MIL01.csv,84.99998458210041,42.499992291050205,Amsterdam-AMS03.csv,29.502135305748027
4729,54729,Milan-MIL01.csv,56.0371229525806,28.0185614762903,Amsterdam-AMS03.csv,44.92912150173525
4730,54730,Milan-MIL01.csv,29.24975350089155,14.624876750445775,Milan-MIL01.csv,29.24975350089155
4731,54731,Milan-MIL01.csv,87.58760661470043,43.79380330735022,Amsterdam-AMS03.csv,23.889539482418122
4732,54732,Milan-MIL01.csv,28.627301534629762,14.313650767314881,Milan-MIL01.csv,28.627301534629762
4733,54733,Milan-MIL01.csv,59.79889327587385,29.899446637936926,Frankfurt-FRA01.csv,43.82122851144652
4734,54734,Milan-MIL01.csv,44.171367837876694,22.085683918938347,Frankfurt-FRA01.csv,44.11498277875387
4735,54735,Milan-MIL01.csv,65.52572344718195,32.76286172359097,Amsterdam-AMS03.csv,42.92987241117946
4736,54736,Milan-MIL01.csv,111.2407463754189,55.62037318770945,Frankfurt-FRA01.csv,28.460353935723667
4737,54737,Milan-MIL01.csv,40.79541401944465,20.397707009722325,Milan-MIL01.csv,40.79541401944465
4738,54738,Milan-MIL01.csv,47.99575566642619,23.997877833213096,Frankfurt-FRA01.csv,36.766752034265835
4739,54739,Milan-MIL01.csv,36.960373566035834,18.480186783017917,Milan-MIL01.csv,36.960373566035834
4740,54740,Milan-MIL01.csv,41.43624612629032,20.71812306314516,Amsterdam-AMS03.csv,26.16046818693231
4741,54741,Milan-MIL01.csv,72.59562957107993,36.29781478553996,Amsterdam-AMS03.csv,38.490770552572585
4742,54742,Milan-MIL01.csv,39.63805471429817,19.819027357149086,Amsterdam-AMS03.csv,28.04336906585597
4743,54743,Milan-MIL01.csv,67.31471256834683,33.65735628417342,Frankfurt-FRA01.csv,51.49514267929526
4744,54744,Milan-MIL01.csv,34.56010262527998,17.28005131263999,Amsterdam-AMS03.csv,32.33963040041376
4745,54745,Milan-MIL01.csv,37.34999955460698,18.67499977730349,Amsterdam-AMS03.csv,28.194642134089825
4746,54746,Milan-MIL01.csv,50.46754312483682,25.23377156241841,Milan-MIL01.csv,50.46754312483682
4747,54747,Milan-MIL01.csv,86.86503850968724,43.43251925484362,Milan-MIL01.csv,86.86503850968724
4748,54748,Milan-MIL01.csv,57.64298962342689,28.821494811713446,Amsterdam-AMS03.csv,49.13790037913157
4749,54749,Milan-MIL01.csv,37.35500817873293,18.677504089366465,Milan-MIL01.csv,37.35500817873293
4750,54750,Milan-MIL01.csv,34.2876527977946,17.1438263988973,Amsterdam-AMS03.csv,28.404761139156857
4751,54751,Milan-MIL01.csv,168.4770811733929,84.23854058669644,Frankfurt-FRA01.csv,42.877889603346475
4752,54752,Milan-MIL01.csv,114.74940873597953,57.374704367989764,Frankfurt-FRA01.csv,28.355457767009522
4753,54753,Milan-MIL01.csv,102.36092157363075,51.180460786815374,Amsterdam-AMS03.csv,94.40414342935782
4754,54754,Milan-MIL01.csv,59.0858355544918,29.5429177772459,Milan-MIL01.csv,59.0858355544918
4755,54755,Milan-MIL01.csv,48.633799367335655,24.316899683667828,Amsterdam-AMS03.csv,23.583846878769354
4756,54756,Milan-MIL01.csv,38.1264885774089,19.06324428870445,Milan-MIL01.csv,38.1264885774089
4757,54757,Milan-MIL01.csv,49.68202743602227,24.841013718011133,Amsterdam-AMS03.csv,29.86603098115639
4758,54758,Milan-MIL01.csv,33.56747307232933,16.783736536164664,Milan-MIL01.csv,33.56747307232933
4759,54759,Milan-MIL01.csv,23.247998234025776,11.623999117012888,Milan-MIL01.csv,23.247998234025776
4760,54760,Milan-MIL01.csv,33.03763111382186,16.51881555691093,Milan-MIL01.csv,33.03763111382186
4761,54761,Milan-MIL01.csv,26.38397788392501,13.191988941962505,Milan-MIL01.csv,26.38397788392501
4762,54762,Milan-MIL01.csv,40.42206353176933,20.211031765884666,Milan-MIL01.csv,40.42206353176933
4763,54763,Milan-MIL01.csv,20.179715913814913,10.089857956907457,Milan-MIL01.csv,20.179715913814913
4764,54764,Milan-MIL01.csv,42.360929427763026,21.180464713881513,Amsterdam-AMS03.csv,39.93315352514126
4765,54765,Milan-MIL01.csv,69.62194554695175,34.810972773475875,Amsterdam-AMS03.csv,56.280394786364134
4766,54766,Milan-MIL01.csv,76.94889143680089,38.474445718400446,Frankfurt-FRA01.csv,43.66424581591772
4767,54767,Milan-MIL01.csv,31.88786493733868,15.94393246866934,Milan-MIL01.csv,31.88786493733868
4768,54768,Milan-MIL01.csv,41.853498524407314,20.926749262203657,Amsterdam-AMS03.csv,27.965410146800753
4769,54769,Milan-MIL01.csv,28.091537317033456,14.045768658516728,Milan-MIL01.csv,28.091537317033456
4770,54770,Milan-MIL01.csv,47.86391146957649,23.931955734788247,Frankfurt-FRA01.csv,27.444800790681086
4771,54771,Milan-MIL01.csv,119.2426799704905,59.62133998524525,Frankfurt-FRA01.csv,42.7899577381881
4772,54772,Milan-MIL01.csv,24.52302083429805,12.261510417149024,Milan-MIL01.csv,24.52302083429805
4773,54773,Milan-MIL01.csv,62.81467079791949,31.407335398959745,Frankfurt-FRA01.csv,37.6156227852201
4774,54774,Milan-MIL01.csv,75.98277872947365,37.991389364736825,Amsterdam-AMS03.csv,55.30308558254536
4775,54775,Milan-MIL01.csv,45.918537942259604,22.959268971129802,Frankfurt-FRA01.csv,35.298037893659824
4776,54776,Milan-MIL01.csv,143.1962197519942,71.5981098759971,Frankfurt-FRA01.csv,22.584491130382773
4777,54777,Milan-MIL01.csv,66.74005614084082,33.37002807042041,Amsterdam-AMS03.csv,32.53623826001625
4778,54778,Milan-MIL01.csv,45.95390508918608,22.97695254459304,Amsterdam-AMS03.csv,23.001872871801716
4779,54779,Milan-MIL01.csv,83.29952246033545,41.64976123016773,Frankfurt-FRA01.csv,39.10600432107651
4780,54780,Milan-MIL01.csv,71.39935856749948,35.69967928374974,Frankfurt-FRA01.csv,43.609564463926475
4781,54781,Milan-MIL01.csv,35.46413529004339,17.732067645021694,Amsterdam-AMS03.csv,34.02324926473326
4782,54782,Milan-MIL01.csv,148.6411462088248,74.3205731044124,Amsterdam-AMS03.csv,40.95507867340013
4783,54783,Milan-MIL01.csv,55.94072528643464,27.97036264321732,Frankfurt-FRA01.csv,29.83559029409617
4784,54784,Milan-MIL01.csv,59.78630489371534,29.89315244685767,Amsterdam-AMS03.csv,43.04362045615962
4785,54785,Milan-MIL01.csv,68.93187593656052,34.46593796828026,Amsterdam-AMS03.csv,35.05092942859537
4786,54786,Milan-MIL01.csv,59.86538391324221,29.932691956621106,Frankfurt-FRA01.csv,39.748141625542104
4787,54787,Milan-MIL01.csv,80.37032364159249,40.185161820796246,Frankfurt-FRA01.csv,40.37038197377044
4788,54788,Milan-MIL01.csv,61.727660594648675,30.863830297324338,Amsterdam-AMS03.csv,52.92624470737743
4789,54789,Milan-MIL01.csv,91.29010976552048,45.64505488276024,Amsterdam-AMS03.csv,36.283100439840226
4790,54790,Milan-MIL01.csv,91.90034943857196,45.95017471928598,Frankfurt-FRA01.csv,50.44037000874849
4791,54791,Milan-MIL01.csv,42.0346186536517,21.01730932682585,Milan-MIL01.csv,42.0346186536517
4792,54792,Milan-MIL01.csv,117.56759915824225,58.78379957912112,Frankfurt-FRA01.csv,23.313666442803836
4793,54793,Milan-MIL01.csv,55.676629999431206,27.838314999715603,Frankfurt-FRA01.csv,42.442391617588484
4794,54794,Milan-MIL01.csv,15.658176155501137,7.829088077750568,Milan-MIL01.csv,15.658176155501137
4795,54795,Milan-MIL01.csv,83.24054848765573,41.620274243827865,Amsterdam-AMS03.csv,36.20930788409578
4796,54796,Milan-MIL01.csv,24.501728425002856,12.250864212501428,Amsterdam-AMS03.csv,23.13339639601396
4797,54797,Milan-MIL01.csv,42.65147367544089,21.325736837720445,Frankfurt-FRA01.csv,30.317491132816315
4798,54798,Milan-MIL01.csv,37.64778469849901,18.823892349249505,Frankfurt-FRA01.csv,28.664783229624312
4799,54799,Milan-MIL01.csv,35.42958354233583,17.714791771167913,Milan-MIL01.csv,35.42958354233583
4800,54800,Milan-MIL01.csv,36.018688858792395,18.009344429396197,Frankfurt-FRA01.csv,35.437779694213425
4801,54801,Milan-MIL01.csv,28.684362245077104,14.342181122538552,Milan-MIL01.csv,28.684362245077104
4802,54802,Milan-MIL01.csv,46.203877591602186,23.101938795801093,Amsterdam-AMS03.csv,27.572408920103097
4803,54803,Milan-MIL01.csv,64.44482435171766,32.22241217585883,Amsterdam-AMS03.csv,47.29749943472542
4804,54804,Milan-MIL01.csv,79.3173816581112,39.6586908290556,Amsterdam-AMS03.csv,64.03516749824128
4805,54805,Milan-MIL01.csv,29.5788973160848,14.7894486580424,Milan-MIL01.csv,29.5788973160848
4806,54806,Milan-MIL01.csv,35.90724940863597,17.953624704317985,Milan-MIL01.csv,35.90724940863597
4807,54807,Milan-MIL01.csv,93.66211259683773,46.831056298418865,Frankfurt-FRA01.csv,40.87820642980006
4808,54808,Milan-MIL01.csv,52.64380453314114,26.32190226657057,Amsterdam-AMS03.csv,40.14424721624187
4809,54809,Milan-MIL01.csv,46.83713577632167,23.418567888160833,Amsterdam-AMS03.csv,44.70513078423043
4810,54810,Milan-MIL01.csv,57.312306244512875,28.656153122256438,Amsterdam-AMS03.csv,28.225655600521485
4811,54811,Milan-MIL01.csv,113.66426274197148,56.83213137098574,Amsterdam-AMS03.csv,34.24537564216099
4812,54812,Milan-MIL01.csv,112.79667348245673,56.39833674122836,Frankfurt-FRA01.csv,33.34066078875681
4813,54813,Milan-MIL01.csv,80.43705956733501,40.218529783667506,Frankfurt-FRA01.csv,68.23508473926192
4814,54814,Milan-MIL01.csv,37.57754513505587,18.788772567527936,Milan-MIL01.csv,37.57754513505587
4815,54815,Milan-MIL01.csv,65.74211927591267,32.871059637956336,Frankfurt-FRA01.csv,26.19154044741958
4816,54816,Milan-MIL01.csv,38.37003116774825,19.185015583874126,Milan-MIL01.csv,38.37003116774825
4817,54817,Milan-MIL01.csv,33.330572998923174,16.665286499461587,Milan-MIL01.csv,33.330572998923174
4818,54818,Milan-MIL01.csv,19.21213803195226,9.60606901597613,Milan-MIL01.csv,19.21213803195226
4819,54819,Milan-MIL01.csv,47.270255980093616,23.635127990046808,Frankfurt-FRA01.csv,42.28334031626101
4820,54820,Milan-MIL01.csv,102.60814856205229,51.304074281026146,Amsterdam-AMS03.csv,49.55096845251014
4821,54821,Milan-MIL01.csv,79.69102795980398,39.84551397990199,Frankfurt-FRA01.csv,43.037953467090745
4822,54822,Milan-MIL01.csv,36.08759749330904,18.04379874665452,Milan-MIL01.csv,36.08759749330904
4823,54823,Milan-MIL01.csv,23.632270524678173,11.816135262339087,Milan-MIL01.csv,23.632270524678173
4824,54824,Milan-MIL01.csv,20.232033624409354,10.116016812204677,Milan-MIL01.csv,20.232033624409354
4825,54825,Milan-MIL01.csv,94.69251177755208,47.34625588877604,Amsterdam-AMS03.csv,33.97274040850728
4826,54826,Milan-MIL01.csv,43.258208565957005,21.629104282978503,Amsterdam-AMS03.csv,39.88504035874813
4827,54827,Milan-MIL01.csv,82.36589762054999,41.18294881027499,Frankfurt-FRA01.csv,54.32342815585552
4828,54828,Milan-MIL01.csv,44.13311236171914,22.06655618085957,Frankfurt-FRA01.csv,31.23142983622155
4829,54829,Milan-MIL01.csv,41.978429649105955,20.989214824552977,Amsterdam-AMS03.csv,34.26055900643683
4830,54830,Milan-MIL01.csv,47.76205130219656,23.88102565109828,Amsterdam-AMS03.csv,32.13429397138673
4831,54831,Milan-MIL01.csv,60.407689918234595,30.203844959117298,Frankfurt-FRA01.csv,46.88153072261359
4832,54832,Milan-MIL01.csv,20.816462388169125,10.408231194084562,Milan-MIL01.csv,20.816462388169125
4833,54833,Milan-MIL01.csv,40.64260324902831,20.321301624514156,Frankfurt-FRA01.csv,31.213824652855262
4834,54834,Milan-MIL01.csv,98.6011360827936,49.3005680413968,Amsterdam-AMS03.csv,24.73937542966111
4835,54835,Milan-MIL01.csv,94.77150512588506,47.38575256294253,Amsterdam-AMS03.csv,61.21766212623082
4836,54836,Milan-MIL01.csv,42.25351743031256,21.12675871515628,Amsterdam-AMS03.csv,40.20452702475623
4837,54837,Milan-MIL01.csv,69.68069354808809,34.84034677404404,Frankfurt-FRA01.csv,34.69703148276912
4838,54838,Milan-MIL01.csv,33.27374180701008,16.63687090350504,Milan-MIL01.csv,33.27374180701008
4839,54839,Milan-MIL01.csv,80.53852581606832,40.26926290803416,Amsterdam-AMS03.csv,25.602932420653175
4840,54840,Milan-MIL01.csv,111.14503909745534,55.57251954872767,Frankfurt-FRA01.csv,64.33223639828641
4841,54841,Milan-MIL01.csv,67.19838980290156,33.59919490145078,Frankfurt-FRA01.csv,18.86387123612843
4842,54842,Milan-MIL01.csv,47.58184723381712,23.79092361690856,Frankfurt-FRA01.csv,23.011383752348255
4843,54843,Milan-MIL01.csv,38.26081639405268,19.13040819702634,Milan-MIL01.csv,38.26081639405268
4844,54844,Milan-MIL01.csv,24.976637082889294,12.488318541444647,Milan-MIL01.csv,24.976637082889294
4845,54845,Milan-MIL01.csv,121.27622655294093,60.63811327647046,Frankfurt-FRA01.csv,42.16166201768469
4846,54846,Milan-MIL01.csv,84.60854740181026,42.30427370090513,Frankfurt-FRA01.csv,51.23685756145397
4847,54847,Milan-MIL01.csv,67.8725526664513,33.93627633322565,Amsterdam-AMS03.csv,38.55035705594002
4848,54848,Milan-MIL01.csv,44.980239796461156,22.490119898230578,Amsterdam-AMS03.csv,35.18724334899733
4849,54849,Milan-MIL01.csv,42.527343807853256,21.263671903926628,Amsterdam-AMS03.csv,31.308921269672453
4850,54850,Milan-MIL01.csv,50.61008566317524,25.30504283158762,Frankfurt-FRA01.csv,18.641369983628316
4851,54851,Milan-MIL01.csv,57.91767324538591,28.958836622692957,Frankfurt-FRA01.csv,52.57111916189264
4852,54852,Milan-MIL01.csv,105.49375340271665,52.746876701358325,Frankfurt-FRA01.csv,67.82012308968717
4853,54853,Milan-MIL01.csv,143.04296797709915,71.52148398854958,Amsterdam-AMS03.csv,53.68586413199806
4854,54854,Milan-MIL01.csv,148.345730690366,74.172865345183,Frankfurt-FRA01.csv,32.58706268771208
4855,54855,Milan-MIL01.csv,28.374398620612478,14.187199310306239,Milan-MIL01.csv,28.374398620612478
4856,54856,Milan-MIL01.csv,66.58588906646412,33.29294453323206,Amsterdam-AMS03.csv,45.17983214383779
4857,54857,Milan-MIL01.csv,76.78991250223075,38.394956251115374,Amsterdam-AMS03.csv,52.203703079123514
4858,54858,Milan-MIL01.csv,55.007175654722126,27.503587827361063,Frankfurt-FRA01.csv,20.478979449425847
4859,54859,Milan-MIL01.csv,82.2870161015304,41.1435080507652,Frankfurt-FRA01.csv,39.494594196989325
4860,54860,Milan-MIL01.csv,50.585933472435734,25.292966736217867,Frankfurt-FRA01.csv,42.5383283803636
4861,54861,Milan-MIL01.csv,72.14545855391958,36.07272927695979,Amsterdam-AMS03.csv,42.19488426080632
4862,54862,Milan-MIL01.csv,67.25659348203976,33.62829674101988,Frankfurt-FRA01.csv,57.096937413695734
4863,54863,Milan-MIL01.csv,36.70956086033108,18.35478043016554,Milan-MIL01.csv,36.70956086033108
4864,54864,Milan-MIL01.csv,33.468404063656344,16.734202031828172,Milan-MIL01.csv,33.468404063656344
4865,54865,Milan-MIL01.csv,59.43572844753609,29.717864223768046,Amsterdam-AMS03.csv,29.59139487627621
4866,54866,Milan-MIL01.csv,52.71622535951377,26.358112679756886,Amsterdam-AMS03.csv,42.926252191196234
4867,54867,Milan-MIL01.csv,49.175524268399215,24.587762134199608,Milan-MIL01.csv,49.175524268399215
4868,54868,Milan-MIL01.csv,56.60183803875459,28.300919019377297,Amsterdam-AMS03.csv,51.09195429531755
4869,54869,Milan-MIL01.csv,118.92725554766605,59.463627773833025,Amsterdam-AMS03.csv,32.397256133815475
4870,54870,Milan-MIL01.csv,40.07160209677314,20.03580104838657,Frankfurt-FRA01.csv,39.482952247657266
4871,54871,Milan-MIL01.csv,51.34615701893982,25.67307850946991,Milan-MIL01.csv,51.34615701893982
4872,54872,Milan-MIL01.csv,27.925801685204988,13.962900842602494,Milan-MIL01.csv,27.925801685204988
4873,54873,Milan-MIL01.csv,13.739735363594788,6.869867681797394,Milan-MIL01.csv,13.739735363594788
4874,54874,Milan-MIL01.csv,64.04397135186612,32.02198567593306,Amsterdam-AMS03.csv,31.8013049716035
4875,54875,Milan-MIL01.csv,91.86916655331477,45.934583276657385,Amsterdam-AMS03.csv,32.612085528535104
4876,54876,Milan-MIL01.csv,49.51959573479793,24.759797867398966,Amsterdam-AMS03.csv,47.01745652082025
4877,54877,Milan-MIL01.csv,23.08098145989654,11.54049072994827,Milan-MIL01.csv,23.08098145989654
4878,54878,Milan-MIL01.csv,30.968137196317336,15.484068598158668,Milan-MIL01.csv,30.968137196317336
4879,54879,Milan-MIL01.csv,44.934169344048634,22.467084672024317,Frankfurt-FRA01.csv,28.288146050379662
4880,54880,Milan-MIL01.csv,30.56741629536408,15.28370814768204,Milan-MIL01.csv,30.56741629536408
4881,54881,Milan-MIL01.csv,58.367487631978214,29.183743815989107,Frankfurt-FRA01.csv,37.14846237958867
4882,54882,Milan-MIL01.csv,106.59854325694816,53.29927162847408,Amsterdam-AMS03.csv,44.28690993959488
4883,54883,Milan-MIL01.csv,58.352437233299405,29.176218616649702,Frankfurt-FRA01.csv,41.3533383824947
4884,54884,Milan-MIL01.csv,45.06096732316232,22.53048366158116,Amsterdam-AMS03.csv,29.20548026894866
4885,54885,Milan-MIL01.csv,29.63131857230871,14.815659286154355,Milan-MIL01.csv,29.63131857230871
4886,54886,Milan-MIL01.csv,44.150014418461446,22.075007209230723,Amsterdam-AMS03.csv,25.001047037978534
4887,54887,Milan-MIL01.csv,81.53185370231853,40.765926851159264,Amsterdam-AMS03.csv,77.29517810193424
4888,54888,Milan-MIL01.csv,42.59662458452568,21.29831229226284,Frankfurt-FRA01.csv,41.09574968970893
4889,54889,Milan-MIL01.csv,110.64819552981507,55.324097764907535,Amsterdam-AMS03.csv,49.5712743767057
4890,54890,Milan-MIL01.csv,43.770321272974876,21.885160636487438,Frankfurt-FRA01.csv,32.340648445959076
4891,54891,Milan-MIL01.csv,86.17231936561075,43.08615968280537,Frankfurt-FRA01.csv,34.057950152706255
4892,54892,Milan-MIL01.csv,27.047244404717016,13.523622202358508,Milan-MIL01.csv,27.047244404717016
4893,54893,Milan-MIL01.csv,68.75141044651743,34.37570522325871,Frankfurt-FRA01.csv,33.219841659304855
4894,54894,Milan-MIL01.csv,73.73653645909665,36.86826822954833,Frankfurt-FRA01.csv,51.71241652776654
4895,54895,Milan-MIL01.csv,53.17985548685078,26.58992774342539,Frankfurt-FRA01.csv,39.16585736331331
4896,54896,Milan-MIL01.csv,31.01953892511556,15.50976946255778,Amsterdam-AMS03.csv,29.08005080410955
4897,54897,Milan-MIL01.csv,111.30754697161,55.653773485805,Frankfurt-FRA01.csv,37.503188255153574
4898,54898,Milan-MIL01.csv,89.00435302616067,44.502176513080336,Amsterdam-AMS03.csv,28.672955062599236
4899,54899,Milan-MIL01.csv,33.77264905271219,16.886324526356095,Milan-MIL01.csv,33.77264905271219
4900,54900,Milan-MIL01.csv,25.176800652215146,12.588400326107573,Milan-MIL01.csv,25.176800652215146
4901,54901,Milan-MIL01.csv,25.104600051004173,12.552300025502086,Milan-MIL01.csv,25.104600051004173
4902,54902,Milan-MIL01.csv,23.294035087514658,11.647017543757329,Milan-MIL01.csv,23.294035087514658
4903,54903,Milan-MIL01.csv,57.52842716295404,28.76421358147702,Frankfurt-FRA01.csv,32.39663199699159
4904,54904,Milan-MIL01.csv,22.21435569223871,11.107177846119354,Frankfurt-FRA01.csv,20.52359869838295
4905,54905,Milan-MIL01.csv,36.945944560030256,18.472972280015128,Frankfurt-FRA01.csv,23.501933596502703
4906,54906,Milan-MIL01.csv,39.163290486913326,19.581645243456663,Milan-MIL01.csv,39.163290486913326
4907,54907,Milan-MIL01.csv,42.741056417271075,21.370528208635537,Milan-MIL01.csv,42.741056417271075
4908,54908,Milan-MIL01.csv,52.021876975689736,26.010938487844868,Amsterdam-AMS03.csv,38.63137381661255
4909,54909,Milan-MIL01.csv,45.50983947307278,22.75491973653639,Amsterdam-AMS03.csv,33.064930373866424
4910,54910,Milan-MIL01.csv,58.13252136486222,29.06626068243111,Amsterdam-AMS03.csv,32.33134441219853
4911,54911,Milan-MIL01.csv,59.51047829020065,29.755239145100326,Milan-MIL01.csv,59.51047829020065
4912,54912,Milan-MIL01.csv,60.531185504521225,30.265592752260613,Amsterdam-AMS03.csv,32.48504849430426
4913,54913,Milan-MIL01.csv,59.390233696385145,29.695116848192573,Amsterdam-AMS03.csv,26.156581443170396
4914,54914,Milan-MIL01.csv,38.55026216213055,19.275131081065275,Frankfurt-FRA01.csv,30.07441671818288
4915,54915,Milan-MIL01.csv,42.330937045830275,21.165468522915138,Amsterdam-AMS03.csv,33.762089701187506
4916,54916,Milan-MIL01.csv,42.11252288231046,21.05626144115523,Amsterdam-AMS03.csv,34.22305709906604
4917,54917,Milan-MIL01.csv,133.62307126734493,66.81153563367246,Amsterdam-AMS03.csv,58.58224146464419
4918,54918,Milan-MIL01.csv,71.12075190396801,35.56037595198401,Amsterdam-AMS03.csv,39.41059171511759
4919,54919,Milan-MIL01.csv,90.26917969615458,45.13458984807729,Frankfurt-FRA01.csv,46.98020447556099
4920,54920,Milan-MIL01.csv,49.223583349745475,24.611791674872737,Amsterdam-AMS03.csv,37.403908257573256
4921,54921,Milan-MIL01.csv,61.77135777049454,30.88567888524727,Amsterdam-AMS03.csv,42.854647990994856
4922,54922,Milan-MIL01.csv,98.49693744660941,49.248468723304704,Frankfurt-FRA01.csv,30.929421454503323
4923,54923,Milan-MIL01.csv,109.51972310819315,54.759861554096574,Amsterdam-AMS03.csv,18.043724597112995
4924,54924,Milan-MIL01.csv,78.3817372924183,39.19086864620915,Frankfurt-FRA01.csv,35.499896586436186
4925,54925,Milan-MIL01.csv,24.499641075271118,12.249820537635559,Milan-MIL01.csv,24.499641075271118
4926,54926,Milan-MIL01.csv,54.997641898277024,27.498820949138512,Frankfurt-FRA01.csv,40.36398249428861
4927,54927,Milan-MIL01.csv,39.384241292233924,19.692120646116962,Amsterdam-AMS03.csv,30.25403811427712
4928,54928,Milan-MIL01.csv,194.50488034878416,97.25244017439208,Amsterdam-AMS03.csv,39.16778280361794
4929,54929,Milan-MIL01.csv,26.115693238628964,13.057846619314482,Milan-MIL01.csv,26.115693238628964
4930,54930,Milan-MIL01.csv,29.739441229354416,14.869720614677208,Milan-MIL01.csv,29.739441229354416
4931,54931,Milan-MIL01.csv,36.412444255603745,18.206222127801873,Amsterdam-AMS03.csv,36.11855928428154
4932,54932,Milan-MIL01.csv,43.847455659621396,21.923727829810698,Amsterdam-AMS03.csv,20.910031914931732
4933,54933,Milan-MIL01.csv,41.12979470342333,20.564897351711664,Frankfurt-FRA01.csv,32.347475782633744
4934,54934,Milan-MIL01.csv,142.48088094798,71.24044047399,Amsterdam-AMS03.csv,21.566496307713
4935,54935,Milan-MIL01.csv,98.49219701356681,49.246098506783405,Frankfurt-FRA01.csv,40.63112137457838
4936,54936,Milan-MIL01.csv,64.87565896462326,32.43782948231163,Frankfurt-FRA01.csv,38.087570184016705
4937,54937,Milan-MIL01.csv,62.28620288017827,31.143101440089136,Amsterdam-AMS03.csv,52.536705821711664
4938,54938,Milan-MIL01.csv,102.79336983483898,51.39668491741949,Amsterdam-AMS03.csv,42.525608925782414
4939,54939,Milan-MIL01.csv,58.01190710557382,29.00595355278691,Frankfurt-FRA01.csv,36.38796692802977
4940,54940,Milan-MIL01.csv,64.41516994510064,32.20758497255032,Frankfurt-FRA01.csv,62.16607862493719
4941,54941,Milan-MIL01.csv,100.60212880790202,50.30106440395101,Amsterdam-AMS03.csv,16.73190297850776
4942,54942,Milan-MIL01.csv,27.079623280404252,13.539811640202126,Milan-MIL01.csv,27.079623280404252
4943,54943,Milan-MIL01.csv,94.07667360893446,47.03833680446723,Frankfurt-FRA01.csv,49.522775840040744
4944,54944,Milan-MIL01.csv,114.05555186228725,57.02777593114362,Frankfurt-FRA01.csv,50.135276523336174
4945,54945,Milan-MIL01.csv,51.34133627052709,25.670668135263544,Amsterdam-AMS03.csv,21.624929521546395
4946,54946,Milan-MIL01.csv,52.657982013033966,26.328991006516983,Amsterdam-AMS03.csv,36.58156426741276
4947,54947,Milan-MIL01.csv,65.94068416495922,32.97034208247961,Frankfurt-FRA01.csv,28.259634277565166
4948,54948,Milan-MIL01.csv,23.164718494262427,11.582359247131214,Milan-MIL01.csv,23.164718494262427
4949,54949,Milan-MIL01.csv,43.061339638212175,21.530669819106087,Amsterdam-AMS03.csv,39.71635627139999
4950,54950,Milan-MIL01.csv,120.22151385330538,60.11075692665269,Frankfurt-FRA01.csv,54.874755959850894
4951,54951,Milan-MIL01.csv,39.145327996643914,19.572663998321957,Amsterdam-AMS03.csv,31.2893156000027
4952,54952,Milan-MIL01.csv,36.91147519504428,18.45573759752214,Amsterdam-AMS03.csv,36.82396864310659
4953,54953,Milan-MIL01.csv,73.06788387021395,36.533941935106974,Amsterdam-AMS03.csv,13.970833816383015
4954,54954,Milan-MIL01.csv,58.04392826791127,29.021964133955635,Frankfurt-FRA01.csv,44.33890625634916
4955,54955,Milan-MIL01.csv,63.08100093565163,31.540500467825815,Amsterdam-AMS03.csv,34.26161280500929
4956,54956,Milan-MIL01.csv,51.08807636513573,25.544038182567864,Amsterdam-AMS03.csv,31.47747914691535
4957,54957,Milan-MIL01.csv,90.0511600549691,45.02558002748455,Amsterdam-AMS03.csv,23.98144561479174
4958,54958,Milan-MIL01.csv,52.709402479020696,26.354701239510348,Milan-MIL01.csv,52.709402479020696
4959,54959,Milan-MIL01.csv,64.33649487269588,32.16824743634794,Amsterdam-AMS03.csv,33.961242737017535
4960,54960,Milan-MIL01.csv,63.29342192227517,31.646710961137586,Frankfurt-FRA01.csv,38.02295488007563
4961,54961,Milan-MIL01.csv,60.02722807014272,30.01361403507136,Frankfurt-FRA01.csv,33.01112778912963
4962,54962,Milan-MIL01.csv,97.37226967042393,48.686134835211966,Amsterdam-AMS03.csv,35.24394164969385
4963,54963,Milan-MIL01.csv,83.4377749621615,41.71888748108075,Amsterdam-AMS03.csv,39.10658026004571
4964,54964,Milan-MIL01.csv,39.99766786116665,19.998833930583324,Amsterdam-AMS03.csv,31.125206333930112
4965,54965,Milan-MIL01.csv,53.12695232650552,26.56347616325276,Frankfurt-FRA01.csv,23.604192534355896
4966,54966,Milan-MIL01.csv,49.011246382644856,24.505623191322428,Milan-MIL01.csv,49.011246382644856
4967,54967,Milan-MIL01.csv,54.138550683805484,27.069275341902742,Frankfurt-FRA01.csv,32.23731841446664
4968,54968,Milan-MIL01.csv,75.11458010015643,37.557290050078215,Frankfurt-FRA01.csv,34.80901658358562
4969,54969,Milan-MIL01.csv,46.972430241517586,23.486215120758793,Milan-MIL01.csv,46.972430241517586
4970,54970,Milan-MIL01.csv,65.15383356375348,32.57691678187674,Amsterdam-AMS03.csv,57.73648991498991
4971,54971,Milan-MIL01.csv,39.24791753675964,19.62395876837982,Milan-MIL01.csv,39.24791753675964
4972,54972,Milan-MIL01.csv,88.92982981627038,44.46491490813519,Frankfurt-FRA01.csv,36.90954894767981
4973,54973,Milan-MIL01.csv,54.84192584745084,27.42096292372542,Amsterdam-AMS03.csv,29.844983543409608
4974,54974,Milan-MIL01.csv,81.65843395069179,40.829216975345894,Amsterdam-AMS03.csv,18.705262341177722
4975,54975,Milan-MIL01.csv,123.3122268642336,61.6561134321168,Frankfurt-FRA01.csv,25.062748404412016
4976,54976,Milan-MIL01.csv,41.610879020688216,20.805439510344108,Amsterdam-AMS03.csv,25.763475368489605
4977,54977,Milan-MIL01.csv,34.00525230600766,17.00262615300383,Amsterdam-AMS03.csv,28.795266503693295
4978,54978,Milan-MIL01.csv,25.285226253192047,12.642613126596023,Milan-MIL01.csv,25.285226253192047
4979,54979,Milan-MIL01.csv,62.12992626493732,31.06496313246866,Amsterdam-AMS03.csv,35.828023501471996
4980,54980,Milan-MIL01.csv,49.52325120176532,24.76162560088266,Frankfurt-FRA01.csv,45.72185508938948
4981,54981,Milan-MIL01.csv,68.56358975371329,34.281794876856644,Amsterdam-AMS03.csv,32.530430883106575
4982,54982,Milan-MIL01.csv,32.615118651861124,16.307559325930562,Milan-MIL01.csv,32.615118651861124
4983,54983,Milan-MIL01.csv,38.96361710414499,19.481808552072494,Amsterdam-AMS03.csv,38.8573704302775
4984,54984,Milan-MIL01.csv,49.58391366298431,24.791956831492154,Frankfurt-FRA01.csv,40.27051909157893
4985,54985,Milan-MIL01.csv,42.43641588151654,21.21820794075827,Milan-MIL01.csv,42.43641588151654
4986,54986,Milan-MIL01.csv,45.05919918121166,22.52959959060583,Amsterdam-AMS03.csv,44.02143170241706
4987,54987,Milan-MIL01.csv,98.6176471315688,49.3088235657844,Frankfurt-FRA01.csv,42.8164105350296
4988,54988,Milan-MIL01.csv,35.13181544520754,17.56590772260377,Amsterdam-AMS03.csv,24.582220475950614
4989,54989,Milan-MIL01.csv,86.6290716133602,43.3145358066801,Frankfurt-FRA01.csv,33.3998697861462
4990,54990,Milan-MIL01.csv,48.3969053025261,24.19845265126305,Milan-MIL01.csv,48.3969053025261
4991,54991,Milan-MIL01.csv,76.96343448061553,38.481717240307766,Amsterdam-AMS03.csv,39.32397162972281
4992,54992,Milan-MIL01.csv,54.66051287022734,27.33025643511367,Frankfurt-FRA01.csv,47.84131317873521
4993,54993,Milan-MIL01.csv,66.4500345845644,33.2250172922822,Frankfurt-FRA01.csv,47.394173317507
4994,54994,Milan-MIL01.csv,85.82071440409774,42.91035720204887,Frankfurt-FRA01.csv,31.170652379846178
4995,54995,Milan-MIL01.csv,126.53031875494106,63.26515937747053,Amsterdam-AMS03.csv,33.95309214104851
4996,54996,Milan-MIL01.csv,52.15748235008898,26.07874117504449,Frankfurt-FRA01.csv,27.801200251432476
4997,54997,Milan-MIL01.csv,75.97559516401112,37.98779758200556,Frankfurt-FRA01.csv,48.786233707114164
4998,54998,Milan-MIL01.csv,42.39047879547296,21.19523939773648,Amsterdam-AMS03.csv,39.724414918569515
4999,54999,Milan-MIL01.csv,83.43396409981585,41.71698204990793,Frankfurt-FRA01.csv,37.00869849275731
